Applicant Company,CMU ID,Capacity AG,CMU Classification,Quantity,Duration,Fuel Type,Delivery Year,Price,Price Year
Uniper Global Commodities SE,RATS44,Yes,Existing Generating CMU,435.179,1.0,Coal,2021.0,45.0,2021.0
URBAN RESERVE (ASSETCO) LIMITED,UR0017,Yes,New Build Generating CMU,5.713,1.0,Gas,2021.0,45.0,2021.0
URBAN RESERVE (ASSETCO) LIMITED,UR0039,Yes,New Build Generating CMU,4.828,1.0,Gas,2021.0,45.0,2021.0
URBAN RESERVE (ASSETCO) LIMITED,UR2113,Yes,New Build Generating CMU,4.828,1.0,Gas,2021.0,45.0,2021.0
URBAN RESERVE (ASSETCO) LIMITED,UR9214,No,New Build Generating CMU,4.816,1.0,Gas,2021.0,45.0,2021.0
URBAN RESERVE (ASSETCO) LIMITED,UR9217,No,New Build Generating CMU,4.816,1.0,Gas,2021.0,45.0,2021.0
URBAN RESERVE (ASSETCO) LIMITED,UR0111,Yes,New Build Generating CMU,4.761,1.0,Gas,2021.0,45.0,2021.0
URBAN RESERVE (ASSETCO) LIMITED,UR9132,Yes,New Build Generating CMU,4.761,1.0,Gas,2021.0,45.0,2021.0
URBAN RESERVE (ASSETCO) LIMITED,UR9221,Yes,New Build Generating CMU,4.761,1.0,Gas,2021.0,45.0,2021.0
URBAN RESERVE (ASSETCO) LIMITED,UR9197,No,New Build Generating CMU,4.343,1.0,Gas,2021.0,45.0,2021.0
URBAN RESERVE (ASSETCO) LIMITED,UR2137,Yes,New Build Generating CMU,3.858,1.0,Gas,2021.0,45.0,2021.0
URBAN RESERVE (ASSETCO) LIMITED,UR9145,No,New Build Generating CMU,3.858,1.0,Gas,2021.0,45.0,2021.0
URBAN RESERVE (ASSETCO) LIMITED,UR0016,Yes,New Build Generating CMU,3.809,1.0,Gas,2021.0,45.0,2021.0
URBAN RESERVE (ASSETCO) LIMITED,UR0038,Yes,New Build Generating CMU,3.809,1.0,Gas,2021.0,45.0,2021.0
URBAN RESERVE (ASSETCO) LIMITED,UR0062,Yes,New Build Generating CMU,3.809,1.0,Gas,2021.0,45.0,2021.0
URBAN RESERVE (ASSETCO) LIMITED,UR0068,Yes,New Build Generating CMU,3.809,1.0,Gas,2021.0,45.0,2021.0
URBAN RESERVE (ASSETCO) LIMITED,UR0073,Yes,New Build Generating CMU,3.809,1.0,Gas,2021.0,45.0,2021.0
URBAN RESERVE (ASSETCO) LIMITED,UR0081,Yes,New Build Generating CMU,3.809,1.0,Gas,2021.0,45.0,2021.0
URBAN RESERVE (ASSETCO) LIMITED,UR0112,Yes,New Build Generating CMU,3.809,1.0,Gas,2021.0,45.0,2021.0
URBAN RESERVE (ASSETCO) LIMITED,UR2092,Yes,New Build Generating CMU,3.809,1.0,Gas,2021.0,45.0,2021.0
URBAN RESERVE (ASSETCO) LIMITED,UR2162,Yes,New Build Generating CMU,3.809,1.0,Gas,2021.0,45.0,2021.0
URBAN RESERVE (ASSETCO) LIMITED,UR9141,Yes,New Build Generating CMU,3.809,1.0,Gas,2021.0,45.0,2021.0
URBAN RESERVE (ASSETCO) LIMITED,UR9263,No,New Build Generating CMU,3.416,1.0,Gas,2021.0,45.0,2021.0
AMPIL 2 ASSET LIMITED,VILLA4,Yes,Existing Generating CMU,2.666,1.0,Gas,2021.0,45.0,2021.0
URBAN RESERVE (ASSETCO) LIMITED,UR9119,No,New Build Generating CMU,2.414,1.0,Gas,2021.0,45.0,2021.0
URBAN RESERVE (ASSETCO) LIMITED,UR9226,No,New Build Generating CMU,2.414,1.0,Gas,2021.0,45.0,2021.0
URBAN RESERVE (ASSETCO) LIMITED,UR2150,No,New Build Generating CMU,2.381,1.0,Gas,2021.0,45.0,2021.0
URBAN RESERVE (ASSETCO) LIMITED,UR9108,Yes,Existing Generating CMU,2.19,1.0,Gas,2021.0,45.0,2021.0
URBAN RESERVE (ASSETCO) LIMITED,UR0003,Yes,New Build Generating CMU,1.904,1.0,Gas,2021.0,45.0,2021.0
AMALGAMATED SMART METERING LIMITED,ASMUS1,Yes,Existing Generating CMU,7.523,1.0,Gas,2021.0,45.0,2021.0
AMBER ENERGY STORAGE XL LIMITED,AMB020,Yes,New Build Generating CMU,24.536,1.0,Storage - Battery,2021.0,45.0,2021.0
Hulley Road Energy Storage Limited,AGHUL2,Yes,Existing Generating CMU,5.064,1.0,Storage - Battery,2021.0,45.0,2021.0
Larport Energy Storage Limited,AGLAR2,Yes,Existing Generating CMU,4.937,1.0,Storage - Battery,2021.0,45.0,2021.0
Lascar Battery Storage Limited,ADSLS2,Yes,Existing Generating CMU,5.064,1.0,Storage - Battery,2021.0,45.0,2021.0
Nursling Energy Two Limited,KeNur3,Yes,New Build Generating CMU,11.981,1.0,Storage - Battery,2021.0,45.0,2021.0
Centrica Business Solutions UK Optimisation Limite,6RES1B,Yes,Existing Generating CMU,1.037,1.0,Gas,2021.0,45.0,2021.0
Centrica Business Solutions UK Optimisation Limite,6RES16,Yes,Proven DSR CMU,9.505,1.0,DSR,2021.0,45.0,2021.0
Centrica Business Solutions UK Optimisation Limite,6RES18,Yes,Unproven DSR CMU,2.681,1.0,DSR,2021.0,45.0,2021.0
Centrica Business Solutions UK Optimisation Limite,6RES-4,No,Proven DSR CMU,1.731,1.0,DSR,2021.0,45.0,2021.0
Centrica Business Solutions UK Optimisation Limite,6RES15,Yes,Existing Generating CMU,40.919,1.0,Gas,2021.0,45.0,2021.0
Centrica Business Solutions UK Optimisation Limite,6RES22,Yes,Existing Generating CMU,6.12,1.0,Diesel,2021.0,45.0,2021.0
Centrica Business Solutions UK Optimisation Limite,6RES-6,Yes,Existing Generating CMU,7.399,1.0,Gas,2021.0,45.0,2021.0
Centrica Business Solutions UK Optimisation Limite,6RES2A,Yes,Existing Generating CMU,3.633,1.0,Gas,2021.0,45.0,2021.0
Centrica Business Solutions UK Optimisation Limite,6RES17,Yes,Existing Generating CMU,1.869,1.0,Gas,2021.0,45.0,2021.0
Centrica Business Solutions UK Optimisation Limite,6RES2B,Yes,Existing Generating CMU,3.562,1.0,Gas,2021.0,45.0,2021.0
Centrica Business Solutions UK Optimisation Limite,6RES1A,Yes,Existing Generating CMU,2.077,1.0,Gas,2021.0,45.0,2021.0
Centrica Business Solutions UK Optimisation Limite,6RES1C,Yes,Existing Generating CMU,1.759,1.0,Gas,2021.0,45.0,2021.0
Centrica Business Solutions UK Optimisation Limite,6RES1D,Yes,Existing Generating CMU,1.438,1.0,Gas,2021.0,45.0,2021.0
Centrica Business Solutions UK Limited,6RES19,Yes,Existing Generating CMU,1.099,1.0,Gas,2021.0,45.0,2021.0
COGENERATION SOLUTIONS LIMITED,Cavrd5,Yes,Existing Generating CMU,7.618,1.0,Gas,2021.0,45.0,2021.0
Conrad (Flint) Limited,CDFLB3,Yes,Existing Generating CMU,2.353,1.0,Gas,2021.0,45.0,2021.0
CONRAD ENERGY (DEVELOPMENTS) LIMITED,CDRUN2,No,New Build Generating CMU,4.285,1.0,Gas,2021.0,45.0,2021.0
CONRAD ENERGY (DEVELOPMENTS) LIMITED,CDLAG3,Yes,New Build Generating CMU,4.047,1.0,Gas,2021.0,45.0,2021.0
CONRAD ENERGY (DEVELOPMENTS) LIMITED,CDWHI3,No,New Build Generating CMU,7.142,1.0,Gas,2021.0,45.0,2021.0
CONRAD ENERGY (DEVELOPMENTS) LIMITED,CDMIN2,No,New Build Generating CMU,6.856,1.0,Gas,2021.0,45.0,2021.0
CONRAD ENERGY (DEVELOPMENTS) LIMITED,CDHAW3,Yes,New Build Generating CMU,2.381,1.0,Gas,2021.0,45.0,2021.0
CONRAD ENERGY (DEVELOPMENTS) LIMITED,CDYXY1,No,New Build Generating CMU,6.856,1.0,Gas,2021.0,45.0,2021.0
CONRAD ENERGY (DEVELOPMENTS) LIMITED,CDCAE2,Yes,New Build Generating CMU,4.761,1.0,Gas,2021.0,45.0,2021.0
CONRAD ENERGY (DEVELOPMENTS) LIMITED,CDPLY3,Yes,New Build Generating CMU,4.761,1.0,Gas,2021.0,45.0,2021.0
CONRAD ENERGY (DEVELOPMENTS) LIMITED,CDSUN3,No,New Build Generating CMU,4.761,1.0,Gas,2021.0,45.0,2021.0
CONRAD ENERGY (DEVELOPMENTS) LIMITED,CDWRA3,Yes,New Build Generating CMU,4.761,1.0,Gas,2021.0,45.0,2021.0
CONRAD ENERGY (DEVELOPMENTS) LIMITED,CDWOO3,No,New Build Generating CMU,6.189,1.0,Gas,2021.0,45.0,2021.0
CONRAD ENERGY (DEVELOPMENTS) LIMITED,CDYEO3,No,New Build Generating CMU,14.283,1.0,Gas,2021.0,45.0,2021.0
CONRAD ENERGY (DEVELOPMENTS) LIMITED,CDMDD2,No,New Build Generating CMU,8.189,1.0,Gas,2021.0,45.0,2021.0
CONRAD ENERGY (DEVELOPMENTS) LIMITED,CDWRB3,Yes,New Build Generating CMU,4.666,1.0,Gas,2021.0,45.0,2021.0
CONRAD ENERGY (DEVELOPMENTS) LIMITED,CDLOW3,Yes,New Build Generating CMU,7.142,1.0,Gas,2021.0,45.0,2021.0
Tata Steel UK Limited,TS20_1,Yes,Proven DSR CMU,7.0,1.0,DSR,2021.0,45.0,2021.0
Tata Steel UK Limited,TS20_3,Yes,Proven DSR CMU,7.0,1.0,DSR,2021.0,45.0,2021.0
Tata Steel UK Limited,TS20_4,Yes,Existing Generating CMU,18.111,1.0,Gas,2021.0,45.0,2021.0
CROSSDYKES WF LIMITED,NB_109,Yes,New Build Generating CMU,3.684,1.0,Onshore Wind,2021.0,45.0,2021.0
Distributed Generators Limited,elms03,Yes,Existing Generating CMU,4.761,1.0,Gas,2021.0,45.0,2021.0
DURHAM RP LIMITED,DRPKR1,Yes,Existing Generating CMU,3.825,1.0,Gas,2021.0,45.0,2021.0
E.ON UK Plc,CEN010,Yes,Existing Generating CMU,2.241,1.0,Gas,2021.0,45.0,2021.0
E.ON UK Plc,SPX001,Yes,Existing Generating CMU,1.072,1.0,Gas,2021.0,45.0,2021.0
E.ON UK Plc,IMP001,Yes,Existing Generating CMU,1.547,1.0,Gas,2021.0,45.0,2021.0
E.ON UK Plc,BVC002,Yes,Existing Generating CMU,3.471,1.0,Gas,2021.0,45.0,2021.0
THRIVE RENEWABLES (WICKEN) LIMITED,WKN002,Yes,New Build Generating CMU,1.812,1.0,Storage - Battery,2021.0,45.0,2021.0
EDF Energy (Thermal Generation) Limited,WA3-20,No,Existing Generating CMU,423.491,1.0,Coal,2021.0,45.0,2021.0
EDF Energy (Thermal Generation) Limited,WA2-20,No,Existing Generating CMU,423.406,1.0,Coal,2021.0,45.0,2021.0
EDF Energy (Thermal Generation) Limited,WG1-20,No,Existing Generating CMU,19.044,1.0,Distillate,2021.0,45.0,2021.0
EDF Energy (Thermal Generation) Limited,WG4-20,No,Existing Generating CMU,19.044,1.0,Distillate,2021.0,45.0,2021.0
EDF Energy (Thermal Generation) Limited,WA1-20,No,Existing Generating CMU,423.746,1.0,Coal,2021.0,45.0,2021.0
EDF Energy (Thermal Generation) Limited,WA4-20,No,Existing Generating CMU,423.746,1.0,Coal,2021.0,45.0,2021.0
Rock Energy Storage Limited,ROCK21,Yes,Existing Generating CMU,5.029,1.0,Storage - Battery,2021.0,45.0,2021.0
EirGrid Interconnector Designated Activity Company,EWIC19,Yes,Existing Interconnector CMU,295.0,1.0,Interconnector,2021.0,45.0,2021.0
Enel X UK Limited,DSRX76,Yes,Unproven DSR CMU,7.921,1.0,DSR,2021.0,45.0,2021.0
Enel X UK Limited,GENX35,Yes,Existing Generating CMU,4.47,1.0,Gas,2021.0,45.0,2021.0
Enel X UK Limited,GENX24,Yes,Existing Generating CMU,7.395,1.0,Gas,2021.0,45.0,2021.0
Enel X UK Limited,DSRP39,Yes,Proven DSR CMU,5.889,1.0,DSR,2021.0,45.0,2021.0
Enel X UK Limited,DSRP38,Yes,Proven DSR CMU,5.888,1.0,DSR,2021.0,45.0,2021.0
Enel X UK Limited,DSRX77,Yes,Unproven DSR CMU,5.545,1.0,DSR,2021.0,45.0,2021.0
Enel X UK Limited,GENX20,Yes,Existing Generating CMU,6.804,1.0,Gas,2021.0,45.0,2021.0
Enel X UK Limited,DSRP07,Yes,Proven DSR CMU,2.61,1.0,DSR,2021.0,45.0,2021.0
Enel X UK Limited,GENX34,Yes,Existing Generating CMU,3.558,1.0,Gas,2021.0,45.0,2021.0
Enel X UK Limited,GENX36,Yes,Existing Generating CMU,22.877,1.0,Waste,2021.0,45.0,2021.0
Enel X UK Limited,GENX31,Yes,Existing Generating CMU,22.565,1.0,Waste,2021.0,45.0,2021.0
Enel X UK Limited,GENX25,Yes,Existing Generating CMU,5.852,1.0,Gas,2021.0,45.0,2021.0
Enel X UK Limited,GENX18,Yes,Existing Generating CMU,5.529,1.0,Gas,2021.0,45.0,2021.0
Enel X UK Limited,DSRX78,Yes,Unproven DSR CMU,21.369,1.0,DSR,2021.0,45.0,2021.0
Enel X UK Limited,DSRP01,Yes,Proven DSR CMU,19.787,1.0,DSR,2021.0,45.0,2021.0
Enel X UK Limited,DSRP03,Yes,Proven DSR CMU,14.843,1.0,DSR,2021.0,45.0,2021.0
Enel X UK Limited,DSRP04,Yes,Proven DSR CMU,11.897,1.0,DSR,2021.0,45.0,2021.0
Enel X UK Limited,DSRP02,Yes,Proven DSR CMU,9.893,1.0,DSR,2021.0,45.0,2021.0
Enel X UK Limited,GENX30,Yes,Existing Generating CMU,5.022,1.0,Gas,2021.0,45.0,2021.0
Enel X UK Limited,DSRX01,Yes,Unproven DSR CMU,7.921,1.0,DSR,2021.0,45.0,2021.0
Enel X UK Limited,DSRX02,Yes,Unproven DSR CMU,7.921,1.0,DSR,2021.0,45.0,2021.0
Enel X UK Limited,DSRX03,Yes,Unproven DSR CMU,7.921,1.0,DSR,2021.0,45.0,2021.0
Enel X UK Limited,DSRX04,Yes,Unproven DSR CMU,7.921,1.0,DSR,2021.0,45.0,2021.0
Enel X UK Limited,DSRX05,Yes,Unproven DSR CMU,7.921,1.0,DSR,2021.0,45.0,2021.0
Energy Store 4 Ltd,BILT01,Yes,New Build Generating CMU,5.202,1.0,Solar,2021.0,45.0,2021.0
ESB SOLAR (NORTHERN IRELAND) LIMITED,MLFRM1,Yes,Existing Generating CMU,1.772,1.0,Storage - Battery,2021.0,45.0,2021.0
Corby Power Limited,CRBY01,Yes,Existing Generating CMU,366.3,1.0,Gas,2021.0,45.0,2021.0
Fishpond Energy Limited,CDASH1,No,New Build Generating CMU,7.618,1.0,Gas,2021.0,45.0,2021.0
FLINT TO CELL LIMITED,Finwy3,Yes,Existing Generating CMU,4.823,1.0,Gas,2021.0,45.0,2021.0
KiWi Power Ltd,KPEG73,Yes,Existing Generating CMU,1.73,1.0,Gas,2021.0,45.0,2021.0
KiWi Power Ltd,KPEG53,Yes,Existing Generating CMU,3.638,1.0,Gas,2021.0,45.0,2021.0
KiWi Power Ltd,KPEG54,Yes,Existing Generating CMU,3.306,1.0,Gas,2021.0,45.0,2021.0
KiWi Power Ltd,KPEG69,Yes,Existing Generating CMU,1.389,1.0,Gas,2021.0,45.0,2021.0
KiWi Power Ltd,KPEG55,Yes,Existing Generating CMU,3.013,1.0,Gas,2021.0,45.0,2021.0
KiWi Power Ltd,KPEG58,Yes,Existing Generating CMU,1.092,1.0,Gas,2021.0,45.0,2021.0
KiWi Power Ltd,KPEG68,Yes,Existing Generating CMU,2.503,1.0,Gas,2021.0,45.0,2021.0
KiWi Power Ltd,KPEG77,Yes,Existing Generating CMU,4.819,1.0,Gas,2021.0,45.0,2021.0
KiWi Power Ltd,KPEG52,Yes,Existing Generating CMU,5.378,1.0,Gas,2021.0,45.0,2021.0
KiWi Power Ltd,KPEG74,Yes,Existing Generating CMU,1.8,1.0,Gas,2021.0,45.0,2021.0
KiWi Power Ltd,KPEG64,Yes,Existing Generating CMU,18.84,1.0,Gas,2021.0,45.0,2021.0
KiWi Power Ltd,KPEG62,Yes,Existing Generating CMU,15.488,1.0,Gas,2021.0,45.0,2021.0
KiWi Power Ltd,KPEG66,Yes,Existing Generating CMU,15.483,1.0,Gas,2021.0,45.0,2021.0
KiWi Power Ltd,KPEG65,Yes,Existing Generating CMU,15.202,1.0,Gas,2021.0,45.0,2021.0
KiWi Power Ltd,KPEG67,Yes,Existing Generating CMU,15.102,1.0,Gas,2021.0,45.0,2021.0
KiWi Power Ltd,KPEG63,Yes,Existing Generating CMU,15.1,1.0,Gas,2021.0,45.0,2021.0
KiWi Power Ltd,KPEG60,Yes,Existing Generating CMU,14.904,1.0,Gas,2021.0,45.0,2021.0
KiWi Power Ltd,KPEG72,Yes,Existing Generating CMU,1.764,1.0,Gas,2021.0,45.0,2021.0
KiWi Power Ltd,KPEG59,Yes,Existing Generating CMU,13.173,1.0,Gas,2021.0,45.0,2021.0
KiWi Power Ltd,KPEG71,Yes,Existing Generating CMU,3.983,1.0,Gas,2021.0,45.0,2021.0
Glass Leaf Power Limited,BRAN20,Yes,Existing Generating CMU,3.0,1.0,Gas,2021.0,45.0,2021.0
GREEN PEAK GENERATION LIMITED,Lilly5,Yes,Existing Generating CMU,7.142,1.0,Gas,2021.0,45.0,2021.0
Douglas West Wind Farm Ltd,DGWEST,Yes,New Build Generating CMU,3.605,1.0,Onshore Wind,2021.0,45.0,2021.0
Greenspan Nifty Fifty Limited,WPKA04,Yes,Existing Generating CMU,3.809,1.0,Gas,2021.0,45.0,2021.0
Greenspan Nifty Fifty Limited,WPKB04,Yes,Existing Generating CMU,3.809,1.0,Gas,2021.0,45.0,2021.0
GridBeyond Limited,END030,No,Unproven DSR CMU,7.94,1.0,DSR,2021.0,45.0,2021.0
GridBeyond Limited,GBD009,Yes,Existing Generating CMU,29.88,1.0,Gas,2021.0,45.0,2021.0
GridBeyond Limited,END035,Yes,Unproven DSR CMU,1.85,1.0,DSR,2021.0,45.0,2021.0
GridBeyond Limited,END033,No,Unproven DSR CMU,11.0,1.0,DSR,2021.0,45.0,2021.0
GridBeyond Limited,END027,No,Unproven DSR CMU,6.19,1.0,DSR,2021.0,45.0,2021.0
GridBeyond Limited,END036,Yes,Unproven DSR CMU,10.17,1.0,DSR,2021.0,45.0,2021.0
GridBeyond Limited,GBD010,Yes,Existing Generating CMU,4.617,1.0,Gas,2021.0,45.0,2021.0
GridBeyond Limited,END028,No,Unproven DSR CMU,5.811,1.0,DSR,2021.0,45.0,2021.0
GridBeyond Limited,END039,No,Unproven DSR CMU,30.0,1.0,DSR,2021.0,45.0,2021.0
GridBeyond Limited,END029,No,Unproven DSR CMU,5.437,1.0,DSR,2021.0,45.0,2021.0
GridBeyond Limited,END031,No,Unproven DSR CMU,3.936,1.0,DSR,2021.0,45.0,2021.0
GridBeyond Limited,END034,Yes,Unproven DSR CMU,3.0,1.0,DSR,2021.0,45.0,2021.0
Braintree Electric Forecourt Ltd,GSEF01,Yes,New Build Generating CMU,1.266,1.0,Storage - Battery,2021.0,45.0,2021.0
Harmony HB Limited,HHBL20,Yes,Existing Generating CMU,3.688,1.0,Storage - Battery,2021.0,45.0,2021.0
INOVYN ChlorVinyls Limited,INO200,Yes,Unproven DSR CMU,32.0,1.0,DSR,2021.0,45.0,2021.0
Shovel Ready 7 Limited,vent03,Yes,Existing Generating CMU,8.094,1.0,Gas,2021.0,45.0,2021.0
Oldbury Power Limited,CDSWB1,No,New Build Generating CMU,7.618,1.0,Gas,2021.0,45.0,2021.0
OPEN ENERGI LIMITED,EMISTA,Yes,Proven DSR CMU,2.093,1.0,DSR,2021.0,45.0,2021.0
Peak Gen Power Limited,PGPHAT,No,Existing Generating CMU,5.142,1.0,Diesel,2021.0,45.0,2021.0
Peak Gen Power Limited,PGPHAY,No,Existing Generating CMU,5.142,1.0,Diesel,2021.0,45.0,2021.0
Peak Gen Power Limited,PGPDID,No,Existing Generating CMU,3.142,1.0,Diesel,2021.0,45.0,2021.0
Peak Gen Power Limited,PGPCOV,No,Existing Generating CMU,5.713,1.0,Diesel,2021.0,45.0,2021.0
PISTON HEATING SERVICES LIMITED,casw20,Yes,Existing Generating CMU,8.57,1.0,Gas,2021.0,45.0,2021.0
PIVOT POWER BATTERY CO. LIMITED,PPKM20,Yes,New Build Generating CMU,10.888,1.0,Storage - Battery,2021.0,45.0,2021.0
PIVOT POWER BATTERY CO. LIMITED,PPCW20,Yes,New Build Generating CMU,10.888,1.0,Storage - Battery,2021.0,45.0,2021.0
LOWER MINETY ENERGY LIMITED,LMES02,Yes,New Build Generating CMU,12.635,1.0,Storage - Battery,2021.0,45.0,2021.0
MINETY BATTERY STORAGE LIMITED,MBSS02,Yes,New Build Generating CMU,12.635,1.0,Storage - Battery,2021.0,45.0,2021.0
POWER UP GENERATION LIMITED,PUG002,Yes,Existing Generating CMU,5.508,1.0,Gas,2021.0,45.0,2021.0
PUTNEY POWER LIMITED,Copse4,Yes,Existing Generating CMU,8.094,1.0,Gas,2021.0,45.0,2021.0
BOTLEY ENERGY LIMITED,BOT333,No,New Build Generating CMU,19.044,1.0,Gas,2021.0,45.0,2021.0
Flexitricity Limited,F20111,No,Existing Generating CMU,7.034,1.0,Gas,2021.0,45.0,2021.0
Flexitricity Limited,F20033,No,Existing Generating CMU,4.21,1.0,Gas,2021.0,45.0,2021.0
Flexitricity Limited,F20025,No,Existing Generating CMU,14.0,1.0,Gas,2021.0,45.0,2021.0
Flexitricity Limited,F20043,Yes,Proven DSR CMU,10.977,1.0,DSR,2021.0,45.0,2021.0
Flexitricity Limited,F18034,No,Existing Generating CMU,3.02,1.0,Gas,2021.0,45.0,2021.0
SCOTTISHPOWER RENEWABLES (UK) LIMITED,HLYWF2,Yes,New Build Generating CMU,2.283,1.0,Onshore Wind,2021.0,45.0,2021.0
SCOTTISHPOWER RENEWABLES (UK) LIMITED,BT3WF2,Yes,New Build Generating CMU,4.005,1.0,Onshore Wind,2021.0,45.0,2021.0
Limejump Ltd,DSR452,No,Unproven DSR CMU,3.168,1.0,DSR,2021.0,45.0,2021.0
Limejump Ltd,DSR455,No,Unproven DSR CMU,7.921,1.0,DSR,2021.0,45.0,2021.0
Limejump Ltd,DSR454,No,Unproven DSR CMU,3.961,1.0,DSR,2021.0,45.0,2021.0
Limejump Ltd,BAT003,Yes,Existing Generating CMU,0.671,1.0,Storage - Battery,2021.0,45.0,2021.0
Limejump Ltd,BAT001,Yes,Existing Generating CMU,0.38,1.0,Storage - Battery,2021.0,45.0,2021.0
Limejump Ltd,EXL202,Yes,Existing Generating CMU,0.9,1.0,Storage - Battery,2021.0,45.0,2021.0
Limejump Ltd,DSR402,Yes,Proven DSR CMU,3.168,1.0,DSR,2021.0,45.0,2021.0
SSE Generation Limited,LOC121,Yes,Existing Generating CMU,21.278,1.0,Hydro,2021.0,45.0,2021.0
SSE Generation Limited,TU1211,Yes,Existing Generating CMU,16.789,1.0,Hydro,2021.0,45.0,2021.0
SSE Generation Limited,TU2211,Yes,Existing Generating CMU,15.468,1.0,Hydro,2021.0,45.0,2021.0
SSE Generation Limited,LOC221,Yes,Existing Generating CMU,21.431,1.0,Hydro,2021.0,45.0,2021.0
Saltholme South Power Limited,SEL070,Yes,New Build Generating CMU,47.6,1.0,Gas,2021.0,45.0,2021.0
Shovel Ready 6 Limited,amyjn2,Yes,Existing Generating CMU,6.665,1.0,Gas,2021.0,45.0,2021.0
 Viridor Waste Management Limited ,AVON20,Yes,New Build Generating CMU,25.44,1.0,Waste,2021.0,45.0,2021.0
 Viridor Waste Management Limited ,EXET20,Yes,Existing Generating CMU,3.573,1.0,Waste,2021.0,45.0,2021.0
VITAL ENERGI SOLUTIONS LIMITED,VIT307,Yes,Existing Generating CMU,3.969,1.0,Gas,2021.0,45.0,2021.0
VITAL ENERGI SOLUTIONS LIMITED,VIT304,Yes,Existing Generating CMU,8.02,1.0,Gas,2021.0,45.0,2021.0
VITAL ENERGI SOLUTIONS LIMITED,VIT302,Yes,New Build Generating CMU,2.993,1.0,Gas,2021.0,45.0,2021.0
VITAL ENERGI SOLUTIONS LIMITED,VIT303,Yes,New Build Generating CMU,2.993,1.0,Gas,2021.0,45.0,2021.0
Warrington Renewables (York) Ltd,BOSC01,Yes,Existing Generating CMU,7.522,1.0,Solar,2021.0,45.0,2021.0
Whitetower Energy Limited,THRN02,Yes,Existing Generating CMU,36.057,1.0,Gas,2021.0,45.0,2021.0
Zenobe Energy Limited,DSRBS1,Yes,Unproven DSR CMU,2.29,1.0,DSR,2021.0,45.0,2021.0
BESS HOLDCO 14 LIMITED,DSRWAL,Yes,Unproven DSR CMU,0.998,1.0,DSR,2021.0,45.0,2021.0
BESS HOLDCO 8 LIMITED,DSRUU1,Yes,Unproven DSR CMU,1.497,1.0,DSR,2021.0,45.0,2021.0
 Viridor Waste Management Limited ,BEDD18,Yes,New Build Generating CMU,23.371,1.0,Waste,2019.0,0.77,2019.0
 Viridor Waste Management Limited ,CARD18,Yes,Existing Generating CMU,27.206,1.0,Waste,2019.0,0.77,2019.0
 Viridor Waste Management Limited ,DUNB18,Yes,New Build Generating CMU,29.43,1.0,Waste,2019.0,0.77,2019.0
 Viridor Waste Management Limited ,EXET18,Yes,Existing Generating CMU,3.521,1.0,Waste,2019.0,0.77,2019.0
AEROSPACE ENERGY UK LIMITED,AeroCM,Yes,Unproven DSR CMU,2.453,1.0,Gas,2019.0,0.77,2019.0
Aggreko UK Limited,CHEE18,No,Existing Generating CMU,6.304,1.0,Gas,2019.0,0.77,2019.0
AMPIL 2 ASSET LIMITED,VILLA3,No,Existing Generating CMU,2.854,1.0,Gas,2019.0,0.77,2019.0
APEX ENERGY LTD,PYE003,No,Existing Generating CMU,7.689,1.0,Gas,2019.0,0.77,2019.0
ARENKO CLEANTECH LIMITED,AS0006,No,New Build Generating CMU,20.5,1.0,Storage - Battery,2019.0,0.77,2019.0
Balance Power Limited,IPSW19,Yes,Existing Generating CMU,19.028,1.0,Bio-fuel,2019.0,0.77,2019.0
Banbury Power Limited,BANB18,Yes,New Build Generating CMU,11.226,1.0,Gas,2019.0,0.77,2019.0
BESS Aylesford Limited,DSRAY1,Yes,Unproven DSR CMU,24.441,1.0,DSR,2019.0,0.77,2019.0
BESS Claredown Limited,DSRCL1,Yes,Unproven DSR CMU,16.856,1.0,DSR,2019.0,0.77,2019.0
BESS HILL FARM Limited,DSRHF2,Yes,Unproven DSR CMU,8.259,1.0,DSR,2019.0,0.77,2019.0
BESS Holdco 1 Limited,DSRBE3,Yes,Unproven DSR CMU,3.034,1.0,DSR,2019.0,0.77,2019.0
BESS K Barn Limited,DSRKB2,Yes,Unproven DSR CMU,8.428,1.0,DSR,2019.0,0.77,2019.0
Birmingham District Energy Company Limited,CES410,No,Existing Generating CMU,1.881,1.0,Gas,2019.0,0.77,2019.0
British Sugar plc,BSWI19,Yes,Existing Generating CMU,41.4,1.0,Gas,2019.0,0.77,2019.0
Bury Power Limited,BURY18,Yes,Existing Generating CMU,18.838,1.0,Gas,2019.0,0.77,2019.0
Centrica Brigg Limited,EFRR19,Yes,New Build Generating CMU,8.733,1.0,Storage - Battery,2019.0,0.77,2019.0
Centrica Brigg Limited,EBRG19,No,Existing Generating CMU,94.189,1.0,Gas,2019.0,0.77,2019.0
Centrica Business Solutions UK Optimisation Limite,4RES13,Yes,Proven DSR CMU,1.81,1.0,Diesel,2019.0,0.77,2019.0
Centrica Business Solutions UK Optimisation Limite,REST46,Yes,Unproven DSR CMU,10.114,1.0,DSR,2019.0,0.77,2019.0
Centrica Business Solutions UK Optimisation Limite,4RES-2,Yes,Existing Generating CMU,7.242,1.0,Gas,2019.0,0.77,2019.0
Centrica Business Solutions UK Optimisation Limite,4RES-4,No,Existing Generating CMU,4.977,1.0,Gas,2019.0,0.77,2019.0
Centrica Business Solutions UK Optimisation Limite,REST36,Yes,Existing Generating CMU,6.301,1.0,Gas,2019.0,0.77,2019.0
Centrica Business Solutions UK Optimisation Limite,REST37,Yes,Existing Generating CMU,4.411,1.0,Gas,2019.0,0.77,2019.0
Centrica Business Solutions UK Optimisation Limite,REST29,Yes,Existing Generating CMU,7.443,1.0,Gas,2019.0,0.77,2019.0
Centrica Business Solutions UK Optimisation Limite,REST32,Yes,Existing Generating CMU,35.987,1.0,Gas,2019.0,0.77,2019.0
Centrica Business Solutions UK Optimisation Limite,REST34,Yes,Existing Generating CMU,6.03,1.0,Gas,2019.0,0.77,2019.0
Centrica Business Solutions UK Optimisation Limite,REST31,Yes,Existing Generating CMU,6.362,1.0,Gas,2019.0,0.77,2019.0
Centrica Business Solutions UK Optimisation Limite,REST33,Yes,Existing Generating CMU,6.264,1.0,Gas,2019.0,0.77,2019.0
Centrica Business Solutions UK Optimisation Limite,REST39,Yes,Existing Generating CMU,6.008,1.0,Gas,2019.0,0.77,2019.0
Centrica Business Solutions UK Optimisation Limite,REST47,No,Existing Generating CMU,23.572,1.0,Gas,2019.0,0.77,2019.0
Centrica Business Solutions UK Optimisation Limite,REST40,Yes,Existing Generating CMU,6.296,1.0,Gas,2019.0,0.77,2019.0
Centrica Business Solutions UK Optimisation Limite,REST41,Yes,Existing Generating CMU,10.681,1.0,Gas,2019.0,0.77,2019.0
Centrica Business Solutions UK Optimisation Limite,REST42,Yes,Existing Generating CMU,2.146,1.0,Gas,2019.0,0.77,2019.0
Centrica Business Solutions UK Optimisation Limite,REST45,Yes,Existing Generating CMU,38.7,1.0,Gas,2019.0,0.77,2019.0
Centrica Business Solutions UK Optimisation Limite,4RES12,Yes,Existing Generating CMU,4.693,1.0,Gas,2019.0,0.77,2019.0
Centrica Business Solutions UK Optimisation Limite,4RES-3,Yes,Existing Generating CMU,4.852,1.0,Gas,2019.0,0.77,2019.0
Centrica Business Solutions UK Optimisation Limite,4RES-1,Yes,Existing Generating CMU,2.076,1.0,Gas,2019.0,0.77,2019.0
Centrica Business Solutions UK Optimisation Limite,4RES14,Yes,Unproven DSR CMU,2.925,1.0,Diesel,2019.0,0.77,2019.0
Centrica Business Solutions UK Optimisation Limite,4RES10,No,Existing Generating CMU,1.327,1.0,Storage - Battery,2019.0,0.77,2019.0
Centrica Distributed Generation Limited,DGPE19,Yes,New Build Generating CMU,45.667,1.0,Gas,2019.0,0.77,2019.0
Centrica Distributed Generation Limited,DGBR19,Yes,Existing Generating CMU,46.619,1.0,Gas,2019.0,0.77,2019.0
Centrica KL Limited,KLYN19,Yes,New Build Generating CMU,329.485,1.0,Gas,2019.0,0.77,2019.0
Centrica PB Limited,PETE19,Yes,Existing Generating CMU,239.436,1.0,Gas,2019.0,0.77,2019.0
Citigen (London) Limited,CIT002,No,Existing Generating CMU,7.282,1.0,Gas,2019.0,0.77,2019.0
Cleator Battery Storage Limited,CLEAT3,No,Existing Generating CMU,1.75,1.0,Storage - Battery,2019.0,0.77,2019.0
Clyne Power Limited,CLYN18,Yes,Existing Generating CMU,15.032,1.0,Gas,2019.0,0.77,2019.0
COGENERATION SOLUTIONS LIMITED,Cavrd4,No,New Build Generating CMU,7.611,1.0,Gas,2019.0,0.77,2019.0
Conrad (Calne) Limited,CDCAL1,No,New Build Generating CMU,5.708,1.0,Gas,2019.0,0.77,2019.0
Conrad (Chatterley) Limited,CDCHA1,No,New Build Generating CMU,19.028,1.0,Gas,2019.0,0.77,2019.0
Conrad (Matching) Limited,CDMAT1,No,New Build Generating CMU,5.708,1.0,Gas,2019.0,0.77,2019.0
Conrad (Sandycroft) Limited,CDSDC1,No,New Build Generating CMU,4.757,1.0,Gas,2019.0,0.77,2019.0
CONRAD ENERGY (DEVELOPMENTS) LIMITED,CDLOW1,No,New Build Generating CMU,3.806,1.0,Gas,2019.0,0.77,2019.0
Corby Power Limited,CORB_1,No,Existing Generating CMU,362.434,1.0,Gas,2019.0,0.77,2019.0
CREYKE BECK POWER LIMITED,SEL051,No,Existing Generating CMU,46.692,1.0,Gas,2019.0,0.77,2019.0
CREYKE BECK STORAGE LIMITED,SEL052,No,New Build Generating CMU,8.733,1.0,Storage - Battery,2019.0,0.77,2019.0
Culvery Power Limited,CULV18,Yes,Existing Generating CMU,13.129,1.0,Gas,2019.0,0.77,2019.0
Distributed Generators Limited,elms03,No,Existing Generating CMU,4.757,1.0,Gas,2019.0,0.77,2019.0
Dudley Waste Services Limited,DudEfW,Yes,Existing Generating CMU,4.989,1.0,Waste,2019.0,0.77,2019.0
E.ON Connecting Energies Limited,OSG001,No,Existing Generating CMU,5.778,1.0,Gas,2019.0,0.77,2019.0
E.ON UK CHP Limited,BBM-18,Yes,Existing Generating CMU,1.75,1.0,Storage - Battery,2019.0,0.77,2019.0
E.ON UK CHP Limited,POL002,Yes,Existing Generating CMU,28.699,1.0,Gas,2019.0,0.77,2019.0
E.ON UK Plc,DSR035,No,Unproven DSR CMU,2.023,1.0,DSR,2019.0,0.77,2019.0
E.ON UK Plc,DSR039,No,Unproven DSR CMU,3.5,1.0,DSR,2019.0,0.77,2019.0
E.ON UK Plc,DSR042,No,Unproven DSR CMU,2.0,1.0,DSR,2019.0,0.77,2019.0
E.ON UK Plc,DSR056,No,Unproven DSR CMU,2.0,1.0,DSR,2019.0,0.77,2019.0
E.ON UK Plc,CFF001,No,Existing Generating CMU,12.584,1.0,Gas,2019.0,0.77,2019.0
E.ON UK Plc,CEN004,No,Existing Generating CMU,2.954,1.0,Gas,2019.0,0.77,2019.0
E.ON UK Plc,DSR032,No,Unproven DSR CMU,23.0,1.0,DSR,2019.0,0.77,2019.0
E.ON UK Plc,DSR033,No,Unproven DSR CMU,4.214,1.0,DSR,2019.0,0.77,2019.0
E.ON UK Plc,DSR034,No,Unproven DSR CMU,5.057,1.0,DSR,2019.0,0.77,2019.0
East London Energy Limited ,CES106,No,Existing Generating CMU,2.587,1.0,Gas,2019.0,0.77,2019.0
East London Energy Limited ,CES107,No,Existing Generating CMU,5.254,1.0,Gas,2019.0,0.77,2019.0
EDF Energy (Thermal Generation) Limited,WA1-18,No,Existing Generating CMU,432.54,1.0,Coal,2019.0,0.77,2019.0
EDF Energy (Thermal Generation) Limited,WB4C18,No,Existing Generating CMU,8.663,1.0,Storage - Battery,2019.0,0.77,2019.0
EDF Energy (Thermal Generation) Limited,WA2-18,No,Existing Generating CMU,432.713,1.0,Coal,2019.0,0.77,2019.0
EDF Energy (Thermal Generation) Limited,WA3-18,No,Existing Generating CMU,432.713,1.0,Coal,2019.0,0.77,2019.0
EDF Energy (Thermal Generation) Limited,WA4-18,No,Existing Generating CMU,432.8,1.0,Coal,2019.0,0.77,2019.0
EDF Energy Customers Limited,DR191H,No,Unproven DSR CMU,6.5,1.0,DSR,2019.0,0.77,2019.0
EDF Energy Customers Limited,DR191I,No,Unproven DSR CMU,8.428,1.0,DSR,2019.0,0.77,2019.0
EDF Energy Customers Limited,DR191J,No,Unproven DSR CMU,13.0,1.0,DSR,2019.0,0.77,2019.0
EDF Energy Customers Limited,DR191C,No,Unproven DSR CMU,5.338,1.0,DSR,2019.0,0.77,2019.0
EDF Energy Customers Limited,DR191D,No,Unproven DSR CMU,7.5,1.0,DSR,2019.0,0.77,2019.0
EDF Energy Customers Limited,DR191G,No,Unproven DSR CMU,5.0,1.0,DSR,2019.0,0.77,2019.0
Eelpower (Opco1) Limited,LEVT18,Yes,Unproven DSR CMU,8.259,1.0,DSR,2019.0,0.77,2019.0
EirGrid Interconnector Designated Activity Company,EWIC18,Yes,Existing Interconnector CMU,215.0,1.0,Interconnector,2019.0,0.77,2019.0
Enel X UK Limited,XGEN23,No,Existing Generating CMU,27.39,1.0,Gas,2019.0,0.77,2019.0
Enel X UK Limited,XGEN22,No,Existing Generating CMU,10.002,1.0,Gas,2019.0,0.77,2019.0
Enel X UK Limited,XGEN02,No,Existing Generating CMU,4.199,1.0,Gas,2019.0,0.77,2019.0
Enel X UK Limited,XGEN03,No,Existing Generating CMU,4.702,1.0,Gas,2019.0,0.77,2019.0
Enel X UK Limited,XGEN04,No,Existing Generating CMU,4.399,1.0,Gas,2019.0,0.77,2019.0
Enel X UK Limited,XGEN06,No,Existing Generating CMU,3.96,1.0,Gas,2019.0,0.77,2019.0
Enel X UK Limited,XGEN07,No,Existing Generating CMU,3.78,1.0,Gas,2019.0,0.77,2019.0
Enel X UK Limited,XGEN11,No,Existing Generating CMU,10.5,1.0,Gas,2019.0,0.77,2019.0
Enel X UK Limited,XGEN15,No,Existing Generating CMU,3.996,1.0,Gas,2019.0,0.77,2019.0
Enel X UK Limited,XGEN16,No,Existing Generating CMU,7.602,1.0,Gas,2019.0,0.77,2019.0
Enel X UK Limited,XDSR41,No,Unproven DSR CMU,21.07,1.0,DSR,2019.0,0.77,2019.0
Enel X UK Limited,XDSR42,No,Unproven DSR CMU,21.07,1.0,DSR,2019.0,0.77,2019.0
Enel X UK Limited,XDSR43,No,Unproven DSR CMU,7.86,1.0,DSR,2019.0,0.77,2019.0
Enel X UK Limited,XDSR44,No,Unproven DSR CMU,13.0,1.0,DSR,2019.0,0.77,2019.0
Enel X UK Limited,XDSR45,No,Unproven DSR CMU,21.07,1.0,DSR,2019.0,0.77,2019.0
Enel X UK Limited,XDSR46,No,Unproven DSR CMU,21.07,1.0,DSR,2019.0,0.77,2019.0
Enel X UK Limited,XDSR47,No,Unproven DSR CMU,5.86,1.0,DSR,2019.0,0.77,2019.0
Enel X UK Limited,XDSR48,No,Unproven DSR CMU,6.0,1.0,DSR,2019.0,0.77,2019.0
Enel X UK Limited,XDSR49,No,Unproven DSR CMU,7.5,1.0,DSR,2019.0,0.77,2019.0
Enel X UK Limited,XDSR50,No,Unproven DSR CMU,10.5,1.0,DSR,2019.0,0.77,2019.0
Enel X UK Limited,XDSR51,No,Unproven DSR CMU,8.5,1.0,DSR,2019.0,0.77,2019.0
Enel X UK Limited,XDSR52,No,Unproven DSR CMU,2.0,1.0,DSR,2019.0,0.77,2019.0
Enel X UK Limited,XGEN17,No,Existing Generating CMU,6.033,1.0,Gas,2019.0,0.77,2019.0
Enel X UK Limited,XGEN18,No,Existing Generating CMU,7.019,1.0,Gas,2019.0,0.77,2019.0
Enel X UK Limited,XGEN20,No,Existing Generating CMU,7.068,1.0,Gas,2019.0,0.77,2019.0
Enel X UK Limited,XGEN24,No,Existing Generating CMU,7.35,1.0,Gas,2019.0,0.77,2019.0
Enel X UK Limited,XGEN25,No,Existing Generating CMU,6.0,1.0,Gas,2019.0,0.77,2019.0
Enel X UK Limited,XGEN28,No,Existing Generating CMU,4.467,1.0,Gas,2019.0,0.77,2019.0
Energy Pool UK limited,EPO024,No,Existing Generating CMU,5.4,1.0,Gas,2019.0,0.77,2019.0
Energy Pool UK limited,EPO026,No,Proven DSR CMU,14.711,1.0,DSR,2019.0,0.77,2019.0
Energy Pool UK limited,EPO022,No,Existing Generating CMU,2.745,1.0,Waste,2019.0,0.77,2019.0
Energy Pool UK limited,EPO023,No,Existing Generating CMU,12.6,1.0,Gas,2019.0,0.77,2019.0
Equivalence Energy Limited,IPSW29,Yes,Existing Generating CMU,19.028,1.0,Bio-fuel,2019.0,0.77,2019.0
ESB SOLAR (NORTHERN IRELAND) LIMITED,M1LLFA,No,Existing Generating CMU,2.395,1.0,Storage - Battery,2019.0,0.77,2019.0
"ESSO PETROLEUM COMPANY,LIMITED",EMD-18,Yes,Existing Generating CMU,80.059,1.0,Gas,2019.0,0.77,2019.0
FCC (E&M) Limited,MILL02,Yes,New Build Generating CMU,12.984,1.0,Waste,2019.0,0.77,2019.0
Fenton Lane Energy Limited,FEN111,No,New Build Generating CMU,5.708,1.0,Gas,2019.0,0.77,2019.0
First Hydro Company,F4_181,No,Existing Generating CMU,85.968,1.0,Storage - Pumped,2019.0,0.77,2019.0
First Renewable Alpha Limited,BYGEN4,No,Existing Generating CMU,19.028,1.0,Diesel,2019.0,0.77,2019.0
Flexitricity Limited,F18042,No,Proven DSR CMU,11.647,1.0,DSR,2019.0,0.77,2019.0
Flexitricity Limited,F18043,No,Proven DSR CMU,11.68,1.0,DSR,2019.0,0.77,2019.0
Flexitricity Limited,F18029,No,Existing Generating CMU,3.077,1.0,Gas,2019.0,0.77,2019.0
Flexitricity Limited,F18033,No,Existing Generating CMU,4.21,1.0,Gas,2019.0,0.77,2019.0
Flexitricity Limited,F18034,No,Existing Generating CMU,3.02,1.0,Gas,2019.0,0.77,2019.0
Flexitricity Limited,F18036,No,Existing Generating CMU,3.658,1.0,Gas,2019.0,0.77,2019.0
Flexitricity Limited,F18039,No,Existing Generating CMU,3.012,1.0,Gas,2019.0,0.77,2019.0
Flexitricity Limited,F18022,No,Existing Generating CMU,5.425,1.0,Gas,2019.0,0.77,2019.0
Flexitricity Limited,F18024,No,Existing Generating CMU,3.455,1.0,Gas,2019.0,0.77,2019.0
Flexitricity Limited,F18007,No,Existing Generating CMU,3.25,1.0,Gas,2019.0,0.77,2019.0
Flexitricity Limited,F18025,No,Existing Generating CMU,15.111,1.0,Gas,2019.0,0.77,2019.0
Flexitricity Limited,F18026,No,Existing Generating CMU,3.556,1.0,Gas,2019.0,0.77,2019.0
Flexitricity Limited,F18027,No,Existing Generating CMU,7.0,1.0,Gas,2019.0,0.77,2019.0
Flexitricity Limited,FLXR57,No,Unproven DSR CMU,2.25,1.0,DSR,2019.0,0.77,2019.0
FLINT TO CELL LIMITED,Finwy3,No,Existing Generating CMU,4.757,1.0,Gas,2019.0,0.77,2019.0
FS Port of Tyne Limited,PTES3X,Yes,Existing Generating CMU,6.125,1.0,Storage - Battery,2019.0,0.77,2019.0
GBSL DORKING LIMITED,GB2D18,No,New Build Generating CMU,2.053,1.0,Storage - Battery,2019.0,0.77,2019.0
Glass Leaf Power Limited,BRAN19,No,Existing Generating CMU,3.0,1.0,Gas,2019.0,0.77,2019.0
Glassenbury Battery Storage Limited,GLASS5,No,Existing Generating CMU,7.0,1.0,Storage - Battery,2019.0,0.77,2019.0
GREEN PEAK GENERATION LIMITED,Lilly5,No,Existing Generating CMU,7.136,1.0,Gas,2019.0,0.77,2019.0
Greenspan Nifty Fifty Limited,WPKB02,Yes,New Build Generating CMU,3.806,1.0,Gas,2019.0,0.77,2019.0
Greenspan Nifty Fifty Limited,WPKA02,Yes,New Build Generating CMU,3.806,1.0,Gas,2019.0,0.77,2019.0
GridBeyond Limited,END018,No,Unproven DSR CMU,2.107,1.0,DSR,2019.0,0.77,2019.0
GridBeyond Limited,END019,No,Unproven DSR CMU,2.0,1.0,DSR,2019.0,0.77,2019.0
GridBeyond Limited,END020,No,Unproven DSR CMU,7.585,1.0,DSR,2019.0,0.77,2019.0
GridBeyond Limited,END021,No,Unproven DSR CMU,10.956,1.0,DSR,2019.0,0.77,2019.0
GridBeyond Limited,END001,No,Unproven DSR CMU,33.297,1.0,DSR,2019.0,0.77,2019.0
GridBeyond Limited,GBD001,No,Proven DSR CMU,1.858,1.0,DSR,2019.0,0.77,2019.0
GridBeyond Limited,END014,No,Unproven DSR CMU,2.36,1.0,DSR,2019.0,0.77,2019.0
GridBeyond Limited,END015,No,Unproven DSR CMU,2.528,1.0,DSR,2019.0,0.77,2019.0
GridBeyond Limited,END016,No,Unproven DSR CMU,2.528,1.0,DSR,2019.0,0.77,2019.0
GridBeyond Limited,END017,No,Unproven DSR CMU,2.0,1.0,DSR,2019.0,0.77,2019.0
Hanford Waste Services Limited,StoEfW,Yes,Existing Generating CMU,10.954,1.0,Waste,2019.0,0.77,2019.0
Harworth Power (Generation) Limited,HPGL18,Yes,Existing Generating CMU,7.82,1.0,Coal mine methane,2019.0,0.77,2019.0
HC ESS2 Limited,ALPH2C,No,Existing Generating CMU,5.25,1.0,Storage - Battery,2019.0,0.77,2019.0
HEDDON DEVELOPMENTS LIMITED,casw01,Yes,New Build Generating CMU,8.553,1.0,Gas,2019.0,0.77,2019.0
Hulley Road Energy Storage Limited,ADSHU2,Yes,Unproven DSR CMU,16.856,1.0,DSR,2019.0,0.77,2019.0
Imerys Minerals Limited,IMERS3,Yes,Existing Generating CMU,7.086,1.0,Gas,2019.0,0.77,2019.0
Imerys Minerals Limited,IMER6A,Yes,Existing Generating CMU,3.33,1.0,Gas,2019.0,0.77,2019.0
Imerys Minerals Limited,IMER5A,Yes,Existing Generating CMU,2.97,1.0,Gas,2019.0,0.77,2019.0
Imerys Minerals Limited,IMER4A,Yes,Existing Generating CMU,3.33,1.0,Gas,2019.0,0.77,2019.0
Industrial Energy Services Limited ,CES0B3,No,Existing Generating CMU,5.38,1.0,Gas,2019.0,0.77,2019.0
Infinis Alternative Energies Limited,AVELEF,No,Existing Generating CMU,3.825,1.0,Gas,2019.0,0.77,2019.0
Infinis Alternative Energies Limited,OTGS18,No,Existing Generating CMU,3.365,1.0,Gas,2019.0,0.77,2019.0
Infinis Alternative Energies Limited,ADGS18,No,Existing Generating CMU,3.46,1.0,Gas,2019.0,0.77,2019.0
Infinis Alternative Energies Limited,AVELEN,No,Existing Generating CMU,4.336,1.0,Gas,2019.0,0.77,2019.0
INOVYN ChlorVinyls Limited,INO200,No,Unproven DSR CMU,42.14,1.0,DSR,2019.0,0.77,2019.0
Irwell Power Limited,IRWE18,Yes,Existing Generating CMU,15.032,1.0,Gas,2019.0,0.77,2019.0
Kemsley CHP Limited,DSK101,No,Existing Generating CMU,54.998,1.0,Gas,2019.0,0.77,2019.0
Kiln Power Limited,KILN18,Yes,Existing Generating CMU,15.032,1.0,Gas,2019.0,0.77,2019.0
Kingsmoor Power Limited,KING05,No,Existing Generating CMU,7.176,1.0,Gas,2019.0,0.77,2019.0
KiWi Power Ltd,KPDR08,No,Unproven DSR CMU,29.102,1.0,DSR,2019.0,0.77,2019.0
KiWi Power Ltd,KPDR09,No,Unproven DSR CMU,29.102,1.0,DSR,2019.0,0.77,2019.0
KiWi Power Ltd,KPDR10,No,Unproven DSR CMU,19.401,1.0,DSR,2019.0,0.77,2019.0
KiWi Power Ltd,KPDR11,No,Unproven DSR CMU,11.641,1.0,DSR,2019.0,0.77,2019.0
KiWi Power Ltd,KIWI75,No,Unproven DSR CMU,29.102,1.0,DSR,2019.0,0.77,2019.0
KiWi Power Ltd,KPDR05,No,Unproven DSR CMU,29.102,1.0,DSR,2019.0,0.77,2019.0
KiWi Power Ltd,KPDR02,No,Unproven DSR CMU,24.252,1.0,DSR,2019.0,0.77,2019.0
KiWi Power Ltd,KPEG35,No,Existing Generating CMU,1.8,1.0,Gas,2019.0,0.77,2019.0
KiWi Power Ltd,KPEG36,No,Existing Generating CMU,1.8,1.0,Gas,2019.0,0.77,2019.0
KiWi Power Ltd,KPEG39,No,Existing Generating CMU,4.436,1.0,Gas,2019.0,0.77,2019.0
KiWi Power Ltd,KPEG40,No,Existing Generating CMU,6.656,1.0,Gas,2019.0,0.77,2019.0
KiWi Power Ltd,KPEG29,No,Existing Generating CMU,5.137,1.0,Gas,2019.0,0.77,2019.0
KiWi Power Ltd,KPEG30,No,Existing Generating CMU,5.373,1.0,Gas,2019.0,0.77,2019.0
KiWi Power Ltd,KPEG27,No,Existing Generating CMU,30.233,1.0,Gas,2019.0,0.77,2019.0
KiWi Power Ltd,KPEG38,No,Existing Generating CMU,5.378,1.0,Gas,2019.0,0.77,2019.0
KiWi Power Ltd,KPEG37,No,Existing Generating CMU,2.884,1.0,Gas,2019.0,0.77,2019.0
KiWi Power Ltd,KPEG32,No,Existing Generating CMU,2.696,1.0,Gas,2019.0,0.77,2019.0
KiWi Power Ltd,KPEG33,No,Existing Generating CMU,1.8,1.0,Gas,2019.0,0.77,2019.0
KiWi Power Ltd,KPEG34,No,Existing Generating CMU,2.45,1.0,DSR,2019.0,0.77,2019.0
KiWi Power Ltd,KIWI70,No,Unproven DSR CMU,15.521,1.0,DSR,2019.0,0.77,2019.0
KiWi Power Ltd,KIWI73,No,Unproven DSR CMU,9.701,1.0,DSR,2019.0,0.77,2019.0
KiWi Power Ltd,KPDR12,No,Proven DSR CMU,26.127,1.0,DSR,2019.0,0.77,2019.0
KiWi Power Ltd,KPDR13,No,Proven DSR CMU,14.058,1.0,DSR,2019.0,0.77,2019.0
KiWi Power Ltd,KIWI78,No,Unproven DSR CMU,11.641,1.0,DSR,2019.0,0.77,2019.0
KiWi Power Ltd,KIWI83,No,Unproven DSR CMU,29.102,1.0,DSR,2019.0,0.77,2019.0
KiWi Power Ltd,KIWI84,No,Unproven DSR CMU,29.102,1.0,DSR,2019.0,0.77,2019.0
KiWi Power Ltd,KIWI87,No,Unproven DSR CMU,19.401,1.0,DSR,2019.0,0.77,2019.0
KiWi Power Ltd,KIWI88,No,Unproven DSR CMU,11.641,1.0,DSR,2019.0,0.77,2019.0
KiWi Power Ltd,KPDR01,No,Unproven DSR CMU,15.521,1.0,DSR,2019.0,0.77,2019.0
KiWi Power Ltd,KPDR03,No,Unproven DSR CMU,9.701,1.0,DSR,2019.0,0.77,2019.0
KiWi Power Ltd,KPDR04,No,Unproven DSR CMU,29.102,1.0,DSR,2019.0,0.77,2019.0
KiWi Power Ltd,KPDR06,No,Unproven DSR CMU,16.491,1.0,DSR,2019.0,0.77,2019.0
KiWi Power Ltd,KPB101,Yes,Existing Generating CMU,0.699,1.0,Storage - Battery,2019.0,0.77,2019.0
KiWi Power Ltd,KPB004,No,New Build Generating CMU,7.184,1.0,Storage - Battery,2019.0,0.77,2019.0
KiWi Power Ltd,KPB103,No,Existing Generating CMU,2.017,1.0,Storage - Battery,2019.0,0.77,2019.0
KiWi Power Ltd,KPDR07,No,Unproven DSR CMU,11.641,1.0,DSR,2019.0,0.77,2019.0
LAKESIDE ENERGY FROM WASTE LIMITED,LAKE18,Yes,Existing Generating CMU,32.6,1.0,Waste,2019.0,0.77,2019.0
Larport Energy Storage Limited,ADSLA2,Yes,Unproven DSR CMU,16.435,1.0,DSR,2019.0,0.77,2019.0
Leicester District Energy Company Limited,CES208,No,Existing Generating CMU,4.123,1.0,Gas,2019.0,0.77,2019.0
Limejump Ltd,DSRL21,Yes,Proven DSR CMU,1.686,1.0,DSR,2019.0,0.77,2019.0
Limejump Ltd,DSRL23,No,Proven DSR CMU,2.098,1.0,DSR,2019.0,0.77,2019.0
Limejump Ltd,DSRL26,Yes,Proven DSR CMU,3.034,1.0,DSR,2019.0,0.77,2019.0
Limejump Ltd,DSRL27,Yes,Proven DSR CMU,3.371,1.0,DSR,2019.0,0.77,2019.0
Limejump Ltd,DSRL30,Yes,Proven DSR CMU,2.528,1.0,DSR,2019.0,0.77,2019.0
Limejump Ltd,DSRL40,Yes,Unproven DSR CMU,1.686,1.0,DSR,2019.0,0.77,2019.0
Limejump Ltd,DSRL41,Yes,Unproven DSR CMU,1.686,1.0,DSR,2019.0,0.77,2019.0
Limejump Ltd,DSRL42,No,Unproven DSR CMU,2.528,1.0,DSR,2019.0,0.77,2019.0
Limejump Ltd,DSRL43,No,Unproven DSR CMU,2.528,1.0,DSR,2019.0,0.77,2019.0
Limejump Ltd,DSRL44,No,Unproven DSR CMU,2.528,1.0,DSR,2019.0,0.77,2019.0
Limejump Ltd,DSRL45,No,Unproven DSR CMU,2.528,1.0,DSR,2019.0,0.77,2019.0
Limejump Ltd,DSRL46,No,Unproven DSR CMU,3.371,1.0,DSR,2019.0,0.77,2019.0
Limejump Ltd,DSRL47,Yes,Unproven DSR CMU,4.214,1.0,DSR,2019.0,0.77,2019.0
Limejump Ltd,DSRL48,Yes,Unproven DSR CMU,4.214,1.0,DSR,2019.0,0.77,2019.0
Limejump Ltd,DSRL49,Yes,Unproven DSR CMU,4.214,1.0,DSR,2019.0,0.77,2019.0
Limejump Ltd,DSRL50,Yes,Unproven DSR CMU,4.214,1.0,DSR,2019.0,0.77,2019.0
Limejump Ltd,DSRL51,No,Unproven DSR CMU,4.214,1.0,DSR,2019.0,0.77,2019.0
Limejump Ltd,DSRL52,No,Unproven DSR CMU,4.214,1.0,DSR,2019.0,0.77,2019.0
Limejump Ltd,DSRL53,Yes,Unproven DSR CMU,16.013,1.0,DSR,2019.0,0.77,2019.0
Limejump Ltd,DSRL54,Yes,Unproven DSR CMU,2.528,1.0,DSR,2019.0,0.77,2019.0
Limejump Ltd,DSRL55,Yes,Unproven DSR CMU,3.381,1.0,DSR,2019.0,0.77,2019.0
Limejump Ltd,DSRL56,No,Unproven DSR CMU,8.428,1.0,DSR,2019.0,0.77,2019.0
Limejump Ltd,DSRL57,No,Unproven DSR CMU,1.686,1.0,DSR,2019.0,0.77,2019.0
Limejump Ltd,DSRL58,Yes,Unproven DSR CMU,8.428,1.0,DSR,2019.0,0.77,2019.0
Limejump Ltd,EXLJ20,Yes,Existing Generating CMU,13.239,1.0,Gas,2019.0,0.77,2019.0
Limejump Ltd,EXLJ21,Yes,Existing Generating CMU,2.695,1.0,Gas,2019.0,0.77,2019.0
Limejump Ltd,EXLJ23,Yes,Existing Generating CMU,3.015,1.0,Gas,2019.0,0.77,2019.0
Limejump Ltd,EXKAP1,Yes,Existing Generating CMU,7.47,1.0,Gas,2019.0,0.77,2019.0
Limejump Ltd,DSRE18,Yes,Unproven DSR CMU,2.907,1.0,DSR,2019.0,0.77,2019.0
Loddon Power Limited,LODD18,Yes,Existing Generating CMU,15.032,1.0,Gas,2019.0,0.77,2019.0
LondonEnergy Ltd,LEL_18,Yes,Existing Generating CMU,32.565,1.0,Waste,2019.0,0.77,2019.0
Marden Power Limited,MARD18,Yes,Existing Generating CMU,15.032,1.0,Gas,2019.0,0.77,2019.0
Mercia Power Response (Albion Close) Limited,FRPAC2,Yes,New Build Generating CMU,3.726,1.0,Gas,2019.0,0.77,2019.0
Mercia Power Response (Asher Lane 2) Limited,FRPAL3,Yes,New Build Generating CMU,13.04,1.0,Gas,2019.0,0.77,2019.0
Mercia Power Response (Chesterfield Road) Limited,FRPCR3,Yes,New Build Generating CMU,7.451,1.0,Gas,2019.0,0.77,2019.0
Mercia Power Response (Common Lane) Limited,FRPCL2,Yes,New Build Generating CMU,7.451,1.0,Gas,2019.0,0.77,2019.0
MERCIA POWER RESPONSE (CUCKOO ROAD) LIMITED,FRPCR4,Yes,New Build Generating CMU,7.451,1.0,Gas,2019.0,0.77,2019.0
MERCIA POWER RESPONSE (GRAPHITE WAY) LIMITED,FRPGW1,Yes,New Build Generating CMU,5.589,1.0,Gas,2019.0,0.77,2019.0
MERCIA POWER RESPONSE (MANNERS AVENUE 2) LIMITED,FRPMA2,No,New Build Generating CMU,6.501,1.0,Gas,2019.0,0.77,2019.0
Mercia Power Response (Nottingham Road) Limited,FRPNR2,Yes,New Build Generating CMU,6.501,1.0,Gas,2019.0,0.77,2019.0
MERCIA POWER RESPONSE (OUTGANG LANE) LIMITED,FRPOGL,Yes,New Build Generating CMU,7.451,1.0,Gas,2019.0,0.77,2019.0
MERCIA POWER RESPONSE (PONTEFRACT ROAD) LIMITED,FRPPR5,Yes,New Build Generating CMU,6.501,1.0,Gas,2019.0,0.77,2019.0
Mercia Power Response (Private Road No.5) Limited,FRPPR4,Yes,New Build Generating CMU,14.143,1.0,Gas,2019.0,0.77,2019.0
Mercia Power Response (Private Road No.5) Limited,FRPPR2,Yes,New Build Generating CMU,4.638,1.0,Gas,2019.0,0.77,2019.0
MERCIA POWER RESPONSE (SANDY LANE) LIMITED,FRPSL1,Yes,New Build Generating CMU,6.501,1.0,Gas,2019.0,0.77,2019.0
Mercia Power Response (The Wood Yard) Limited,FRPWY2,Yes,New Build Generating CMU,6.691,1.0,Gas,2019.0,0.77,2019.0
Mercia Power Response (Whittington Road ) Limited,FRPWR2,No,New Build Generating CMU,6.501,1.0,Gas,2019.0,0.77,2019.0
Moyle Interconnector Limited,Moyle4,Yes,Existing Interconnector CMU,130.0,1.0,Interconnector,2019.0,0.77,2019.0
NEMO LINK LIMITED,NEMO18,Yes,New Build Interconnector CMU,680.0,1.0,Interconnector,2019.0,0.77,2019.0
Nevern Power Limited,NEVE18,Yes,Existing Generating CMU,15.032,1.0,Gas,2019.0,0.77,2019.0
Northumberland Energy Recovery Limited,SUEZ13,No,Existing Generating CMU,9.244,1.0,Waste,2019.0,0.77,2019.0
NPOWER LIMITED ,EHQ008,No,Unproven DSR CMU,3.371,1.0,DSR,2019.0,0.77,2019.0
NPOWER LIMITED ,EHQ009,No,Unproven DSR CMU,2.528,1.0,DSR,2019.0,0.77,2019.0
NPOWER LIMITED ,EHQ010,No,Unproven DSR CMU,2.528,1.0,DSR,2019.0,0.77,2019.0
Ogmore Power Limited,OGMO18,Yes,Existing Generating CMU,15.032,1.0,Gas,2019.0,0.77,2019.0
OPEN ENERGI LIMITED,OPEN02,Yes,Unproven DSR CMU,2.175,1.0,DSR,2019.0,0.77,2019.0
ORSTED BURBO (UK) LIMITED,BBW001,No,New Build Generating CMU,0.684,1.0,Storage - Battery,2019.0,0.77,2019.0
OSSPV001 LIMITED,OSL003,No,Unproven DSR CMU,7.585,1.0,DSR,2019.0,0.77,2019.0
OSSPV001 LIMITED,OSL004,No,New Build Generating CMU,1.75,1.0,Storage - Battery,2019.0,0.77,2019.0
PELHAM STORAGE LIMITED,SEL053,No,Existing Generating CMU,8.058,1.0,Storage - Battery,2019.0,0.77,2019.0
Power Balancing Services Limited,PBSHW3,No,Existing Generating CMU,2.854,1.0,Diesel,2019.0,0.77,2019.0
POWER UP GENERATION LIMITED,PUG002,No,Existing Generating CMU,5.503,1.0,Gas,2019.0,0.77,2019.0
Precise Energy Limited,STOW9A,Yes,Existing Generating CMU,19.028,1.0,Bio-fuel,2019.0,0.77,2019.0
PUTNEY POWER LIMITED,Copse4,No,Existing Generating CMU,8.087,1.0,Gas,2019.0,0.77,2019.0
Riverside Resource Recovery Limited,RRRF21,Yes,Existing Generating CMU,63.53,1.0,Waste,2019.0,0.77,2019.0
Rock Energy Storage Limited,ROCK18,Yes,Unproven DSR CMU,16.519,1.0,DSR,2019.0,0.77,2019.0
Rounponds Energy Limited,RO21CL,Yes,Existing Generating CMU,1.75,1.0,Storage - Battery,2019.0,0.77,2019.0
Rounponds Energy Limited,RO16C2,No,New Build Generating CMU,9.514,1.0,Diesel,2019.0,0.77,2019.0
RWE Generation UK plc,GRMA18,No,Existing Generating CMU,19.028,1.0,Gas,2019.0,0.77,2019.0
RWE Generation UK plc,COW182,No,Existing Generating CMU,66.598,1.0,Distillate,2019.0,0.77,2019.0
RYDBERG DEVELOPMENT COMPANY LIMITED,KWBE01,No,New Build Generating CMU,11.417,1.0,Gas,2019.0,0.77,2019.0
RYDBERG DEVELOPMENT COMPANY LIMITED,HAVE05,No,Existing Generating CMU,5.7,1.0,Gas,2019.0,0.77,2019.0
ScottishPower Energy Retail Limited,SP1817,No,Unproven DSR CMU,2.0,1.0,DSR,2019.0,0.77,2019.0
ScottishPower Energy Retail Limited,SP1818,No,Unproven DSR CMU,2.126,1.0,DSR,2019.0,0.77,2019.0
ScottishPower Energy Retail Limited,SP1816,No,Unproven DSR CMU,1.874,1.0,DSR,2019.0,0.77,2019.0
Sembcorp Utilities (UK) Limited,S19GT2,Yes,Existing Generating CMU,37.242,1.0,Gas,2019.0,0.77,2019.0
Shovel Ready 6 Limited,amyjn1,Yes,New Build Generating CMU,6.66,1.0,Gas,2019.0,0.77,2019.0
Shovel Ready 7 Limited,vent02,No,New Build Generating CMU,8.087,1.0,Gas,2019.0,0.77,2019.0
SIGBAT A LIMITED,18ER28,No,New Build Generating CMU,3.421,1.0,Storage - Battery,2019.0,0.77,2019.0
SIGBAT C LIMITED ,18ER31,No,New Build Generating CMU,3.421,1.0,Storage - Battery,2019.0,0.77,2019.0
SIGBAT D LIMITED ,18ER33,No,New Build Generating CMU,2.737,1.0,Storage - Battery,2019.0,0.77,2019.0
SIGBAT E LIMITED,18ER48,No,New Build Generating CMU,4.105,1.0,Storage - Battery,2019.0,0.77,2019.0
SIGBAT F LIMITED ,18ER75,No,New Build Generating CMU,3.421,1.0,Storage - Battery,2019.0,0.77,2019.0
SIGBAT H LIMITED ,18ER77,No,New Build Generating CMU,3.421,1.0,Storage - Battery,2019.0,0.77,2019.0
SIGBAT I LIMITED ,18ER80,No,New Build Generating CMU,3.421,1.0,Storage - Battery,2019.0,0.77,2019.0
SIGBAT K LIMITED ,18ER83,No,New Build Generating CMU,3.421,1.0,Storage - Battery,2019.0,0.77,2019.0
SmartestEnergy Limited,SE1915,No,Unproven DSR CMU,2.0,1.0,DSR,2019.0,0.77,2019.0
SmartestEnergy Limited,SE1925,No,Unproven DSR CMU,10.0,1.0,DSR,2019.0,0.77,2019.0
SmartestEnergy Limited,SE1901,No,Unproven DSR CMU,40.0,1.0,DSR,2019.0,0.77,2019.0
SmartestEnergy Limited,SE1902,No,Unproven DSR CMU,30.0,1.0,DSR,2019.0,0.77,2019.0
SmartestEnergy Limited,SE1903,No,Unproven DSR CMU,20.0,1.0,DSR,2019.0,0.77,2019.0
SmartestEnergy Limited,SE1904,No,Unproven DSR CMU,20.0,1.0,DSR,2019.0,0.77,2019.0
SmartestEnergy Limited,SE1905,No,Unproven DSR CMU,20.0,1.0,DSR,2019.0,0.77,2019.0
SmartestEnergy Limited,SE1906,No,Unproven DSR CMU,10.0,1.0,DSR,2019.0,0.77,2019.0
SmartestEnergy Limited,SE1907,No,Unproven DSR CMU,10.0,1.0,DSR,2019.0,0.77,2019.0
SmartestEnergy Limited,SE1908,No,Unproven DSR CMU,8.0,1.0,DSR,2019.0,0.77,2019.0
SmartestEnergy Limited,SE1909,No,Unproven DSR CMU,8.0,1.0,DSR,2019.0,0.77,2019.0
SmartestEnergy Limited,SE1910,No,Unproven DSR CMU,8.0,1.0,DSR,2019.0,0.77,2019.0
SmartestEnergy Limited,SE1911,No,Unproven DSR CMU,5.0,1.0,DSR,2019.0,0.77,2019.0
SmartestEnergy Limited,SE1912,No,Unproven DSR CMU,5.0,1.0,DSR,2019.0,0.77,2019.0
SmartestEnergy Limited,SE1913,No,Unproven DSR CMU,2.0,1.0,DSR,2019.0,0.77,2019.0
SmartestEnergy Limited,SE1914,No,Unproven DSR CMU,2.0,1.0,DSR,2019.0,0.77,2019.0
South Tyne and Wear Energy Recovery Limited,SUEZ14,No,Existing Generating CMU,20.132,1.0,Waste,2019.0,0.77,2019.0
Southampton Geothermal Heating Company Limited,CES209,No,Existing Generating CMU,5.733,1.0,Gas,2019.0,0.77,2019.0
Spalding Energy Expansion Limited,SPEO18,No,New Build Generating CMU,285.41,1.0,Gas,2019.0,0.77,2019.0
Speciality Steel UK Limited,SS2018,No,Proven DSR CMU,32.746,1.0,DSR,2019.0,0.77,2019.0
SSE Generation Limited,PH1119,No,Existing Generating CMU,1050.79,1.0,Gas,2019.0,0.77,2019.0
St Asaph Power Limited,STAS18,Yes,Existing Generating CMU,15.032,1.0,Gas,2019.0,0.77,2019.0
Suncredit Solutions Limited,SC1902,No,New Build Generating CMU,19.028,1.0,Gas,2019.0,0.77,2019.0
Suncredit Solutions Limited,SC1901,No,New Build Generating CMU,3.806,1.0,Gas,2019.0,0.77,2019.0
SWB Skelmersdale LTD,BIOD19,No,New Build Generating CMU,19.028,1.0,Gas,2019.0,0.77,2019.0
Tata Steel UK Limited,TS18_1,No,Proven DSR CMU,8.0,1.0,DSR,2019.0,0.77,2019.0
Tata Steel UK Limited,TS18_3,No,Proven DSR CMU,7.0,1.0,DSR,2019.0,0.77,2019.0
Tata Steel UK Limited,TS18_4,No,Existing Generating CMU,18.567,1.0,Gas,2019.0,0.77,2019.0
Teesside Hire Limited,TEES18,No,Existing Generating CMU,5.94,1.0,Gas,2019.0,0.77,2019.0
TGC Emerald Limited,ART118,Yes,New Build Generating CMU,5.708,1.0,Gas,2019.0,0.77,2019.0
TGC Emerald Limited,BWT118,Yes,New Build Generating CMU,5.708,1.0,Gas,2019.0,0.77,2019.0
TGC Emerald Limited,CFT118,Yes,New Build Generating CMU,5.708,1.0,Gas,2019.0,0.77,2019.0
TGC Emerald Limited,NHT118,Yes,New Build Generating CMU,5.708,1.0,Gas,2019.0,0.77,2019.0
TGC Emerald Limited,PHT118,Yes,New Build Generating CMU,5.708,1.0,Gas,2019.0,0.77,2019.0
The Isle of Wight Energy Company Limited,MAIN18,No,Existing Generating CMU,4.803,1.0,Gas,2019.0,0.77,2019.0
TYNEMOUTH ENERGY STORAGE LIMITED,ENEL02,No,Existing Generating CMU,4.375,1.0,Storage - Battery,2019.0,0.77,2019.0
UK Energy Storage Services Limited,BRES2X,Yes,Existing Generating CMU,3.5,1.0,Storage - Battery,2019.0,0.77,2019.0
UK Power Reserve Limited,18PR13,No,Refurbishing Generating CMU,4.757,1.0,Diesel,2019.0,0.77,2019.0
UK Power Reserve Limited,AGPR17,No,Unproven DSR CMU,2.528,1.0,DSR,2019.0,0.77,2019.0
UK Power Reserve Limited,AGPR12,No,Unproven DSR CMU,1.686,1.0,DSR,2019.0,0.77,2019.0
UK Power Reserve Limited,AGPR13,No,Unproven DSR CMU,2.528,1.0,DSR,2019.0,0.77,2019.0
UK Power Reserve Limited,AGPR14,No,Unproven DSR CMU,4.214,1.0,DSR,2019.0,0.77,2019.0
UK Power Reserve Limited,AGPR15,No,Unproven DSR CMU,8.428,1.0,DSR,2019.0,0.77,2019.0
UK Power Reserve Limited,AGPR16,No,Unproven DSR CMU,1.686,1.0,DSR,2019.0,0.77,2019.0
Uniper Global Commodities SE,KILH12,Yes,Existing Generating CMU,295.885,1.0,Gas,2019.0,0.77,2019.0
Uniper Global Commodities SE,KILH11,Yes,Existing Generating CMU,295.885,1.0,Gas,2019.0,0.77,2019.0
Utility I Ltd,LhoH18,Yes,New Build Generating CMU,1.8,1.0,Gas,2019.0,0.77,2019.0
Valence Power Limited,STOW9B,Yes,Existing Generating CMU,18.432,1.0,Bio-fuel,2019.0,0.77,2019.0
Vattenfall Wind Power Ltd,UPB-02,No,Existing Generating CMU,3.85,1.0,Storage - Battery,2019.0,0.77,2019.0
Veolia UK Limited,SGH004,Yes,Existing Generating CMU,3.558,1.0,Gas,2019.0,0.77,2019.0
Veolia UK Limited,SPOR01,No,Existing Generating CMU,1.84,1.0,Gas,2019.0,0.77,2019.0
Veolia UK Limited,VES003,No,Proven DSR CMU,2.0,1.0,DSR,2019.0,0.77,2019.0
Veolia UK Limited,TYSE04,Yes,Existing Generating CMU,23.377,1.0,Waste,2019.0,0.77,2019.0
Veolia UK Limited,BHRLH4,Yes,Existing Generating CMU,6.532,1.0,Gas,2019.0,0.77,2019.0
Viridis 178 Limited,VI5102,No,New Build Generating CMU,18.838,1.0,Gas,2019.0,0.77,2019.0
Viridis 178 Limited,VI5104,No,New Build Generating CMU,19.806,1.0,Gas,2019.0,0.77,2019.0
Viridis 178 Limited,VI5105,No,New Build Generating CMU,19.806,1.0,Gas,2019.0,0.77,2019.0
Viridis 178 Limited,VI5101,No,New Build Generating CMU,5.708,1.0,Gas,2019.0,0.77,2019.0
Walker & Son (Hauliers) Limited,SNAP19,Yes,Existing Generating CMU,6.66,1.0,Gas,2019.0,0.77,2019.0
Walker & Son (Hauliers) Limited,WATV19,No,New Build Generating CMU,19.028,1.0,Gas,2019.0,0.77,2019.0
Walker & Son (Hauliers) Limited,BALB19,Yes,New Build Generating CMU,9.514,1.0,Gas,2019.0,0.77,2019.0
Walker & Son (Hauliers) Limited,CARR19,Yes,New Build Generating CMU,19.028,1.0,Gas,2019.0,0.77,2019.0
Wharf Power Limited,WHAR18,Yes,Existing Generating CMU,15.032,1.0,Gas,2019.0,0.77,2019.0
Wincham Lane Power Limited,WINC07,No,New Build Generating CMU,16.8,1.0,Gas,2019.0,0.77,2019.0
Wolverhampton Power Ltd,WOLV18,Yes,Existing Generating CMU,15.032,1.0,Gas,2019.0,0.77,2019.0
Wolverhampton Waste Services Limited,WolEfW,No,Existing Generating CMU,6.179,1.0,Waste,2019.0,0.77,2019.0
CHATTERLEY ENERGY STORAGE LIMITED,CHAT28,Yes,New Build Generating CMU,10.449,15.0,Storage - Battery,2028.0,60.0,2025.0
Knypersley Power Limited,KPL001,Yes,New Build Generating CMU,6.556,15.0,Gas,2028.0,60.0,2025.0
WATTS FARM SOLAR LIMITED,FENGEN,No,Unproven DSR CMU,1.047,15.0,DSR,2028.0,60.0,2025.0
WATTS FARM SOLAR LIMITED,FENGH2,No,New Build Generating CMU,5.412,15.0,Gas,2028.0,60.0,2025.0
AGR SOLAR 4 LIMITED,WYBESS,Yes,New Build Generating CMU,6.282,15.0,Storage - Battery,2028.0,60.0,2025.0
AIK2A SUSTAINABLE ENERGY LTD,AK2a01,Yes,Existing Generating CMU,5.425,1.0,Onshore Wind,2028.0,60.0,2025.0
ALCEMI STORAGE DEVELOPMENTS 3 LIMITED,DEVSUP,Yes,New Build Generating CMU,15.659,7.0,Storage - Battery,2028.0,60.0,2025.0
ALCEMI STORAGE DEVELOPMENTS 6 LIMITED,CO2SUP,Yes,New Build Generating CMU,15.659,7.0,Storage - Battery,2028.0,60.0,2025.0
ALKANE ENERGY UK LIMITED,ARAR24,Yes,Existing Generating CMU,3.066,1.0,Gas,2028.0,60.0,2025.0
ALKANE ENERGY UK LIMITED,AVAV24,Yes,Existing Generating CMU,1.841,1.0,Gas,2028.0,60.0,2025.0
ALKANE ENERGY UK LIMITED,DOGS24,Yes,Existing Generating CMU,3.805,1.0,Gas,2028.0,60.0,2025.0
ALKANE ENERGY UK LIMITED,GRIM24,Yes,Existing Generating CMU,5.177,1.0,Gas,2028.0,60.0,2025.0
ALKANE ENERGY UK LIMITED,HEMH24,Yes,Existing Generating CMU,3.541,1.0,Gas,2028.0,60.0,2025.0
ALKANE ENERGY UK LIMITED,HOUT24,Yes,Existing Generating CMU,5.078,1.0,Gas,2028.0,60.0,2025.0
ALKANE ENERGY UK LIMITED,MANV24,Yes,Existing Generating CMU,2.569,1.0,Gas,2028.0,60.0,2025.0
ALKANE ENERGY UK LIMITED,MARK24,Yes,Existing Generating CMU,1.998,1.0,Gas,2028.0,60.0,2025.0
ALKANE ENERGY UK LIMITED,REDD24,Yes,New Build Generating CMU,21.031,15.0,Gas,2028.0,60.0,2025.0
ALKANE ENERGY UK LIMITED,RHYM24,Yes,Existing Generating CMU,6.778,1.0,Gas,2028.0,60.0,2025.0
ALKANE ENERGY UK LIMITED,SHRB24,Yes,Existing Generating CMU,8.019,1.0,Gas,2028.0,60.0,2025.0
ALKANE ENERGY UK LIMITED,WHEL24,Yes,Existing Generating CMU,6.022,1.0,Gas,2028.0,60.0,2025.0
ALKANE ENERGY UK LIMITED,WHIW24,Yes,Existing Generating CMU,2.076,1.0,Gas,2028.0,60.0,2025.0
REGENT PARK ENERGY LIMITED,LING24,Yes,Existing Generating CMU,0.328,1.0,Solar,2028.0,60.0,2025.0
AMPIL 2 ASSET LIMITED,VILLA3,Yes,Existing Generating CMU,2.708,1.0,Gas,2028.0,60.0,2025.0
CHAPEL LANE ENERGY STORAGE LIMITED,CHALA2,Yes,New Build Generating CMU,8.795,15.0,Storage - Battery,2028.0,60.0,2025.0
AITHRIE NET ZERO LIMITED,ANZL02,Yes,New Build Generating CMU,4.188,15.0,Storage - Battery,2028.0,60.0,2025.0
LEEMING SOLAR FARM LIMITED,LSFL03,Yes,New Build Generating CMU,3.769,15.0,Storage - Battery,2028.0,60.0,2025.0
NORTHWOLD SOLAR FARM LIMITED,NSFL01,Yes,New Build Generating CMU,0.785,15.0,Storage - Battery,2028.0,60.0,2025.0
BRITISH SUGAR PLC,BSBU25,Yes,Existing Generating CMU,55.335,1.0,Gas,2028.0,60.0,2025.0
BRITISH SUGAR PLC,BSWI25,Yes,Existing Generating CMU,41.837,1.0,Gas,2028.0,60.0,2025.0
AW1 ENERGY STORAGE LIMITED,USKAW1,Yes,New Build Generating CMU,20.102,15.0,Storage - Battery,2028.0,60.0,2025.0
BALANCE ENERGY 11 LTD,IRA28A,Yes,New Build Generating CMU,10.365,15.0,Storage - Battery,2028.0,60.0,2025.0
BALANCE ENERGY 11 LTD,IRA28B,Yes,New Build Generating CMU,10.365,15.0,Storage - Battery,2028.0,60.0,2025.0
BALANCE ENERGY 19 LTD,COYL28,Yes,New Build Generating CMU,6.261,15.0,Storage - Battery,2028.0,60.0,2025.0
BALANCE ENERGY 6 LTD,HINC28,Yes,New Build Generating CMU,10.365,15.0,Storage - Battery,2028.0,60.0,2025.0
BALANCE ENERGY 9 LTD,ROCB28,Yes,New Build Generating CMU,6.282,15.0,Storage - Battery,2028.0,60.0,2025.0
BALANCE POWER PROJECTS LIMITED,LARK28,Yes,New Build Generating CMU,20.94,15.0,Storage - Battery,2028.0,60.0,2025.0
BALANCE POWER PROJECTS LIMITED,ROCH28,Yes,New Build Generating CMU,4.114,15.0,Gas,2028.0,60.0,2025.0
BENTHEAD SOLAR LIMITED,Bent00,Yes,New Build Generating CMU,4.709,15.0,Storage - Battery,2028.0,60.0,2025.0
BIRMINGHAM DISTRICT ENERGY COMPANY LIMITED,BDEC02,Yes,Existing Generating CMU,1.856,1.0,Gas,2028.0,60.0,2025.0
BRING ENERGY LIMITED,BTS001,Yes,Existing Generating CMU,3.467,1.0,Gas,2028.0,60.0,2025.0
EAST LONDON ENERGY LIMITED,ELEK01,Yes,Existing Generating CMU,2.561,1.0,Gas,2028.0,60.0,2025.0
EAST LONDON ENERGY LIMITED,ELES01,Yes,Existing Generating CMU,5.62,1.0,Gas,2028.0,60.0,2025.0
EXCEL DISTRICT ENERGY COMPANY LIMITED,EXC001,Yes,Existing Generating CMU,2.553,1.0,Gas,2028.0,60.0,2025.0
LEICESTER DISTRICT ENERGY COMPANY LIMITED,LDEC01,Yes,Existing Generating CMU,4.035,1.0,Gas,2028.0,60.0,2025.0
SEVERN POWER LIMITED,24SRF1,Yes,Refurbishing Generating CMU,386.538,1.0,Gas,2028.0,60.0,2025.0
SEVERN POWER LIMITED,24SRF2,Yes,Refurbishing Generating CMU,386.538,1.0,Gas,2028.0,60.0,2025.0
CARGILL PLC,CarGe8,Yes,Existing Generating CMU,27.006,1.0,Gas,2028.0,60.0,2025.0
CBS ENERGY STORAGE ASSETS UK LIMITED,10RE31,Yes,New Build Generating CMU,9.779,1.0,Storage - Battery,2028.0,60.0,2025.0
CBS ENERGY STORAGE ASSETS UK LIMITED,10REAA,Yes,New Build Generating CMU,7.308,15.0,Storage - Battery,2028.0,60.0,2025.0
CENTRICA BUSINESS SOLUTIONS (GENERATION) LIMITED,10REBA,Yes,Existing Generating CMU,3.684,1.0,Gas,2028.0,60.0,2025.0
CENTRICA BUSINESS SOLUTIONS (GENERATION) LIMITED,10REBE,Yes,Existing Generating CMU,1.141,1.0,Gas,2028.0,60.0,2025.0
BRAMLEY SOLAR LIMITED,BRS001,Yes,New Build Generating CMU,8.989,15.0,Storage - Battery,2028.0,60.0,2025.0
ENSO GREEN HOLDINGS A LIMITED,WSB001,Yes,New Build Generating CMU,18.924,15.0,Storage - Battery,2028.0,60.0,2025.0
ENSO GREEN HOLDINGS P LIMITED,BEHR02,No,New Build Generating CMU,8.989,15.0,Storage - Battery,2028.0,60.0,2025.0
ENSO GREEN HOLDINGS R LIMITED,WAGR02,No,New Build Generating CMU,15.77,15.0,Storage - Battery,2028.0,60.0,2025.0
FLEET GREEN LIMITED,FLEE02,Yes,New Build Generating CMU,7.491,15.0,Storage - Battery,2028.0,60.0,2025.0
ALCEMI STORAGE DEVELOPMENTS 4 LIMITED,COAST4,Yes,New Build Generating CMU,15.751,7.0,Storage - Battery,2028.0,60.0,2025.0
CONRAD (FLITWICK) LIMITED,CDFLW5,Yes,Existing Generating CMU,3.309,1.0,Storage - Battery,2028.0,60.0,2025.0
CONRAD (BLETCHLEY) LIMITED,PUG003,Yes,Existing Generating CMU,5.913,1.0,Gas,2028.0,60.0,2025.0
CONRAD (LILLYHALL) LIMITED,Lilly6,Yes,Existing Generating CMU,7.012,1.0,Gas,2028.0,60.0,2025.0
CONRAD (STEVENAGE A) LIMITED,casw24,Yes,Existing Generating CMU,8.405,1.0,Gas,2028.0,60.0,2025.0
CONRAD (STEVENAGE B) LIMITED,Cavrd6,Yes,Existing Generating CMU,7.479,1.0,Gas,2028.0,60.0,2025.0
CONRAD ENERGY (DEVELOPMENTS) II LIMITED,CDCHR3,No,New Build Generating CMU,16.828,15.0,Gas,2028.0,60.0,2025.0
CONRAD (LYTHAM) LIMITED,amyjn3,Yes,Existing Generating CMU,6.544,1.0,Gas,2028.0,60.0,2025.0
CORIOLIS ENERGY STORAGE LIMITED,Orrell,Yes,New Build Generating CMU,11.039,15.0,Storage - Battery,2028.0,60.0,2025.0
RIVERSIDE RESOURCE RECOVERY LIMITED,RRRF61,Yes,Existing Generating CMU,68.751,1.0,Waste,2028.0,60.0,2025.0
COVENTRY ENERGY STORAGE LIMITED,Nail28,Yes,New Build Generating CMU,7.869,15.0,Storage - Battery,2028.0,60.0,2025.0
TEMPLETON BATTERY STORAGE LIMITED,TEMP01,Yes,New Build Generating CMU,5.863,15.0,Storage - Battery,2028.0,60.0,2025.0
DRAX PUMPED STORAGE LIMITED,24CRU1,Yes,Existing Generating CMU,111.588,1.0,Storage - Pumped,2028.0,60.0,2025.0
DRAX PUMPED STORAGE LIMITED,24CRU2,Yes,Existing Generating CMU,111.588,1.0,Storage - Pumped,2028.0,60.0,2025.0
DRAX RIVER HYDRO LIMITED,DX24BN,Yes,Existing Generating CMU,10.01,1.0,Hydro,2028.0,60.0,2025.0
DRAX RIVER HYDRO LIMITED,DX24CA,Yes,Existing Generating CMU,10.92,1.0,Hydro,2028.0,60.0,2025.0
DRAX RIVER HYDRO LIMITED,DX24DJ,Yes,Existing Generating CMU,1.47,1.0,Hydro,2028.0,60.0,2025.0
DRAX RIVER HYDRO LIMITED,DX24EA,Yes,Existing Generating CMU,12.74,1.0,Hydro,2028.0,60.0,2025.0
DRAX RIVER HYDRO LIMITED,DX24KE,Yes,Existing Generating CMU,21.84,1.0,Hydro,2028.0,60.0,2025.0
DRAX RIVER HYDRO LIMITED,DX24ST,Yes,Existing Generating CMU,5.824,1.0,Hydro,2028.0,60.0,2025.0
DRAX RIVER HYDRO LIMITED,DX24TO,Yes,Existing Generating CMU,30.03,1.0,Hydro,2028.0,60.0,2025.0
DRAX RIVER HYDRO LIMITED,GL24RE,Yes,Refurbishing Generating CMU,21.84,15.0,Hydro,2028.0,60.0,2025.0
DRAX POWER LIMITED,DX0924,Yes,Existing Generating CMU,28.811,1.0,Distillate,2028.0,60.0,2025.0
DRAX POWER LIMITED,DX1024,Yes,Existing Generating CMU,28.811,1.0,Distillate,2028.0,60.0,2025.0
DRAX POWER LIMITED,DX1224,Yes,Existing Generating CMU,28.811,1.0,Distillate,2028.0,60.0,2025.0
E.ON UK BATTERY STORAGE SYSTEMS LIMITED,USK001,Yes,New Build Generating CMU,16.124,15.0,Storage - Battery,2028.0,60.0,2025.0
CITIGEN (LONDON) LIMITED,CIT007,Yes,Existing Generating CMU,6.832,1.0,Gas,2028.0,60.0,2025.0
E.ON UK PLC,CEN023,Yes,Existing Generating CMU,1.685,1.0,Gas,2028.0,60.0,2025.0
E.ON UK PLC,CEN024,Yes,Existing Generating CMU,2.772,1.0,Gas,2028.0,60.0,2025.0
E.ON UK PLC,CEN025,Yes,Existing Generating CMU,2.708,1.0,Gas,2028.0,60.0,2025.0
E.ON UK PLC,CEN026,Yes,Existing Generating CMU,1.438,1.0,Gas,2028.0,60.0,2025.0
E.ON UK PLC,CEN028,Yes,Existing Generating CMU,1.334,1.0,Gas,2028.0,60.0,2025.0
E.ON UK PLC,DSR152,Yes,Proven DSR CMU,19.291,1.0,DSR,2028.0,60.0,2025.0
E.ON UK PLC,DSR155,Yes,Proven DSR CMU,3.0,1.0,DSR,2028.0,60.0,2025.0
E.ON UK PLC,DSR156,Yes,Proven DSR CMU,8.0,1.0,DSR,2028.0,60.0,2025.0
E.ON UK PLC,DSR157,Yes,Unproven DSR CMU,2.0,1.0,DSR,2028.0,60.0,2025.0
E.ON UK PLC,GREN02,Yes,Existing Generating CMU,8.39,1.0,Waste,2028.0,60.0,2025.0
E.ON UK PLC,WSCC03,Yes,Existing Generating CMU,0.418,1.0,Storage - Battery,2028.0,60.0,2025.0
EDF ENERGY NUCLEAR GENERATION LIMITED,SZ1-24,Yes,Existing Generating CMU,463.956,1.0,Nuclear,2028.0,60.0,2025.0
EDF ENERGY NUCLEAR GENERATION LIMITED,SZ2-24,Yes,Existing Generating CMU,463.956,1.0,Nuclear,2028.0,60.0,2025.0
ROWAN ONSHORE WINDFARMS LIMITED,BFTE24,Yes,Existing Generating CMU,0.717,1.0,Onshore Wind,2028.0,60.0,2025.0
ROWAN ONSHORE WINDFARMS LIMITED,CEMS24,Yes,Existing Generating CMU,0.531,1.0,Onshore Wind,2028.0,60.0,2025.0
ROWAN ONSHORE WINDFARMS LIMITED,LNFN24,Yes,Existing Generating CMU,0.621,1.0,Onshore Wind,2028.0,60.0,2025.0
ROWAN ONSHORE WINDFARMS LIMITED,WWAY24,Yes,Existing Generating CMU,0.93,1.0,Onshore Wind,2028.0,60.0,2025.0
STRANOCH WINDFARM LIMITED,STRA24,Yes,New Build Generating CMU,6.773,15.0,Onshore Wind,2028.0,60.0,2025.0
DAMSONGREEN ENERGYFARM LIMITED,TYEL24,Yes,New Build Generating CMU,1.188,15.0,Solar,2028.0,60.0,2025.0
EARLS GATE ENERGY CENTRE LIMITED,EGECL1,Yes,Existing Generating CMU,14.893,1.0,Waste,2028.0,60.0,2025.0
EirGrid Interconnector Designated Activity Company,EWIC20,Yes,Existing Interconnector CMU,270.0,1.0,Interconnector,2028.0,60.0,2025.0
EL (WEST WEYBRIDGE) LIMITED,EL0090,Yes,New Build Generating CMU,11.936,15.0,Storage - Battery,2028.0,60.0,2025.0
ELEMENTS GREEN STAYTHORPE BESS LTD,EGSB24,Yes,New Build Generating CMU,75.384,15.0,Storage - Battery,2028.0,60.0,2025.0
ENEL X UK LIMITED,U25401,No,Unproven DSR CMU,20.0,1.0,DSR,2028.0,60.0,2025.0
ENEL X UK LIMITED,U25402,No,Unproven DSR CMU,20.0,1.0,DSR,2028.0,60.0,2025.0
ENEL X UK LIMITED,U25403,No,Unproven DSR CMU,20.0,1.0,DSR,2028.0,60.0,2025.0
ENEL X UK LIMITED,U25404,No,Unproven DSR CMU,20.0,1.0,DSR,2028.0,60.0,2025.0
ENEL X UK LIMITED,U25405,Yes,Unproven DSR CMU,20.0,1.0,DSR,2028.0,60.0,2025.0
ENEL X UK LIMITED,U25406,Yes,Unproven DSR CMU,20.0,1.0,DSR,2028.0,60.0,2025.0
ENEL X UK LIMITED,U25407,Yes,Unproven DSR CMU,20.0,1.0,DSR,2028.0,60.0,2025.0
ENEL X UK LIMITED,U25408,Yes,Unproven DSR CMU,20.0,1.0,DSR,2028.0,60.0,2025.0
ENEL X UK LIMITED,U25409,Yes,Unproven DSR CMU,20.0,1.0,DSR,2028.0,60.0,2025.0
ENEL X UK LIMITED,U25410,Yes,Unproven DSR CMU,20.0,1.0,DSR,2028.0,60.0,2025.0
ENEL X UK LIMITED,U25411,Yes,Unproven DSR CMU,20.0,1.0,DSR,2028.0,60.0,2025.0
ENEL X UK LIMITED,U25412,Yes,Unproven DSR CMU,20.0,1.0,DSR,2028.0,60.0,2025.0
ENEL X UK LIMITED,U25413,Yes,Unproven DSR CMU,20.0,1.0,DSR,2028.0,60.0,2025.0
ENEL X UK LIMITED,U25414,Yes,Unproven DSR CMU,20.0,1.0,DSR,2028.0,60.0,2025.0
ENEL X UK LIMITED,U25415,Yes,Unproven DSR CMU,20.0,1.0,DSR,2028.0,60.0,2025.0
ENEL X UK LIMITED,U25416,Yes,Unproven DSR CMU,20.0,1.0,DSR,2028.0,60.0,2025.0
ENEL X UK LIMITED,U25417,Yes,Unproven DSR CMU,20.0,1.0,DSR,2028.0,60.0,2025.0
ENEL X UK LIMITED,U25418,Yes,Unproven DSR CMU,20.0,1.0,DSR,2028.0,60.0,2025.0
ENEL X UK LIMITED,U25419,Yes,Unproven DSR CMU,20.0,1.0,DSR,2028.0,60.0,2025.0
ENEL X UK LIMITED,U25420,Yes,Unproven DSR CMU,20.0,1.0,DSR,2028.0,60.0,2025.0
ENEL X UK LIMITED,U25421,Yes,Unproven DSR CMU,20.0,1.0,DSR,2028.0,60.0,2025.0
ENEL X UK LIMITED,U25422,Yes,Unproven DSR CMU,20.0,1.0,DSR,2028.0,60.0,2025.0
ENEL X UK LIMITED,U25423,Yes,Unproven DSR CMU,20.0,1.0,DSR,2028.0,60.0,2025.0
ENEL X UK LIMITED,U25424,Yes,Unproven DSR CMU,20.0,1.0,DSR,2028.0,60.0,2025.0
ENEL X UK LIMITED,U25425,Yes,Unproven DSR CMU,20.0,1.0,DSR,2028.0,60.0,2025.0
ENEL X UK LIMITED,U25426,Yes,Unproven DSR CMU,20.0,1.0,DSR,2028.0,60.0,2025.0
ENEL X UK LIMITED,U25427,Yes,Unproven DSR CMU,20.0,1.0,DSR,2028.0,60.0,2025.0
ENEL X UK LIMITED,U25428,Yes,Unproven DSR CMU,20.0,1.0,DSR,2028.0,60.0,2025.0
ENEL X UK LIMITED,U25429,Yes,Unproven DSR CMU,20.0,1.0,DSR,2028.0,60.0,2025.0
ENEL X UK LIMITED,U25430,Yes,Unproven DSR CMU,20.0,1.0,DSR,2028.0,60.0,2025.0
ENFINIUM FERRYBRIDGE 1 LIMITED,F1--28,Yes,Existing Generating CMU,69.544,1.0,Waste,2028.0,60.0,2025.0
ENFINIUM FERRYBRIDGE 2 LIMITED,F2--28,Yes,Existing Generating CMU,67.783,1.0,Waste,2028.0,60.0,2025.0
ENFINIUM KELVIN LIMITED,KL--28,Yes,New Build Generating CMU,43.927,15.0,Waste,2028.0,60.0,2025.0
ENFINIUM SKELTON GRANGE LIMITED,SG--28,Yes,New Build Generating CMU,39.614,15.0,Waste,2028.0,60.0,2025.0
ENFINIUM PARC ADFER LIMITED,PA--28,Yes,Existing Generating CMU,15.535,1.0,Waste,2028.0,60.0,2025.0
EGGBOROUGH POWER LIMITED,EBAT05,Yes,New Build Generating CMU,10.47,15.0,Storage - Battery,2028.0,60.0,2025.0
EP LANGAGE LIMITED,LAGA28,Yes,Refurbishing Generating CMU,823.098,15.0,Gas,2028.0,60.0,2025.0
EP SHB LIMITED,SHB128,No,Refurbishing Generating CMU,727.145,15.0,Gas,2028.0,60.0,2025.0
EP SHB LIMITED,SHB228,Yes,Refurbishing Generating CMU,514.322,15.0,Gas,2028.0,60.0,2025.0
ESB SOLAR (NORTHERN IRELAND) LIMITED,MLFA-1,Yes,Existing Generating CMU,0.497,1.0,Storage - Battery,2028.0,60.0,2025.0
CARRINGTON POWER LIMITED,CAGT-1,Yes,Existing Generating CMU,413.823,1.0,Gas,2028.0,60.0,2025.0
CARRINGTON POWER LIMITED,CAGT-2,Yes,Existing Generating CMU,413.823,1.0,Gas,2028.0,60.0,2025.0
CORBY POWER LIMITED,CORY02,No,New Build Generating CMU,308.517,15.0,Gas,2028.0,60.0,2025.0
"ESSO PETROLEUM COMPANY,LIMITED",EMD244,Yes,Existing Generating CMU,77.268,1.0,Gas,2028.0,60.0,2025.0
"ESSO PETROLEUM COMPANY,LIMITED",EMG244,Yes,Existing Generating CMU,126.551,1.0,Gas,2028.0,60.0,2025.0
FCC (E&M) LIMITED,FCCMI3,Yes,Existing Generating CMU,13.205,1.0,Waste,2028.0,60.0,2025.0
FCC BUCKINGHAMSHIRE LIMITED,FCCBU4,Yes,Existing Generating CMU,23.944,1.0,Waste,2028.0,60.0,2025.0
WEST BURTON C LIMITED,24WBC1,Yes,New Build Generating CMU,52.175,15.0,Storage - Battery,2028.0,60.0,2025.0
WEST BURTON C LIMITED,24WBC2,Yes,New Build Generating CMU,52.175,15.0,Storage - Battery,2028.0,60.0,2025.0
FIELD HARTMOOR LTD,HART24,Yes,New Build Generating CMU,35.466,15.0,Storage - Battery,2028.0,60.0,2025.0
First Hydro Company,D3_244,Yes,Existing Generating CMU,279.311,1.0,Storage - Pumped,2028.0,60.0,2025.0
First Hydro Company,D4_244,Yes,Existing Generating CMU,280.21,1.0,Storage - Pumped,2028.0,60.0,2025.0
First Hydro Company,D5_244,Yes,Existing Generating CMU,279.156,1.0,Storage - Pumped,2028.0,60.0,2025.0
First Hydro Company,D6_244,Yes,Existing Generating CMU,282.627,1.0,Storage - Pumped,2028.0,60.0,2025.0
BERYL STREET GENERATION LIMITED,LEBS24,Yes,New Build Generating CMU,3.188,15.0,Storage - Battery,2028.0,60.0,2025.0
BERYL STREET GENERATION LIMITED,PRBS24,Yes,New Build Generating CMU,3.188,15.0,Storage - Battery,2028.0,60.0,2025.0
FISHCROSS GENERATION LIMITED,FINT24,No,New Build Generating CMU,18.605,15.0,Gas,2028.0,60.0,2025.0
FORSA ENERGY (DRUMCROSS) HOLDINGS LIMITED,NORD24,No,New Build Generating CMU,21.035,15.0,Gas,2028.0,60.0,2025.0
FORSA ENERGY (SPANGO) HOLDINGS LIMITED,HMR241,No,New Build Generating CMU,21.035,15.0,Gas,2028.0,60.0,2025.0
FORSA ENERGY (SPANGO) HOLDINGS LIMITED,HMR242,No,New Build Generating CMU,21.035,15.0,Gas,2028.0,60.0,2025.0
FORSA ENERGY (SPANGO) HOLDINGS LIMITED,HMR243,No,New Build Generating CMU,4.207,15.0,Gas,2028.0,60.0,2025.0
MERSEY GENERATION LIMITED,PRO241,No,New Build Generating CMU,21.035,15.0,Gas,2028.0,60.0,2025.0
MERSEY GENERATION LIMITED,PRO242,No,New Build Generating CMU,21.035,15.0,Gas,2028.0,60.0,2025.0
MERSEY GENERATION LIMITED,PRO243,No,New Build Generating CMU,4.207,15.0,Gas,2028.0,60.0,2025.0
FPC ELECTRIC LAND LIMITED,EL0086,No,New Build Generating CMU,5.235,15.0,Storage - Battery,2028.0,60.0,2025.0
FPC ELECTRIC LAND LIMITED,EL0088,No,New Build Generating CMU,6.282,15.0,Storage - Battery,2028.0,60.0,2025.0
FRV POWERTEK LIMITED,FPL001,Yes,New Build Generating CMU,8.167,15.0,Storage - Battery,2028.0,60.0,2025.0
KIWI POWER LTD,EDR401,Yes,Unproven DSR CMU,30.0,1.0,DSR,2028.0,60.0,2025.0
KIWI POWER LTD,EDR402,Yes,Unproven DSR CMU,30.0,1.0,DSR,2028.0,60.0,2025.0
KIWI POWER LTD,EDR403,Yes,Unproven DSR CMU,30.0,1.0,DSR,2028.0,60.0,2025.0
KIWI POWER LTD,EDR404,Yes,Unproven DSR CMU,40.0,1.0,DSR,2028.0,60.0,2025.0
KIWI POWER LTD,EDR405,Yes,Unproven DSR CMU,30.0,1.0,DSR,2028.0,60.0,2025.0
KIWI POWER LTD,EDR406,Yes,Unproven DSR CMU,30.0,1.0,DSR,2028.0,60.0,2025.0
KIWI POWER LTD,EDR407,Yes,Unproven DSR CMU,30.0,1.0,DSR,2028.0,60.0,2025.0
KIWI POWER LTD,EDR408,Yes,Unproven DSR CMU,60.0,1.0,DSR,2028.0,60.0,2025.0
KIWI POWER LTD,EDR409,Yes,Unproven DSR CMU,60.0,1.0,DSR,2028.0,60.0,2025.0
KIWI POWER LTD,EDR410,Yes,Unproven DSR CMU,60.0,1.0,DSR,2028.0,60.0,2025.0
ELECLINK LIMITED,ElecL9,Yes,Existing Interconnector CMU,670.0,1.0,Interconnector,2028.0,60.0,2025.0
GFI TIMET LTD,TIM002,No,New Build Generating CMU,18.698,15.0,Gas,2028.0,60.0,2025.0
GFI73 LTD,NWA002,No,New Build Generating CMU,18.698,15.0,Bio-fuel,2028.0,60.0,2025.0
GLASS LEAF POWER LIMITED,BRAN23,Yes,Existing Generating CMU,3.116,1.0,Gas,2028.0,60.0,2025.0
GSES 1 LIMITED,ADSLS6,Yes,Existing Generating CMU,1.309,1.0,Storage - Battery,2028.0,60.0,2025.0
GSES 1 LIMITED,AGHUL6,Yes,Existing Generating CMU,1.309,1.0,Storage - Battery,2028.0,60.0,2025.0
GSES 1 LIMITED,AGLAR6,Yes,Existing Generating CMU,1.277,1.0,Storage - Battery,2028.0,60.0,2025.0
GSES 1 LIMITED,ANC1B2,Yes,Existing Generating CMU,0.27,1.0,Storage - Battery,2028.0,60.0,2025.0
GSES 1 LIMITED,ANC2B2,Yes,Existing Generating CMU,0.27,1.0,Storage - Battery,2028.0,60.0,2025.0
OSSPV001 LIMITED,GSF006,Yes,Proven DSR CMU,7.515,1.0,DSR,2028.0,60.0,2025.0
GOYT HALL PROJECT COMPANY LTD,GOYT28,Yes,New Build Generating CMU,8.376,15.0,Storage - Battery,2028.0,60.0,2025.0
ECCLES ENERGY CENTRE LIMITED,EECL24,Yes,New Build Generating CMU,71.196,15.0,Storage - Battery,2028.0,60.0,2025.0
GFV-1 LIMITED,IRA001,No,New Build Generating CMU,8.795,15.0,Storage - Battery,2028.0,60.0,2025.0
FCC ENVIRONMENT (LINCOLNSHIRE) LIMITED,FCCLI6,Yes,Existing Generating CMU,11.532,1.0,Waste,2028.0,60.0,2025.0
SG GRI TILN BESS LIMITED,TILN28,Yes,Existing Generating CMU,4.469,1.0,Storage - Battery,2028.0,60.0,2025.0
BRAES OF DOUNE WIND FARM (SCOTLAND) LIMITED,BOD001,Yes,Existing Generating CMU,4.914,1.0,Onshore Wind,2028.0,60.0,2025.0
DOUGLAS WEST WIND FARM LTD,DGWES4,Yes,Existing Generating CMU,2.988,1.0,Onshore Wind,2028.0,60.0,2025.0
NORTH HOYLE WIND FARM LIMITED,NHY001,Yes,Existing Generating CMU,4.572,1.0,Offshore Wind,2028.0,60.0,2025.0
SOUTH KYLE WIND FARM LIMITED,SKYL01,Yes,Existing Generating CMU,15.604,1.0,Onshore Wind,2028.0,60.0,2025.0
TWENTYSHILLING LIMITED,TWESH2,Yes,Existing Generating CMU,2.51,1.0,Onshore Wind,2028.0,60.0,2025.0
WINDY RIG WIND FARM LIMITED,WINDY2,Yes,Existing Generating CMU,2.842,1.0,Onshore Wind,2028.0,60.0,2025.0
GREENLINK INTERCONNECTOR LIMITED,GILIC2,Yes,New Build Interconnector CMU,272.16,1.0,Interconnector,2028.0,60.0,2025.0
BOLSHAN RENEWABLES LIMITED,SRHA07,Yes,Existing Generating CMU,1.047,1.0,Storage - Battery,2028.0,60.0,2025.0
GREENSPAN CONTRACTORS LIMITED,ABCN08,Yes,Existing Generating CMU,3.74,1.0,Gas,2028.0,60.0,2025.0
GREENSPAN NIFTY FIFTY LIMITED,WPKA08,Yes,Existing Generating CMU,3.74,1.0,Gas,2028.0,60.0,2025.0
GREENSPAN NIFTY FIFTY LIMITED,WPKB08,Yes,Existing Generating CMU,3.74,1.0,Gas,2028.0,60.0,2025.0
SLIMBRIDGE ENERGY LIMITED,SLIMBR,Yes,New Build Generating CMU,7.538,15.0,Storage - Battery,2028.0,60.0,2025.0
SUTTIESIDE BATTERY LIMITED,SUTTIE,Yes,New Build Generating CMU,4.356,15.0,Storage - Battery,2028.0,60.0,2025.0
GRESHAM HOUSE DEVCO PIPELINE LIMITED,OCKR01,Yes,New Build Generating CMU,37.692,15.0,Storage - Battery,2028.0,60.0,2025.0
GRESHAM HOUSE DEVCO PIPELINE LIMITED,OCKR02,Yes,New Build Generating CMU,10.945,15.0,Storage - Battery,2028.0,60.0,2025.0
NEVENDON ENERGY STORAGE LTD,NEV25B,Yes,New Build Generating CMU,1.256,15.0,Storage - Battery,2028.0,60.0,2025.0
UK BATTERY STORAGE LTD,EllaB2,Yes,New Build Generating CMU,15.705,15.0,Storage - Battery,2028.0,60.0,2025.0
BATTERY BOX LIMITED,BT4U13,No,New Build Generating CMU,0.26,15.0,Storage - Battery,2028.0,60.0,2025.0
BATTERY BOX LIMITED,BT4U19,No,New Build Generating CMU,0.31,15.0,Storage - Battery,2028.0,60.0,2025.0
BATTERY BOX LIMITED,BT4U20,No,New Build Generating CMU,0.31,15.0,Storage - Battery,2028.0,60.0,2025.0
BATTERY BOX LIMITED,BT4U25,No,New Build Generating CMU,0.26,15.0,Storage - Battery,2028.0,60.0,2025.0
GRIDBEYOND LIMITED,GB2337,Yes,Proven DSR CMU,2.777,1.0,DSR,2028.0,60.0,2025.0
GRIDBEYOND LIMITED,GB2401,Yes,Existing Generating CMU,3.729,1.0,Gas,2028.0,60.0,2025.0
GRIDBEYOND LIMITED,GB2405,Yes,Existing Generating CMU,3.729,1.0,Gas,2028.0,60.0,2025.0
GRIDBEYOND LIMITED,GB2408,Yes,Proven DSR CMU,5.955,1.0,DSR,2028.0,60.0,2025.0
GRIDBEYOND LIMITED,GB2412,Yes,Proven DSR CMU,2.261,1.0,DSR,2028.0,60.0,2025.0
GRIDBEYOND LIMITED,GB2414,Yes,Existing Generating CMU,1.346,1.0,Gas,2028.0,60.0,2025.0
GRIDBEYOND LIMITED,GB2415,Yes,Proven DSR CMU,9.108,1.0,DSR,2028.0,60.0,2025.0
GRIDBEYOND LIMITED,GB2416,Yes,Proven DSR CMU,10.069,1.0,DSR,2028.0,60.0,2025.0
GRIDBEYOND LIMITED,GB2417,Yes,Proven DSR CMU,5.709,1.0,DSR,2028.0,60.0,2025.0
GRIDBEYOND LIMITED,GB2418,Yes,Proven DSR CMU,2.223,1.0,DSR,2028.0,60.0,2025.0
GRIDBEYOND LIMITED,GB2434,Yes,Proven DSR CMU,3.305,1.0,DSR,2028.0,60.0,2025.0
GRIDBEYOND LIMITED,GB2501,Yes,Existing Generating CMU,1.637,1.0,Gas,2028.0,60.0,2025.0
GRIDBEYOND LIMITED,GB2502,Yes,New Build Generating CMU,3.226,6.0,Gas,2028.0,60.0,2025.0
GRIDBEYOND LIMITED,GB2506,Yes,New Build Generating CMU,1.255,10.0,Gas,2028.0,60.0,2025.0
GRIDBEYOND LIMITED,GB2510,Yes,Existing Generating CMU,2.803,1.0,Gas,2028.0,60.0,2025.0
GRIDBEYOND LIMITED,GB2514,Yes,New Build Generating CMU,0.628,15.0,Storage - Battery,2028.0,60.0,2025.0
GRIDBEYOND LIMITED,GB2531,Yes,Existing Generating CMU,2.182,1.0,Gas,2028.0,60.0,2025.0
GRIDBEYOND LIMITED,GB2532,Yes,Existing Generating CMU,1.364,1.0,Gas,2028.0,60.0,2025.0
GRIDBEYOND LIMITED,GB2533,Yes,New Build Generating CMU,2.094,15.0,Storage - Battery,2028.0,60.0,2025.0
GRIDBEYOND LIMITED,GBD002,Yes,Proven DSR CMU,3.033,1.0,DSR,2028.0,60.0,2025.0
GRIDBEYOND LIMITED,GBD008,Yes,Existing Generating CMU,4.91,1.0,Gas,2028.0,60.0,2025.0
GRIDBEYOND LIMITED,GBD009,Yes,Existing Generating CMU,30.965,1.0,Gas,2028.0,60.0,2025.0
GRIDBEYOND LIMITED,GBD011,Yes,Existing Generating CMU,2.006,1.0,Gas,2028.0,60.0,2025.0
GRIDBEYOND LIMITED,GBD012,Yes,Existing Generating CMU,1.33,1.0,Gas,2028.0,60.0,2025.0
GRIDBEYOND LIMITED,GBD013,Yes,Existing Generating CMU,6.463,1.0,Gas,2028.0,60.0,2025.0
GRIDBEYOND LIMITED,GBD014,Yes,Proven DSR CMU,3.104,1.0,DSR,2028.0,60.0,2025.0
GRIDBEYOND LIMITED,GBD020,Yes,Existing Generating CMU,14.152,1.0,Gas,2028.0,60.0,2025.0
GRIDBEYOND LIMITED,GBD023,Yes,Proven DSR CMU,25.974,1.0,DSR,2028.0,60.0,2025.0
GRIDBEYOND LIMITED,GBD024,Yes,Proven DSR CMU,5.918,1.0,DSR,2028.0,60.0,2025.0
GRIDBEYOND LIMITED,GBD025,Yes,Proven DSR CMU,7.663,1.0,DSR,2028.0,60.0,2025.0
GRIDBEYOND LIMITED,GBD026,Yes,Proven DSR CMU,5.714,1.0,DSR,2028.0,60.0,2025.0
GRIDBEYOND LIMITED,GBD027,Yes,Proven DSR CMU,4.014,1.0,DSR,2028.0,60.0,2025.0
GRIDBEYOND LIMITED,GBD028,Yes,Proven DSR CMU,6.979,1.0,DSR,2028.0,60.0,2025.0
GRIDBEYOND LIMITED,GBD029,Yes,Proven DSR CMU,5.468,1.0,DSR,2028.0,60.0,2025.0
GRIDBEYOND LIMITED,GBD030,Yes,Proven DSR CMU,7.268,1.0,DSR,2028.0,60.0,2025.0
GRIDBEYOND LIMITED,GBD031,Yes,Proven DSR CMU,6.156,1.0,DSR,2028.0,60.0,2025.0
GRIDBEYOND LIMITED,GBD032,Yes,Proven DSR CMU,3.263,1.0,DSR,2028.0,60.0,2025.0
GRIDBEYOND LIMITED,GBD033,Yes,Proven DSR CMU,5.799,1.0,DSR,2028.0,60.0,2025.0
GRIDBEYOND LIMITED,GBD035,Yes,Proven DSR CMU,3.628,1.0,DSR,2028.0,60.0,2025.0
GRIDBEYOND LIMITED,GBD038,Yes,Existing Generating CMU,9.45,1.0,Gas,2028.0,60.0,2025.0
GRIDBEYOND LIMITED,GBD039,Yes,Proven DSR CMU,2.518,1.0,DSR,2028.0,60.0,2025.0
GRIDBEYOND LIMITED,GBD040,Yes,Proven DSR CMU,3.093,1.0,DSR,2028.0,60.0,2025.0
GRIDBEYOND LIMITED,GBD044,Yes,Proven DSR CMU,25.87,1.0,DSR,2028.0,60.0,2025.0
GRIDBEYOND LIMITED,GBD045,Yes,Proven DSR CMU,8.345,1.0,DSR,2028.0,60.0,2025.0
GRIDBEYOND LIMITED,GX2502,Yes,Unproven DSR CMU,2.1,1.0,DSR,2028.0,60.0,2025.0
GRIDBEYOND LIMITED,GX2503,Yes,Unproven DSR CMU,5.0,1.0,DSR,2028.0,60.0,2025.0
GRIDBEYOND LIMITED,GX2504,Yes,Unproven DSR CMU,9.0,1.0,DSR,2028.0,60.0,2025.0
GRIDBEYOND LIMITED,GX2507,Yes,Unproven DSR CMU,2.0,1.0,DSR,2028.0,60.0,2025.0
GRIDBEYOND LIMITED,GX2508,Yes,Unproven DSR CMU,4.0,1.0,DSR,2028.0,60.0,2025.0
GRIDBEYOND LIMITED,GX2509,Yes,Unproven DSR CMU,8.0,1.0,DSR,2028.0,60.0,2025.0
GRIDBEYOND LIMITED,GX2510,Yes,Unproven DSR CMU,14.2,1.0,DSR,2028.0,60.0,2025.0
GRIDBEYOND LIMITED,GXB014,Yes,Unproven DSR CMU,5.751,1.0,DSR,2028.0,60.0,2025.0
GRIDBEYOND LIMITED,GXD004,Yes,Unproven DSR CMU,5.096,1.0,DSR,2028.0,60.0,2025.0
GRIDBEYOND LIMITED,GXD010,Yes,Unproven DSR CMU,4.617,1.0,DSR,2028.0,60.0,2025.0
GRIDBEYOND LIMITED,GXD022,Yes,Unproven DSR CMU,1.819,1.0,DSR,2028.0,60.0,2025.0
GRIDBEYOND LIMITED,GXD048,Yes,Unproven DSR CMU,1.162,1.0,DSR,2028.0,60.0,2025.0
HARMONY FW LIMITED,HFWL28,Yes,New Build Generating CMU,7.748,15.0,Storage - Battery,2028.0,60.0,2025.0
HARMONY ST LIMITED,HSTL28,Yes,New Build Generating CMU,7.748,15.0,Storage - Battery,2028.0,60.0,2025.0
CLEAN BATTERY POWER UK 1 LIMITED,CMU-01,Yes,New Build Generating CMU,1.047,15.0,Storage - Battery,2028.0,60.0,2025.0
CLEAN BATTERY POWER UK 1 LIMITED,CMU-02,Yes,New Build Generating CMU,1.047,15.0,Storage - Battery,2028.0,60.0,2025.0
CRYOBATTERY ONE LIMITED,Cry002,Yes,New Build Generating CMU,31.272,15.0,Storage - Compressed Air,2028.0,60.0,2025.0
Hollybush BESS Ltd,LANDO1,Yes,New Build Generating CMU,7.931,15.0,Storage - Battery,2028.0,60.0,2025.0
INDAVER RIVENHALL LIMITED,RIVE24,Yes,New Build Generating CMU,48.417,15.0,Waste,2028.0,60.0,2025.0
INOVYN CHLORVINYLS LIMITED,INO101,Yes,Existing Generating CMU,8.779,1.0,Gas,2028.0,60.0,2025.0
INOVYN CHLORVINYLS LIMITED,INO201,Yes,Proven DSR CMU,28.713,1.0,DSR,2028.0,60.0,2025.0
INOVYN CHLORVINYLS LIMITED,VID201,Yes,Existing Generating CMU,38.733,1.0,Waste,2028.0,60.0,2025.0
CAMBLESFORTH SOLAR FARM LIMITED,CMBFBS,Yes,New Build Generating CMU,1.566,15.0,Storage - Battery,2028.0,60.0,2025.0
"CORYTON ENERGY COMPANY, LTD.",IGCE24,Yes,Existing Generating CMU,727.6,1.0,Gas,2028.0,60.0,2025.0
"ROCKSAVAGE POWER COMPANY, LTD.",IGRK24,Yes,Existing Generating CMU,736.695,1.0,Gas,2028.0,60.0,2025.0
"SPALDING ENERGY COMPANY, LTD.",IGSP24,Yes,Existing Generating CMU,864.025,1.0,Gas,2028.0,60.0,2025.0
KENT ENVIROPOWER LIMITED,FCCAL3,Yes,Existing Generating CMU,35.212,1.0,Waste,2028.0,60.0,2025.0
KONA ASSET 3 LIMITED,KA3SMT,Yes,New Build Generating CMU,35.179,15.0,Storage - Battery,2028.0,60.0,2025.0
LAKESIDE ENERGY FROM WASTE LIMITED,Lake28,Yes,Existing Generating CMU,32.01,1.0,Waste,2028.0,60.0,2025.0
LOWER 48 BARTON BESS LTD,LoBA24,Yes,New Build Generating CMU,9.423,15.0,Storage - Battery,2028.0,60.0,2025.0
FRP MERCIA HOLDCO 2 LIMITED,2HA244,Yes,New Build Generating CMU,1.869,15.0,Gas,2028.0,60.0,2025.0
FRP MERCIA HOLDCO 2 LIMITED,2SO244,Yes,New Build Generating CMU,0.934,15.0,Gas,2028.0,60.0,2025.0
FRP MERCIA HOLDCO 2 LIMITED,F2GE24,Yes,Existing Generating CMU,4.675,1.0,Gas,2028.0,60.0,2025.0
FRP MERCIA HOLDCO LIMITED,ASMUS5,Yes,Existing Generating CMU,7.479,1.0,Gas,2028.0,60.0,2025.0
FRP MERCIA HOLDCO LIMITED,DRPKR5,Yes,Existing Generating CMU,3.74,1.0,Gas,2028.0,60.0,2025.0
MOYLE INTERCONNECTOR LIMITED,Moyle9,Yes,Existing Interconnector CMU,270.0,1.0,Interconnector,2028.0,60.0,2025.0
ARDROSSAN WIND FARM (SCOTLAND) LIMITED,ArdWF1,Yes,Existing Generating CMU,1.985,1.0,Onshore Wind,2028.0,60.0,2025.0
BEAUFORT WIND LIMITED,LmRWF1,Yes,Existing Generating CMU,0.517,1.0,Onshore Wind,2028.0,60.0,2025.0
BEAUFORT WIND LIMITED,LnAWF1,Yes,Existing Generating CMU,1.377,1.0,Onshore Wind,2028.0,60.0,2025.0
CAMBRIAN WIND ENERGY LIMITED,CAMWF1,Yes,Existing Generating CMU,3.884,1.0,Onshore Wind,2028.0,60.0,2025.0
CAUSEYMIRE WINDFARM LIMITED,CauWF2,Yes,Existing Generating CMU,3.207,1.0,Onshore Wind,2028.0,60.0,2025.0
DALSWINTON WINDFARM (SCOTLAND) LIMITED,DlsWF1,Yes,Existing Generating CMU,1.992,1.0,Onshore Wind,2028.0,60.0,2025.0
EARLSBURN WIND ENERGY LIMITED,EARWF1,Yes,Existing Generating CMU,2.444,1.0,Onshore Wind,2028.0,60.0,2025.0
FARR WINDFARM LIMITED,FarWF1,Yes,Existing Generating CMU,6.108,1.0,Onshore Wind,2028.0,60.0,2025.0
FFYNNON OER WINDFARM LIMITED,FfOWF2,Yes,Existing Generating CMU,2.126,1.0,Onshore Wind,2028.0,60.0,2025.0
MINSCA WINDFARM (SCOTLAND) LIMITED,MinWF1,Yes,Existing Generating CMU,2.444,1.0,Onshore Wind,2028.0,60.0,2025.0
MYNYDD CLOGAU WINDFARM LIMITED,MyCWF1,Yes,Existing Generating CMU,0.963,1.0,Onshore Wind,2028.0,60.0,2025.0
NATIONAL GRID INTERCONNECTORS LIMITED,IFA_24,Yes,Existing Interconnector CMU,0.0,1.0,Interconnector,2028.0,60.0,2025.0
BRITNED DEVELOPMENT LIMITED,Brit24,Yes,Existing Interconnector CMU,792.0,1.0,Interconnector,2028.0,60.0,2025.0
NATIONAL GRID IFA 2 LIMITED,IFA224,Yes,Existing Interconnector CMU,693.0,1.0,Interconnector,2028.0,60.0,2025.0
NATIONAL GRID NORTH SEA LINK LIMITED,NSL_24,Yes,Existing Interconnector CMU,0.0,1.0,Interconnector,2028.0,60.0,2025.0
NATIONAL GRID VIKING LINK LIMITED,VIK_24,Yes,Existing Interconnector CMU,900.0,1.0,Interconnector,2028.0,60.0,2025.0
NEMO LINK LIMITED,NEMO24,Yes,Existing Interconnector CMU,683.4,1.0,Interconnector,2028.0,60.0,2025.0
MAUXHALL FARM ENERGY PARK LIMITED,MAUX12,Yes,New Build Generating CMU,3.242,15.0,Storage - Battery,2028.0,60.0,2025.0
NEW THURCROFT ENERGY STORAGE LTD,THURC2,No,New Build Generating CMU,17.799,15.0,Storage - Battery,2028.0,60.0,2025.0
NEWBURN HAUGH POWER LIMITED,NEWB28,Yes,New Build Generating CMU,10.449,15.0,Storage - Battery,2028.0,60.0,2025.0
NEXTPOWER BOSWORTH LIMITED,NESF05,Yes,Existing Generating CMU,0.31,1.0,Solar,2028.0,60.0,2025.0
LITTLE STAUGHTON AIRFIELD SOLAR LIMITED,NESF01,Yes,Existing Generating CMU,2.488,1.0,Solar,2028.0,60.0,2025.0
NEXTPOWER HIGH GARRETT LIMITED,NESF04,Yes,Existing Generating CMU,0.366,1.0,Solar,2028.0,60.0,2025.0
GWENT FARMERS' COMMUNITY SOLAR PARTNERSHIP LIMITED,NPUK01,Yes,Existing Generating CMU,3.12,1.0,Solar,2028.0,60.0,2025.0
NEXTPOWER BINDWELL LIMITED,NPUK02,Yes,New Build Generating CMU,0.559,15.0,Solar,2028.0,60.0,2025.0
NEXTPOWER LOWER STRENSHAM LIMITED,NPUK03,Yes,Existing Generating CMU,1.556,1.0,Solar,2028.0,60.0,2025.0
NORTHUMBERLAND ENERGY RECOVERY LTD,SUEZ23,Yes,Existing Generating CMU,9.279,1.0,Waste,2028.0,60.0,2025.0
Nuclear Decommissioning Authority,NDAMAN,Yes,Existing Generating CMU,27.3,1.0,Hydro,2028.0,60.0,2025.0
NURSLING ENERGY TWO LIMITED,Nurse6,Yes,Existing Generating CMU,0.628,1.0,Storage - Battery,2028.0,60.0,2025.0
OCTOPUS ENERGY LIMITED,OCTE31,Yes,Unproven DSR CMU,39.935,1.0,DSR,2028.0,60.0,2025.0
OCTOPUS ENERGY LIMITED,OCTE32,Yes,Unproven DSR CMU,39.935,1.0,DSR,2028.0,60.0,2025.0
OCTOPUS ENERGY LIMITED,OCTE33,Yes,Unproven DSR CMU,39.935,1.0,DSR,2028.0,60.0,2025.0
OCTOPUS ENERGY LIMITED,OCTE42,Yes,Unproven DSR CMU,20.0,1.0,DSR,2028.0,60.0,2025.0
OCTOPUS ENERGY LIMITED,OCTE43,Yes,Unproven DSR CMU,20.0,1.0,DSR,2028.0,60.0,2025.0
OCTOPUS ENERGY LIMITED,OCTE44,Yes,Unproven DSR CMU,20.0,1.0,DSR,2028.0,60.0,2025.0
OCTOPUS ENERGY LIMITED,OCTE46,Yes,Unproven DSR CMU,20.0,1.0,DSR,2028.0,60.0,2025.0
OCTOPUS ENERGY LIMITED,OCTE47,Yes,Unproven DSR CMU,20.0,1.0,DSR,2028.0,60.0,2025.0
OCTOPUS ENERGY LIMITED,OCTE48,Yes,Unproven DSR CMU,20.0,1.0,DSR,2028.0,60.0,2025.0
OCTOPUS ENERGY LIMITED,OCTE49,Yes,Unproven DSR CMU,20.0,1.0,DSR,2028.0,60.0,2025.0
OCTOPUS ENERGY LIMITED,OCTE58,Yes,Unproven DSR CMU,6.5,1.0,DSR,2028.0,60.0,2025.0
OCTOPUS ENERGY LIMITED,OCTE72,Yes,Unproven DSR CMU,3.729,1.0,DSR,2028.0,60.0,2025.0
OCTOPUS ENERGY LIMITED,OCTE76,Yes,Unproven DSR CMU,1.0,1.0,DSR,2028.0,60.0,2025.0
COMMON FARM SOLAR PARK LIMITED,CFBESS,Yes,New Build Generating CMU,6.863,15.0,Storage - Battery,2028.0,60.0,2025.0
COMMON FARM SOLAR PARK LIMITED,CFSPV1,Yes,New Build Generating CMU,2.636,15.0,Solar,2028.0,60.0,2025.0
MILL RIG WIND FARM LLP,MRIGWF,Yes,New Build Generating CMU,2.218,15.0,Onshore Wind,2028.0,60.0,2025.0
THE ISLE OF WIGHT ENERGY COMPANY LIMITED,IWHALI,Yes,Unproven DSR CMU,1.469,1.0,DSR,2028.0,60.0,2025.0
THE ISLE OF WIGHT ENERGY COMPANY LIMITED,IWTSLI,Yes,Unproven DSR CMU,2.551,1.0,DSR,2028.0,60.0,2025.0
P3P BREHON LIMITED,BREH23,Yes,Existing Generating CMU,14.024,1.0,Gas,2028.0,60.0,2025.0
P3P ENERGY MANAGEMENT AE LIMITED,CASQ23,Yes,Existing Generating CMU,3.08,1.0,Gas,2028.0,60.0,2025.0
SPARK STEAM LIMITED,TEES23,Yes,Existing Generating CMU,6.167,1.0,Gas,2028.0,60.0,2025.0
Palm Paper Limited,PPKL02,Yes,Existing Generating CMU,42.504,1.0,Gas,2028.0,60.0,2025.0
Palm Paper Limited,PPKL03,Yes,Unproven DSR CMU,8.546,1.0,DSR,2028.0,60.0,2025.0
PAPREC ENERGIES BINN LIMITED,PEBL01,Yes,New Build Generating CMU,6.866,15.0,Waste,2028.0,60.0,2025.0
PEAK GEN POWER LIMITED,COV-24,Yes,Existing Generating CMU,5.609,1.0,Diesel,2028.0,60.0,2025.0
PEAK GEN POWER LIMITED,DID-24,Yes,Existing Generating CMU,3.085,1.0,Diesel,2028.0,60.0,2025.0
PEAK GEN POWER LIMITED,HAT-24,Yes,Existing Generating CMU,5.311,1.0,Diesel,2028.0,60.0,2025.0
PEAK GEN POWER LIMITED,HAY-24,Yes,Existing Generating CMU,5.265,1.0,Diesel,2028.0,60.0,2025.0
W4B RENEWABLE ENERGY LIMITED,W42024,Yes,Existing Generating CMU,18.454,1.0,Diesel,2028.0,60.0,2025.0
HB411MIN LTD,DOGT28,Yes,New Build Generating CMU,39.648,15.0,Storage - Battery,2028.0,60.0,2025.0
HD000ACT LTD,FRHL28,Yes,New Build Generating CMU,24.862,15.0,Storage - Battery,2028.0,60.0,2025.0
KIRKBY BATTERY STORAGE LTD,MIN28B,Yes,New Build Generating CMU,24.862,15.0,Storage - Battery,2028.0,60.0,2025.0
PD688IRO LTD,PHL28A,Yes,New Build Generating CMU,24.862,15.0,Storage - Battery,2028.0,60.0,2025.0
PD688IRO LTD,PHL28B,Yes,New Build Generating CMU,39.648,15.0,Storage - Battery,2028.0,60.0,2025.0
PD688IRO LTD,SMFD28,Yes,New Build Generating CMU,39.648,15.0,Storage - Battery,2028.0,60.0,2025.0
PD688IRO LTD,STF28A,Yes,New Build Generating CMU,39.648,15.0,Storage - Battery,2028.0,60.0,2025.0
PD688IRO LTD,STF28B,Yes,New Build Generating CMU,39.648,15.0,Storage - Battery,2028.0,60.0,2025.0
PIVOTED POWER LLP,PPCW24,Yes,Existing Generating CMU,4.007,1.0,Storage - Battery,2028.0,60.0,2025.0
PIVOTED POWER LLP,PPKM24,Yes,Existing Generating CMU,4.007,1.0,Storage - Battery,2028.0,60.0,2025.0
PIVOTED POWER LLP,PPLD24,Yes,New Build Generating CMU,8.034,15.0,Storage - Battery,2028.0,60.0,2025.0
PIVOTED POWER LLP,PPMN24,No,New Build Generating CMU,6.82,15.0,Storage - Battery,2028.0,60.0,2025.0
PRII ENERGY LIMITED,PRII01,Yes,Unproven DSR CMU,2.0,15.0,DSR,2028.0,60.0,2025.0
PRII ENERGY LIMITED,PRII02,Yes,Unproven DSR CMU,2.0,15.0,DSR,2028.0,60.0,2025.0
PULSE CLEAN ENERGY SPV ANDERSON LIMITED,RC4202,No,New Build Generating CMU,19.055,15.0,Storage - Battery,2028.0,60.0,2025.0
PULSE CLEAN ENERGY SPV JOHNSON 1 LTD,PN1424,Yes,New Build Generating CMU,9.592,1.0,Storage - Battery,2028.0,60.0,2025.0
PULSE CLEAN ENERGY SPV JOHNSON 2 LTD,PN2424,No,New Build Generating CMU,9.592,15.0,Storage - Battery,2028.0,60.0,2025.0
PULSE CLEAN ENERGY SPV JOHNSON 3 LTD,PN3424,Yes,New Build Generating CMU,5.575,1.0,Storage - Battery,2028.0,60.0,2025.0
24 POWER LTD,BRWE24,Yes,New Build Generating CMU,20.94,15.0,Storage - Battery,2028.0,60.0,2025.0
CORSHELLACH ENERGY STORAGE LIMITED,24COR4,Yes,New Build Generating CMU,7.413,15.0,Storage - Battery,2028.0,60.0,2025.0
FLEXITRICITY LIMITED,F19003,Yes,Existing Generating CMU,4.729,1.0,Gas,2028.0,60.0,2025.0
FLEXITRICITY LIMITED,F19004,Yes,Existing Generating CMU,5.96,1.0,Gas,2028.0,60.0,2025.0
FLEXITRICITY LIMITED,F19019,Yes,Existing Generating CMU,2.974,1.0,Gas,2028.0,60.0,2025.0
FLEXITRICITY LIMITED,F19029,No,Existing Generating CMU,5.821,1.0,Gas,2028.0,60.0,2025.0
FLEXITRICITY LIMITED,F19039,No,Existing Generating CMU,8.731,1.0,Gas,2028.0,60.0,2025.0
FLEXITRICITY LIMITED,F20002,Yes,Existing Generating CMU,5.821,1.0,Gas,2028.0,60.0,2025.0
FLEXITRICITY LIMITED,F20030,Yes,Existing Generating CMU,2.274,1.0,Gas,2028.0,60.0,2025.0
FLEXITRICITY LIMITED,F20111,Yes,Existing Generating CMU,6.819,1.0,Gas,2028.0,60.0,2025.0
FLEXITRICITY LIMITED,F21018,Yes,Existing Generating CMU,1.728,1.0,Gas,2028.0,60.0,2025.0
FLEXITRICITY LIMITED,F21144,Yes,Existing Generating CMU,0.91,1.0,Gas,2028.0,60.0,2025.0
FLEXITRICITY LIMITED,F23025,No,Existing Generating CMU,12.451,1.0,Gas,2028.0,60.0,2025.0
FLEXITRICITY LIMITED,F23158,Yes,Existing Generating CMU,0.335,1.0,Storage - Battery,2028.0,60.0,2025.0
FLEXITRICITY LIMITED,F24008,Yes,Existing Generating CMU,3.615,1.0,Gas,2028.0,60.0,2025.0
FLEXITRICITY LIMITED,F24010,Yes,Existing Generating CMU,1.277,1.0,Gas,2028.0,60.0,2025.0
FLEXITRICITY LIMITED,F24011,Yes,Existing Generating CMU,2.721,1.0,Gas,2028.0,60.0,2025.0
FLEXITRICITY LIMITED,F24012,Yes,Existing Generating CMU,1.445,1.0,Gas,2028.0,60.0,2025.0
FLEXITRICITY LIMITED,F24013,Yes,Existing Generating CMU,2.729,1.0,Gas,2028.0,60.0,2025.0
FLEXITRICITY LIMITED,F24027,Yes,Existing Generating CMU,6.367,1.0,Gas,2028.0,60.0,2025.0
FLEXITRICITY LIMITED,F24042,Yes,Proven DSR CMU,10.921,1.0,DSR,2028.0,60.0,2025.0
FLEXITRICITY LIMITED,F24043,Yes,Proven DSR CMU,10.951,1.0,DSR,2028.0,60.0,2025.0
FLEXITRICITY LIMITED,F24073,Yes,Proven DSR CMU,3.0,1.0,DSR,2028.0,60.0,2025.0
FLEXITRICITY LIMITED,F24077,Yes,Proven DSR CMU,4.6,1.0,DSR,2028.0,60.0,2025.0
FLEXITRICITY LIMITED,F24080,Yes,Proven DSR CMU,5.389,1.0,DSR,2028.0,60.0,2025.0
FLEXITRICITY LIMITED,F24081,Yes,Proven DSR CMU,5.393,1.0,DSR,2028.0,60.0,2025.0
FLEXITRICITY LIMITED,F24082,Yes,Proven DSR CMU,4.801,1.0,DSR,2028.0,60.0,2025.0
FLEXITRICITY LIMITED,F24091,Yes,Proven DSR CMU,8.433,1.0,DSR,2028.0,60.0,2025.0
FLEXITRICITY LIMITED,F24112,Yes,Proven DSR CMU,2.248,1.0,DSR,2028.0,60.0,2025.0
FLEXITRICITY LIMITED,F24113,Yes,Proven DSR CMU,1.7,1.0,DSR,2028.0,60.0,2025.0
FLEXITRICITY LIMITED,F24120,Yes,Unproven DSR CMU,1.018,1.0,DSR,2028.0,60.0,2025.0
FLEXITRICITY LIMITED,F24121,Yes,Unproven DSR CMU,2.036,1.0,DSR,2028.0,60.0,2025.0
FLEXITRICITY LIMITED,F24122,Yes,Unproven DSR CMU,2.036,1.0,DSR,2028.0,60.0,2025.0
FLEXITRICITY LIMITED,F24123,Yes,Unproven DSR CMU,5.032,1.0,DSR,2028.0,60.0,2025.0
FLEXITRICITY LIMITED,F24124,Yes,Unproven DSR CMU,5.032,1.0,DSR,2028.0,60.0,2025.0
FLEXITRICITY LIMITED,F24125,Yes,Unproven DSR CMU,5.032,1.0,DSR,2028.0,60.0,2025.0
FLEXITRICITY LIMITED,F24126,Yes,Unproven DSR CMU,5.032,1.0,DSR,2028.0,60.0,2025.0
FLEXITRICITY LIMITED,F24127,Yes,Unproven DSR CMU,5.032,1.0,DSR,2028.0,60.0,2025.0
FLEXITRICITY LIMITED,F24128,Yes,Unproven DSR CMU,5.032,1.0,DSR,2028.0,60.0,2025.0
FLEXITRICITY LIMITED,F24129,Yes,Unproven DSR CMU,5.032,1.0,DSR,2028.0,60.0,2025.0
FLEXITRICITY LIMITED,F24130,Yes,Unproven DSR CMU,5.032,1.0,DSR,2028.0,60.0,2025.0
FLEXITRICITY LIMITED,F24131,Yes,Unproven DSR CMU,5.032,1.0,DSR,2028.0,60.0,2025.0
FLEXITRICITY LIMITED,F24132,Yes,Unproven DSR CMU,5.032,1.0,DSR,2028.0,60.0,2025.0
FLEXITRICITY LIMITED,F24133,Yes,Unproven DSR CMU,5.032,1.0,DSR,2028.0,60.0,2025.0
FLEXITRICITY LIMITED,F24134,No,Unproven DSR CMU,5.0,1.0,DSR,2028.0,60.0,2025.0
FLEXITRICITY LIMITED,F24135,Yes,Unproven DSR CMU,5.0,1.0,DSR,2028.0,60.0,2025.0
FLEXITRICITY LIMITED,F24136,Yes,Unproven DSR CMU,5.0,1.0,DSR,2028.0,60.0,2025.0
FLEXITRICITY LIMITED,F24137,Yes,Unproven DSR CMU,5.0,1.0,DSR,2028.0,60.0,2025.0
FLEXITRICITY LIMITED,F24150,Yes,Existing Generating CMU,1.819,1.0,Gas,2028.0,60.0,2025.0
FLEXITRICITY LIMITED,F24162,Yes,Proven DSR CMU,2.305,1.0,DSR,2028.0,60.0,2025.0
FLEXITRICITY LIMITED,F24165,Yes,Existing Generating CMU,1.364,1.0,Gas,2028.0,60.0,2025.0
FLEXITRICITY LIMITED,F24166,Yes,Existing Generating CMU,1.091,1.0,Gas,2028.0,60.0,2025.0
FLEXITRICITY LIMITED,F24167,No,Existing Generating CMU,2.326,1.0,Gas,2028.0,60.0,2025.0
FLEXITRICITY LIMITED,F24168,Yes,Existing Generating CMU,0.955,1.0,Gas,2028.0,60.0,2025.0
FLEXITRICITY LIMITED,F24169,Yes,Existing Generating CMU,1.935,1.0,Gas,2028.0,60.0,2025.0
FLEXITRICITY LIMITED,F24170,Yes,Unproven DSR CMU,5.0,1.0,DSR,2028.0,60.0,2025.0
FLEXITRICITY LIMITED,F24171,Yes,Unproven DSR CMU,5.0,1.0,DSR,2028.0,60.0,2025.0
FLEXITRICITY LIMITED,F24172,Yes,Unproven DSR CMU,5.0,1.0,DSR,2028.0,60.0,2025.0
FLEXITRICITY LIMITED,F24173,No,Unproven DSR CMU,5.0,1.0,DSR,2028.0,60.0,2025.0
FLEXITRICITY LIMITED,F24174,No,Unproven DSR CMU,5.0,1.0,DSR,2028.0,60.0,2025.0
FLEXITRICITY LIMITED,F24175,Yes,Unproven DSR CMU,5.0,1.0,DSR,2028.0,60.0,2025.0
FLEXITRICITY LIMITED,F24176,Yes,Unproven DSR CMU,5.0,1.0,DSR,2028.0,60.0,2025.0
FLEXITRICITY LIMITED,F24177,Yes,Unproven DSR CMU,5.0,1.0,DSR,2028.0,60.0,2025.0
FLEXITRICITY LIMITED,F24178,Yes,Unproven DSR CMU,5.0,1.0,DSR,2028.0,60.0,2025.0
FLEXITRICITY LIMITED,F24179,Yes,Unproven DSR CMU,5.0,1.0,DSR,2028.0,60.0,2025.0
FLEXITRICITY LIMITED,F24180,No,Unproven DSR CMU,2.0,1.0,DSR,2028.0,60.0,2025.0
FLEXITRICITY LIMITED,F24181,Yes,Unproven DSR CMU,2.0,1.0,DSR,2028.0,60.0,2025.0
FLEXITRICITY LIMITED,F24182,Yes,Unproven DSR CMU,2.0,1.0,DSR,2028.0,60.0,2025.0
FLEXITRICITY LIMITED,F24183,No,Unproven DSR CMU,2.0,1.0,DSR,2028.0,60.0,2025.0
FLEXITRICITY LIMITED,F24184,No,Unproven DSR CMU,2.0,1.0,DSR,2028.0,60.0,2025.0
FLEXITRICITY LIMITED,F24185,No,Unproven DSR CMU,10.0,1.0,DSR,2028.0,60.0,2025.0
FLEXITRICITY LIMITED,F24186,No,Unproven DSR CMU,10.0,1.0,DSR,2028.0,60.0,2025.0
FLEXITRICITY LIMITED,F24187,No,Unproven DSR CMU,10.0,1.0,DSR,2028.0,60.0,2025.0
FLEXITRICITY LIMITED,F24188,No,Unproven DSR CMU,10.0,1.0,DSR,2028.0,60.0,2025.0
FLEXITRICITY LIMITED,F24189,No,Unproven DSR CMU,10.0,1.0,DSR,2028.0,60.0,2025.0
FLEXITRICITY LIMITED,F24190,No,Unproven DSR CMU,10.0,1.0,DSR,2028.0,60.0,2025.0
FLEXITRICITY LIMITED,F24191,Yes,Unproven DSR CMU,3.993,15.0,DSR,2028.0,60.0,2025.0
NEXTPOWER SOUTH LOWFIELD LIMITED,NESF03,Yes,Existing Generating CMU,2.474,1.0,Solar,2028.0,60.0,2025.0
NEXTPOWER GRANGE LIMITED,NESF02,Yes,Existing Generating CMU,2.461,1.0,Solar,2028.0,60.0,2025.0
RWE GENERATION UK PLC,BRAE24,Yes,Existing Generating CMU,1.736,1.0,Hydro,2028.0,60.0,2025.0
RWE GENERATION UK PLC,CHEG24,Yes,Existing Generating CMU,40.584,1.0,Gas,2028.0,60.0,2025.0
RWE GENERATION UK PLC,CHWE24,Yes,New Build Generating CMU,21.035,15.0,Gas,2028.0,60.0,2025.0
RWE GENERATION UK PLC,COW124,Yes,Existing Generating CMU,65.443,1.0,Distillate,2028.0,60.0,2025.0
RWE GENERATION UK PLC,COW224,Yes,Existing Generating CMU,65.443,1.0,Distillate,2028.0,60.0,2025.0
RWE GENERATION UK PLC,CWMD24,Yes,Existing Generating CMU,8.839,1.0,Hydro,2028.0,60.0,2025.0
RWE GENERATION UK PLC,DGHH24,Yes,Existing Generating CMU,14.766,1.0,Hydro,2028.0,60.0,2025.0
RWE GENERATION UK PLC,DGLH24,Yes,Existing Generating CMU,13.503,1.0,Hydro,2028.0,60.0,2025.0
RWE GENERATION UK PLC,DIB524,Yes,Existing Generating CMU,692.393,1.0,Gas,2028.0,60.0,2025.0
RWE GENERATION UK PLC,DIB624,Yes,Existing Generating CMU,649.119,1.0,Gas,2028.0,60.0,2025.0
RWE GENERATION UK PLC,DID124,Yes,Existing Generating CMU,23.373,1.0,Distillate,2028.0,60.0,2025.0
RWE GENERATION UK PLC,DID224,Yes,Existing Generating CMU,23.373,1.0,Distillate,2028.0,60.0,2025.0
RWE GENERATION UK PLC,DID324,Yes,Existing Generating CMU,23.373,1.0,Distillate,2028.0,60.0,2025.0
RWE GENERATION UK PLC,DID424,Yes,Existing Generating CMU,23.373,1.0,Distillate,2028.0,60.0,2025.0
RWE GENERATION UK PLC,DOUG24,Yes,Existing Generating CMU,2.73,1.0,Hydro,2028.0,60.0,2025.0
RWE GENERATION UK PLC,GROG24,Yes,Existing Generating CMU,2.044,1.0,Hydro,2028.0,60.0,2025.0
RWE GENERATION UK PLC,GYAR24,Yes,Existing Generating CMU,372.895,1.0,Gas,2028.0,60.0,2025.0
RWE GENERATION UK PLC,HDAG24,Yes,Existing Generating CMU,0.988,1.0,Hydro,2028.0,60.0,2025.0
RWE GENERATION UK PLC,HDDI24,Yes,Existing Generating CMU,1.268,1.0,Hydro,2028.0,60.0,2025.0
RWE GENERATION UK PLC,HYTH24,Yes,Existing Generating CMU,45.384,1.0,Gas,2028.0,60.0,2025.0
RWE GENERATION UK PLC,LBAR24,Yes,Existing Generating CMU,673.636,1.0,Gas,2028.0,60.0,2025.0
RWE GENERATION UK PLC,PM1124,Yes,Existing Generating CMU,399.998,1.0,Gas,2028.0,60.0,2025.0
RWE GENERATION UK PLC,PM2124,Yes,Existing Generating CMU,399.998,1.0,Gas,2028.0,60.0,2025.0
RWE GENERATION UK PLC,PM3124,Yes,Existing Generating CMU,399.998,1.0,Gas,2028.0,60.0,2025.0
RWE GENERATION UK PLC,PM4124,Yes,Existing Generating CMU,399.998,1.0,Gas,2028.0,60.0,2025.0
RWE GENERATION UK PLC,PM5124,Yes,Existing Generating CMU,399.998,1.0,Gas,2028.0,60.0,2025.0
RWE GENERATION UK PLC,PMBS24,Yes,New Build Generating CMU,73.29,15.0,Storage - Battery,2028.0,60.0,2025.0
RWE GENERATION UK PLC,RVRE24,Yes,Existing Generating CMU,2.73,1.0,Hydro,2028.0,60.0,2025.0
RWE GENERATION UK PLC,STA124,Yes,Existing Generating CMU,398.361,1.0,Gas,2028.0,60.0,2025.0
RWE GENERATION UK PLC,STA224,Yes,Existing Generating CMU,398.361,1.0,Gas,2028.0,60.0,2025.0
RWE GENERATION UK PLC,STA324,Yes,Existing Generating CMU,398.361,1.0,Gas,2028.0,60.0,2025.0
RWE GENERATION UK PLC,STA424,Yes,Existing Generating CMU,398.361,1.0,Gas,2028.0,60.0,2025.0
RWE RENEWABLES UK ONSHORE WIND LIMITED,STGW24,Yes,Existing Generating CMU,1.195,1.0,Onshore Wind,2028.0,60.0,2025.0
RWE RENEWABLES UK SCROBY SANDS LIMITED,SCRW24,Yes,Existing Generating CMU,5.791,1.0,Offshore Wind,2028.0,60.0,2025.0
RWE RENEWABLES UK SOLAR AND STORAGE LIMITED,ASHB24,Yes,New Build Generating CMU,1.812,1.0,Storage - Battery,2028.0,60.0,2025.0
RWE RENEWABLES UK SOLAR AND STORAGE LIMITED,RASB24,No,New Build Generating CMU,8.139,15.0,Storage - Battery,2028.0,60.0,2025.0
DEESIDE POWER (UK) LIMITED,D2_244,Yes,New Build Generating CMU,46.652,15.0,Gas,2028.0,60.0,2025.0
INDIAN QUEENS POWER LIMITED,IQ_244,Yes,Existing Generating CMU,130.886,1.0,Diesel,2028.0,60.0,2025.0
SALTEND COGENERATION COMPANY LIMITED,S1_244,Yes,Existing Generating CMU,333.483,1.0,Gas,2028.0,60.0,2025.0
SALTEND COGENERATION COMPANY LIMITED,S2_244,Yes,Existing Generating CMU,333.483,1.0,Gas,2028.0,60.0,2025.0
SALTEND COGENERATION COMPANY LIMITED,S3_244,Yes,Existing Generating CMU,333.483,1.0,Gas,2028.0,60.0,2025.0
ROTHIENORMAN FLEXPOWER LTD,ROTH28,Yes,New Build Generating CMU,7.885,15.0,Storage - Battery,2028.0,60.0,2025.0
KILMARNOCK FLEXPOWER LTD,KMS28A,Yes,New Build Generating CMU,13.799,15.0,Storage - Battery,2028.0,60.0,2025.0
SCOTTISHPOWER RENEWABLES (UK) LIMITED,BLWIN1,Yes,Existing Generating CMU,7.835,1.0,Onshore Wind,2028.0,60.0,2025.0
SCOTTISHPOWER RENEWABLES (UK) LIMITED,GRE_WF,Yes,Existing Generating CMU,1.793,1.0,Onshore Wind,2028.0,60.0,2025.0
SCOTTISHPOWER RENEWABLES (UK) LIMITED,WHL_WF,Yes,Existing Generating CMU,1.208,1.0,Onshore Wind,2028.0,60.0,2025.0
SCOTTISHPOWER RENEWABLES (UK) LIMITED,WLWIND,Yes,Existing Generating CMU,16.932,1.0,Onshore Wind,2028.0,60.0,2025.0
COLDHAM WINDFARM LIMITED,CLD_WF,Yes,Existing Generating CMU,0.93,1.0,Onshore Wind,2028.0,60.0,2025.0
SEABANK POWER LIMITED,SPL1-2,Yes,Existing Generating CMU,0.0,1.0,Gas,2028.0,60.0,2025.0
EFFICIENT GENERATION LIMITED,EFF028,Yes,Existing Generating CMU,4.255,1.0,Gas,2028.0,60.0,2025.0
SECURE GENERATION LIMITED,SEC028,Yes,Existing Generating CMU,3.051,1.0,Gas,2028.0,60.0,2025.0
IMPACT POWER LIMITED,EMIST2,Yes,Proven DSR CMU,2.111,1.0,DSR,2028.0,60.0,2025.0
SUEZ RECYCLING AND RECOVERY KIRKLEES LTD,SUEZ21,Yes,Existing Generating CMU,9.229,1.0,Waste,2028.0,60.0,2025.0
SIMEC LOCHABER HYDROPOWER 2 LIMITED,G12023,Yes,Existing Generating CMU,15.476,1.0,Hydro,2028.0,60.0,2025.0
SIMEC LOCHABER HYDROPOWER 2 LIMITED,G22023,Yes,Existing Generating CMU,15.859,1.0,Hydro,2028.0,60.0,2025.0
SIMEC LOCHABER HYDROPOWER 2 LIMITED,G32023,Yes,Existing Generating CMU,12.606,1.0,Hydro,2028.0,60.0,2025.0
SIMEC LOCHABER HYDROPOWER 2 LIMITED,G42023,Yes,Existing Generating CMU,15.579,1.0,Hydro,2028.0,60.0,2025.0
SIMEC LOCHABER HYDROPOWER 2 LIMITED,G52023,Yes,Existing Generating CMU,15.627,1.0,Hydro,2028.0,60.0,2025.0
ADV 001 LIMITED,HIND12,Yes,New Build Generating CMU,7.012,15.0,Gas,2028.0,60.0,2025.0
PYEBRIDGE POWER LTD,MAPB24,Yes,Existing Generating CMU,7.278,1.0,Gas,2028.0,60.0,2025.0
CARE POWER (WOLVERHAMPTON) LIMITED,WOLVE5,Yes,New Build Generating CMU,7.329,3.0,Storage - Battery,2028.0,60.0,2025.0
SHEAF ENERGY LIMITED,SEL1T4,No,New Build Generating CMU,27.368,15.0,Storage - Battery,2028.0,60.0,2025.0
SOUTH TYNE & WEAR ENERGY RECOVERY LTD,SUEZ24,Yes,Existing Generating CMU,20.545,1.0,Waste,2028.0,60.0,2025.0
KEADBY GENERATION LIMITED,KEAD28,Yes,Existing Generating CMU,687.397,1.0,Gas,2028.0,60.0,2025.0
MEDWAY POWER LIMITED,MEDP28,Yes,Existing Generating CMU,668.483,1.0,Gas,2028.0,60.0,2025.0
SSE ENERGY SUPPLY LIMITED,MRWD28,Yes,Existing Generating CMU,836.74,1.0,Gas,2028.0,60.0,2025.0
SSE GENERATION LIMITED,ALTN28,Yes,Existing Generating CMU,5.776,1.0,Hydro,2028.0,60.0,2025.0
SSE GENERATION LIMITED,ARTF28,Yes,Existing Generating CMU,1.899,1.0,Onshore Wind,2028.0,60.0,2025.0
SSE GENERATION LIMITED,BEAU28,Yes,Existing Generating CMU,36.4,1.0,Hydro,2028.0,60.0,2025.0
SSE GENERATION LIMITED,CASS28,Yes,Existing Generating CMU,10.01,1.0,Hydro,2028.0,60.0,2025.0
SSE GENERATION LIMITED,CLAC28,Yes,Existing Generating CMU,36.4,1.0,Hydro,2028.0,60.0,2025.0
SSE GENERATION LIMITED,CLUN28,Yes,Existing Generating CMU,69.342,1.0,Hydro,2028.0,60.0,2025.0
SSE GENERATION LIMITED,CNCR28,Yes,Existing Generating CMU,18.2,1.0,Hydro,2028.0,60.0,2025.0
SSE GENERATION LIMITED,CUCH28,Yes,Existing Generating CMU,1.808,1.0,Hydro,2028.0,60.0,2025.0
SSE GENERATION LIMITED,CUIL28,Yes,Existing Generating CMU,2.73,1.0,Hydro,2028.0,60.0,2025.0
SSE GENERATION LIMITED,CULL28,Yes,Existing Generating CMU,14.581,1.0,Hydro,2028.0,60.0,2025.0
SSE GENERATION LIMITED,DEA128,Yes,Existing Generating CMU,17.29,1.0,Hydro,2028.0,60.0,2025.0
SSE GENERATION LIMITED,DEA228,Yes,Existing Generating CMU,17.29,1.0,Hydro,2028.0,60.0,2025.0
SSE GENERATION LIMITED,DRUM28,Yes,Existing Generating CMU,2.125,1.0,Onshore Wind,2028.0,60.0,2025.0
SSE GENERATION LIMITED,DZIE28,Yes,Existing Generating CMU,3.64,1.0,Hydro,2028.0,60.0,2025.0
SSE GENERATION LIMITED,ERR128,Yes,Existing Generating CMU,22.75,1.0,Hydro,2028.0,60.0,2025.0
SSE GENERATION LIMITED,ERR228,Yes,Existing Generating CMU,22.75,1.0,Hydro,2028.0,60.0,2025.0
SSE GENERATION LIMITED,ERR328,Yes,Existing Generating CMU,22.75,1.0,Hydro,2028.0,60.0,2025.0
SSE GENERATION LIMITED,FALL28,Yes,Existing Generating CMU,4.583,1.0,Hydro,2028.0,60.0,2025.0
SSE GENERATION LIMITED,FAS128,Yes,Existing Generating CMU,20.93,1.0,Hydro,2028.0,60.0,2025.0
SSE GENERATION LIMITED,FAS228,Yes,Existing Generating CMU,20.93,1.0,Hydro,2028.0,60.0,2025.0
SSE GENERATION LIMITED,FAS328,Yes,Existing Generating CMU,20.93,1.0,Hydro,2028.0,60.0,2025.0
SSE GENERATION LIMITED,FASC28,Yes,Existing Generating CMU,6.825,1.0,Hydro,2028.0,60.0,2025.0
SSE GENERATION LIMITED,FINL28,Yes,Existing Generating CMU,15.015,1.0,Hydro,2028.0,60.0,2025.0
SSE GENERATION LIMITED,FOY128,Yes,Existing Generating CMU,139.485,1.0,Storage - Pumped,2028.0,60.0,2025.0
SSE GENERATION LIMITED,FOY228,Yes,Existing Generating CMU,139.485,1.0,Storage - Pumped,2028.0,60.0,2025.0
SSE GENERATION LIMITED,GAUR28,Yes,Existing Generating CMU,6.825,1.0,Hydro,2028.0,60.0,2025.0
SSE GENERATION LIMITED,GLEN28,Yes,Existing Generating CMU,47.32,1.0,Hydro,2028.0,60.0,2025.0
SSE GENERATION LIMITED,GRUD28,Yes,Existing Generating CMU,19.838,1.0,Hydro,2028.0,60.0,2025.0
SSE GENERATION LIMITED,INAW28,Yes,Refurbishing Generating CMU,22.75,15.0,Hydro,2028.0,60.0,2025.0
SSE GENERATION LIMITED,INVG28,Yes,Existing Generating CMU,18.2,1.0,Hydro,2028.0,60.0,2025.0
SSE GENERATION LIMITED,KERR28,Yes,Existing Generating CMU,1.138,1.0,Hydro,2028.0,60.0,2025.0
SSE GENERATION LIMITED,KILL28,Yes,Existing Generating CMU,13.841,1.0,Hydro,2028.0,60.0,2025.0
SSE GENERATION LIMITED,KILM28,Yes,Existing Generating CMU,1.911,1.0,Hydro,2028.0,60.0,2025.0
SSE GENERATION LIMITED,KING28,Yes,Existing Generating CMU,3.185,1.0,Hydro,2028.0,60.0,2025.0
SSE GENERATION LIMITED,LEDK28,Yes,Existing Generating CMU,2.73,1.0,Hydro,2028.0,60.0,2025.0
SSE GENERATION LIMITED,LOC128,Yes,Existing Generating CMU,20.475,1.0,Hydro,2028.0,60.0,2025.0
SSE GENERATION LIMITED,LOC228,Yes,Existing Generating CMU,20.475,1.0,Hydro,2028.0,60.0,2025.0
SSE GENERATION LIMITED,LOCC28,Yes,Existing Generating CMU,1.82,1.0,Hydro,2028.0,60.0,2025.0
SSE GENERATION LIMITED,LOER28,Yes,Existing Generating CMU,2.002,1.0,Hydro,2028.0,60.0,2025.0
SSE GENERATION LIMITED,LOGA28,Yes,Existing Generating CMU,5.46,1.0,Hydro,2028.0,60.0,2025.0
SSE GENERATION LIMITED,LUIC28,Yes,Existing Generating CMU,30.94,1.0,Hydro,2028.0,60.0,2025.0
SSE GENERATION LIMITED,LUSS28,Yes,Existing Generating CMU,1.894,1.0,Hydro,2028.0,60.0,2025.0
SSE GENERATION LIMITED,MOSS28,Yes,Existing Generating CMU,17.017,1.0,Hydro,2028.0,60.0,2025.0
SSE GENERATION LIMITED,MULL28,Yes,Existing Generating CMU,1.842,1.0,Hydro,2028.0,60.0,2025.0
SSE GENERATION LIMITED,NANT28,Yes,Existing Generating CMU,13.65,1.0,Hydro,2028.0,60.0,2025.0
SSE GENERATION LIMITED,ORRI28,Yes,Existing Generating CMU,16.38,1.0,Hydro,2028.0,60.0,2025.0
SSE GENERATION LIMITED,QUOI28,Yes,Existing Generating CMU,16.426,1.0,Hydro,2028.0,60.0,2025.0
SSE GENERATION LIMITED,RAN128,Yes,Existing Generating CMU,13.346,1.0,Hydro,2028.0,60.0,2025.0
SSE GENERATION LIMITED,RAN228,Yes,Existing Generating CMU,13.346,1.0,Hydro,2028.0,60.0,2025.0
SSE GENERATION LIMITED,RAN328,Yes,Existing Generating CMU,13.346,1.0,Hydro,2028.0,60.0,2025.0
SSE GENERATION LIMITED,SHIN28,Yes,Existing Generating CMU,20.129,1.0,Hydro,2028.0,60.0,2025.0
SSE GENERATION LIMITED,SLO128,Yes,Existing Generating CMU,36.4,1.0,Hydro,2028.0,60.0,2025.0
SSE GENERATION LIMITED,SLO228,Yes,Existing Generating CMU,36.4,1.0,Hydro,2028.0,60.0,2025.0
SSE GENERATION LIMITED,SLO328,Yes,Existing Generating CMU,36.4,1.0,Hydro,2028.0,60.0,2025.0
SSE GENERATION LIMITED,SLO428,Yes,Existing Generating CMU,29.575,1.0,Hydro,2028.0,60.0,2025.0
SSE GENERATION LIMITED,SRON28,Yes,Existing Generating CMU,4.55,1.0,Hydro,2028.0,60.0,2025.0
SSE GENERATION LIMITED,STFL28,Yes,Existing Generating CMU,15.315,1.0,Hydro,2028.0,60.0,2025.0
SSE GENERATION LIMITED,STRV28,Yes,Existing Generating CMU,6.274,1.0,Hydro,2028.0,60.0,2025.0
SSE GENERATION LIMITED,TORR28,Yes,Existing Generating CMU,13.65,1.0,Hydro,2028.0,60.0,2025.0
SSE GENERATION LIMITED,TUM128,Yes,Existing Generating CMU,15.47,1.0,Hydro,2028.0,60.0,2025.0
SSE GENERATION LIMITED,TUM228,Yes,Existing Generating CMU,15.47,1.0,Hydro,2028.0,60.0,2025.0
SSE RENEWABLES SOLAR & BATTERY HOLDINGS LIMITED,LITS28,Yes,New Build Generating CMU,1.375,15.0,Solar,2028.0,60.0,2025.0
SSE RENEWABLES WIND FARMS (UK) LIMITED,HAHI28,Yes,Existing Generating CMU,6.633,1.0,Onshore Wind,2028.0,60.0,2025.0
SSE THERMAL GENERATION (SCOTLAND) LIMITED,PEH128,Yes,Existing Generating CMU,0.0,1.0,Gas,2028.0,60.0,2025.0
SSEPG (OPERATIONS) LIMITED,BURG28,Yes,Existing Generating CMU,43.978,1.0,Gas,2028.0,60.0,2025.0
SSEPG (OPERATIONS) LIMITED,CHIC28,Yes,Existing Generating CMU,43.978,1.0,Gas,2028.0,60.0,2025.0
CHICKERELL STORAGE LIMITED,SEL155,Yes,New Build Generating CMU,83.744,15.0,Storage - Battery,2028.0,60.0,2025.0
SALTHOLME SOUTH POWER LIMITED,SEL144,Yes,Existing Generating CMU,46.736,1.0,Gas,2028.0,60.0,2025.0
Statkraft Markets GmbH,RHE1_8,Yes,Existing Generating CMU,11.805,1.0,Hydro,2028.0,60.0,2025.0
Statkraft Markets GmbH,RHE2_8,Yes,Existing Generating CMU,19.78,1.0,Hydro,2028.0,60.0,2025.0
Statkraft Markets GmbH,RHE3_8,Yes,Existing Generating CMU,20.056,1.0,Hydro,2028.0,60.0,2025.0
STATKRAFT UK LTD,THOR-3,No,New Build Generating CMU,38.401,15.0,Storage - Battery,2028.0,60.0,2025.0
COYLTON ENERGY LIMITED,COYB-4,Yes,New Build Generating CMU,6.52,15.0,Storage - Battery,2028.0,60.0,2025.0
STOR 122 Ltd,STP22B,Yes,New Build Generating CMU,7.479,15.0,Gas,2028.0,60.0,2025.0
STOR 122 Ltd,STPW22,Yes,New Build Generating CMU,7.479,15.0,Gas,2028.0,60.0,2025.0
STOR 123 Ltd,STP23B,Yes,New Build Generating CMU,7.479,15.0,Gas,2028.0,60.0,2025.0
STOR 123 Ltd,STPW23,Yes,New Build Generating CMU,7.479,15.0,Gas,2028.0,60.0,2025.0
STOR 132 Ltd,STP32B,Yes,New Build Generating CMU,7.479,15.0,Gas,2028.0,60.0,2025.0
STOR 132 Ltd,STPW32,Yes,New Build Generating CMU,7.479,15.0,Gas,2028.0,60.0,2025.0
STOR 140 Ltd,STP40B,Yes,New Build Generating CMU,7.479,15.0,Gas,2028.0,60.0,2025.0
STOR 140 Ltd,STPW40,Yes,New Build Generating CMU,7.479,15.0,Gas,2028.0,60.0,2025.0
SUEZ RECYCLING AND RECOVERY UK LTD,SUEZ22,Yes,Existing Generating CMU,18.889,1.0,Waste,2028.0,60.0,2025.0
SUEZ RECYCLING AND RECOVERY SUFFOLK LTD,SUEZ25,Yes,Existing Generating CMU,23.337,1.0,Waste,2028.0,60.0,2025.0
SUNCROP BURSTWICK GENERATION LIMITED,BRGP28,Yes,New Build Generating CMU,4.748,15.0,Gas,2028.0,60.0,2025.0
SUSI EELPOWER ROCK FARM LIMITED,ROCK28,Yes,Existing Generating CMU,1.67,1.0,Storage - Battery,2028.0,60.0,2025.0
SUSI EELPOWER WINCHESTER LIMITED,WINP28,Yes,Existing Generating CMU,0.856,1.0,Storage - Battery,2028.0,60.0,2025.0
SUTTON BRIDGE POWER GENERATION,28SBRF,Yes,Refurbishing Generating CMU,773.075,1.0,Gas,2028.0,60.0,2025.0
WINNINGTON CHP LIMITED,W3NCPH,Yes,Existing Generating CMU,36.204,1.0,Gas,2028.0,60.0,2025.0
BURY POWER LIMITED,BURY24,Yes,Existing Generating CMU,18.231,1.0,Gas,2028.0,60.0,2025.0
CLYNE POWER LIMITED,CLYN24,Yes,Existing Generating CMU,14.584,1.0,Gas,2028.0,60.0,2025.0
CULVERY POWER LIMITED,CULV24,Yes,Existing Generating CMU,12.855,1.0,Gas,2028.0,60.0,2025.0
DAFEN RESERVE POWER LIMITED,DAFE24,Yes,Existing Generating CMU,9.162,1.0,Gas,2028.0,60.0,2025.0
HULL RESERVE POWER LIMITED,HULL24,Yes,Existing Generating CMU,19.446,1.0,Gas,2028.0,60.0,2025.0
IMMINGHAM POWER LIMITED,IMMI24,Yes,Existing Generating CMU,14.771,1.0,Gas,2028.0,60.0,2025.0
IRWELL POWER LIMITED,IRWE24,Yes,Existing Generating CMU,14.538,1.0,Gas,2028.0,60.0,2025.0
KILN POWER LIMITED,KILN24,Yes,Existing Generating CMU,14.772,1.0,Gas,2028.0,60.0,2025.0
LODDON POWER LIMITED,LODD24,Yes,Existing Generating CMU,14.678,1.0,Gas,2028.0,60.0,2025.0
MARDEN POWER LIMITED,MARD24,Yes,Existing Generating CMU,18.418,1.0,Gas,2028.0,60.0,2025.0
NORTHWICH POWER LIMITED,NORT24,Yes,Existing Generating CMU,18.511,1.0,Gas,2028.0,60.0,2025.0
OGMORE POWER LIMITED,OGMO24,Yes,Existing Generating CMU,14.678,1.0,Gas,2028.0,60.0,2025.0
ST ASAPH POWER LIMITED,STAS24,Yes,Existing Generating CMU,14.771,1.0,Gas,2028.0,60.0,2025.0
WARRINGTON POWER LIMITED,WARR24,Yes,Existing Generating CMU,14.771,1.0,Gas,2028.0,60.0,2025.0
WHARF POWER LIMITED,WHAR24,Yes,Existing Generating CMU,14.771,1.0,Gas,2028.0,60.0,2025.0
WOLVERHAMPTON POWER LTD,WOLV24,Yes,Existing Generating CMU,14.584,1.0,Gas,2028.0,60.0,2025.0
CAPELLA BESS LTD,24CAP4,Yes,New Build Generating CMU,10.47,15.0,Storage - Battery,2028.0,60.0,2025.0
SPENNYMOOR ENERGY STORAGE LIMITED,24SPE4,Yes,New Build Generating CMU,13.82,15.0,Storage - Battery,2028.0,60.0,2025.0
THORPE MARSH GREEN ENERGY HUB LIMITED,24TM_1,Yes,New Build Generating CMU,58.436,15.0,Storage - Battery,2028.0,60.0,2025.0
THORPE MARSH GREEN ENERGY HUB LIMITED,24TM_2,Yes,New Build Generating CMU,58.436,15.0,Storage - Battery,2028.0,60.0,2025.0
THORPE MARSH GREEN ENERGY HUB LIMITED,24TM_3,Yes,New Build Generating CMU,58.436,15.0,Storage - Battery,2028.0,60.0,2025.0
THORPE MARSH GREEN ENERGY HUB LIMITED,24TM_4,Yes,New Build Generating CMU,58.436,15.0,Storage - Battery,2028.0,60.0,2025.0
THORPE MARSH GREEN ENERGY HUB LIMITED,24TM_5,Yes,New Build Generating CMU,58.436,15.0,Storage - Battery,2028.0,60.0,2025.0
WEST BURTON B LIMITED,WB1-24,Yes,Existing Generating CMU,389.266,1.0,Gas,2028.0,60.0,2025.0
WEST BURTON B LIMITED,WB2-24,Yes,Existing Generating CMU,389.266,1.0,Gas,2028.0,60.0,2025.0
WEST BURTON B LIMITED,WB3-24,Yes,Existing Generating CMU,389.266,1.0,Gas,2028.0,60.0,2025.0
UNIPER UK LIMITED,CDCL41,Yes,Existing Generating CMU,404.728,1.0,Gas,2028.0,60.0,2025.0
UNIPER UK LIMITED,CNQP61,Yes,Existing Generating CMU,313.778,1.0,Gas,2028.0,60.0,2025.0
UNIPER UK LIMITED,CNQP62,Yes,Existing Generating CMU,313.778,1.0,Gas,2028.0,60.0,2025.0
UNIPER UK LIMITED,CNQP63,Yes,Existing Generating CMU,313.778,1.0,Gas,2028.0,60.0,2025.0
UNIPER UK LIMITED,CNQP64,Yes,Existing Generating CMU,313.778,1.0,Gas,2028.0,60.0,2025.0
UNIPER UK LIMITED,EECL41,Yes,Existing Generating CMU,401.999,1.0,Gas,2028.0,60.0,2025.0
UNIPER UK LIMITED,GRAI36,Yes,Existing Generating CMU,425.646,1.0,Gas,2028.0,60.0,2025.0
UNIPER UK LIMITED,GRAI37,Yes,Existing Generating CMU,425.646,1.0,Gas,2028.0,60.0,2025.0
UNIPER UK LIMITED,GRAI38,Yes,Existing Generating CMU,425.646,1.0,Gas,2028.0,60.0,2025.0
UNIPER UK LIMITED,GRGT61,Yes,Existing Generating CMU,26.151,1.0,Diesel,2028.0,60.0,2025.0
UNIPER UK LIMITED,GRGT64,Yes,Existing Generating CMU,25.216,1.0,Diesel,2028.0,60.0,2025.0
UNIPER UK LIMITED,HOLF01,Yes,Proven DSR CMU,6.326,1.0,DSR,2028.0,60.0,2025.0
UNIPER UK LIMITED,KILH51,Yes,Existing Generating CMU,287.555,1.0,Gas,2028.0,60.0,2025.0
UNIPER UK LIMITED,KILH52,Yes,Existing Generating CMU,291.148,1.0,Gas,2028.0,60.0,2025.0
UNIPER UK LIMITED,TAL102,Yes,Existing Generating CMU,67.196,1.0,Diesel,2028.0,60.0,2025.0
UNIPER UK LIMITED,TAL103,Yes,Existing Generating CMU,63.456,1.0,Diesel,2028.0,60.0,2025.0
SIZING JOHN LIMITED,VAR009,Yes,New Build Generating CMU,17.824,15.0,Storage - Battery,2028.0,60.0,2025.0
VEOLIA UK LIMITED,CHIN01,Yes,Existing Generating CMU,6.711,1.0,Waste,2028.0,60.0,2025.0
VEOLIA UK LIMITED,LISH01,Yes,Existing Generating CMU,1.23,1.0,Gas,2028.0,60.0,2025.0
VEOLIA UK LIMITED,MWOOD1,Yes,Existing Generating CMU,13.293,1.0,Waste,2028.0,60.0,2025.0
VEOLIA UK LIMITED,NEWH10,Yes,Existing Generating CMU,14.954,1.0,Waste,2028.0,60.0,2025.0
VEOLIA UK LIMITED,PORT01,Yes,Existing Generating CMU,12.727,1.0,Waste,2028.0,60.0,2025.0
VEOLIA UK LIMITED,RDEH01,Yes,Existing Generating CMU,1.34,1.0,Gas,2028.0,60.0,2025.0
VEOLIA UK LIMITED,SGH008,Yes,Existing Generating CMU,3.592,1.0,Gas,2028.0,60.0,2025.0
VEOLIA UK LIMITED,SPOND1,Yes,Existing Generating CMU,2.316,1.0,Gas,2028.0,60.0,2025.0
VEOLIA UK LIMITED,STAF10,Yes,Existing Generating CMU,23.17,1.0,Waste,2028.0,60.0,2025.0
VEOLIA UK LIMITED,TYSE09,Yes,Existing Generating CMU,24.375,1.0,Waste,2028.0,60.0,2025.0
VEOLIA UK LIMITED,UHB001,Yes,Existing Generating CMU,2.399,1.0,Gas,2028.0,60.0,2025.0
VEOLIA UK LIMITED,UNL001,Yes,Existing Generating CMU,3.552,1.0,Gas,2028.0,60.0,2025.0
VIRIDOR ENERGY LIMITED,CARD24,Yes,Existing Generating CMU,32.416,1.0,Waste,2028.0,60.0,2025.0
VIRIDOR ENERGY LIMITED,EXEV24,Yes,Existing Generating CMU,3.281,1.0,Waste,2028.0,60.0,2025.0
FIELD KEITH LTD,24KEI4,Yes,New Build Generating CMU,7.231,15.0,Storage - Battery,2028.0,60.0,2025.0
VOLTALIS UK LIMITED,VOLT_2,Yes,Unproven DSR CMU,0.799,7.0,DSR,2028.0,60.0,2025.0
VOLTALIS UK LIMITED,VOLT_4,Yes,Unproven DSR CMU,1.597,7.0,DSR,2028.0,60.0,2025.0
VOLTALIS UK LIMITED,VOLT_6,Yes,Unproven DSR CMU,2.396,7.0,DSR,2028.0,60.0,2025.0
VOLTALIS UK LIMITED,VOLT_8,Yes,Unproven DSR CMU,3.994,7.0,DSR,2028.0,60.0,2025.0
VOLTALIS UK LIMITED,VOLT10,Yes,Unproven DSR CMU,7.987,7.0,DSR,2028.0,60.0,2025.0
FALKIRK POWER LTD,BANK24,Yes,New Build Generating CMU,7.664,15.0,Storage - Battery,2028.0,60.0,2025.0
VOLTARIA BES 101 LTD,HOCK24,No,New Build Generating CMU,8.9,15.0,Storage - Battery,2028.0,60.0,2025.0
VPI Immingham LLP,ICHP13,Yes,Existing Generating CMU,0.0,1.0,Gas,2028.0,60.0,2025.0
VPI POWER LIMITED,VP24DC,Yes,Existing Generating CMU,738.514,1.0,Gas,2028.0,60.0,2025.0
VPI POWER LIMITED,VP24RH,Yes,Existing Generating CMU,650.293,1.0,Gas,2028.0,60.0,2025.0
VPI POWER LIMITED,VP24SP,Yes,Existing Generating CMU,381.99,1.0,Gas,2028.0,60.0,2025.0
RIVER NENE POWER LIMITED,PETE28,Yes,Existing Generating CMU,228.229,1.0,Gas,2028.0,60.0,2025.0
WHITETOWER ENERGY LIMITED,CROY28,Yes,Existing Generating CMU,42.206,1.0,Gas,2028.0,60.0,2025.0
WHITETOWER ENERGY LIMITED,EXET28,Yes,Existing Generating CMU,42.932,1.0,Gas,2028.0,60.0,2025.0
WHITETOWER ENERGY LIMITED,HEA28a,Yes,Existing Generating CMU,42.16,1.0,Gas,2028.0,60.0,2025.0
WHITETOWER ENERGY LIMITED,HEA28b,Yes,Existing Generating CMU,43.977,1.0,Gas,2028.0,60.0,2025.0
WHITETOWER ENERGY LIMITED,THRN28,Yes,Existing Generating CMU,37.217,1.0,Gas,2028.0,60.0,2025.0
WHITETOWER ENERGY LIMITED,VKIN28,Yes,Existing Generating CMU,43.788,1.0,Gas,2028.0,60.0,2025.0
CHECKERS ENERGY LIMITED,CHEK28,Yes,New Build Generating CMU,10.47,15.0,Storage - Battery,2028.0,60.0,2025.0
REAY POWER LIMITED,REY28B,Yes,New Build Generating CMU,7.12,15.0,Storage - Battery,2028.0,60.0,2025.0
ROOT-POWER (NORTH) LIMITED,GRN28B,Yes,New Build Generating CMU,8.376,15.0,Storage - Battery,2028.0,60.0,2025.0
ROOT-POWER (NORTH) LIMITED,WDS28B,Yes,New Build Generating CMU,10.47,15.0,Storage - Battery,2028.0,60.0,2025.0
ROOT-POWER (SOUTH) LIMITED,BRIN28,Yes,New Build Generating CMU,8.376,15.0,Storage - Battery,2028.0,60.0,2025.0
ROOT-POWER (SOUTH) LIMITED,TIL28B,Yes,New Build Generating CMU,2.513,15.0,Storage - Battery,2028.0,60.0,2025.0
SUTTON POWER LIMITED,SUTT28,Yes,Existing Generating CMU,2.805,1.0,Gas,2028.0,60.0,2025.0
ZENOBE RENTAL 12 LIMITED,DSR352,Yes,Unproven DSR CMU,3.1,1.0,DSR,2028.0,60.0,2025.0
ZENOBE RENTAL 12 LIMITED,DSRBS5,Yes,Unproven DSR CMU,1.92,15.0,DSR,2028.0,60.0,2025.0
ZENOBE RENTAL 12 LIMITED,DSRUU4,Yes,Unproven DSR CMU,1.248,1.0,DSR,2028.0,60.0,2025.0
ZENOBE RENTAL 12 LIMITED,DSWAL5,Yes,Unproven DSR CMU,1.0,15.0,DSR,2028.0,60.0,2025.0
ZENOBE RENTAL 12 LIMITED,EVINC4,Yes,Unproven DSR CMU,1.198,15.0,DSR,2028.0,60.0,2025.0
ZENOBE RENTAL 12 LIMITED,EVLLS3,Yes,Unproven DSR CMU,1.266,15.0,DSR,2028.0,60.0,2025.0
ZENOBE RENTAL 12 LIMITED,EVNEW2,Yes,Unproven DSR CMU,1.438,15.0,DSR,2028.0,60.0,2025.0
ZENOBE RENTAL 12 LIMITED,EVZE10,Yes,Unproven DSR CMU,3.25,15.0,DSR,2028.0,60.0,2025.0
ZENOBE RENTAL 12 LIMITED,EVZE11,Yes,Unproven DSR CMU,1.17,15.0,DSR,2028.0,60.0,2025.0
ZENOBE RENTAL 12 LIMITED,EVZE12,Yes,Unproven DSR CMU,1.5,15.0,DSR,2028.0,60.0,2025.0
ZENOBE RENTAL 12 LIMITED,EVZE13,Yes,Unproven DSR CMU,1.38,15.0,DSR,2028.0,60.0,2025.0
ZENOBE RENTAL 12 LIMITED,EVZE14,Yes,Unproven DSR CMU,1.122,15.0,DSR,2028.0,60.0,2025.0
ZENOBE RENTAL 12 LIMITED,EVZE15,Yes,Unproven DSR CMU,2.8,15.0,DSR,2028.0,60.0,2025.0
ZENOBE RENTAL 12 LIMITED,EVZE16,Yes,Unproven DSR CMU,1.5,15.0,DSR,2028.0,60.0,2025.0
ZENOBE RENTAL 12 LIMITED,EVZE17,Yes,Unproven DSR CMU,1.5,15.0,DSR,2028.0,60.0,2025.0
ZENOBE RENTAL 12 LIMITED,EVZE18,Yes,Unproven DSR CMU,1.5,1.0,DSR,2028.0,60.0,2025.0
ZENOBE RENTAL 12 LIMITED,EVZE19,Yes,Unproven DSR CMU,1.5,15.0,DSR,2028.0,60.0,2025.0
ZENOBE RENTAL 12 LIMITED,EVZEN5,Yes,Unproven DSR CMU,0.988,15.0,DSR,2028.0,60.0,2025.0
ZENOBE RENTAL 12 LIMITED,EVZEN6,Yes,Unproven DSR CMU,2.267,15.0,DSR,2028.0,60.0,2025.0
ZENOBE RENTAL 12 LIMITED,EVZEN7,Yes,Unproven DSR CMU,1.483,15.0,DSR,2028.0,60.0,2025.0
ZENOBE RENTAL 12 LIMITED,EVZEN8,Yes,Unproven DSR CMU,3.923,15.0,DSR,2028.0,60.0,2025.0
ZENOBE RENTAL 12 LIMITED,EVZEN9,Yes,Unproven DSR CMU,1.0,15.0,DSR,2028.0,60.0,2025.0
ZENOBE RENTAL 12 LIMITED,FVZEN1,Yes,Unproven DSR CMU,1.198,1.0,DSR,2028.0,60.0,2025.0
ZENOBE RENTAL 12 LIMITED,FVZEN2,Yes,Unproven DSR CMU,3.698,1.0,DSR,2028.0,60.0,2025.0
ZENOBE RENTAL 12 LIMITED,FVZEN3,Yes,Unproven DSR CMU,1.1,15.0,DSR,2028.0,60.0,2025.0
ZENOBE RENTAL 12 LIMITED,FVZEN4,Yes,Unproven DSR CMU,1.358,1.0,DSR,2028.0,60.0,2025.0
ZENOBE ECCLES LIMITED,NBECL6,Yes,New Build Generating CMU,41.735,15.0,Storage - Battery,2028.0,60.0,2025.0
Zenobe Stalybridge Limited,NBSTL3,Yes,New Build Generating CMU,20.936,15.0,Storage - Battery,2028.0,60.0,2025.0
Zenobe Stalybridge Limited,NBSTL4,Yes,New Build Generating CMU,10.468,15.0,Storage - Battery,2028.0,60.0,2025.0
ZEPHYRUS GREEN ENERGY LTD,Strath,Yes,Existing Generating CMU,0.531,1.0,Onshore Wind,2028.0,60.0,2025.0
BRITNED DEVELOPMENT LIMITED,Brit19,Yes,Existing Interconnector CMU,805.2,1.0,Interconnector,2026.0,63.0,2023.0
WATSON HEAD WIND FARM LIMITED,WindE1,No,New Build Generating CMU,0.566,15.0,Onshore Wind,2026.0,63.0,2023.0
Alkane Energy UK Limited,A3ARLS,Yes,Existing Generating CMU,1.928,1.0,Gas,2026.0,63.0,2023.0
Alkane Energy UK Limited,A3DOGS,Yes,Existing Generating CMU,3.835,1.0,Gas,2026.0,63.0,2023.0
Alkane Energy UK Limited,A3HICK,Yes,Existing Generating CMU,3.655,1.0,Gas,2026.0,63.0,2023.0
Alkane Energy UK Limited,A3SHRB,Yes,Existing Generating CMU,8.09,1.0,Gas,2026.0,63.0,2023.0
Alkane Energy UK Limited,A2HEMH,Yes,Existing Generating CMU,3.508,1.0,Gas,2026.0,63.0,2023.0
Alkane Energy UK Limited,A3MANV,Yes,Existing Generating CMU,2.669,1.0,Gas,2026.0,63.0,2023.0
Alkane Energy UK Limited,A3GRIM,Yes,Existing Generating CMU,5.202,1.0,Gas,2026.0,63.0,2023.0
Alkane Energy UK Limited,A3HOUT,Yes,Existing Generating CMU,5.234,1.0,Gas,2026.0,63.0,2023.0
Alkane Energy UK Limited,A4MARK,Yes,Existing Generating CMU,1.913,1.0,Gas,2026.0,63.0,2023.0
Alkane Energy UK Limited,A3WHEL,Yes,Existing Generating CMU,6.377,1.0,Gas,2026.0,63.0,2023.0
Alkane Energy UK Limited,A3WHIT,Yes,Existing Generating CMU,2.02,1.0,Gas,2026.0,63.0,2023.0
Alkane Energy UK Limited,A3TORY,Yes,Existing Generating CMU,1.047,1.0,Gas,2026.0,63.0,2023.0
Alkane Energy UK Limited,A3AVAR,Yes,Existing Generating CMU,1.999,1.0,Gas,2026.0,63.0,2023.0
Regent Park Energy Limited,A1LING,Yes,Existing Generating CMU,0.257,1.0,Solar,2026.0,63.0,2023.0
Alkane Energy UK Limited,A2WINT,Yes,New Build Generating CMU,0.229,15.0,Solar,2026.0,63.0,2023.0
Alkane Energy UK Limited,A3TAYL,Yes,New Build Generating CMU,1.89,15.0,Storage - Battery,2026.0,63.0,2023.0
Alkane Energy UK Limited,A1BROD,No,New Build Generating CMU,2.362,15.0,Storage - Battery,2026.0,63.0,2023.0
SKELMERSDALE ENERGY STORAGE LIMITED,SKEL23,Yes,New Build Generating CMU,8.867,15.0,Storage - Battery,2026.0,63.0,2023.0
URBAN RESERVE STORAGE LIMITED,US0021,No,New Build Generating CMU,1.195,15.0,Storage - Battery,2026.0,63.0,2023.0
ASE UK HOLDINGS LIMITED,DUNFB2,Yes,New Build Generating CMU,7.065,15.0,Storage - Battery,2026.0,63.0,2023.0
ROTHIENORMAN ENERGY STORAGE LIMITED,ROTH26,Yes,New Build Generating CMU,9.925,15.0,Storage - Battery,2026.0,63.0,2023.0
ADV 003 LIMITED,RB262H,Yes,New Build Generating CMU,8.271,15.0,Storage - Battery,2026.0,63.0,2023.0
British Sugar plc,BSWI23,Yes,Existing Generating CMU,42.016,1.0,Gas,2026.0,63.0,2023.0
British Sugar plc,BSBU23,Yes,Existing Generating CMU,54.969,1.0,Gas,2026.0,63.0,2023.0
AVE 002 LIMITED,WR262H,Yes,New Build Generating CMU,4.726,15.0,Storage - Battery,2026.0,63.0,2023.0
BALANCE POWER PROJECTS LIMITED,GORI26,Yes,New Build Generating CMU,6.567,15.0,Gas,2026.0,63.0,2023.0
BALANCE POWER PROJECTS LIMITED,RECF26,Yes,New Build Generating CMU,7.089,15.0,Storage - Battery,2026.0,63.0,2023.0
BANKS RENEWABLES (HARTING RIG WIND FARM) LIMITED,KypeE1,Yes,New Build Generating CMU,4.125,15.0,Onshore Wind,2026.0,63.0,2023.0
CARNEGIE (BES) LTD,QENER1,Yes,New Build Generating CMU,9.925,15.0,Storage - Battery,2026.0,63.0,2023.0
PENWORTHAM (BES) LTD,QENER2,Yes,New Build Generating CMU,9.925,15.0,Storage - Battery,2026.0,63.0,2023.0
BLACKPARK ENERGY STORAGE LIMITED,BLPK26,Yes,New Build Generating CMU,3.543,15.0,Storage - Battery,2026.0,63.0,2023.0
C.GEN Killingholme Limited,CGEN22,No,New Build Generating CMU,429.298,15.0,Gas,2026.0,63.0,2023.0
BOOM BACUP STORAGE LIMITED,BACUP1,Yes,New Build Generating CMU,0.945,15.0,Storage - Battery,2026.0,63.0,2023.0
WELBAR ENERGY STORAGE LIMITED,HAMS26,Yes,New Build Generating CMU,103.5,15.0,Storage - Battery,2026.0,63.0,2023.0
Cargill PLC,CarGe7,Yes,Existing Generating CMU,27.079,1.0,Gas,2026.0,63.0,2023.0
Centrica Business Solutions UK Optimisation Limite,8RES21,Yes,Existing Generating CMU,7.003,1.0,Gas,2026.0,63.0,2023.0
Centrica Business Solutions UK Optimisation Limite,8RES12,Yes,Existing Generating CMU,41.29,1.0,Gas,2026.0,63.0,2023.0
Centrica Business Solutions UK Optimisation Limite,8RES-9,Yes,Existing Generating CMU,5.88,1.0,Gas,2026.0,63.0,2023.0
CBS SOLAR ASSETS UK LIMITED,8RESAJ,Yes,New Build Generating CMU,0.622,15.0,Solar,2026.0,63.0,2023.0
Centrica Business Solutions UK Optimisation Limite,8RES10,Yes,Existing Generating CMU,5.89,1.0,Gas,2026.0,63.0,2023.0
Centrica Business Solutions UK Optimisation Limite,8RES11,Yes,Existing Generating CMU,9.433,1.0,Gas,2026.0,63.0,2023.0
Centrica Business Solutions UK Optimisation Limite,8RES17,Yes,Existing Generating CMU,3.064,1.0,Gas,2026.0,63.0,2023.0
Centrica Business Solutions UK Optimisation Limite,8RES18,Yes,Existing Generating CMU,1.006,1.0,Storage - Battery,2026.0,63.0,2023.0
Centrica Business Solutions UK Optimisation Limite,8RES19,Yes,Existing Generating CMU,1.819,1.0,Gas,2026.0,63.0,2023.0
Centrica Business Solutions UK Optimisation Limite,8RES20,Yes,Existing Generating CMU,1.789,1.0,Gas,2026.0,63.0,2023.0
Centrica Business Solutions UK Optimisation Limite,8RES22,Yes,Existing Generating CMU,1.31,1.0,Gas,2026.0,63.0,2023.0
Centrica Brigg Limited,8RES31,Yes,New Build Generating CMU,7.089,3.0,Storage - Battery,2026.0,63.0,2023.0
Centrica Business Solutions UK Optimisation Limite,8RES23,Yes,Existing Generating CMU,1.169,1.0,Gas,2026.0,63.0,2023.0
Centrica Business Solutions UK Optimisation Limite,8RES24,Yes,Existing Generating CMU,1.827,1.0,Gas,2026.0,63.0,2023.0
Centrica Business Solutions UK Limited,8RESAH,Yes,Existing Generating CMU,1.147,1.0,Gas,2026.0,63.0,2023.0
Centrica Business Solutions UK Optimisation Limite,8RES13,Yes,Proven DSR CMU,8.574,1.0,DSR,2026.0,63.0,2023.0
Centrica Business Solutions UK Optimisation Limite,8RES-8,Yes,Existing Generating CMU,7.509,1.0,Gas,2026.0,63.0,2023.0
Centrica Business Solutions UK Optimisation Limite,8RES16,Yes,Existing Generating CMU,5.826,1.0,Diesel,2026.0,63.0,2023.0
Centrica Barry Limited,8RESAI,Yes,New Build Generating CMU,18.846,15.0,Gas,2026.0,63.0,2023.0
Centrica Distributed Generation Limited,8RESAK,Yes,New Build Generating CMU,45.686,15.0,Gas,2026.0,63.0,2023.0
ENSO GREEN HOLDINGS LIMITED,BRID02,No,New Build Generating CMU,11.673,15.0,Storage - Battery,2026.0,63.0,2023.0
ENSO GREEN HOLDINGS LIMITED,WESB01,Yes,New Build Generating CMU,11.673,15.0,Storage - Battery,2026.0,63.0,2023.0
CONRAD (CLEVELEYS) LIMITED,vent03,Yes,Existing Generating CMU,8.09,1.0,Gas,2026.0,63.0,2023.0
CONRAD (TORQUAY) LIMITED,CDTOR3,Yes,New Build Generating CMU,3.261,15.0,Storage - Battery,2026.0,63.0,2023.0
CONRAD (LILLYHALL) LIMITED,Lilly5,Yes,Existing Generating CMU,7.139,1.0,Gas,2026.0,63.0,2023.0
CONRAD (REDBOURN) LIMITED,Finwy3,Yes,Existing Generating CMU,4.759,1.0,Gas,2026.0,63.0,2023.0
CONRAD (ROCHESTER) LIMITED,CDROC1,Yes,New Build Generating CMU,4.759,15.0,Gas,2026.0,63.0,2023.0
CONRAD (WINCHESTER) LIMITED,CDWIN2,Yes,New Build Generating CMU,2.694,15.0,Storage - Battery,2026.0,63.0,2023.0
CONRAD (BLETCHLEY) LIMITED,PUG002,Yes,Existing Generating CMU,5.505,1.0,Gas,2026.0,63.0,2023.0
CONRAD (FLITWICK) LIMITED,CDFLW2,Yes,Existing Generating CMU,4.724,1.0,Storage - Battery,2026.0,63.0,2023.0
CONRAD (STEVENAGE A) LIMITED,casw20,Yes,Existing Generating CMU,8.566,1.0,Gas,2026.0,63.0,2023.0
CONRAD (STEVENAGE B) LIMITED,Cavrd6,Yes,Existing Generating CMU,7.614,1.0,Gas,2026.0,63.0,2023.0
CONRAD (PUTNOE) LIMITED,elms03,Yes,Existing Generating CMU,4.759,1.0,Gas,2026.0,63.0,2023.0
CONRAD (FLEETWOOD) LIMITED,Copse4,Yes,Existing Generating CMU,8.09,1.0,Gas,2026.0,63.0,2023.0
CONRAD (BLACKPOOL) LIMITED,CDBLK3,Yes,New Build Generating CMU,3.545,15.0,Storage - Battery,2026.0,63.0,2023.0
CONRAD ENERGY (DEVELOPMENTS) LIMITED,CDBSH2,Yes,New Build Generating CMU,6.853,15.0,Gas,2026.0,63.0,2023.0
CONRAD (MIDSOMER) LIMITED,CDMID5,Yes,New Build Generating CMU,0.851,15.0,Storage - Battery,2026.0,63.0,2023.0
CONRAD (LYTHAM) LIMITED,amyjn2,Yes,Existing Generating CMU,6.663,1.0,Gas,2026.0,63.0,2023.0
Riverside Resource Recovery Limited,RRRF41,Yes,Existing Generating CMU,68.72,1.0,Waste,2026.0,63.0,2023.0
CREST ENERGY LIMITED,CREST1,Yes,New Build Generating CMU,19.036,15.0,Gas,2026.0,63.0,2023.0
DARLINGTON SOLAR 1 LIMITED,NRTN22,Yes,New Build Generating CMU,6.682,15.0,Storage - Battery,2026.0,63.0,2023.0
Dalquhandy Wind Farm Limited ,DAL003,Yes,New Build Generating CMU,2.831,15.0,Onshore Wind,2026.0,63.0,2023.0
Drax River Hydro Limited,DX22TO,Yes,Existing Generating CMU,31.628,1.0,Hydro,2026.0,63.0,2023.0
Drax River Hydro Limited,DX22GL,Yes,Existing Generating CMU,21.872,1.0,Hydro,2026.0,63.0,2023.0
Drax Pumped Storage Limited,22CRU1,Yes,Existing Generating CMU,114.945,1.0,Storage - Pumped,2026.0,63.0,2023.0
Drax Pumped Storage Limited,22CRU2,Yes,Existing Generating CMU,114.827,1.0,Storage - Pumped,2026.0,63.0,2023.0
Drax Pumped Storage Limited,22CRU4,Yes,Existing Generating CMU,95.641,1.0,Storage - Pumped,2026.0,63.0,2023.0
Drax Pumped Storage Limited,22CRU3,Yes,Existing Generating CMU,95.25,1.0,Storage - Pumped,2026.0,63.0,2023.0
Drax River Hydro Limited,DX22KE,Yes,Existing Generating CMU,22.026,1.0,Hydro,2026.0,63.0,2023.0
Drax Power Limited,DX0922,Yes,Existing Generating CMU,30.458,1.0,Distillate,2026.0,63.0,2023.0
Drax Power Limited,DX1022,Yes,Existing Generating CMU,30.458,1.0,Distillate,2026.0,63.0,2023.0
Drax Power Limited,DX1222,Yes,Existing Generating CMU,30.458,1.0,Distillate,2026.0,63.0,2023.0
Citigen (London) Limited,CIT005,Yes,Existing Generating CMU,7.345,1.0,Gas,2026.0,63.0,2023.0
E.ON UK Plc,HM1AGG,Yes,Existing Generating CMU,2.274,1.0,Gas,2026.0,63.0,2023.0
E.ON UK Plc,SON001,Yes,New Build Generating CMU,2.923,1.0,Gas,2026.0,63.0,2023.0
E.ON UK Plc,DSR134,No,Unproven DSR CMU,5.0,1.0,DSR,2026.0,63.0,2023.0
E.ON UK Plc,DSR139,Yes,Proven DSR CMU,17.257,1.0,DSR,2026.0,63.0,2023.0
E.ON UK Plc,DSR140,Yes,Proven DSR CMU,3.207,1.0,DSR,2026.0,63.0,2023.0
E.ON UK Plc,WSCC01,Yes,Existing Generating CMU,0.369,1.0,Storage - Battery,2026.0,63.0,2023.0
E.ON UK Plc,DSR141,Yes,Proven DSR CMU,2.4,1.0,DSR,2026.0,63.0,2023.0
E.ON UK Plc,DSR142,Yes,Proven DSR CMU,4.0,1.0,DSR,2026.0,63.0,2023.0
E.ON UK Plc,DSR143,Yes,Proven DSR CMU,8.0,1.0,DSR,2026.0,63.0,2023.0
E.ON UK Plc,CEN014,Yes,Existing Generating CMU,2.553,1.0,Gas,2026.0,63.0,2023.0
E.ON UK Plc,CEN017,Yes,Existing Generating CMU,1.446,1.0,Gas,2026.0,63.0,2023.0
E.ON UK Plc,QMC004,Yes,Existing Generating CMU,4.037,1.0,Gas,2026.0,63.0,2023.0
E.ON UK Plc,CEN015,Yes,Existing Generating CMU,2.661,1.0,Gas,2026.0,63.0,2023.0
E.ON UK Plc,CEN016,Yes,Existing Generating CMU,2.536,1.0,Gas,2026.0,63.0,2023.0
ECOSTOR 1 IMMINGHAM LTD,ECO22A,Yes,New Build Generating CMU,14.216,15.0,Storage - Battery,2026.0,63.0,2023.0
SWANGATE ENERGY STORAGE LIMITED,Swan26,Yes,New Build Generating CMU,8.867,15.0,Storage - Battery,2026.0,63.0,2023.0
ECOTRICITY (SMART GRID) LIMITED,ALBESS,Yes,New Build Generating CMU,2.343,12.0,Storage - Battery,2026.0,63.0,2023.0
EDF Energy Nuclear Generation Limited,SZ1-22,Yes,Existing Generating CMU,482.02,1.0,Nuclear,2026.0,63.0,2023.0
EDF Energy Nuclear Generation Limited,SZ2-22,Yes,Existing Generating CMU,482.02,1.0,Nuclear,2026.0,63.0,2023.0
Porth Wen Solar Limited,PORW22,Yes,New Build Generating CMU,2.485,15.0,Solar,2026.0,63.0,2023.0
West Benhar Windfarm Partnership LLP,WBEN22,Yes,New Build Generating CMU,1.941,15.0,Onshore Wind,2026.0,63.0,2023.0
BEECHGREEN ENERGYFARM LIMITED,SUTB22,Yes,New Build Generating CMU,2.485,15.0,Solar,2026.0,63.0,2023.0
BEECHGREEN ENERGYFARM LIMITED,BURW22,Yes,New Build Generating CMU,2.485,15.0,Solar,2026.0,63.0,2023.0
EirGrid Interconnector Designated Activity Company,EWIC18,Yes,Existing Interconnector CMU,270.0,1.0,Interconnector,2026.0,63.0,2023.0
EL (HAVANT) LIMITED,EL0051,Yes,New Build Generating CMU,19.036,15.0,Gas,2026.0,63.0,2023.0
EL (SLH) Limited,EL0054,No,New Build Generating CMU,9.042,15.0,Gas,2026.0,63.0,2023.0
EL (SLH) Limited,EL0052,Yes,New Build Generating CMU,19.036,15.0,Gas,2026.0,63.0,2023.0
EL (SLH) Limited,EL0053,Yes,New Build Generating CMU,19.036,15.0,Gas,2026.0,63.0,2023.0
Enel X UK Limited,UDSR21,Yes,Unproven DSR CMU,20.0,1.0,DSR,2026.0,63.0,2023.0
Enel X UK Limited,UDSR22,Yes,Unproven DSR CMU,20.0,1.0,DSR,2026.0,63.0,2023.0
Enel X UK Limited,UDSR23,Yes,Unproven DSR CMU,20.0,1.0,DSR,2026.0,63.0,2023.0
Enel X UK Limited,UDSR24,Yes,Unproven DSR CMU,20.0,1.0,DSR,2026.0,63.0,2023.0
Enel X UK Limited,UDSR25,Yes,Unproven DSR CMU,20.0,1.0,DSR,2026.0,63.0,2023.0
Enel X UK Limited,UDSR26,Yes,Unproven DSR CMU,20.0,1.0,DSR,2026.0,63.0,2023.0
Enel X UK Limited,UDSR27,Yes,Unproven DSR CMU,20.0,1.0,DSR,2026.0,63.0,2023.0
Enel X UK Limited,UDSR28,Yes,Unproven DSR CMU,20.0,1.0,DSR,2026.0,63.0,2023.0
Enel X UK Limited,UDSR29,Yes,Unproven DSR CMU,20.0,1.0,DSR,2026.0,63.0,2023.0
Enel X UK Limited,UDSR30,Yes,Unproven DSR CMU,20.0,1.0,DSR,2026.0,63.0,2023.0
Enel X UK Limited,UDSR31,Yes,Unproven DSR CMU,20.0,1.0,DSR,2026.0,63.0,2023.0
Enel X UK Limited,UDSR32,Yes,Unproven DSR CMU,20.0,1.0,DSR,2026.0,63.0,2023.0
Enel X UK Limited,UDSR33,Yes,Unproven DSR CMU,10.0,1.0,DSR,2026.0,63.0,2023.0
Enel X UK Limited,UDSR01,No,Unproven DSR CMU,20.0,1.0,DSR,2026.0,63.0,2023.0
Enel X UK Limited,UDSR02,Yes,Unproven DSR CMU,20.0,1.0,DSR,2026.0,63.0,2023.0
Enel X UK Limited,UDSR03,Yes,Unproven DSR CMU,20.0,1.0,DSR,2026.0,63.0,2023.0
Enel X UK Limited,UDSR04,Yes,Unproven DSR CMU,20.0,1.0,DSR,2026.0,63.0,2023.0
Enel X UK Limited,UDSR05,Yes,Unproven DSR CMU,20.0,1.0,DSR,2026.0,63.0,2023.0
Enel X UK Limited,UDSR06,Yes,Unproven DSR CMU,20.0,1.0,DSR,2026.0,63.0,2023.0
Enel X UK Limited,UDSR07,Yes,Unproven DSR CMU,20.0,1.0,DSR,2026.0,63.0,2023.0
Enel X UK Limited,UDSR08,Yes,Unproven DSR CMU,20.0,1.0,DSR,2026.0,63.0,2023.0
Enel X UK Limited,UDSR09,Yes,Unproven DSR CMU,20.0,1.0,DSR,2026.0,63.0,2023.0
Enel X UK Limited,UDSR10,Yes,Unproven DSR CMU,20.0,1.0,DSR,2026.0,63.0,2023.0
Enel X UK Limited,UDSR11,Yes,Unproven DSR CMU,20.0,1.0,DSR,2026.0,63.0,2023.0
Enel X UK Limited,UDSR12,Yes,Unproven DSR CMU,20.0,1.0,DSR,2026.0,63.0,2023.0
Enel X UK Limited,UDSR13,Yes,Unproven DSR CMU,20.0,1.0,DSR,2026.0,63.0,2023.0
Enel X UK Limited,UDSR14,Yes,Unproven DSR CMU,20.0,1.0,DSR,2026.0,63.0,2023.0
Enel X UK Limited,UDSR15,Yes,Unproven DSR CMU,20.0,1.0,DSR,2026.0,63.0,2023.0
Enel X UK Limited,UDSR16,Yes,Unproven DSR CMU,20.0,1.0,DSR,2026.0,63.0,2023.0
Enel X UK Limited,UDSR17,Yes,Unproven DSR CMU,20.0,1.0,DSR,2026.0,63.0,2023.0
Enel X UK Limited,UDSR18,Yes,Unproven DSR CMU,20.0,1.0,DSR,2026.0,63.0,2023.0
Enel X UK Limited,UDSR19,Yes,Unproven DSR CMU,20.0,1.0,DSR,2026.0,63.0,2023.0
Enel X UK Limited,UDSR20,Yes,Unproven DSR CMU,20.0,1.0,DSR,2026.0,63.0,2023.0
ENERGI GENERATION 7 LTD,22WHI4,Yes,New Build Generating CMU,4.33,15.0,Storage - Battery,2026.0,63.0,2023.0
ENFINIUM FERRYBRIDGE 1 LIMITED,F1--26,Yes,Existing Generating CMU,67.786,1.0,Waste,2026.0,63.0,2023.0
ENFINIUM FERRYBRIDGE 2 LIMITED,F2--26,Yes,Existing Generating CMU,67.752,1.0,Waste,2026.0,63.0,2023.0
ENFINIUM PARC ADFER LIMITED ,PA--26,Yes,Existing Generating CMU,14.958,1.0,Waste,2026.0,63.0,2023.0
COWLEY BALDON GREEN LIMITED,COWLEY,Yes,New Build Generating CMU,8.885,15.0,Storage - Battery,2026.0,63.0,2023.0
WARLEY GREEN LIMITED,WARLEY,Yes,New Build Generating CMU,8.885,15.0,Storage - Battery,2026.0,63.0,2023.0
ENSO GREEN HOLDINGS K LIMITED,HIMARN,Yes,New Build Generating CMU,8.885,15.0,Storage - Battery,2026.0,63.0,2023.0
ENSO GREEN HOLDINGS I LIMITED,THOMAR,Yes,New Build Generating CMU,8.885,15.0,Storage - Battery,2026.0,63.0,2023.0
MELKSHAM CALNE GREEN LIMITED,MELKSH,No,New Build Generating CMU,8.885,15.0,Storage - Battery,2026.0,63.0,2023.0
WALPOLE GREEN LIMITED,WALPOL,Yes,New Build Generating CMU,8.885,15.0,Storage - Battery,2026.0,63.0,2023.0
Eggborough Power Limited,EGOC26,No,New Build Generating CMU,284.588,15.0,Gas,2026.0,63.0,2023.0
EP SHB Limited,EPSHB2,Yes,Existing Generating CMU,529.772,1.0,Gas,2026.0,63.0,2023.0
Eggborough Power Limited,EGGPS1,Yes,New Build Generating CMU,776.39,15.0,Gas,2026.0,63.0,2023.0
Eggborough Power Limited,EGGPS2,Yes,New Build Generating CMU,776.39,15.0,Gas,2026.0,63.0,2023.0
Eggborough Power Limited,EBAT30,Yes,New Build Generating CMU,70.654,15.0,Storage - Battery,2026.0,63.0,2023.0
EP Langage Limited,EPLAGA,Yes,Existing Generating CMU,826.627,1.0,Gas,2026.0,63.0,2023.0
EP SHB Limited,EPSHB1,No,Existing Generating CMU,748.988,1.0,Gas,2026.0,63.0,2023.0
ESB SOLAR (NORTHERN IRELAND) LIMITED,MLFM-1,Yes,Existing Generating CMU,0.827,1.0,Storage - Battery,2026.0,63.0,2023.0
Carrington Power Limited,CRTN-1,Yes,Existing Generating CMU,415.597,1.0,Gas,2026.0,63.0,2023.0
Carrington Power Limited,CRTN-2,Yes,Existing Generating CMU,415.597,1.0,Gas,2026.0,63.0,2023.0
Corby Power Limited,CORY-2,No,New Build Generating CMU,314.094,15.0,Gas,2026.0,63.0,2023.0
Capella Bess Ltd,NCAS_1,No,New Build Generating CMU,23.583,15.0,Storage - Battery,2026.0,63.0,2023.0
ALUDRA BESS LTD,DRKL_1,Yes,New Build Generating CMU,21.267,15.0,Storage - Battery,2026.0,63.0,2023.0
"ESSO PETROLEUM COMPANY,LIMITED",EMD-22,Yes,Existing Generating CMU,72.885,1.0,Gas,2026.0,63.0,2023.0
"ESSO PETROLEUM COMPANY,LIMITED",EMG-22,Yes,Existing Generating CMU,126.454,1.0,Gas,2026.0,63.0,2023.0
FCC (E&M) Limited,FCCMI2,Yes,Existing Generating CMU,12.108,1.0,Waste,2026.0,63.0,2023.0
FCC Buckinghamshire Limited,FCCBU2,Yes,Existing Generating CMU,23.933,1.0,Waste,2026.0,63.0,2023.0
First Hydro Company,9D3224,Yes,Existing Generating CMU,269.812,1.0,Storage - Pumped,2026.0,63.0,2023.0
First Hydro Company,9D4224,Yes,Existing Generating CMU,269.812,1.0,Storage - Pumped,2026.0,63.0,2023.0
First Hydro Company,9D5224,Yes,Existing Generating CMU,269.812,1.0,Storage - Pumped,2026.0,63.0,2023.0
First Hydro Company,9D6224,Yes,Existing Generating CMU,269.812,1.0,Storage - Pumped,2026.0,63.0,2023.0
FLEXION ENERGY HOLDINGS UK LTD,iV010G,Yes,New Build Generating CMU,3.133,15.0,Storage - Battery,2026.0,63.0,2023.0
Baker Street Generation Limited,PROT22,Yes,New Build Generating CMU,4.283,15.0,Gas,2026.0,63.0,2023.0
Forsa Energy (Beryl Street) Holdings Limited,SHAP22,Yes,New Build Generating CMU,21.416,15.0,Gas,2026.0,63.0,2023.0
Forsa Energy (Beryl Street) Holdings Limited,FELL22,Yes,New Build Generating CMU,21.416,15.0,Gas,2026.0,63.0,2023.0
Baker Street Generation Limited,KNOW22,Yes,New Build Generating CMU,19.036,15.0,Gas,2026.0,63.0,2023.0
FPC ELECTRIC LAND LIMITED,EL0058,No,New Build Generating CMU,17.723,15.0,Storage - Battery,2026.0,63.0,2023.0
FPC ELECTRIC LAND LIMITED,EL0059,Yes,New Build Generating CMU,5.908,15.0,Storage - Battery,2026.0,63.0,2023.0
AMALGAMATED SMART METERING LIMITED,ASMUS3,Yes,Existing Generating CMU,7.278,1.0,Gas,2026.0,63.0,2023.0
DURHAM RP LIMITED,DRPKR3,Yes,Existing Generating CMU,3.665,1.0,Gas,2026.0,63.0,2023.0
ELECLINK LIMITED,ElecL7,Yes,Existing Interconnector CMU,690.0,1.0,Interconnector,2026.0,63.0,2023.0
Glass Leaf Power Limited,BRAN20,Yes,Existing Generating CMU,3.044,1.0,Gas,2026.0,63.0,2023.0
GSES 1 LIMITED,ANC1A1,Yes,Existing Generating CMU,0.495,1.0,Storage - Battery,2026.0,63.0,2023.0
GSES 1 LIMITED,ANC2A1,Yes,Existing Generating CMU,0.468,1.0,Storage - Battery,2026.0,63.0,2023.0
OSSPV001 LIMITED,GSF006,Yes,Proven DSR CMU,6.431,1.0,DSR,2026.0,63.0,2023.0
GSES 1 LIMITED,KA1MID,Yes,New Build Generating CMU,47.26,15.0,Storage - Battery,2026.0,63.0,2023.0
GSES 1 LIMITED,AGHUL4,Yes,Existing Generating CMU,1.724,1.0,Storage - Battery,2026.0,63.0,2023.0
GSES 1 LIMITED,AGLAR4,Yes,Existing Generating CMU,1.689,1.0,Storage - Battery,2026.0,63.0,2023.0
GSES 1 LIMITED,ADSLS4,Yes,Existing Generating CMU,1.712,1.0,Storage - Battery,2026.0,63.0,2023.0
GIG FAUNE HOLDCO LIMITED,OCKH02,Yes,New Build Generating CMU,11.739,15.0,Storage - Battery,2026.0,63.0,2023.0
FCC Environment (Lincolnshire) Limited,FCCLI4,Yes,Existing Generating CMU,11.527,1.0,Waste,2026.0,63.0,2023.0
Douglas West Wind Farm Ltd,DGWES2,Yes,Existing Generating CMU,3.033,1.0,Onshore Wind,2026.0,63.0,2023.0
WINDY RIG WIND FARM LIMITED,WINDYR,Yes,Existing Generating CMU,2.885,1.0,Onshore Wind,2026.0,63.0,2023.0
TWENTYSHILLING LIMITED,TWESHI,Yes,Existing Generating CMU,2.548,1.0,Onshore Wind,2026.0,63.0,2023.0
Greenlink Interconnector Limited,GILIC1,Yes,New Build Interconnector CMU,272.16,1.0,Interconnector,2026.0,63.0,2023.0
Greenspan Nifty Fifty Limited,GNRA01,Yes,New Build Generating CMU,3.046,15.0,Gas,2026.0,63.0,2023.0
Bolshan Renewables Limited,SRHA05,Yes,Existing Generating CMU,1.479,1.0,Storage - Battery,2026.0,63.0,2023.0
Greenspan Nifty Fifty Limited,GNRB01,Yes,New Build Generating CMU,3.198,15.0,Gas,2026.0,63.0,2023.0
Greenspan Contractors Limited,ABCN06,Yes,Existing Generating CMU,3.807,1.0,Gas,2026.0,63.0,2023.0
Greenspan Nifty Fifty Limited,WPKA06,Yes,Existing Generating CMU,3.807,1.0,Gas,2026.0,63.0,2023.0
Greenspan Nifty Fifty Limited,WPKB06,Yes,Existing Generating CMU,3.807,1.0,Gas,2026.0,63.0,2023.0
Tynemouth Battery Storage Limited,TYNE23,Yes,Existing Generating CMU,2.831,1.0,Storage - Battery,2026.0,63.0,2023.0
Grendon Storage Limited,GREN26,Yes,New Build Generating CMU,8.979,15.0,Storage - Battery,2026.0,63.0,2023.0
GREENGRIDPOWER1 LTD,SHIL26,Yes,New Build Generating CMU,7.089,15.0,Storage - Battery,2026.0,63.0,2023.0
GridBeyond Limited,GBD030,Yes,Proven DSR CMU,6.504,1.0,DSR,2026.0,63.0,2023.0
GridBeyond Limited,GBD031,Yes,Proven DSR CMU,3.016,1.0,DSR,2026.0,63.0,2023.0
GridBeyond Limited,GBD029,Yes,Proven DSR CMU,4.895,1.0,DSR,2026.0,63.0,2023.0
GridBeyond Limited,GBD028,Yes,Proven DSR CMU,5.243,1.0,DSR,2026.0,63.0,2023.0
GridBeyond Limited,END036,Yes,Unproven DSR CMU,9.173,1.0,DSR,2026.0,63.0,2023.0
GridBeyond Limited,GBD027,Yes,Proven DSR CMU,3.586,1.0,DSR,2026.0,63.0,2023.0
GridBeyond Limited,GBD014,Yes,Proven DSR CMU,2.776,1.0,DSR,2026.0,63.0,2023.0
GridBeyond Limited,GBD002,Yes,Proven DSR CMU,2.715,1.0,DSR,2026.0,63.0,2023.0
GridBeyond Limited,GBD034,Yes,Proven DSR CMU,2.788,1.0,DSR,2026.0,63.0,2023.0
GridBeyond Limited,GBD035,Yes,Proven DSR CMU,1.751,1.0,DSR,2026.0,63.0,2023.0
GridBeyond Limited,GBD033,Yes,Proven DSR CMU,5.188,1.0,DSR,2026.0,63.0,2023.0
GridBeyond Limited,END046,Yes,Unproven DSR CMU,0.715,1.0,DSR,2026.0,63.0,2023.0
GridBeyond Limited,END049,No,Unproven DSR CMU,4.787,1.0,DSR,2026.0,63.0,2023.0
GridBeyond Limited,END050,No,Unproven DSR CMU,3.573,1.0,DSR,2026.0,63.0,2023.0
GridBeyond Limited,END051,No,Unproven DSR CMU,3.573,1.0,DSR,2026.0,63.0,2023.0
GridBeyond Limited,END052,No,Unproven DSR CMU,3.573,1.0,DSR,2026.0,63.0,2023.0
GridBeyond Limited,END054,Yes,Unproven DSR CMU,3.573,1.0,DSR,2026.0,63.0,2023.0
GridBeyond Limited,END055,Yes,Unproven DSR CMU,3.573,1.0,DSR,2026.0,63.0,2023.0
GridBeyond Limited,END056,Yes,Unproven DSR CMU,1.429,1.0,DSR,2026.0,63.0,2023.0
GridBeyond Limited,END057,Yes,Unproven DSR CMU,1.429,1.0,DSR,2026.0,63.0,2023.0
GridBeyond Limited,END058,Yes,Unproven DSR CMU,1.429,1.0,DSR,2026.0,63.0,2023.0
GridBeyond Limited,END059,Yes,Unproven DSR CMU,1.429,1.0,DSR,2026.0,63.0,2023.0
GridBeyond Limited,END060,Yes,Unproven DSR CMU,1.429,1.0,DSR,2026.0,63.0,2023.0
GridBeyond Limited,END062,No,Unproven DSR CMU,1.429,1.0,DSR,2026.0,63.0,2023.0
GridBeyond Limited,GBD004,Yes,Existing Generating CMU,4.926,1.0,Gas,2026.0,63.0,2023.0
GridBeyond Limited,GBD013,Yes,Existing Generating CMU,6.382,1.0,Gas,2026.0,63.0,2023.0
GridBeyond Limited,GBD017,Yes,Existing Generating CMU,47.752,1.0,Gas,2026.0,63.0,2023.0
GridBeyond Limited,GBD047,Yes,Existing Generating CMU,9.063,1.0,Gas,2026.0,63.0,2023.0
GridBeyond Limited,GBD048,Yes,Existing Generating CMU,1.37,1.0,Gas,2026.0,63.0,2023.0
GridBeyond Limited,GBD009,Yes,Existing Generating CMU,30.051,1.0,Gas,2026.0,63.0,2023.0
GridBeyond Limited,END018,Yes,Unproven DSR CMU,3.429,1.0,DSR,2026.0,63.0,2023.0
GridBeyond Limited,GBD008,Yes,Existing Generating CMU,4.948,1.0,Gas,2026.0,63.0,2023.0
GridBeyond Limited,END032,Yes,Unproven DSR CMU,3.062,1.0,DSR,2026.0,63.0,2023.0
NORWICH EAST ELECTRIC FORECOURT LTD,GS_EF2,Yes,New Build Generating CMU,0.709,3.0,Storage - Battery,2026.0,63.0,2023.0
CLAYHILL SOLAR LIMITED,AGCLHS,Yes,Existing Generating CMU,0.709,1.0,Storage - Battery,2026.0,63.0,2023.0
Harmony BF Limited,HBF226,Yes,New Build Generating CMU,8.796,15.0,Storage - Battery,2026.0,63.0,2023.0
Harmony BF Limited,HBF126,Yes,New Build Generating CMU,8.796,15.0,Storage - Battery,2026.0,63.0,2023.0
Harmony HB Limited,HHBL20,Yes,Existing Generating CMU,1.772,1.0,Storage - Battery,2026.0,63.0,2023.0
HARMONY HP (JV) LIMITED,HHPL22,Yes,New Build Generating CMU,8.867,15.0,Storage - Battery,2026.0,63.0,2023.0
HARMONY RC LIMITED,HRC122,No,New Build Generating CMU,17.592,15.0,Storage - Battery,2026.0,63.0,2023.0
HARMONY WG (JV) LIMITED,HWGL22,Yes,New Build Generating CMU,5.864,15.0,Storage - Battery,2026.0,63.0,2023.0
FlexibleGridPower2 Ltd,H22241,Yes,New Build Generating CMU,18.344,15.0,Storage - Battery,2026.0,63.0,2023.0
FlexibleGridPower2 Ltd,H22242,Yes,New Build Generating CMU,18.344,15.0,Storage - Battery,2026.0,63.0,2023.0
FlexibleGridPower2 Ltd,H22243,Yes,New Build Generating CMU,4.586,15.0,Storage - Battery,2026.0,63.0,2023.0
FlexibleGridPower2 Ltd,H22244,Yes,New Build Generating CMU,4.586,15.0,Storage - Battery,2026.0,63.0,2023.0
FlexibleGridPower2 Ltd,H12245,No,New Build Generating CMU,18.344,15.0,Storage - Battery,2026.0,63.0,2023.0
FlexibleGridPower2 Ltd,H12246,No,New Build Generating CMU,18.344,15.0,Storage - Battery,2026.0,63.0,2023.0
FlexibleGridPower2 Ltd,H12247,Yes,New Build Generating CMU,4.586,15.0,Storage - Battery,2026.0,63.0,2023.0
FlexibleGridPower2 Ltd,H12248,Yes,New Build Generating CMU,4.586,15.0,Storage - Battery,2026.0,63.0,2023.0
FlexibleGridPower2 Ltd,H22245,No,New Build Generating CMU,18.344,15.0,Storage - Battery,2026.0,63.0,2023.0
FlexibleGridPower2 Ltd,H22246,No,New Build Generating CMU,18.344,15.0,Storage - Battery,2026.0,63.0,2023.0
FlexibleGridPower2 Ltd,H22247,Yes,New Build Generating CMU,4.586,15.0,Storage - Battery,2026.0,63.0,2023.0
FlexibleGridPower2 Ltd,H22248,Yes,New Build Generating CMU,4.586,15.0,Storage - Battery,2026.0,63.0,2023.0
FlexibleGridPower2 Ltd,H12241,Yes,New Build Generating CMU,18.344,15.0,Storage - Battery,2026.0,63.0,2023.0
FlexibleGridPower2 Ltd,H12242,Yes,New Build Generating CMU,18.344,15.0,Storage - Battery,2026.0,63.0,2023.0
FlexibleGridPower2 Ltd,H12243,Yes,New Build Generating CMU,4.586,15.0,Storage - Battery,2026.0,63.0,2023.0
FlexibleGridPower2 Ltd,H12244,Yes,New Build Generating CMU,4.586,15.0,Storage - Battery,2026.0,63.0,2023.0
HYDROCK CONSULTANTS LIMITED,HY0001,Yes,New Build Generating CMU,5.503,15.0,Storage - Battery,2026.0,63.0,2023.0
Grangemouth CHP Limited,GCHPLB,Yes,Existing Generating CMU,129.703,1.0,Gas,2026.0,63.0,2023.0
INOVYN ChlorVinyls Limited,INO200,Yes,Unproven DSR CMU,35.725,1.0,DSR,2026.0,63.0,2023.0
INOVYN ChlorVinyls Limited,INO101,Yes,Existing Generating CMU,8.938,1.0,Gas,2026.0,63.0,2023.0
Gateway Energy Centre Limited,GECB22,Yes,New Build Generating CMU,30.719,15.0,Storage - Battery,2026.0,63.0,2023.0
"Spalding Energy Company, Ltd.",IGSP22,Yes,Existing Generating CMU,867.73,1.0,Gas,2026.0,63.0,2023.0
"Coryton Energy Company, Ltd.",IGCE22,Yes,Existing Generating CMU,730.72,1.0,Gas,2026.0,63.0,2023.0
"Rocksavage Power Company, Ltd.",IGRK22,Yes,Existing Generating CMU,758.122,1.0,Gas,2026.0,63.0,2023.0
FS WEST GOURDIE LIMITED,FSWG26,Yes,New Build Generating CMU,3.543,15.0,Storage - Battery,2026.0,63.0,2023.0
Kent Enviropower Limited,FCCAL3,Yes,Existing Generating CMU,30.794,1.0,Waste,2026.0,63.0,2023.0
SpectrumReserve Ltd,K22242,Yes,New Build Generating CMU,18.344,15.0,Storage - Battery,2026.0,63.0,2023.0
SpectrumReserve Ltd,K22243,Yes,New Build Generating CMU,4.586,15.0,Storage - Battery,2026.0,63.0,2023.0
SpectrumReserve Ltd,K22244,Yes,New Build Generating CMU,4.586,15.0,Storage - Battery,2026.0,63.0,2023.0
SpectrumReserve Ltd,K12245,No,New Build Generating CMU,18.344,15.0,Storage - Battery,2026.0,63.0,2023.0
SpectrumReserve Ltd,K12246,No,New Build Generating CMU,18.344,15.0,Storage - Battery,2026.0,63.0,2023.0
SpectrumReserve Ltd,K12247,Yes,New Build Generating CMU,4.586,15.0,Storage - Battery,2026.0,63.0,2023.0
SpectrumReserve Ltd,K12248,Yes,New Build Generating CMU,4.586,15.0,Storage - Battery,2026.0,63.0,2023.0
SpectrumReserve Ltd,K22245,No,New Build Generating CMU,18.344,15.0,Storage - Battery,2026.0,63.0,2023.0
SpectrumReserve Ltd,K22246,No,New Build Generating CMU,18.344,15.0,Storage - Battery,2026.0,63.0,2023.0
SpectrumReserve Ltd,K22247,Yes,New Build Generating CMU,4.586,15.0,Storage - Battery,2026.0,63.0,2023.0
SpectrumReserve Ltd,K22248,Yes,New Build Generating CMU,4.586,15.0,Storage - Battery,2026.0,63.0,2023.0
SpectrumReserve Ltd,K12241,Yes,New Build Generating CMU,18.344,15.0,Storage - Battery,2026.0,63.0,2023.0
SpectrumReserve Ltd,K12242,Yes,New Build Generating CMU,18.344,15.0,Storage - Battery,2026.0,63.0,2023.0
SpectrumReserve Ltd,K12243,Yes,New Build Generating CMU,4.586,15.0,Storage - Battery,2026.0,63.0,2023.0
SpectrumReserve Ltd,K12244,Yes,New Build Generating CMU,4.586,15.0,Storage - Battery,2026.0,63.0,2023.0
SpectrumReserve Ltd,K22241,Yes,New Build Generating CMU,18.344,15.0,Storage - Battery,2026.0,63.0,2023.0
LAKESIDE ENERGY FROM WASTE LIMITED,LAKE23,Yes,Existing Generating CMU,32.592,1.0,Waste,2026.0,63.0,2023.0
LEL FRODO BATTERY LIMITED,ETFRO1,Yes,New Build Generating CMU,2.363,15.0,Storage - Battery,2026.0,63.0,2023.0
Mercia Waste Management Limited,MWM001,Yes,Existing Generating CMU,17.263,1.0,Waste,2026.0,63.0,2023.0
MORAY OFFSHORE WINDFARM (WEST) LIMITED,MOWWL1,Yes,New Build Generating CMU,47.559,15.0,Offshore Wind,2026.0,63.0,2023.0
Moyle Interconnector Limited,Moyle7,Yes,Existing Interconnector CMU,270.0,1.0,Interconnector,2026.0,63.0,2023.0
MWKB21 LIMITED,MWKB32,Yes,New Build Generating CMU,2.38,15.0,Gas,2026.0,63.0,2023.0
MWKB21 LIMITED,MWKB31,Yes,New Build Generating CMU,4.759,15.0,Gas,2026.0,63.0,2023.0
National Grid Interconnectors Limited,IFA_19,Yes,Existing Interconnector CMU,1260.0,1.0,Interconnector,2026.0,63.0,2023.0
National Grid North Sea Link Limited,NSL-22,Yes,Existing Interconnector CMU,1162.0,1.0,Interconnector,2026.0,63.0,2023.0
National Grid IFA2 Limited,IFA221,Yes,Existing Interconnector CMU,715.0,1.0,Interconnector,2026.0,63.0,2023.0
NEMO LINK LIMITED,NEMO19,Yes,Existing Interconnector CMU,640.0,1.0,Interconnector,2026.0,63.0,2023.0
NATIONAL GRID VIKING LINK LIMITED,VIK_22,Yes,New Build Interconnector CMU,770.0,1.0,Interconnector,2026.0,63.0,2023.0
NEXTPOWER EELPOWER CAMILLA LIMITED,CAMI26,Yes,New Build Generating CMU,8.867,6.0,Storage - Battery,2026.0,63.0,2023.0
Noriker Poise Ltd,BFRD26,Yes,New Build Generating CMU,4.443,15.0,Storage - Battery,2026.0,63.0,2023.0
Northumberland Energy Recovery Limited,SUEZ23,Yes,Existing Generating CMU,9.359,1.0,Waste,2026.0,63.0,2023.0
Nuclear Decommissioning Authority,NDAMAN,Yes,Existing Generating CMU,25.697,1.0,Hydro,2026.0,63.0,2023.0
OCTOPUS ENERGY LIMITED,OCTO12,Yes,Unproven DSR CMU,12.0,1.0,DSR,2026.0,63.0,2023.0
OCTOPUS ENERGY LIMITED,OCTO13,Yes,Unproven DSR CMU,12.0,1.0,DSR,2026.0,63.0,2023.0
OCTOPUS ENERGY LIMITED,OCTO14,Yes,Unproven DSR CMU,12.0,1.0,DSR,2026.0,63.0,2023.0
OCTOPUS ENERGY LIMITED,OCTO15,No,Unproven DSR CMU,1.0,1.0,DSR,2026.0,63.0,2023.0
OCTOPUS ENERGY LIMITED,OCTO01,Yes,Unproven DSR CMU,4.072,1.0,DSR,2026.0,63.0,2023.0
CUMBERHEAD WIND ENERGY LIMITED,Cumb22,Yes,New Build Generating CMU,3.37,15.0,Onshore Wind,2026.0,63.0,2023.0
The Isle of Wight Energy Company Limited,LANE22,Yes,New Build Generating CMU,4.202,15.0,Gas,2026.0,63.0,2023.0
The Isle of Wight Energy Company Limited,MILL22,Yes,New Build Generating CMU,6.851,15.0,Gas,2026.0,63.0,2023.0
P3P Energy Management Limited,BREH20,Yes,Existing Generating CMU,13.474,1.0,Gas,2026.0,63.0,2023.0
P3P Energy Management AE Limited,CASQ20,Yes,Existing Generating CMU,3.035,1.0,Gas,2026.0,63.0,2023.0
SPARK STEAM LIMITED,TEES20,Yes,Existing Generating CMU,5.996,1.0,Gas,2026.0,63.0,2023.0
RICHBOROUGH ENERGY PARK LIMITED,REP2T4,Yes,New Build Generating CMU,4.134,7.0,Storage - Battery,2026.0,63.0,2023.0
RICHBOROUGH ENERGY PARK LIMITED,REP1T4,Yes,New Build Generating CMU,4.134,7.0,Storage - Battery,2026.0,63.0,2023.0
W4B Renewable Energy Limited,W42022,Yes,Existing Generating CMU,15.229,1.0,Diesel,2026.0,63.0,2023.0
Peak Gen Power 2 Limited,PBPGP2,No,Refurbishing Generating CMU,11.422,3.0,Biomass,2026.0,63.0,2023.0
Peak Gen Power Limited,COVPGL,Yes,Existing Generating CMU,5.711,1.0,Diesel,2026.0,63.0,2023.0
Peak Gen Power Limited,HATPGL,Yes,Existing Generating CMU,4.172,1.0,Diesel,2026.0,63.0,2023.0
Peak Gen Power Limited,DIDPGL,Yes,Existing Generating CMU,3.141,1.0,Diesel,2026.0,63.0,2023.0
Peak Gen Power Limited,HAYPGL,Yes,Existing Generating CMU,5.14,1.0,Diesel,2026.0,63.0,2023.0
Leafield Energy Limited,LEA222,Yes,New Build Generating CMU,4.726,15.0,Storage - Battery,2026.0,63.0,2023.0
Leafield Energy Limited,LEA221,No,New Build Generating CMU,2.362,15.0,Storage - Battery,2026.0,63.0,2023.0
HD777FRY LTD,FRY026,Yes,New Build Generating CMU,13.469,15.0,Storage - Battery,2026.0,63.0,2023.0
Pivoted Power LLP,PPKM22,Yes,Existing Generating CMU,4.724,1.0,Storage - Battery,2026.0,63.0,2023.0
Pivoted Power LLP,PPSN22,Yes,New Build Generating CMU,7.798,15.0,Storage - Battery,2026.0,63.0,2023.0
Pivoted Power LLP,PPIQ22,Yes,New Build Generating CMU,7.089,15.0,Storage - Battery,2026.0,63.0,2023.0
Pivoted Power LLP,PPBF22,Yes,New Build Generating CMU,8.979,15.0,Storage - Battery,2026.0,63.0,2023.0
Pivoted Power LLP,PPCW22,Yes,Existing Generating CMU,4.725,1.0,Storage - Battery,2026.0,63.0,2023.0
Pulse Clean Energy UK Limited,EL0064,Yes,New Build Generating CMU,2.836,15.0,Storage - Battery,2026.0,63.0,2023.0
Pulse Clean Energy UK Limited,BATT06,No,New Build Generating CMU,1.89,1.0,Storage - Battery,2026.0,63.0,2023.0
Pulse Clean Energy UK Limited,BATT07,No,New Build Generating CMU,1.772,1.0,Storage - Battery,2026.0,63.0,2023.0
Pulse Clean Energy UK Limited,BATT08,No,New Build Generating CMU,1.181,1.0,Storage - Battery,2026.0,63.0,2023.0
Pulse Clean Energy UK Limited,BATT03,No,New Build Generating CMU,2.008,10.0,Storage - Battery,2026.0,63.0,2023.0
Pulse Clean Energy UK Limited,BATT04,No,New Build Generating CMU,1.417,1.0,Storage - Battery,2026.0,63.0,2023.0
Pulse Clean Energy UK Limited,EL0061,Yes,New Build Generating CMU,4.726,15.0,Storage - Battery,2026.0,63.0,2023.0
Pulse Clean Energy UK Limited,EL0062,Yes,New Build Generating CMU,2.363,15.0,Storage - Battery,2026.0,63.0,2023.0
Pulse Clean Energy UK Limited,EL0063,Yes,New Build Generating CMU,7.089,15.0,Storage - Battery,2026.0,63.0,2023.0
R&S ENERGY LIMITED,Wat001,Yes,New Build Generating CMU,2.198,15.0,Storage - Battery,2026.0,63.0,2023.0
R&S ENERGY LIMITED,Bux001,Yes,New Build Generating CMU,2.481,15.0,Storage - Battery,2026.0,63.0,2023.0
Flexitricity Limited,F22127,Yes,Unproven DSR CMU,4.501,1.0,DSR,2026.0,63.0,2023.0
Flexitricity Limited,F22128,Yes,Unproven DSR CMU,4.501,1.0,DSR,2026.0,63.0,2023.0
Flexitricity Limited,F22130,Yes,Unproven DSR CMU,4.501,1.0,DSR,2026.0,63.0,2023.0
Flexitricity Limited,F22132,Yes,Unproven DSR CMU,4.501,1.0,DSR,2026.0,63.0,2023.0
Flexitricity Limited,F22129,Yes,Unproven DSR CMU,4.501,1.0,DSR,2026.0,63.0,2023.0
Flexitricity Limited,F22131,Yes,Unproven DSR CMU,4.501,1.0,DSR,2026.0,63.0,2023.0
Flexitricity Limited,F22133,Yes,Unproven DSR CMU,4.501,1.0,DSR,2026.0,63.0,2023.0
Flexitricity Limited,F22113,Yes,Unproven DSR CMU,2.758,1.0,DSR,2026.0,63.0,2023.0
Flexitricity Limited,F21144,Yes,Existing Generating CMU,0.913,1.0,Gas,2026.0,63.0,2023.0
Flexitricity Limited,F21149,No,Existing Generating CMU,1.827,1.0,Gas,2026.0,63.0,2023.0
Flexitricity Limited,F21150,Yes,Existing Generating CMU,1.827,1.0,Gas,2026.0,63.0,2023.0
Flexitricity Limited,F22153,Yes,Existing Generating CMU,2.74,1.0,Gas,2026.0,63.0,2023.0
Flexitricity Limited,F18005,Yes,Existing Generating CMU,5.48,1.0,Gas,2026.0,63.0,2023.0
Flexitricity Limited,F18011,Yes,Existing Generating CMU,2.865,1.0,Gas,2026.0,63.0,2023.0
Flexitricity Limited,F18024,No,Existing Generating CMU,4.372,1.0,Gas,2026.0,63.0,2023.0
Flexitricity Limited,F20025,No,Existing Generating CMU,14.208,1.0,Gas,2026.0,63.0,2023.0
Flexitricity Limited,F20008,Yes,Existing Generating CMU,2.832,1.0,Gas,2026.0,63.0,2023.0
Flexitricity Limited,F22112,Yes,Proven DSR CMU,1.965,1.0,DSR,2026.0,63.0,2023.0
Flexitricity Limited,F22042,Yes,Proven DSR CMU,9.874,1.0,DSR,2026.0,63.0,2023.0
Flexitricity Limited,F22043,Yes,Proven DSR CMU,9.902,1.0,DSR,2026.0,63.0,2023.0
Flexitricity Limited,F22073,Yes,Proven DSR CMU,3.216,1.0,DSR,2026.0,63.0,2023.0
Flexitricity Limited,F22077,Yes,Proven DSR CMU,7.0,1.0,DSR,2026.0,63.0,2023.0
Flexitricity Limited,F22081,Yes,Proven DSR CMU,4.824,1.0,DSR,2026.0,63.0,2023.0
Flexitricity Limited,F22123,Yes,Unproven DSR CMU,4.501,1.0,DSR,2026.0,63.0,2023.0
Flexitricity Limited,F22124,Yes,Unproven DSR CMU,4.501,1.0,DSR,2026.0,63.0,2023.0
Flexitricity Limited,F22125,Yes,Unproven DSR CMU,4.501,1.0,DSR,2026.0,63.0,2023.0
Flexitricity Limited,F22126,Yes,Unproven DSR CMU,4.501,1.0,DSR,2026.0,63.0,2023.0
RG STEVENAGE BESS LTD,RGS002,Yes,New Build Generating CMU,7.463,15.0,Storage - Battery,2026.0,63.0,2023.0
RWE Generation UK plc,PM2122,Yes,Existing Generating CMU,433.865,1.0,Gas,2026.0,63.0,2023.0
RWE Generation UK plc,PM3122,Yes,Existing Generating CMU,433.865,1.0,Gas,2026.0,63.0,2023.0
RWE Generation UK plc,PM4122,Yes,Existing Generating CMU,433.865,1.0,Gas,2026.0,63.0,2023.0
RWE Generation UK plc,PM5122,Yes,Existing Generating CMU,433.865,1.0,Gas,2026.0,63.0,2023.0
RWE Generation UK plc,STA122,Yes,Existing Generating CMU,423.818,1.0,Gas,2026.0,63.0,2023.0
RWE Generation UK plc,STA222,Yes,Existing Generating CMU,423.818,1.0,Gas,2026.0,63.0,2023.0
RWE Generation UK plc,STA322,Yes,Existing Generating CMU,423.818,1.0,Gas,2026.0,63.0,2023.0
RWE Generation UK plc,STA422,Yes,Existing Generating CMU,423.818,1.0,Gas,2026.0,63.0,2023.0
RWE Generation UK plc,DIB522,Yes,Existing Generating CMU,730.72,1.0,Gas,2026.0,63.0,2023.0
RWE Generation UK plc,DIB622,Yes,Existing Generating CMU,685.05,1.0,Gas,2026.0,63.0,2023.0
RWE Generation UK plc,GYAR22,Yes,Existing Generating CMU,374.494,1.0,Gas,2026.0,63.0,2023.0
RWE Generation UK plc,HYTH22,Yes,Existing Generating CMU,45.579,1.0,Gas,2026.0,63.0,2023.0
RWE Generation UK plc,LBAR22,Yes,Existing Generating CMU,708.845,1.0,Gas,2026.0,63.0,2023.0
RWE Generation UK plc,COW122,Yes,Existing Generating CMU,66.626,1.0,Distillate,2026.0,63.0,2023.0
RWE Generation UK plc,COW222,Yes,Existing Generating CMU,66.626,1.0,Distillate,2026.0,63.0,2023.0
RWE Generation UK plc,DID122,Yes,Existing Generating CMU,23.795,1.0,Distillate,2026.0,63.0,2023.0
RWE Generation UK plc,DID222,Yes,Existing Generating CMU,23.795,1.0,Distillate,2026.0,63.0,2023.0
RWE Generation UK plc,DID322,Yes,Existing Generating CMU,23.795,1.0,Distillate,2026.0,63.0,2023.0
RWE Generation UK plc,DID422,Yes,Existing Generating CMU,23.795,1.0,Distillate,2026.0,63.0,2023.0
RWE Generation UK plc,PM1122,Yes,Existing Generating CMU,433.865,1.0,Gas,2026.0,63.0,2023.0
SANDRIDGE BATTERY STORAGE LIMITED,SAND26,Yes,New Build Generating CMU,3.543,15.0,Storage - Battery,2026.0,63.0,2023.0
CLAYFORDS ENERGY STORAGE LIMITED,CLAY26,No,New Build Generating CMU,3.543,15.0,Storage - Battery,2026.0,63.0,2023.0
Saltend Cogeneration Company Limited,S2_224,Yes,Existing Generating CMU,366.609,1.0,Gas,2026.0,63.0,2023.0
Saltend Cogeneration Company Limited,S3_224,Yes,Existing Generating CMU,366.609,1.0,Gas,2026.0,63.0,2023.0
Saltend Cogeneration Company Limited,S1_224,Yes,Existing Generating CMU,366.7,1.0,Gas,2026.0,63.0,2023.0
Indian Queens Power Limited,IQ_224,Yes,Existing Generating CMU,133.252,1.0,Diesel,2026.0,63.0,2023.0
Seabank Power Limited,SEA1_2,Yes,Existing Generating CMU,1149.057,1.0,Gas,2026.0,63.0,2023.0
SECURE GENERATION LIMITED,SEC026,Yes,Existing Generating CMU,3.064,1.0,Gas,2026.0,63.0,2023.0
EFFICIENT GENERATION LIMITED,EFF026,Yes,Existing Generating CMU,4.273,1.0,Gas,2026.0,63.0,2023.0
UK Power Reserve Limited,22PR01,Yes,Existing Generating CMU,9.518,1.0,Gas,2026.0,63.0,2023.0
UK Power Reserve Limited,22PR03,Yes,Existing Generating CMU,9.518,1.0,Gas,2026.0,63.0,2023.0
UK Power Reserve Limited,22PR04,Yes,Existing Generating CMU,9.518,1.0,Gas,2026.0,63.0,2023.0
UK Power Reserve Limited,22PR05,Yes,Existing Generating CMU,9.137,1.0,Gas,2026.0,63.0,2023.0
UK Power Reserve Limited,22PR06,Yes,Existing Generating CMU,9.518,1.0,Gas,2026.0,63.0,2023.0
UK Power Reserve Limited,22PR08,Yes,Existing Generating CMU,7.714,1.0,Gas,2026.0,63.0,2023.0
UK Power Reserve Limited,22PR09,Yes,Existing Generating CMU,7.621,1.0,Gas,2026.0,63.0,2023.0
UK Power Reserve Limited,22PR10,Yes,Existing Generating CMU,9.26,1.0,Gas,2026.0,63.0,2023.0
UK Power Reserve Limited,22PR11,Yes,Existing Generating CMU,9.515,1.0,Gas,2026.0,63.0,2023.0
Sembcorp Utilities (UK) Limited,S26G1S,Yes,Existing Generating CMU,64.246,1.0,Gas,2026.0,63.0,2023.0
Sembcorp Utilities (UK) Limited,S26G02,Yes,Existing Generating CMU,38.82,1.0,Gas,2026.0,63.0,2023.0
SUEZ RECYCLING AND RECOVERY KIRKLEES LTD,SUEZ21,Yes,Existing Generating CMU,9.243,1.0,Waste,2026.0,63.0,2023.0
SIMEC Lochaber Hydropower 2 Limited,G32022,Yes,Existing Generating CMU,12.651,1.0,Hydro,2026.0,63.0,2023.0
SIMEC Lochaber Hydropower 2 Limited,G42022,Yes,Existing Generating CMU,15.36,1.0,Hydro,2026.0,63.0,2023.0
SIMEC Lochaber Hydropower 2 Limited,G52022,Yes,Existing Generating CMU,15.066,1.0,Hydro,2026.0,63.0,2023.0
SIMEC Lochaber Hydropower 2 Limited,G22022,Yes,Existing Generating CMU,14.919,1.0,Hydro,2026.0,63.0,2023.0
PYEBRIDGE POWER LTD,PB2022,Yes,Existing Generating CMU,5.14,1.0,Gas,2026.0,63.0,2023.0
FEN POWER 1 LIMITED,BURWB2,Yes,New Build Generating CMU,3.543,15.0,Storage - Battery,2026.0,63.0,2023.0
BALANCE ENERGY 2 LTD,NTAWB1,Yes,New Build Generating CMU,3.543,15.0,Storage - Battery,2026.0,63.0,2023.0
ERSKINE ENERGY STORAGE LIMITED,ERSKB1,Yes,New Build Generating CMU,3.543,15.0,Storage - Battery,2026.0,63.0,2023.0
DRUMCROSS ENERGY STORAGE LIMITED,DRUMB1,Yes,New Build Generating CMU,3.531,15.0,Storage - Battery,2026.0,63.0,2023.0
BRENTWOOD ENERGY STORAGE LIMITED,BRETB1,Yes,New Build Generating CMU,5.893,15.0,Storage - Battery,2026.0,63.0,2023.0
FORTUM GLASGOW LIMITED,CLYDE2,Yes,New Build Generating CMU,37.994,15.0,Waste,2026.0,63.0,2023.0
South Tyne and Wear Energy Recovery Limited,SUEZ24,Yes,Existing Generating CMU,20.419,1.0,Waste,2026.0,63.0,2023.0
FAREHAM ENERGY RESERVE LIMITED,FAR123,Yes,Existing Generating CMU,4.724,1.0,Storage - Battery,2026.0,63.0,2023.0
SSE Generation Limited,SLO126,Yes,Existing Generating CMU,36.796,1.0,Hydro,2026.0,63.0,2023.0
SSE Generation Limited,SLO226,Yes,Existing Generating CMU,37.278,1.0,Hydro,2026.0,63.0,2023.0
SSE Generation Limited,SLO326,Yes,Existing Generating CMU,37.267,1.0,Hydro,2026.0,63.0,2023.0
SSE Generation Limited,SLO426,Yes,Existing Generating CMU,30.989,1.0,Hydro,2026.0,63.0,2023.0
SSE Generation Limited,TUM126,Yes,Existing Generating CMU,16.998,1.0,Hydro,2026.0,63.0,2023.0
SSE Generation Limited,TUM226,Yes,Existing Generating CMU,16.999,1.0,Hydro,2026.0,63.0,2023.0
Keadby Generation Limited,KEAD26,Yes,Existing Generating CMU,726.392,1.0,Gas,2026.0,63.0,2023.0
Medway Power Limited,MEDP26,Yes,Existing Generating CMU,671.349,1.0,Gas,2026.0,63.0,2023.0
SSEPG (Operations) Limited,BURG26,Yes,Existing Generating CMU,44.773,1.0,Gas,2026.0,63.0,2023.0
SSEPG (Operations) Limited,CHIC26,Yes,Existing Generating CMU,44.773,1.0,Gas,2026.0,63.0,2023.0
SSE Energy Supply Limited,MRWD26,Yes,Existing Generating CMU,840.328,1.0,Gas,2026.0,63.0,2023.0
SSE THERMAL GENERATION (SCOTLAND) LIMITED,PEH126,Yes,Existing Generating CMU,1088.296,1.0,Gas,2026.0,63.0,2023.0
SSE Generation Limited,CLAC26,Yes,Existing Generating CMU,39.001,1.0,Hydro,2026.0,63.0,2023.0
SSE Generation Limited,CLUN26,Yes,Existing Generating CMU,55.772,1.0,Hydro,2026.0,63.0,2023.0
SSE Generation Limited,DEA126,Yes,Existing Generating CMU,17.315,1.0,Hydro,2026.0,63.0,2023.0
SSE Generation Limited,DEA226,Yes,Existing Generating CMU,17.315,1.0,Hydro,2026.0,63.0,2023.0
SSE Generation Limited,ERR126,Yes,Existing Generating CMU,22.938,1.0,Hydro,2026.0,63.0,2023.0
SSE Generation Limited,ERR226,Yes,Existing Generating CMU,22.973,1.0,Hydro,2026.0,63.0,2023.0
SSE Generation Limited,ERR326,Yes,Existing Generating CMU,22.917,1.0,Hydro,2026.0,63.0,2023.0
SSE Generation Limited,FAS126,Yes,Existing Generating CMU,20.96,1.0,Hydro,2026.0,63.0,2023.0
SSE Generation Limited,FAS226,Yes,Existing Generating CMU,20.96,1.0,Hydro,2026.0,63.0,2023.0
SSE Generation Limited,FAS326,Yes,Existing Generating CMU,21.832,1.0,Hydro,2026.0,63.0,2023.0
SSE Generation Limited,GLEN26,Yes,Existing Generating CMU,36.188,1.0,Hydro,2026.0,63.0,2023.0
SSE Generation Limited,INAW26,Yes,Existing Generating CMU,24.605,1.0,Hydro,2026.0,63.0,2023.0
SSE Generation Limited,LUIC26,Yes,Existing Generating CMU,30.984,1.0,Hydro,2026.0,63.0,2023.0
SSE Generation Limited,LOC126,Yes,Existing Generating CMU,21.087,1.0,Hydro,2026.0,63.0,2023.0
SSE Generation Limited,LOC226,Yes,Existing Generating CMU,21.039,1.0,Hydro,2026.0,63.0,2023.0
SSE Generation Limited,RAN126,Yes,Existing Generating CMU,14.581,1.0,Hydro,2026.0,63.0,2023.0
SSE Generation Limited,RAN226,Yes,Existing Generating CMU,14.581,1.0,Hydro,2026.0,63.0,2023.0
SSE Generation Limited,FOY126,Yes,Existing Generating CMU,145.606,1.0,Storage - Pumped,2026.0,63.0,2023.0
SSE Generation Limited,FOY226,Yes,Existing Generating CMU,144.399,1.0,Storage - Pumped,2026.0,63.0,2023.0
SSE Generation Limited,RAN326,Yes,Existing Generating CMU,14.581,1.0,Hydro,2026.0,63.0,2023.0
Saltholme South Power Limited,SEL116,Yes,Existing Generating CMU,47.58,1.0,Gas,2026.0,63.0,2023.0
THURROCK POWER LIMITED,SEL128,Yes,New Build Generating CMU,161.806,15.0,Gas,2026.0,63.0,2023.0
THURROCK POWER LIMITED,SEL127,Yes,New Build Generating CMU,35.445,15.0,Storage - Battery,2026.0,63.0,2023.0
THURROCK POWER LIMITED,SEL126,Yes,New Build Generating CMU,95.18,15.0,Gas,2026.0,63.0,2023.0
Statkraft Markets GmbH,RHE3_7,Yes,Existing Generating CMU,19.73,1.0,Hydro,2026.0,63.0,2023.0
Statkraft Markets GmbH,RHE2_7,Yes,Existing Generating CMU,19.292,1.0,Hydro,2026.0,63.0,2023.0
BALWEN LIMITED,THOR-1,No,New Build Generating CMU,22.884,15.0,Storage - Battery,2026.0,63.0,2023.0
NEILSTON ENERGY LIMITED,NEIB-2,Yes,New Build Generating CMU,8.743,15.0,Storage - Battery,2026.0,63.0,2023.0
KEITH STORAGE SOLUTIONS LIMITED,KTHB-2,Yes,New Build Generating CMU,8.484,15.0,Storage - Battery,2026.0,63.0,2023.0
COYLTON ENERGY LIMITED,COYB-2,Yes,New Build Generating CMU,8.484,15.0,Storage - Battery,2026.0,63.0,2023.0
KXP IMMINGHAM LIMITED,IMM026,Yes,New Build Generating CMU,18.904,15.0,Storage - Battery,2026.0,63.0,2023.0
STOR 115 Ltd,STPW15,Yes,New Build Generating CMU,7.089,15.0,Storage - Battery,2026.0,63.0,2023.0
SUEZ RECYCLING AND RECOVERY SUFFOLK LTD,SUEZ25,Yes,Existing Generating CMU,20.518,1.0,Waste,2026.0,63.0,2023.0
SUNDON BATTERY STORAGE LIMITED,SUND26,Yes,New Build Generating CMU,3.543,15.0,Storage - Battery,2026.0,63.0,2023.0
SUNDON GREEN LIMITED,SUNDON,Yes,New Build Generating CMU,7.09,15.0,Storage - Battery,2026.0,63.0,2023.0
SUSI Eelpower Rock Farm Limited,ROCK25,Yes,Existing Generating CMU,2.08,1.0,Storage - Battery,2026.0,63.0,2023.0
SUSI Eelpower Winchester Limited,WINP26,Yes,New Build Generating CMU,1.181,1.0,Storage - Battery,2026.0,63.0,2023.0
SUSI EELPOWER HALESWORTH LIMITED,HALE26,Yes,New Build Generating CMU,4.724,6.0,Storage - Battery,2026.0,63.0,2023.0
LAKESIDE ENERGY STORAGE LIMITED,LKT426,Yes,New Build Generating CMU,17.752,15.0,Storage - Battery,2026.0,63.0,2023.0
ROARING HILL ENERGY STORAGE LTD,RHT426,Yes,New Build Generating CMU,8.883,15.0,Storage - Battery,2026.0,63.0,2023.0
Winnington CHP Limited,W1NCPH,Yes,Existing Generating CMU,48.75,1.0,Gas,2026.0,63.0,2023.0
IMMINGHAM POWER LIMITED,immi22,Yes,Existing Generating CMU,15.038,1.0,Gas,2026.0,63.0,2023.0
BURY POWER LIMITED,BURY22,Yes,Existing Generating CMU,18.56,1.0,Gas,2026.0,63.0,2023.0
MARDEN POWER LIMITED,MARD22,Yes,Existing Generating CMU,18.75,1.0,Gas,2026.0,63.0,2023.0
OGMORE POWER LIMITED,OGMO22,Yes,Existing Generating CMU,14.943,1.0,Gas,2026.0,63.0,2023.0
NORTHWICH POWER LIMITED,NORT22,Yes,Existing Generating CMU,18.846,1.0,Gas,2026.0,63.0,2023.0
IRWELL POWER LIMITED,IRWE22,Yes,Existing Generating CMU,14.896,1.0,Gas,2026.0,63.0,2023.0
HULL RESERVE POWER LIMITED,HULL22,Yes,Existing Generating CMU,19.797,1.0,Gas,2026.0,63.0,2023.0
CLYNE POWER LIMITED,CLYN22,Yes,Existing Generating CMU,15.038,1.0,Gas,2026.0,63.0,2023.0
WOLVERHAMPTON POWER LTD,WOLV22,Yes,Existing Generating CMU,15.038,1.0,Gas,2026.0,63.0,2023.0
WARRINGTON POWER LIMITED,WA2022,Yes,Existing Generating CMU,15.038,1.0,Gas,2026.0,63.0,2023.0
WHARF POWER LIMITED,WHAR22,Yes,Existing Generating CMU,15.038,1.0,Gas,2026.0,63.0,2023.0
ST ASAPH POWER LIMITED,STAS22,Yes,Existing Generating CMU,15.038,1.0,Gas,2026.0,63.0,2023.0
LODDON POWER LIMITED,LODD22,Yes,Existing Generating CMU,14.943,1.0,Gas,2026.0,63.0,2023.0
KILN POWER LIMITED,KILN22,Yes,Existing Generating CMU,15.038,1.0,Gas,2026.0,63.0,2023.0
DAFEN RESERVE POWER LIMITED,DAFE22,Yes,Existing Generating CMU,9.328,1.0,Gas,2026.0,63.0,2023.0
CULVERY POWER LIMITED,CULV22,Yes,Existing Generating CMU,13.135,1.0,Gas,2026.0,63.0,2023.0
Limejump Ltd,EXL402,Yes,Existing Generating CMU,7.581,1.0,Gas,2026.0,63.0,2023.0
Limejump Ltd,EXL404,Yes,Existing Generating CMU,3.06,1.0,Gas,2026.0,63.0,2023.0
Limejump Ltd,EXL401,Yes,Existing Generating CMU,13.436,1.0,Gas,2026.0,63.0,2023.0
Limejump Ltd,DSR601,Yes,Proven DSR CMU,2.572,1.0,DSR,2026.0,63.0,2023.0
Limejump Ltd,DSR602,Yes,Proven DSR CMU,2.858,1.0,DSR,2026.0,63.0,2023.0
Limejump Ltd,EXL400,Yes,Existing Generating CMU,0.913,1.0,Gas,2026.0,63.0,2023.0
Limejump Ltd,BAT203,Yes,Existing Generating CMU,0.284,1.0,Storage - Battery,2026.0,63.0,2023.0
ALLIUM HELMSLEY LTD,ALLHM2,Yes,New Build Generating CMU,0.88,15.0,Waste,2026.0,63.0,2023.0
CUXTON ENERGY STORAGE LIMITED,CUX002,Yes,New Build Generating CMU,4.547,15.0,Storage - Battery,2026.0,63.0,2023.0
TOLLGATE ENERGY STORAGE LIMITED,TOL002,Yes,New Build Generating CMU,4.547,15.0,Storage - Battery,2026.0,63.0,2023.0
WEST BURTON B LIMITED,WB2-22,Yes,Existing Generating CMU,421.534,1.0,Gas,2026.0,63.0,2023.0
WEST BURTON B LIMITED,WB3-22,Yes,Existing Generating CMU,421.534,1.0,Gas,2026.0,63.0,2023.0
WEST BURTON B LIMITED,WB1-22,Yes,Existing Generating CMU,421.534,1.0,Gas,2026.0,63.0,2023.0
Uniper UK Limited,KILH32,Yes,Existing Generating CMU,308.383,1.0,Gas,2026.0,63.0,2023.0
Uniper UK Limited,GRGT41,Yes,Existing Generating CMU,26.457,1.0,Diesel,2026.0,63.0,2023.0
Uniper UK Limited,GRGT44,Yes,Existing Generating CMU,25.505,1.0,Diesel,2026.0,63.0,2023.0
Uniper UK Limited,TAYL82,Yes,Existing Generating CMU,68.418,1.0,Diesel,2026.0,63.0,2023.0
Uniper UK Limited,TAYL83,Yes,Existing Generating CMU,64.611,1.0,Diesel,2026.0,63.0,2023.0
Uniper UK Limited,GRAI18,Yes,Existing Generating CMU,427.471,1.0,Gas,2026.0,63.0,2023.0
Uniper UK Limited,CNQP41,Yes,Existing Generating CMU,342.525,1.0,Gas,2026.0,63.0,2023.0
Uniper UK Limited,CNQP42,Yes,Existing Generating CMU,342.525,1.0,Gas,2026.0,63.0,2023.0
Uniper UK Limited,CNQP43,Yes,Existing Generating CMU,342.525,1.0,Gas,2026.0,63.0,2023.0
Uniper UK Limited,CNQP44,Yes,Existing Generating CMU,342.525,1.0,Gas,2026.0,63.0,2023.0
Uniper UK Limited,CDCL21,Yes,Existing Generating CMU,411.03,1.0,Gas,2026.0,63.0,2023.0
Uniper UK Limited,EECL21,Yes,Existing Generating CMU,411.03,1.0,Gas,2026.0,63.0,2023.0
Uniper UK Limited,GRAI16,Yes,Existing Generating CMU,427.471,1.0,Gas,2026.0,63.0,2023.0
Uniper UK Limited,GRAI17,Yes,Existing Generating CMU,427.471,1.0,Gas,2026.0,63.0,2023.0
Uniper UK Limited,KILH31,Yes,Existing Generating CMU,304.576,1.0,Gas,2026.0,63.0,2023.0
URBAN RESERVE (ASSETCO 2) LIMITED,UR2341,Yes,New Build Generating CMU,3.857,15.0,Gas,2026.0,63.0,2023.0
USKMOUTH ENERGY STORAGE LIMITED,UES001,Yes,New Build Generating CMU,53.168,15.0,Storage - Battery,2026.0,63.0,2023.0
FIELD GERRARDS CROSS LTD,22GER4,Yes,New Build Generating CMU,1.51,15.0,Storage - Battery,2026.0,63.0,2023.0
NATIVE RIVER LTD,VAR003,Yes,New Build Generating CMU,10.129,15.0,Storage - Battery,2026.0,63.0,2023.0
Veolia UK Limited,MAERF8,Yes,Existing Generating CMU,14.08,1.0,Waste,2026.0,63.0,2023.0
Veolia UK Limited,NEWH08,Yes,Existing Generating CMU,15.028,1.0,Waste,2026.0,63.0,2023.0
Veolia UK Limited,POERF8,Yes,Existing Generating CMU,13.13,1.0,Waste,2026.0,63.0,2023.0
Veolia UK Limited,STAF08,Yes,Existing Generating CMU,23.353,1.0,Waste,2026.0,63.0,2023.0
Veolia UK Limited,BHRLH8,Yes,Existing Generating CMU,6.53,1.0,Gas,2026.0,63.0,2023.0
Veolia UK Limited,TYSE07,Yes,Existing Generating CMU,23.939,1.0,Waste,2026.0,63.0,2023.0
Veolia UK Limited,CHERF8,Yes,Existing Generating CMU,6.56,1.0,Waste,2026.0,63.0,2023.0
RHODESIA POWER LIMITED,RhodCC,Yes,New Build Generating CMU,9.518,15.0,Gas,2026.0,63.0,2023.0
Viridor Energy Limited,EXET22,Yes,Existing Generating CMU,3.56,1.0,Waste,2026.0,63.0,2023.0
Viridor Energy Limited,CARD21,Yes,Existing Generating CMU,30.797,1.0,Waste,2026.0,63.0,2023.0
FIELD NEWPORT LTD,22NEW4,Yes,New Build Generating CMU,3.487,15.0,Storage - Battery,2026.0,63.0,2023.0
FIELD AUCHTERAW LTD.,22AUC4,Yes,New Build Generating CMU,7.553,15.0,Storage - Battery,2026.0,63.0,2023.0
VITAL ENERGI SOLUTIONS LIMITED,VIT305,Yes,Existing Generating CMU,4.069,1.0,Gas,2026.0,63.0,2023.0
VITAL ENERGI SOLUTIONS LIMITED,VIT404,Yes,Existing Generating CMU,8.1,1.0,Gas,2026.0,63.0,2023.0
VPI Power Limited,VP22RH,Yes,Existing Generating CMU,656.704,1.0,Gas,2026.0,63.0,2023.0
VPI Immingham LLP,ICHP11,Yes,Existing Generating CMU,1205.688,1.0,Gas,2026.0,63.0,2023.0
VPI Power Limited,22DC_4,No,New Build Generating CMU,822.06,15.0,Gas,2026.0,63.0,2023.0
VPI Power Limited,VP22SP,Yes,Existing Generating CMU,390.847,1.0,Gas,2026.0,63.0,2023.0
VPI Power Limited,VP22DC,Yes,Existing Generating CMU,741.681,1.0,Gas,2026.0,63.0,2023.0
Walker & Son (Hauliers) Limited,FES26A,Yes,New Build Generating CMU,7.139,15.0,Gas,2026.0,63.0,2023.0
ROBIN HOOD AIRPORT DEVELOPMENTS LIMITED,FES26B,No,New Build Generating CMU,7.139,15.0,Gas,2026.0,63.0,2023.0
Whitetower Energy Limited,CROY26,Yes,Existing Generating CMU,43.534,1.0,Gas,2026.0,63.0,2023.0
Whitetower Energy Limited,DERB26,Yes,Existing Generating CMU,51.577,1.0,Gas,2026.0,63.0,2023.0
Whitetower Energy Limited,EXET26,Yes,Existing Generating CMU,41.909,1.0,Gas,2026.0,63.0,2023.0
Whitetower Energy Limited,HEA26a,Yes,Existing Generating CMU,45.067,1.0,Gas,2026.0,63.0,2023.0
Whitetower Energy Limited,HEA26b,Yes,Existing Generating CMU,46.18,1.0,Gas,2026.0,63.0,2023.0
Whitetower Energy Limited,VKIN26,Yes,Existing Generating CMU,43.356,1.0,Gas,2026.0,63.0,2023.0
RIVER NENE POWER LIMITED,PETE26,Yes,Existing Generating CMU,231.703,1.0,Gas,2026.0,63.0,2023.0
Whitetower Energy Limited,THRN26,Yes,Existing Generating CMU,37.239,1.0,Gas,2026.0,63.0,2023.0
ENERGYGRIDPOWER LTD,W12248,Yes,New Build Generating CMU,4.586,15.0,Storage - Battery,2026.0,63.0,2023.0
ENERGYGRIDPOWER LTD,W22245,No,New Build Generating CMU,18.344,15.0,Storage - Battery,2026.0,63.0,2023.0
ENERGYGRIDPOWER LTD,W22246,No,New Build Generating CMU,18.344,15.0,Storage - Battery,2026.0,63.0,2023.0
ENERGYGRIDPOWER LTD,W22247,Yes,New Build Generating CMU,4.586,15.0,Storage - Battery,2026.0,63.0,2023.0
ENERGYGRIDPOWER LTD,W22248,Yes,New Build Generating CMU,4.586,15.0,Storage - Battery,2026.0,63.0,2023.0
ENERGYGRIDPOWER LTD,W12241,Yes,New Build Generating CMU,18.344,15.0,Storage - Battery,2026.0,63.0,2023.0
ENERGYGRIDPOWER LTD,W12242,Yes,New Build Generating CMU,18.344,15.0,Storage - Battery,2026.0,63.0,2023.0
ENERGYGRIDPOWER LTD,W22241,Yes,New Build Generating CMU,18.344,15.0,Storage - Battery,2026.0,63.0,2023.0
ENERGYGRIDPOWER LTD,W22242,Yes,New Build Generating CMU,18.344,15.0,Storage - Battery,2026.0,63.0,2023.0
ENERGYGRIDPOWER LTD,W12243,Yes,New Build Generating CMU,4.586,15.0,Storage - Battery,2026.0,63.0,2023.0
ENERGYGRIDPOWER LTD,W12244,Yes,New Build Generating CMU,4.586,15.0,Storage - Battery,2026.0,63.0,2023.0
ENERGYGRIDPOWER LTD,W22243,Yes,New Build Generating CMU,4.586,15.0,Storage - Battery,2026.0,63.0,2023.0
ENERGYGRIDPOWER LTD,W22244,Yes,New Build Generating CMU,4.586,15.0,Storage - Battery,2026.0,63.0,2023.0
ENERGYGRIDPOWER LTD,W12245,No,New Build Generating CMU,18.344,15.0,Storage - Battery,2026.0,63.0,2023.0
ENERGYGRIDPOWER LTD,W12246,No,New Build Generating CMU,18.344,15.0,Storage - Battery,2026.0,63.0,2023.0
ENERGYGRIDPOWER LTD,W12247,Yes,New Build Generating CMU,4.586,15.0,Storage - Battery,2026.0,63.0,2023.0
Biogas Technology Limited,SUDB26,Yes,New Build Generating CMU,6.567,15.0,Gas,2026.0,63.0,2023.0
Biogas Technology Limited,GDUN26,Yes,New Build Generating CMU,6.567,15.0,Gas,2026.0,63.0,2023.0
CORPOWER LIMITED,CORY26,Yes,New Build Generating CMU,1.89,1.0,Storage - Battery,2026.0,63.0,2023.0
Zenobe Blackhillock Limited,NBBLK2,Yes,New Build Generating CMU,47.26,15.0,Storage - Battery,2026.0,63.0,2023.0
Zenobe Energy Limited,DSRBS3,Yes,Unproven DSR CMU,2.066,1.0,DSR,2026.0,63.0,2023.0
BESS Holdco 8 Limited,DSRUU3,Yes,Unproven DSR CMU,1.35,1.0,DSR,2026.0,63.0,2023.0
BESS Holdco 14 Limited,DSWAL3,Yes,Unproven DSR CMU,0.9,1.0,DSR,2026.0,63.0,2023.0
ZENOBE EV FLEETCO LIMITED,EVLLS1,Yes,Unproven DSR CMU,0.714,1.0,DSR,2026.0,63.0,2023.0
ZENOBE BORROWER FLEETCO LIMITED,EVINC1,Yes,Unproven DSR CMU,0.715,1.0,DSR,2026.0,63.0,2023.0
Tata Steel UK Limited,2015_2,Yes,Unproven DSR CMU,15.0,1.0,Unknown,2016.0,27.5,2016.0
Aggreko UK Limited,Aggr15,Yes,New Build Generating CMU,5.768,1.0,Unknown,2016.0,27.5,2016.0
Ameresco Limited,AMER01,Yes,Unproven DSR CMU,3.45,1.0,Unknown,2016.0,27.5,2016.0
Ameresco Limited,AMER02,Yes,Unproven DSR CMU,3.45,1.0,Unknown,2016.0,27.5,2016.0
Ameresco Limited,AMER03,Yes,Unproven DSR CMU,2.6,1.0,Unknown,2016.0,27.5,2016.0
Ameresco Limited,AMER04,Yes,Unproven DSR CMU,2.6,1.0,Unknown,2016.0,27.5,2016.0
Ameresco Limited,AMER05,Yes,Unproven DSR CMU,2.6,1.0,Unknown,2016.0,27.5,2016.0
Ameresco Limited,AMER06,Yes,Unproven DSR CMU,2.6,1.0,Unknown,2016.0,27.5,2016.0
Anglian Water Services Ltd,ANGLCM,Yes,Existing Generating CMU,28.37,1.0,Unknown,2016.0,27.5,2016.0
Regent Park Energy Limited,ARPCM1,Yes,Existing Generating CMU,12.195,1.0,Unknown,2016.0,27.5,2016.0
Alkane Energy UK Limited,AUKCM1,Yes,Existing Generating CMU,8.557,1.0,Unknown,2016.0,27.5,2016.0
Green Frog Power Limited,BRISTO,No,Existing Generating CMU,0.0,0.0,Unknown,2016.0,27.5,2016.0
British Sugar plc,BSWISS,Yes,Existing Generating CMU,41.4,1.0,Unknown,2016.0,27.5,2016.0
Cargill PLC,CarGen,Yes,Existing Generating CMU,25.11,1.0,Unknown,2016.0,27.5,2016.0
E.ON UK plc,CEN001,Yes,Existing Generating CMU,2.017,1.0,Unknown,2016.0,27.5,2016.0
GB Gas Holdings Ltd,CENEST,Yes,Unproven DSR CMU,5.105,1.0,Unknown,2016.0,27.5,2016.0
Cofely East London Energy Limited,CES001,Yes,Existing Generating CMU,2.92,1.0,Unknown,2016.0,27.5,2016.0
Cofely East London Energy Limited,CES002,Yes,Existing Generating CMU,5.254,1.0,Unknown,2016.0,27.5,2016.0
ofely Industrial Energy Services Limited,CES003,Yes,Existing Generating CMU,5.382,1.0,Unknown,2016.0,27.5,2016.0
Citigen (London) Limited,CITIGN,Yes,New Build Generating CMU,7.02,1.0,Unknown,2016.0,27.5,2016.0
Limejump Ltd.,CM_LJ7,Yes,Unproven DSR CMU,6.77,1.0,Unknown,2016.0,27.5,2016.0
Green Frog Power Limited,DOWSTO,No,Existing Generating CMU,0.0,0.0,Unknown,2016.0,27.5,2016.0
REstore Flexpond UK Limited,DSBABT,Yes,Existing Generating CMU,47.349,1.0,Unknown,2016.0,27.5,2016.0
E.ON UK plc,DSR001,Yes,Unproven DSR CMU,2.6,1.0,Unknown,2016.0,27.5,2016.0
E.ON UK plc,DSR002,Yes,Unproven DSR CMU,2.6,1.0,Unknown,2016.0,27.5,2016.0
E.ON UK plc,DSR003,Yes,Unproven DSR CMU,2.6,1.0,Unknown,2016.0,27.5,2016.0
E.ON UK plc,DSR004,Yes,Unproven DSR CMU,2.6,1.0,Unknown,2016.0,27.5,2016.0
EnerNOC UK Limited,ECMU01,No,Unproven DSR CMU,0.0,0.0,Unknown,2016.0,27.5,2016.0
EnerNOC UK Limited,ECMU02,No,Unproven DSR CMU,0.0,0.0,Unknown,2016.0,27.5,2016.0
EnerNOC UK Limited,ECMU03,No,Unproven DSR CMU,0.0,0.0,Unknown,2016.0,27.5,2016.0
EnerNOC UK Limited,ECMU04,Yes,Unproven DSR CMU,21.7,1.0,Unknown,2016.0,27.5,2016.0
EnerNOC UK Limited,ECMU05,Yes,Unproven DSR CMU,21.7,1.0,Unknown,2016.0,27.5,2016.0
EnerNOC UK Limited,ECMU06,Yes,Unproven DSR CMU,21.7,1.0,Unknown,2016.0,27.5,2016.0
Energy Pool UK limited,EPO001,Yes,Unproven DSR CMU,43.34,1.0,Unknown,2016.0,27.5,2016.0
Energy Pool UK limited,EPO002,Yes,Unproven DSR CMU,16.492,1.0,Unknown,2016.0,27.5,2016.0
EDF Energy Customers plc,ESR16B,Yes,Unproven DSR CMU,23.87,1.0,Unknown,2016.0,27.5,2016.0
EDF Energy Customers plc,ESR16C,Yes,Unproven DSR CMU,23.87,1.0,Unknown,2016.0,27.5,2016.0
Flexitricity Limited,FLEX60,No,Unproven DSR CMU,0.0,0.0,Unknown,2016.0,27.5,2016.0
Flexitricity Limited,FLEX61,Yes,Unproven DSR CMU,2.604,1.0,Unknown,2016.0,27.5,2016.0
Flexitricity Limited,FLEX62,Yes,Unproven DSR CMU,3.222,1.0,Unknown,2016.0,27.5,2016.0
Flexitricity Limited,FLEX63,Yes,Unproven DSR CMU,2.778,1.0,Unknown,2016.0,27.5,2016.0
Flexitricity Limited,FLEX64,Yes,Unproven DSR CMU,5.208,1.0,Unknown,2016.0,27.5,2016.0
Flexitricity Limited,FLEX65,No,Unproven DSR CMU,0.0,0.0,Unknown,2016.0,27.5,2016.0
Flexitricity Limited,FLEX66,Yes,Unproven DSR CMU,12.586,1.0,Unknown,2016.0,27.5,2016.0
Flexitricity Limited,FLEX67,Yes,Unproven DSR CMU,11.544,1.0,Unknown,2016.0,27.5,2016.0
Flexitricity Limited,FLEX68,No,Unproven DSR CMU,0.0,0.0,Unknown,2016.0,27.5,2016.0
Green Frog Power Limited,GIRSTO,No,Existing Generating CMU,0.0,0.0,Unknown,2016.0,27.5,2016.0
Harworth Power Generation Limited,Harwo1,Yes,Existing Generating CMU,2.922,1.0,Unknown,2016.0,27.5,2016.0
Green Frog Power Limited,HIRSTO,No,Existing Generating CMU,0.0,0.0,Unknown,2016.0,27.5,2016.0
Green Frog Power Limited,HULSTO,No,Existing Generating CMU,0.0,0.0,Unknown,2016.0,27.5,2016.0
Imerys Minerals,IMERS1,Yes,Existing Generating CMU,4.394,1.0,Unknown,2016.0,27.5,2016.0
Imerys Minerals,IMERS2,Yes,Existing Generating CMU,5.658,1.0,Unknown,2016.0,27.5,2016.0
Imerys Minerals,IMERS3,Yes,Existing Generating CMU,6.726,1.0,Unknown,2016.0,27.5,2016.0
KiWi Power Limited,KIWI63,Yes,Unproven DSR CMU,34.72,1.0,Unknown,2016.0,27.5,2016.0
KiWi Power Limited,KIWI64,Yes,Unproven DSR CMU,34.72,1.0,Unknown,2016.0,27.5,2016.0
KiWi Power Limited,KIWI65,Yes,Unproven DSR CMU,34.72,1.0,Unknown,2016.0,27.5,2016.0
KiWi Power Limited,KIWI66,Yes,Unproven DSR CMU,34.72,1.0,Unknown,2016.0,27.5,2016.0
KiWi Power Limited,KIWI67,Yes,Unproven DSR CMU,17.36,1.0,Unknown,2016.0,27.5,2016.0
KiWi Power Limited,KIWI68,Yes,Unproven DSR CMU,17.36,1.0,Unknown,2016.0,27.5,2016.0
Tempus Energy Supply Ltd.,METCHP,No,Unproven DSR CMU,0.0,0.0,Unknown,2016.0,27.5,2016.0
REstore Flexpond UK Limited,MIXUNP,Yes,Unproven DSR CMU,1.99,1.0,Unknown,2016.0,27.5,2016.0
Green Frog Power Limited,NORSTO,No,Existing Generating CMU,0.0,0.0,Unknown,2016.0,27.5,2016.0
Green Frog Power Limited,PLYSTO,Yes,Existing Generating CMU,18.908,1.0,Unknown,2016.0,27.5,2016.0
E.ON UK CHP Limited,POLCHP,Yes,Existing Generating CMU,30.87,1.0,Unknown,2016.0,27.5,2016.0
SmartestEnergy Limited,SMART1,No,Unproven DSR CMU,0.0,0.0,Unknown,2016.0,27.5,2016.0
SmartestEnergy Limited,SMART2,No,Unproven DSR CMU,0.0,0.0,Unknown,2016.0,27.5,2016.0
SmartestEnergy Limited,SMART3,Yes,Unproven DSR CMU,15.624,1.0,Unknown,2016.0,27.5,2016.0
SmartestEnergy Limited,SMART4,Yes,Unproven DSR CMU,4.34,1.0,Unknown,2016.0,27.5,2016.0
SmartestEnergy Limited,SMART5,No,Unproven DSR CMU,0.0,0.0,Unknown,2016.0,27.5,2016.0
SmartestEnergy Limited,SMART6,No,Unproven DSR CMU,0.0,0.0,Unknown,2016.0,27.5,2016.0
Southern Water,SOUWAT,Yes,Existing Generating CMU,15.523,1.0,Unknown,2016.0,27.5,2016.0
Green Frog Power Limited,SWASTO,No,Existing Generating CMU,0.0,0.0,Unknown,2016.0,27.5,2016.0
Green Frog Power Limited,TIRSTO,No,Existing Generating CMU,0.0,0.0,Unknown,2016.0,27.5,2016.0
BOC Ltd,TLGUK1,Yes,Unproven DSR CMU,14.0,1.0,Unknown,2016.0,27.5,2016.0
REstore Flexpond UK Limited,TLO1-2,Yes,Existing Generating CMU,46.849,1.0,Unknown,2016.0,27.5,2016.0
Green Frog Power Limited,TRESTO,No,Existing Generating CMU,0.0,0.0,Unknown,2016.0,27.5,2016.0
UK Power Reserve Limited,UKPR13,Yes,Existing Generating CMU,4.775,1.0,Unknown,2016.0,27.5,2016.0
Green Frog Power Limited,WILSTO,No,Existing Generating CMU,0.0,0.0,Unknown,2016.0,27.5,2016.0
AGR Peak Power LTD,elms11,No,New Build Generating CMU,0.0,0.0,Unknown,2020.0,22.5,2017.0
AGR Peak Power LTD,cavrd2,No,New Build Generating CMU,0.0,0.0,Unknown,2020.0,22.5,2017.0
AGR Peak Power LTD,cavrd1,No,New Build Generating CMU,0.0,0.0,Unknown,2020.0,22.5,2017.0
Alkane Energy UK Limited,ALKE08,Yes,Existing Generating CMU,3.442,1.0,Unknown,2020.0,22.5,2017.0
Alkane Energy UK Limited,AUKN11,Yes,New Build Generating CMU,5.65,15.0,Unknown,2020.0,22.5,2017.0
Alkane Energy UK Limited,AUKN15,Yes,New Build Generating CMU,5.65,15.0,Unknown,2020.0,22.5,2017.0
Alkane Energy UK Limited,AUKN16,No,New Build Generating CMU,0.0,0.0,Unknown,2020.0,22.5,2017.0
Alkane Energy UK Limited,AUKPR6,Yes,Existing Generating CMU,2.205,1.0,Unknown,2020.0,22.5,2017.0
Alkane Energy UK Limited,AUKPR7,Yes,Existing Generating CMU,8.164,1.0,Unknown,2020.0,22.5,2017.0
Alkane Energy UK Limited,AUKPR8,Yes,Existing Generating CMU,3.517,1.0,Unknown,2020.0,22.5,2017.0
Alkane Energy UK Limited,AUKPR9,Yes,Existing Generating CMU,9.22,1.0,Unknown,2020.0,22.5,2017.0
AMP Energy Services Ltd,AMPHUL,No,New Build Generating CMU,0.0,0.0,Unknown,2020.0,22.5,2017.0
AMP Energy Services Ltd,AMPIMM,No,New Build Generating CMU,0.0,0.0,Unknown,2020.0,22.5,2017.0
AMP Energy Services Ltd,AMPOCE,No,New Build Generating CMU,0.0,0.0,Unknown,2020.0,22.5,2017.0
Balance Power Limited,IPSW-A,Yes,New Build Generating CMU,18.834,15.0,Unknown,2020.0,22.5,2017.0
BALBY POWER LIMITED,BALB01,Yes,New Build Generating CMU,9.417,15.0,Unknown,2020.0,22.5,2017.0
Barton Hill Way Limited,AF3001,Yes,New Build Generating CMU,19.663,15.0,Unknown,2020.0,22.5,2017.0
Battery Energy Storage Services 4 Limited,B4PT3C,Yes,New Build Generating CMU,33.397,12.0,Unknown,2020.0,22.5,2017.0
Bio Dynamic Power Limited,Biody1,Yes,New Build Generating CMU,18.834,15.0,Unknown,2020.0,22.5,2017.0
Birmingham District Energy Company Limited,CES010,Yes,Existing Generating CMU,5.169,1.0,Unknown,2020.0,22.5,2017.0
Briscoe Energy Limited,BG3002,No,New Build Generating CMU,0.0,0.0,Unknown,2020.0,22.5,2017.0
British Gas Trading Limited,BGTL01,No,Unproven DSR CMU,0.0,0.0,Unknown,2020.0,22.5,2017.0
British Gas Trading Limited,BGTL03,No,Unproven DSR CMU,0.0,0.0,Unknown,2020.0,22.5,2017.0
British Sugar plc,BSBU17,Yes,Existing Generating CMU,55.549,1.0,Unknown,2020.0,22.5,2017.0
BritNed Development Limited,Brit16,Yes,Existing Interconnector CMU,888.0,1.0,Unknown,2020.0,22.5,2017.0
Bury Power Limited,BURY02,No,New Build Generating CMU,0.0,0.0,Unknown,2020.0,22.5,2017.0
BYGEN POWER (TREGEEN) LIMITED,BYGEN1,Yes,New Build Generating CMU,18.834,15.0,Unknown,2020.0,22.5,2017.0
Calon Energy Limited,BAGE1b,Yes,Refurbishing Generating CMU,468.0,1.0,Unknown,2020.0,22.5,2017.0
Calon Energy Limited,BAGE2b,Yes,Existing Generating CMU,30.417,1.0,Unknown,2020.0,22.5,2017.0
Calon Energy Limited,SUTB1Z,Yes,Existing Generating CMU,737.1,1.0,Unknown,2020.0,22.5,2017.0
Calon Energy Limited,SVR10Z,Yes,Existing Generating CMU,382.5,1.0,Unknown,2020.0,22.5,2017.0
Calon Energy Limited,SVR20Z,Yes,Existing Generating CMU,382.5,1.0,Unknown,2020.0,22.5,2017.0
Cargill PLC,CarGe1,Yes,Existing Generating CMU,25.11,1.0,Unknown,2020.0,22.5,2017.0
CARRHILL POWER LIMITED,CARR12,Yes,New Build Generating CMU,18.834,15.0,Unknown,2020.0,22.5,2017.0
Carrington Power Limited,CARR01,Yes,New Build Generating CMU,409.5,1.0,Unknown,2020.0,22.5,2017.0
Carrington Power Limited,CARR02,Yes,New Build Generating CMU,409.5,1.0,Unknown,2020.0,22.5,2017.0
Centrica Barry Limited,EBRYP2,No,Existing Generating CMU,0.0,0.0,Unknown,2020.0,22.5,2017.0
Centrica Brigg Limited,EBRGG2,Yes,Existing Generating CMU,93.228,1.0,Unknown,2020.0,22.5,2017.0
Centrica Brigg Limited,EFR-RO,Yes,New Build Generating CMU,48.049,15.0,Unknown,2020.0,22.5,2017.0
Centrica Distributed Generation Limited,DG-BRI,Yes,New Build Generating CMU,45.672,15.0,Unknown,2020.0,22.5,2017.0
Centrica Distributed Generation Limited,DG-PET,Yes,New Build Generating CMU,45.672,15.0,Unknown,2020.0,22.5,2017.0
Centrica Distributed Generation Limited,DG-ROO,No,New Build Generating CMU,0.0,0.0,Unknown,2020.0,22.5,2017.0
Centrica KL Limited,KLYNA2,Yes,New Build Generating CMU,333.0,15.0,Unknown,2020.0,22.5,2017.0
Centrica Langage Limited,TLAGA1,Yes,Existing Generating CMU,814.5,1.0,Unknown,2020.0,22.5,2017.0
Centrica PB Limited,PETEM2,No,Existing Generating CMU,0.0,0.0,Unknown,2020.0,22.5,2017.0
Centrica SHB Limited,SHB1_2,Yes,Existing Generating CMU,1260.0,1.0,Unknown,2020.0,22.5,2017.0
Citigen (London) Limited,CIT001,Yes,Existing Generating CMU,7.586,1.0,Unknown,2020.0,22.5,2017.0
Clyne Power Limited,CLYN02,No,New Build Generating CMU,0.0,0.0,Unknown,2020.0,22.5,2017.0
Corby Power Limited,CORBY1,Yes,Existing Generating CMU,366.3,1.0,Unknown,2020.0,22.5,2017.0
Coryton Energy Company Ltd,IGCOSO,Yes,Existing Generating CMU,703.8,1.0,Unknown,2020.0,22.5,2017.0
CREYKE BECK POWER LIMITED,SEL002,Yes,New Build Generating CMU,47.076,15.0,Unknown,2020.0,22.5,2017.0
Culvery Power Limited,CULV02,No,New Build Generating CMU,0.0,0.0,Unknown,2020.0,22.5,2017.0
Dafen Reserve Power Limited,DAFE02,Yes,Existing Generating CMU,9.417,1.0,Unknown,2020.0,22.5,2017.0
Darent Power Limited,ADPPR2,No,Existing Generating CMU,0.0,0.0,Unknown,2020.0,22.5,2017.0
Dee Power Limited,DEEP02,No,New Build Generating CMU,0.0,0.0,Unknown,2020.0,22.5,2017.0
Dockside Power Limited,EK3005,No,New Build Generating CMU,0.0,0.0,Unknown,2020.0,22.5,2017.0
Dockside Power Limited,FL3006,No,New Build Generating CMU,0.0,0.0,Unknown,2020.0,22.5,2017.0
Down Barn Limited,GM3007,Yes,New Build Generating CMU,18.834,15.0,Unknown,2020.0,22.5,2017.0
Drax Power Limited,DX0516,Yes,Existing Generating CMU,557.843,1.0,Unknown,2020.0,22.5,2017.0
Drax Power Limited,DX0616,Yes,Existing Generating CMU,556.588,1.0,Unknown,2020.0,22.5,2017.0
Drax Power Limited,DX0916,Yes,Existing Generating CMU,28.752,1.0,Unknown,2020.0,22.5,2017.0
Drax Power Limited,DX1016,Yes,Existing Generating CMU,29.786,1.0,Unknown,2020.0,22.5,2017.0
Drax Power Limited,DX1216,Yes,Existing Generating CMU,29.786,1.0,Unknown,2020.0,22.5,2017.0
E.ON Connecting Energies Limited,QMC001,Yes,Existing Generating CMU,3.969,1.0,Unknown,2020.0,22.5,2017.0
E.ON UK CHP Limited,BBMBAT,Yes,New Build Generating CMU,9.629,15.0,Unknown,2020.0,22.5,2017.0
E.ON UK CHP Limited,POL001,Yes,Existing Generating CMU,29.344,1.0,Unknown,2020.0,22.5,2017.0
E.ON UK Cogeneration Ltd,BRD001,Yes,Existing Generating CMU,2.133,1.0,Unknown,2020.0,22.5,2017.0
E.ON UK Cogeneration Ltd,CAST01,No,Existing Generating CMU,0.0,0.0,Unknown,2020.0,22.5,2017.0
E.ON UK Cogeneration Ltd,SAND01,No,Existing Generating CMU,0.0,0.0,Unknown,2020.0,22.5,2017.0
E.ON UK Cogeneration Ltd,THRN01,No,Existing Generating CMU,0.0,0.0,Unknown,2020.0,22.5,2017.0
E.ON UK Plc,CEN002,Yes,Existing Generating CMU,2.656,1.0,Unknown,2020.0,22.5,2017.0
E.ON UK Plc,DSR007,Yes,Unproven DSR CMU,25.0,1.0,Unknown,2020.0,22.5,2017.0
E.ON UK Plc,DSR008,Yes,Unproven DSR CMU,25.0,1.0,Unknown,2020.0,22.5,2017.0
E.ON UK Plc,DSR009,Yes,Unproven DSR CMU,20.0,1.0,Unknown,2020.0,22.5,2017.0
E.ON UK Plc,DSR010,Yes,Unproven DSR CMU,20.0,1.0,Unknown,2020.0,22.5,2017.0
E.ON UK Plc,DSR011,Yes,Unproven DSR CMU,10.0,1.0,Unknown,2020.0,22.5,2017.0
E.ON UK Plc,DSR012,No,Unproven DSR CMU,0.0,0.0,Unknown,2020.0,22.5,2017.0
E.ON UK Plc,DSR013,Yes,Unproven DSR CMU,7.0,1.0,Unknown,2020.0,22.5,2017.0
E.ON UK Plc,DSR014,Yes,Unproven DSR CMU,7.0,1.0,Unknown,2020.0,22.5,2017.0
E.ON UK Plc,DSR015,Yes,Unproven DSR CMU,7.0,1.0,Unknown,2020.0,22.5,2017.0
E.ON UK Plc,DSR016,Yes,Unproven DSR CMU,7.0,1.0,Unknown,2020.0,22.5,2017.0
E.ON UK Plc,DSR017,Yes,Unproven DSR CMU,7.0,1.0,Unknown,2020.0,22.5,2017.0
E.ON UK Plc,DSR018,Yes,Unproven DSR CMU,7.0,1.0,Unknown,2020.0,22.5,2017.0
E.ON UK Plc,DSR019,Yes,Unproven DSR CMU,5.0,1.0,Unknown,2020.0,22.5,2017.0
E.ON UK Plc,DSR020,Yes,Unproven DSR CMU,5.0,1.0,Unknown,2020.0,22.5,2017.0
E.ON UK Plc,DSR021,Yes,Unproven DSR CMU,5.0,1.0,Unknown,2020.0,22.5,2017.0
E.ON UK Plc,DSR022,Yes,Unproven DSR CMU,4.0,1.0,Unknown,2020.0,22.5,2017.0
E.ON UK Plc,DSR023,Yes,Unproven DSR CMU,4.0,1.0,Unknown,2020.0,22.5,2017.0
East London Energy Limited ,CES006,Yes,Existing Generating CMU,2.851,1.0,Unknown,2020.0,22.5,2017.0
East London Energy Limited ,CES007,Yes,Existing Generating CMU,5.09,1.0,Unknown,2020.0,22.5,2017.0
EDF Energy (West Burton Power) Limited,WB4C16,Yes,New Build Generating CMU,47.182,15.0,Unknown,2020.0,22.5,2017.0
EDF Energy Nuclear Generation Limited,DN2116,Yes,Existing Generating CMU,462.215,1.0,Unknown,2020.0,22.5,2017.0
EDF Energy Nuclear Generation Limited,DN2216,Yes,Existing Generating CMU,465.864,1.0,Unknown,2020.0,22.5,2017.0
EDF Energy Nuclear Generation Limited,HP7-16,Yes,Existing Generating CMU,450.698,1.0,Unknown,2020.0,22.5,2017.0
EDF Energy Nuclear Generation Limited,HP8-16,Yes,Existing Generating CMU,444.362,1.0,Unknown,2020.0,22.5,2017.0
EDF Energy Nuclear Generation Limited,HR1-16,Yes,Existing Generating CMU,510.44,1.0,Unknown,2020.0,22.5,2017.0
EDF Energy Nuclear Generation Limited,HR2-16,Yes,Existing Generating CMU,510.908,1.0,Unknown,2020.0,22.5,2017.0
EDF Energy Nuclear Generation Limited,HU7-16,Yes,Existing Generating CMU,452.563,1.0,Unknown,2020.0,22.5,2017.0
EDF Energy Nuclear Generation Limited,HU8-16,Yes,Existing Generating CMU,453.464,1.0,Unknown,2020.0,22.5,2017.0
EDF Energy Nuclear Generation Limited,HY1116,Yes,Existing Generating CMU,433.301,1.0,Unknown,2020.0,22.5,2017.0
EDF Energy Nuclear Generation Limited,HY1216,Yes,Existing Generating CMU,502.543,1.0,Unknown,2020.0,22.5,2017.0
EDF Energy Nuclear Generation Limited,HY2716,Yes,Existing Generating CMU,545.803,1.0,Unknown,2020.0,22.5,2017.0
EDF Energy Nuclear Generation Limited,HY2816,Yes,Existing Generating CMU,546.171,1.0,Unknown,2020.0,22.5,2017.0
EDF Energy Nuclear Generation Limited,SZ1-16,Yes,Existing Generating CMU,519.658,1.0,Unknown,2020.0,22.5,2017.0
EDF Energy Nuclear Generation Limited,SZ2-16,Yes,Existing Generating CMU,519.658,1.0,Unknown,2020.0,22.5,2017.0
EDF Energy Nuclear Generation Limited,TN1-16,Yes,Existing Generating CMU,525.93,1.0,Unknown,2020.0,22.5,2017.0
EDF Energy Nuclear Generation Limited,TN2-16,Yes,Existing Generating CMU,534.788,1.0,Unknown,2020.0,22.5,2017.0
EDF Energy plc,CT1-16,No,Existing Generating CMU,0.0,0.0,Unknown,2020.0,22.5,2017.0
EDF Energy plc,CT2-16,No,Existing Generating CMU,0.0,0.0,Unknown,2020.0,22.5,2017.0
EDF Energy plc,CT3-16,No,Existing Generating CMU,0.0,0.0,Unknown,2020.0,22.5,2017.0
EDF Energy plc,CT4-16,No,Existing Generating CMU,0.0,0.0,Unknown,2020.0,22.5,2017.0
EDF Energy plc,WA1-16,Yes,Existing Generating CMU,434.339,1.0,Unknown,2020.0,22.5,2017.0
EDF Energy plc,WA2-16,Yes,Existing Generating CMU,434.513,1.0,Unknown,2020.0,22.5,2017.0
EDF Energy plc,WA3-16,No,Existing Generating CMU,0.0,0.0,Unknown,2020.0,22.5,2017.0
EDF Energy plc,WA4-16,Yes,Existing Generating CMU,434.6,1.0,Unknown,2020.0,22.5,2017.0
EDF Energy plc,WB1-16,Yes,Existing Generating CMU,415.35,1.0,Unknown,2020.0,22.5,2017.0
EDF Energy plc,WB2-16,Yes,Existing Generating CMU,415.35,1.0,Unknown,2020.0,22.5,2017.0
EDF Energy plc,WB3-16,Yes,Existing Generating CMU,415.35,1.0,Unknown,2020.0,22.5,2017.0
EDF Energy plc,WG1-16,Yes,Existing Generating CMU,18.834,1.0,Unknown,2020.0,22.5,2017.0
EDF Energy plc,WG4-16,Yes,Existing Generating CMU,18.834,1.0,Unknown,2020.0,22.5,2017.0
Edge Power (Allen Farm East) Limited,EDP012,Yes,New Build Generating CMU,18.834,15.0,Unknown,2020.0,22.5,2017.0
Edge Power (Allen Farm West) Limited,EDP011,Yes,New Build Generating CMU,18.834,15.0,Unknown,2020.0,22.5,2017.0
Edge Power (Avro Business Park) Limited,EDP003,Yes,New Build Generating CMU,18.834,15.0,Unknown,2020.0,22.5,2017.0
Edge Power (Fridaywood West) Limited,EDP013,Yes,New Build Generating CMU,18.834,15.0,Unknown,2020.0,22.5,2017.0
Edge Power (Fridaywood) Ltd,FRID12,Yes,New Build Generating CMU,18.834,15.0,Unknown,2020.0,22.5,2017.0
Edge Power (Greys Hall) Limited,EDP002,Yes,New Build Generating CMU,12.854,15.0,Unknown,2020.0,22.5,2017.0
EirGrid Interconnector Limited,EWIC15,Yes,Existing Interconnector CMU,131.3,1.0,Unknown,2020.0,22.5,2017.0
Endeco Technologies Limited,END001,Yes,Unproven DSR CMU,34.752,1.0,Unknown,2020.0,22.5,2017.0
Endeco Technologies Limited,END002,Yes,Unproven DSR CMU,34.752,1.0,Unknown,2020.0,22.5,2017.0
Energion Ltd.,Wheat1,Yes,New Build Generating CMU,10.359,15.0,Unknown,2020.0,22.5,2017.0
EnerNOC UK Limited,ECMU25,Yes,Unproven DSR CMU,21.72,1.0,Unknown,2020.0,22.5,2017.0
EnerNOC UK Limited,ECMU26,Yes,Unproven DSR CMU,21.72,1.0,Unknown,2020.0,22.5,2017.0
EnerNOC UK Limited,ECMU27,Yes,Unproven DSR CMU,21.72,1.0,Unknown,2020.0,22.5,2017.0
EnerNOC UK Limited,ECMU28,Yes,Unproven DSR CMU,21.72,1.0,Unknown,2020.0,22.5,2017.0
EnerNOC UK Limited,ECMU30,Yes,Unproven DSR CMU,21.72,1.0,Unknown,2020.0,22.5,2017.0
EnerNOC UK Limited,ECMU31,Yes,Unproven DSR CMU,21.72,1.0,Unknown,2020.0,22.5,2017.0
EnerNOC UK Limited,ECMU32,Yes,Unproven DSR CMU,21.72,1.0,Unknown,2020.0,22.5,2017.0
EnerNOC UK Limited,ECMU33,Yes,Unproven DSR CMU,21.72,1.0,Unknown,2020.0,22.5,2017.0
EnerNOC UK Limited,ECMU34,Yes,Unproven DSR CMU,21.72,1.0,Unknown,2020.0,22.5,2017.0
EnerNOC UK Limited,ECMU35,Yes,Unproven DSR CMU,21.72,1.0,Unknown,2020.0,22.5,2017.0
EnerNOC UK Limited,ECMU36,Yes,Unproven DSR CMU,21.72,1.0,Unknown,2020.0,22.5,2017.0
EnerNOC UK Limited,ECMU37,Yes,Unproven DSR CMU,21.72,1.0,Unknown,2020.0,22.5,2017.0
EnerNOC UK Limited,ECMU38,Yes,Unproven DSR CMU,21.72,1.0,Unknown,2020.0,22.5,2017.0
EnerNOC UK Limited,ECMU39,Yes,Unproven DSR CMU,21.72,1.0,Unknown,2020.0,22.5,2017.0
EnerNOC UK Limited,ECMU40,Yes,Unproven DSR CMU,21.72,1.0,Unknown,2020.0,22.5,2017.0
EnerNOC UK Limited,ECMU41,Yes,Unproven DSR CMU,21.72,1.0,Unknown,2020.0,22.5,2017.0
EnerNOC UK Limited,ECMU42,Yes,Unproven DSR CMU,21.72,1.0,Unknown,2020.0,22.5,2017.0
EnerNOC UK Limited,ECMU43,Yes,Unproven DSR CMU,21.72,1.0,Unknown,2020.0,22.5,2017.0
EnerNOC UK Limited,ECMU44,Yes,Unproven DSR CMU,21.72,1.0,Unknown,2020.0,22.5,2017.0
EnerNOC UK Limited,ECMU45,Yes,Unproven DSR CMU,21.72,1.0,Unknown,2020.0,22.5,2017.0
EnerNOC UK Limited,ECMU46,Yes,Unproven DSR CMU,21.72,1.0,Unknown,2020.0,22.5,2017.0
EnerNOC UK Limited,ECMU47,Yes,Unproven DSR CMU,21.72,1.0,Unknown,2020.0,22.5,2017.0
EnerNOC UK Limited,ECMU48,Yes,Unproven DSR CMU,21.72,1.0,Unknown,2020.0,22.5,2017.0
EnerNOC UK Limited,ECMU49,No,Unproven DSR CMU,0.0,0.0,Unknown,2020.0,22.5,2017.0
EnerNOC UK Limited,ECMU50,No,Unproven DSR CMU,0.0,0.0,Unknown,2020.0,22.5,2017.0
EnerNOC UK Limited,ECMU51,No,Unproven DSR CMU,0.0,0.0,Unknown,2020.0,22.5,2017.0
EnerNOC UK Limited,ECMU52,No,Unproven DSR CMU,0.0,0.0,Unknown,2020.0,22.5,2017.0
EnerNOC UK Limited,ECMU53,No,Unproven DSR CMU,0.0,0.0,Unknown,2020.0,22.5,2017.0
EnerNOC UK Limited,ECMU54,No,Unproven DSR CMU,0.0,0.0,Unknown,2020.0,22.5,2017.0
EnerNOC UK Limited,ECMU55,No,Unproven DSR CMU,0.0,0.0,Unknown,2020.0,22.5,2017.0
EnerNOC UK Limited,ECMU56,No,Unproven DSR CMU,0.0,0.0,Unknown,2020.0,22.5,2017.0
EnerNOC UK Limited,GCMU02,Yes,Existing Generating CMU,3.6,1.0,Unknown,2020.0,22.5,2017.0
EnerNOC UK Limited,GCMU03,Yes,Existing Generating CMU,3.6,1.0,Unknown,2020.0,22.5,2017.0
EnerNOC UK Limited,GCMU04,Yes,Existing Generating CMU,3.78,1.0,Unknown,2020.0,22.5,2017.0
EnerNOC UK Limited,GCMU05,Yes,Existing Generating CMU,3.24,1.0,Unknown,2020.0,22.5,2017.0
EnerNOC UK Limited,GCMU06,Yes,Existing Generating CMU,3.96,1.0,Unknown,2020.0,22.5,2017.0
EnerNOC UK Limited,GCMU07,Yes,Existing Generating CMU,3.96,1.0,Unknown,2020.0,22.5,2017.0
EnerNOC UK Limited,GCMU08,Yes,Existing Generating CMU,2.61,1.0,Unknown,2020.0,22.5,2017.0
EnerNOC UK Limited,GCMU09,Yes,Existing Generating CMU,2.61,1.0,Unknown,2020.0,22.5,2017.0
EnerNOC UK Limited,GCMU10,Yes,Existing Generating CMU,2.61,1.0,Unknown,2020.0,22.5,2017.0
EnerNOC UK Limited,GCMU11,Yes,Existing Generating CMU,9.45,1.0,Unknown,2020.0,22.5,2017.0
EnerNOC UK Limited,GCMU14,Yes,Existing Generating CMU,2.025,1.0,Unknown,2020.0,22.5,2017.0
EnerNOC UK Limited,GCMU15,Yes,Existing Generating CMU,3.6,1.0,Unknown,2020.0,22.5,2017.0
EnerNOC UK Limited,GCMU17,Yes,Existing Generating CMU,6.03,1.0,Unknown,2020.0,22.5,2017.0
EnerNOC UK Limited,GCMU18,Yes,Existing Generating CMU,7.02,1.0,Unknown,2020.0,22.5,2017.0
Enersyst Limited,Castle,Yes,New Build Generating CMU,3.428,15.0,Unknown,2020.0,22.5,2017.0
Enersyst Limited,FosLas,Yes,New Build Generating CMU,8.569,15.0,Unknown,2020.0,22.5,2017.0
ERF Way Limited,HN3008,Yes,New Build Generating CMU,19.604,15.0,Unknown,2020.0,22.5,2017.0
Esso Petroleum Company Limited,EM5-T4,Yes,Existing Generating CMU,124.34,1.0,Unknown,2020.0,22.5,2017.0
Excel District Energy Company Limited,CES004,Yes,Existing Generating CMU,7.354,1.0,Unknown,2020.0,22.5,2017.0
FCC Buckinghamshire Ltd,BUCK02,Yes,New Build Generating CMU,23.642,1.0,Unknown,2020.0,22.5,2017.0
FCC Recycling (UK) Ltd,ALL001,Yes,Existing Generating CMU,30.51,1.0,Unknown,2020.0,22.5,2017.0
FCC Recycling (UK) Ltd,LINC01,Yes,Existing Generating CMU,11.27,1.0,Unknown,2020.0,22.5,2017.0
Featherstone Energy Limited,HSGFEA,No,New Build Generating CMU,0.0,0.0,Unknown,2020.0,22.5,2017.0
Ferrybridge MFE 2 Limited,FM2-20,No,New Build Generating CMU,0.0,0.0,Unknown,2020.0,22.5,2017.0
Ferrybridge MFE Limited,FMFE20,Yes,New Build Generating CMU,66.687,1.0,Unknown,2020.0,22.5,2017.0
First Hydro Company,DINO_1,Yes,Existing Generating CMU,263.835,1.0,Unknown,2020.0,22.5,2017.0
First Hydro Company,DINO_2,Yes,Existing Generating CMU,263.835,1.0,Unknown,2020.0,22.5,2017.0
First Hydro Company,DINO_3,Yes,Existing Generating CMU,290.764,1.0,Unknown,2020.0,22.5,2017.0
First Hydro Company,DINO_4,Yes,Existing Generating CMU,289.672,1.0,Unknown,2020.0,22.5,2017.0
First Hydro Company,DINO_5,Yes,Existing Generating CMU,263.835,1.0,Unknown,2020.0,22.5,2017.0
First Hydro Company,DINO_6,Yes,Existing Generating CMU,263.835,1.0,Unknown,2020.0,22.5,2017.0
First Hydro Company,FFES_3,Yes,Existing Generating CMU,86.661,1.0,Unknown,2020.0,22.5,2017.0
First Hydro Company,FFES_4,Yes,Existing Generating CMU,86.661,1.0,Unknown,2020.0,22.5,2017.0
First Hydro Company,FFES1R,Yes,Refurbishing Generating CMU,86.661,15.0,Unknown,2020.0,22.5,2017.0
First Hydro Company,FFES2R,Yes,Refurbishing Generating CMU,86.661,15.0,Unknown,2020.0,22.5,2017.0
First Renewable Alpha Limited,PEN016,Yes,New Build Generating CMU,1.883,15.0,Unknown,2020.0,22.5,2017.0
First Renewable Delta Limited,CAT001,Yes,New Build Generating CMU,18.834,15.0,Unknown,2020.0,22.5,2017.0
First Renewable Epsilon Limited,CAT002,Yes,New Build Generating CMU,18.834,15.0,Unknown,2020.0,22.5,2017.0
First Renewable Omega Limited,PEN002,Yes,New Build Generating CMU,18.834,15.0,Unknown,2020.0,22.5,2017.0
Flexitricity Limited,FLXT01,Yes,Existing Generating CMU,8.148,1.0,Unknown,2020.0,22.5,2017.0
Flexitricity Limited,FLXT02,Yes,Existing Generating CMU,4.982,1.0,Unknown,2020.0,22.5,2017.0
Flexitricity Limited,FLXT03,Yes,Existing Generating CMU,4.85,1.0,Unknown,2020.0,22.5,2017.0
Flexitricity Limited,FLXT04,Yes,Existing Generating CMU,6.075,1.0,Unknown,2020.0,22.5,2017.0
Flexitricity Limited,FLXT05,Yes,Existing Generating CMU,5.362,1.0,Unknown,2020.0,22.5,2017.0
Flexitricity Limited,FLXT06,Yes,Existing Generating CMU,10.264,1.0,Unknown,2020.0,22.5,2017.0
Flexitricity Limited,FLXT08,Yes,Existing Generating CMU,4.414,1.0,Unknown,2020.0,22.5,2017.0
Flexitricity Limited,FLXT09,Yes,Existing Generating CMU,4.05,1.0,Unknown,2020.0,22.5,2017.0
Flexitricity Limited,FLXT10,Yes,Existing Generating CMU,2.708,1.0,Unknown,2020.0,22.5,2017.0
Flexitricity Limited,FLXT11,Yes,Existing Generating CMU,2.744,1.0,Unknown,2020.0,22.5,2017.0
Flexitricity Limited,FLXT12,Yes,Existing Generating CMU,2.673,1.0,Unknown,2020.0,22.5,2017.0
Flexitricity Limited,FLXT13,Yes,Existing Generating CMU,2.664,1.0,Unknown,2020.0,22.5,2017.0
Flexitricity Limited,FLXT14,Yes,Existing Generating CMU,2.355,1.0,Unknown,2020.0,22.5,2017.0
Flexitricity Limited,FLXT15,Yes,Existing Generating CMU,7.473,1.0,Unknown,2020.0,22.5,2017.0
Flexitricity Limited,FLXT16,Yes,Existing Generating CMU,7.655,1.0,Unknown,2020.0,22.5,2017.0
Flexitricity Limited,FLXT18,Yes,Existing Generating CMU,3.083,1.0,Unknown,2020.0,22.5,2017.0
Flexitricity Limited,FLXT19,Yes,Existing Generating CMU,3.063,1.0,Unknown,2020.0,22.5,2017.0
Flexitricity Limited,FLXT20,Yes,Existing Generating CMU,4.655,1.0,Unknown,2020.0,22.5,2017.0
Flexitricity Limited,FLXT21,Yes,Existing Generating CMU,2.953,1.0,Unknown,2020.0,22.5,2017.0
Flexitricity Limited,FLXT22,Yes,Existing Generating CMU,3.769,1.0,Unknown,2020.0,22.5,2017.0
Flexitricity Limited,FLXT24,Yes,Existing Generating CMU,3.413,1.0,Unknown,2020.0,22.5,2017.0
Flexitricity Limited,FLXT25,No,Existing Generating CMU,0.0,0.0,Unknown,2020.0,22.5,2017.0
Flexitricity Limited,FLXT26,Yes,New Build Generating CMU,3.6,15.0,Unknown,2020.0,22.5,2017.0
Flexitricity Limited,FLXT27,Yes,Existing Generating CMU,7.129,1.0,Unknown,2020.0,22.5,2017.0
Flexitricity Limited,FLXT40,Yes,Proven DSR CMU,3.475,1.0,Unknown,2020.0,22.5,2017.0
Flexitricity Limited,FLXT41,Yes,Proven DSR CMU,4.492,1.0,Unknown,2020.0,22.5,2017.0
Flexitricity Limited,FLXT42,Yes,Proven DSR CMU,12.007,1.0,Unknown,2020.0,22.5,2017.0
Flexitricity Limited,FLXT43,Yes,Proven DSR CMU,12.04,1.0,Unknown,2020.0,22.5,2017.0
Flexitricity Limited,FLXT61,Yes,Proven DSR CMU,2.581,1.0,Unknown,2020.0,22.5,2017.0
Flexitricity Limited,FLXT62,Yes,Proven DSR CMU,3.323,1.0,Unknown,2020.0,22.5,2017.0
Flexitricity Limited,FLXT63,Yes,Proven DSR CMU,3.372,1.0,Unknown,2020.0,22.5,2017.0
Flexitricity Limited,FLXT64,Yes,Proven DSR CMU,2.778,1.0,Unknown,2020.0,22.5,2017.0
Flexitricity Limited,FLXT70,Yes,Unproven DSR CMU,34.752,1.0,Unknown,2020.0,22.5,2017.0
Flexitricity Limited,FLXT71,Yes,Unproven DSR CMU,17.376,1.0,Unknown,2020.0,22.5,2017.0
Flexitricity Limited,FLXT72,Yes,Unproven DSR CMU,2.606,1.0,Unknown,2020.0,22.5,2017.0
Flexitricity Limited,FLXT73,Yes,Unproven DSR CMU,8.688,1.0,Unknown,2020.0,22.5,2017.0
Flexitricity Limited,FLXT74,Yes,Unproven DSR CMU,5.213,1.0,Unknown,2020.0,22.5,2017.0
Flexitricity Limited,FLXT75,Yes,Unproven DSR CMU,17.376,1.0,Unknown,2020.0,22.5,2017.0
Flexitricity Limited,FLXT76,Yes,Unproven DSR CMU,21.72,1.0,Unknown,2020.0,22.5,2017.0
Flexitricity Limited,FLXT77,Yes,Unproven DSR CMU,17.376,1.0,Unknown,2020.0,22.5,2017.0
Flexitricity Limited,FLXT78,Yes,Unproven DSR CMU,4.344,1.0,Unknown,2020.0,22.5,2017.0
Flexitricity Limited,FLXT79,Yes,Unproven DSR CMU,3.475,1.0,Unknown,2020.0,22.5,2017.0
Flexitricity Limited,FLXT80,Yes,Unproven DSR CMU,17.376,1.0,Unknown,2020.0,22.5,2017.0
Flexitricity Limited,FLXT81,Yes,Unproven DSR CMU,6.95,1.0,Unknown,2020.0,22.5,2017.0
Flexitricity Limited,FLXT82,Yes,Unproven DSR CMU,22.068,1.0,Unknown,2020.0,22.5,2017.0
Flexitricity Limited,FLXT83,Yes,Unproven DSR CMU,3.91,1.0,Unknown,2020.0,22.5,2017.0
Flexitricity Limited,FLXT84,Yes,Unproven DSR CMU,3.041,1.0,Unknown,2020.0,22.5,2017.0
Flexitricity Limited,FLXT85,Yes,Unproven DSR CMU,3.041,1.0,Unknown,2020.0,22.5,2017.0
Flexitricity Limited,FLXT86,Yes,Unproven DSR CMU,2.606,1.0,Unknown,2020.0,22.5,2017.0
Flexitricity Limited,FLXT87,Yes,Unproven DSR CMU,3.649,1.0,Unknown,2020.0,22.5,2017.0
Flexitricity Limited,FLXT88,Yes,Unproven DSR CMU,2.606,1.0,Unknown,2020.0,22.5,2017.0
Flexitricity Limited,FLXT89,Yes,Unproven DSR CMU,3.475,1.0,Unknown,2020.0,22.5,2017.0
Flexitricity Limited,FLXT90,Yes,Unproven DSR CMU,9.557,1.0,Unknown,2020.0,22.5,2017.0
Flexitricity Limited,FLXT91,Yes,Unproven DSR CMU,9.383,1.0,Unknown,2020.0,22.5,2017.0
Flint Power Limited ,FLIN02,No,New Build Generating CMU,0.0,0.0,Unknown,2020.0,22.5,2017.0
Gas Generation Oldham Limited,OLD001,Yes,New Build Generating CMU,18.834,15.0,Unknown,2020.0,22.5,2017.0
Gas Generation Thurrock Limited,THU001,Yes,New Build Generating CMU,18.834,15.0,Unknown,2020.0,22.5,2017.0
Gateway Energy Centre Limited,IGGATE,No,New Build Generating CMU,0.0,0.0,Unknown,2020.0,22.5,2017.0
GB Gas Holdings Ltd,CENES1,No,Unproven DSR CMU,0.0,0.0,Unknown,2020.0,22.5,2017.0
GB Gas Holdings Ltd,CENES2,No,Unproven DSR CMU,0.0,0.0,Unknown,2020.0,22.5,2017.0
GF Power Peaking Limited,BE3152,Yes,Existing Generating CMU,3.315,1.0,Unknown,2020.0,22.5,2017.0
GF Power Peaking Limited,IL3159,Yes,New Build Generating CMU,6.027,1.0,Unknown,2020.0,22.5,2017.0
Goose House Limited,KR3010,Yes,New Build Generating CMU,9.973,15.0,Unknown,2020.0,22.5,2017.0
Goose House Limited,LP3011,Yes,New Build Generating CMU,5.984,15.0,Unknown,2020.0,22.5,2017.0
Goose House Limited,MN3012,Yes,New Build Generating CMU,3.914,15.0,Unknown,2020.0,22.5,2017.0
Grangemouth CHP Limited,GCHPL1,Yes,Existing Generating CMU,128.208,1.0,Unknown,2020.0,22.5,2017.0
Green Frog Power Limited,AD3177,Yes,Existing Generating CMU,18.834,1.0,Unknown,2020.0,22.5,2017.0
Green Frog Power Limited,PS3116,No,Existing Generating CMU,0.0,0.0,Unknown,2020.0,22.5,2017.0
Green Frog Power Limited,QT3167,No,Existing Generating CMU,0.0,0.0,Unknown,2020.0,22.5,2017.0
Green Frog Power Limited,RU3168,No,Existing Generating CMU,0.0,0.0,Unknown,2020.0,22.5,2017.0
Green Frog Power Limited,SV3169,No,Existing Generating CMU,0.0,0.0,Unknown,2020.0,22.5,2017.0
Green Frog Power Limited,TW3170,No,Existing Generating CMU,0.0,0.0,Unknown,2020.0,22.5,2017.0
Green Frog Power Limited,UX3171,No,Existing Generating CMU,0.0,0.0,Unknown,2020.0,22.5,2017.0
Green Frog Power Limited,VY3172,No,Existing Generating CMU,0.0,0.0,Unknown,2020.0,22.5,2017.0
Green Frog Power Limited,WZ3173,No,Existing Generating CMU,0.0,0.0,Unknown,2020.0,22.5,2017.0
Green Frog Power Limited,XA3174,No,Existing Generating CMU,0.0,0.0,Unknown,2020.0,22.5,2017.0
Green Frog Power Limited,YB3175,No,Existing Generating CMU,0.0,0.0,Unknown,2020.0,22.5,2017.0
Green Frog Power Limited,ZC3176,No,Existing Generating CMU,0.0,0.0,Unknown,2020.0,22.5,2017.0
Green Hedge Energy Barn Limited,GHBRE1,Yes,New Build Generating CMU,9.436,15.0,Unknown,2020.0,22.5,2017.0
Green Hedge Energy Barn Limited,GHKBF1,Yes,New Build Generating CMU,9.629,15.0,Unknown,2020.0,22.5,2017.0
Green Hedge Energy Barn Limited,GHLEV1,Yes,New Build Generating CMU,9.436,15.0,Unknown,2020.0,22.5,2017.0
Green Hedge Energy Barn Limited,GHPAC1,Yes,New Build Generating CMU,9.436,15.0,Unknown,2020.0,22.5,2017.0
Griffith Generation Limited,CH3003,Yes,New Build Generating CMU,9.973,15.0,Unknown,2020.0,22.5,2017.0
Haverton Energy Limited,LS3013,Yes,New Build Generating CMU,18.204,15.0,Unknown,2020.0,22.5,2017.0
Haverton Energy Limited,MT3014,Yes,New Build Generating CMU,19.604,15.0,Unknown,2020.0,22.5,2017.0
Hirwaun Power Limited,HPL_02,No,New Build Generating CMU,0.0,0.0,Unknown,2020.0,22.5,2017.0
Imperative Energy (Pendigo) Ltd,NECBAL,Yes,New Build Generating CMU,15.315,15.0,Unknown,2020.0,22.5,2017.0
Indian Queens Power Limited,INDQ_1,Yes,Existing Generating CMU,131.838,1.0,Unknown,2020.0,22.5,2017.0
Industrial Energy Services Limited ,CES003,No,Existing Generating CMU,0.0,0.0,Unknown,2020.0,22.5,2017.0
INEOS Nitriles (UK) Ltd,INEOS1,Yes,Existing Generating CMU,45.9,1.0,Unknown,2020.0,22.5,2017.0
Infinis Alternative Energies Limited,BRST1A,Yes,Existing Generating CMU,5.694,1.0,Unknown,2020.0,22.5,2017.0
Infinis Alternative Energies Limited,BRST2B,Yes,Existing Generating CMU,5.661,1.0,Unknown,2020.0,22.5,2017.0
Irwell Power Limited,IRWE02,No,New Build Generating CMU,0.0,0.0,Unknown,2020.0,22.5,2017.0
Keadby Generation Limited,FID02G,No,Existing Generating CMU,0.0,0.0,Unknown,2020.0,22.5,2017.0
Keadby Generation Limited,FID03G,No,Existing Generating CMU,0.0,0.0,Unknown,2020.0,22.5,2017.0
Keadby Generation Limited,FID120,No,Existing Generating CMU,0.0,0.0,Unknown,2020.0,22.5,2017.0
Keadby Generation Limited,FIDL02,No,Existing Generating CMU,0.0,0.0,Unknown,2020.0,22.5,2017.0
Keadby Generation Limited,FIDL03,No,Existing Generating CMU,0.0,0.0,Unknown,2020.0,22.5,2017.0
Keadby Generation Limited,FIDL04,No,Existing Generating CMU,0.0,0.0,Unknown,2020.0,22.5,2017.0
Keadby Generation Limited,KEAD-2,No,New Build Generating CMU,0.0,0.0,Unknown,2020.0,22.5,2017.0
Keadby Generation Limited,KEADBY,Yes,Existing Generating CMU,715.851,1.0,Unknown,2020.0,22.5,2017.0
Keystone Power Limited,Keyst1,Yes,Existing Generating CMU,19.501,1.0,Unknown,2020.0,22.5,2017.0
Kiln Power Limited,KILN02,No,New Build Generating CMU,0.0,0.0,Unknown,2020.0,22.5,2017.0
Kingsmoor Power Limited,King01,Yes,New Build Generating CMU,6.658,15.0,Unknown,2020.0,22.5,2017.0
KIWI POWER BATTERY LIMITED,KPBL01,Yes,New Build Generating CMU,5.777,15.0,Unknown,2020.0,22.5,2017.0
KiWi Power Ltd,KIWI70,Yes,Unproven DSR CMU,16.0,1.0,Unknown,2020.0,22.5,2017.0
KiWi Power Ltd,KIWI71,Yes,Unproven DSR CMU,25.0,1.0,Unknown,2020.0,22.5,2017.0
KiWi Power Ltd,KIWI73,Yes,Unproven DSR CMU,10.0,1.0,Unknown,2020.0,22.5,2017.0
KiWi Power Ltd,KIWI74,Yes,Unproven DSR CMU,30.0,1.0,Unknown,2020.0,22.5,2017.0
KiWi Power Ltd,KIWI75,Yes,Unproven DSR CMU,30.0,1.0,Unknown,2020.0,22.5,2017.0
KiWi Power Ltd,KIWI76,Yes,Unproven DSR CMU,17.0,1.0,Unknown,2020.0,22.5,2017.0
KiWi Power Ltd,KIWI78,Yes,Unproven DSR CMU,12.0,1.0,Unknown,2020.0,22.5,2017.0
KiWi Power Ltd,KIWI83,Yes,Unproven DSR CMU,30.0,1.0,Unknown,2020.0,22.5,2017.0
KiWi Power Ltd,KIWI84,Yes,Unproven DSR CMU,30.0,1.0,Unknown,2020.0,22.5,2017.0
KiWi Power Ltd,KIWI87,Yes,Unproven DSR CMU,20.0,1.0,Unknown,2020.0,22.5,2017.0
KiWi Power Ltd,KIWI88,Yes,Unproven DSR CMU,12.0,1.0,Unknown,2020.0,22.5,2017.0
Knottingley Power Limited,KNOT_1,No,New Build Generating CMU,0.0,0.0,Unknown,2020.0,22.5,2017.0
Knottingley Power Limited,KNOT_2,No,New Build Generating CMU,0.0,0.0,Unknown,2020.0,22.5,2017.0
LAKESIDE ENERGY FROM WASTE LIMITED,LAKefw,Yes,Existing Generating CMU,32.096,1.0,Unknown,2020.0,22.5,2017.0
Lancaster Power Limited,LANC02,No,New Build Generating CMU,0.0,0.0,Unknown,2020.0,22.5,2017.0
LANGLEY STORAGE LIMITED,SEL007,Yes,New Build Generating CMU,48.049,15.0,Unknown,2020.0,22.5,2017.0
Leafield Energy Limited,LE2016,Yes,New Build Generating CMU,13.184,15.0,Unknown,2020.0,22.5,2017.0
Leicester District Energy Company Limited,CES008,Yes,Existing Generating CMU,4.123,1.0,Unknown,2020.0,22.5,2017.0
Limejump Ltd.,EXC_04,Yes,Existing Generating CMU,7.459,1.0,Unknown,2020.0,22.5,2017.0
Limejump Ltd.,EXC_05,Yes,Existing Generating CMU,13.201,1.0,Unknown,2020.0,22.5,2017.0
Limejump Ltd.,NBB_02,Yes,New Build Generating CMU,4.622,15.0,Unknown,2020.0,22.5,2017.0
Loddon Power Limited,LODD02,No,New Build Generating CMU,0.0,0.0,Unknown,2020.0,22.5,2017.0
LondonWaste Limited,LWL100,Yes,Existing Generating CMU,33.446,1.0,Unknown,2020.0,22.5,2017.0
Low Carbon Storage Investment Company Limited,CLEAT1,Yes,New Build Generating CMU,9.629,15.0,Unknown,2020.0,22.5,2017.0
Low Carbon Storage Investment Company Limited,GLASS2,Yes,New Build Generating CMU,38.516,15.0,Unknown,2020.0,22.5,2017.0
Marden Power Limited,MARD02,No,New Build Generating CMU,0.0,0.0,Unknown,2020.0,22.5,2017.0
Marsh Energy Limited,RW3017,No,New Build Generating CMU,0.0,0.0,Unknown,2020.0,22.5,2017.0
Marsh Energy Limited,SY3018,No,New Build Generating CMU,0.0,0.0,Unknown,2020.0,22.5,2017.0
Medway Power Limited,MEDP01,Yes,Existing Generating CMU,666.3,1.0,Unknown,2020.0,22.5,2017.0
Mellishaw Limited,TZ3019,Yes,New Build Generating CMU,17.951,15.0,Unknown,2020.0,22.5,2017.0
Mellishaw Limited,UY3020,Yes,New Build Generating CMU,16.953,15.0,Unknown,2020.0,22.5,2017.0
Mercia Power Response (Albion Close) Limited,MPRAC1,Yes,New Build Generating CMU,3.767,15.0,Unknown,2020.0,22.5,2017.0
Mercia Power Response (Asher Lane 2) Limited,MPRAL2,Yes,New Build Generating CMU,13.184,15.0,Unknown,2020.0,22.5,2017.0
Mercia Power Response (Chesterfield Road) Limited,MPRCR1,Yes,New Build Generating CMU,7.308,15.0,Unknown,2020.0,22.5,2017.0
Mercia Power Response (Common Lane) Limited,MPRCL1,Yes,New Build Generating CMU,7.383,15.0,Unknown,2020.0,22.5,2017.0
Mercia Power Response (Cuckoo Road) Limited,MPRCR2,Yes,New Build Generating CMU,7.534,15.0,Unknown,2020.0,22.5,2017.0
Mercia Power Response (Graphite Way) Limited,MPRGW1,Yes,New Build Generating CMU,5.532,15.0,Unknown,2020.0,22.5,2017.0
Mercia Power Response (Lubenham Road) Limited ,MPRLR1,Yes,New Build Generating CMU,9.596,15.0,Unknown,2020.0,22.5,2017.0
Mercia Power Response (Manners Avenue 2) Limited,MPRMA2,Yes,New Build Generating CMU,6.592,15.0,Unknown,2020.0,22.5,2017.0
Mercia Power Response (Nottingham Road) Limited,MPRNR1,Yes,New Build Generating CMU,6.564,15.0,Unknown,2020.0,22.5,2017.0
Mercia Power Response (Pontefract Road) Limited,MPRPR2,Yes,New Build Generating CMU,6.435,15.0,Unknown,2020.0,22.5,2017.0
Mercia Power Response (Private Rd No. 5) Limited,MPRPR1,Yes,New Build Generating CMU,4.591,15.0,Unknown,2020.0,22.5,2017.0
Mercia Power Response (Private Rd No. 5) Limited,MPRPR3,Yes,New Build Generating CMU,13.998,15.0,Unknown,2020.0,22.5,2017.0
Mercia Power Response (The Wood Yard) Limited,MPRWY1,Yes,New Build Generating CMU,6.465,15.0,Unknown,2020.0,22.5,2017.0
Mercia Power Response (Whittington Road ) Limited,MPRWR1,Yes,New Build Generating CMU,6.435,15.0,Unknown,2020.0,22.5,2017.0
Mercia Waste Management Ltd,MERC02,Yes,New Build Generating CMU,21.73,1.0,Unknown,2020.0,22.5,2017.0
Merit Generation Limited,CHAT01,Yes,New Build Generating CMU,18.834,15.0,Unknown,2020.0,22.5,2017.0
Moorfield Way Limited,VW3021,Yes,New Build Generating CMU,19.604,15.0,Unknown,2020.0,22.5,2017.0
Moyle Interconnector Ltd,Moyle2,Yes,Existing Interconnector CMU,130.0,1.0,Unknown,2020.0,22.5,2017.0
MPF Generation Limited,WILL-C,No,New Build Generating CMU,0.0,0.0,Unknown,2020.0,22.5,2017.0
National Grid Interconnectors Limited,IFA_16,Yes,Existing Interconnector CMU,1192.8,1.0,Unknown,2020.0,22.5,2017.0
NEMO LINK LIMITED,NEMO16,No,New Build Interconnector CMU,0.0,0.0,Unknown,2020.0,22.5,2017.0
Nevern Power Limited,NEVE02,Yes,New Build Generating CMU,15.067,15.0,Unknown,2020.0,22.5,2017.0
New Power Generation N03 Limited,FO3032,No,New Build Generating CMU,0.0,0.0,Unknown,2020.0,22.5,2017.0
NG CM 2017 Limited,CURZ03,No,New Build Generating CMU,0.0,0.0,Unknown,2020.0,22.5,2017.0
NG CM 2017 Limited,WATE02,Yes,New Build Generating CMU,19.098,15.0,Unknown,2020.0,22.5,2017.0
Northwich Power Limited,NORT02,No,New Build Generating CMU,0.0,0.0,Unknown,2020.0,22.5,2017.0
NORTON STORAGE LIMITED,SEL005,Yes,New Build Generating CMU,48.049,15.0,Unknown,2020.0,22.5,2017.0
Nuclear Decommissioning Authority,NDAMAN,Yes,Existing Generating CMU,24.478,1.0,Unknown,2020.0,22.5,2017.0
Ogmore Power Limited,OGMO02,No,New Build Generating CMU,0.0,0.0,Unknown,2020.0,22.5,2017.0
ORIGAMI ENERGY LIMITED,OEL001,Yes,Unproven DSR CMU,9.991,1.0,Unknown,2020.0,22.5,2017.0
P3P Energy Management AE Limited,CASQ14,Yes,Existing Generating CMU,3.038,1.0,Unknown,2020.0,22.5,2017.0
P3P Energy Management Limited,BREH14,Yes,Existing Generating CMU,13.485,1.0,Unknown,2020.0,22.5,2017.0
PARC ADFER LIMITED ,ParcAd,No,New Build Generating CMU,0.0,0.0,Unknown,2020.0,22.5,2017.0
Peak Gen Power 17 Limited,PGP17W,No,New Build Generating CMU,0.0,0.0,Unknown,2020.0,22.5,2017.0
Peak Gen Power 24 Limited,PGP24S,No,New Build Generating CMU,0.0,0.0,Unknown,2020.0,22.5,2017.0
Peak Gen Power 25 Limited,PGP25S,No,New Build Generating CMU,0.0,0.0,Unknown,2020.0,22.5,2017.0
Peak Gen Power 27 Limited,PGP27G,No,New Build Generating CMU,0.0,0.0,Unknown,2020.0,22.5,2017.0
Peak Gen Power 9 Limited,PGP9NE,No,New Build Generating CMU,0.0,0.0,Unknown,2020.0,22.5,2017.0
Peak Power Connections Limited,BUXT02,Yes,New Build Generating CMU,19.098,15.0,Unknown,2020.0,22.5,2017.0
Peak Power Connections Limited,CURZ02,No,New Build Generating CMU,0.0,0.0,Unknown,2020.0,22.5,2017.0
PELHAM STORAGE LIMITED,SEL004,Yes,New Build Generating CMU,48.135,15.0,Unknown,2020.0,22.5,2017.0
Power Balancing Services (Sandy Lane) Limited,PBSSL1,Yes,New Build Generating CMU,6.623,15.0,Unknown,2020.0,22.5,2017.0
Power Balancing Services Limited,PBSHW1,Yes,New Build Generating CMU,2.825,15.0,Unknown,2020.0,22.5,2017.0
Precise Energy Limited,STOW-A,Yes,New Build Generating CMU,18.834,15.0,Unknown,2020.0,22.5,2017.0
Precision Diesel Enterprises Limited,SELBY2,Yes,New Build Generating CMU,19.588,15.0,Unknown,2020.0,22.5,2017.0
Prime Energy Development Limited,PR_BLA,No,New Build Generating CMU,0.0,0.0,Unknown,2020.0,22.5,2017.0
Prime Energy Development Limited,PR_BUR,No,New Build Generating CMU,0.0,0.0,Unknown,2020.0,22.5,2017.0
Prime Energy Development Limited,PR_DOD,No,New Build Generating CMU,0.0,0.0,Unknown,2020.0,22.5,2017.0
Prime Energy Development Limited,PR_PEN,No,New Build Generating CMU,0.0,0.0,Unknown,2020.0,22.5,2017.0
Prime Energy Development Limited,PR_ZIG,No,New Build Generating CMU,0.0,0.0,Unknown,2020.0,22.5,2017.0
Progress Power Limited,PPL_02,No,New Build Generating CMU,0.0,0.0,Unknown,2020.0,22.5,2017.0
Push Energy (Kentishes West) Limited,PUSH01,Yes,New Build Generating CMU,6.451,15.0,Unknown,2020.0,22.5,2017.0
Rainbow Energy Limited,WY3022,Yes,New Build Generating CMU,18.834,15.0,Unknown,2020.0,22.5,2017.0
Rainbow Energy Limited,YV3023,Yes,New Build Generating CMU,18.834,15.0,Unknown,2020.0,22.5,2017.0
Rake Lane Limited,ZU3024,Yes,New Build Generating CMU,19.945,15.0,Unknown,2020.0,22.5,2017.0
Redscar Limited,AT3025,Yes,New Build Generating CMU,18.204,15.0,Unknown,2020.0,22.5,2017.0
Redscar Limited,BS3026,Yes,New Build Generating CMU,19.464,15.0,Unknown,2020.0,22.5,2017.0
REG Gascoigne Wood Ltd,Gasc01,No,New Build Generating CMU,0.0,0.0,Unknown,2020.0,22.5,2017.0
REG Highfield Limited,High01,No,New Build Generating CMU,0.0,0.0,Unknown,2020.0,22.5,2017.0
REG Hull Ltd,Hull01,No,New Build Generating CMU,0.0,0.0,Unknown,2020.0,22.5,2017.0
Regent Park Energy Limited,ARPPR6,Yes,Existing Generating CMU,2.871,1.0,Unknown,2020.0,22.5,2017.0
Regent Park Energy Limited,ARPPR7,Yes,Existing Generating CMU,2.722,1.0,Unknown,2020.0,22.5,2017.0
Regent Park Energy Limited,ARPPRc,Yes,Existing Generating CMU,5.141,1.0,Unknown,2020.0,22.5,2017.0
Regent Park Energy Limited,ARPPRd,Yes,Existing Generating CMU,4.121,1.0,Unknown,2020.0,22.5,2017.0
Ribble Power Limited,RIBB02,No,New Build Generating CMU,0.0,0.0,Unknown,2020.0,22.5,2017.0
Riverside Resource Recovery Limited,RRRF01,Yes,Existing Generating CMU,67.249,1.0,Unknown,2020.0,22.5,2017.0
Rocksavage Power Company Ltd,IGROCK,Yes,Existing Generating CMU,747.0,1.0,Unknown,2020.0,22.5,2017.0
Rolls-Royce Power Development Limited,BRISTa,Yes,Existing Generating CMU,39.909,1.0,Unknown,2020.0,22.5,2017.0
Rolls-Royce Power Development Limited,CROYDa,Yes,Existing Generating CMU,47.264,1.0,Unknown,2020.0,22.5,2017.0
Rolls-Royce Power Development Limited,DERBYa,Yes,Existing Generating CMU,51.652,1.0,Unknown,2020.0,22.5,2017.0
Rolls-Royce Power Development Limited,EXETRa,Yes,Existing Generating CMU,45.21,1.0,Unknown,2020.0,22.5,2017.0
Rolls-Royce Power Development Limited,HEARTa,Yes,Existing Generating CMU,47.085,1.0,Unknown,2020.0,22.5,2017.0
Rolls-Royce Power Development Limited,HEARTb,Yes,Existing Generating CMU,47.085,1.0,Unknown,2020.0,22.5,2017.0
Rolls-Royce Power Development Limited,VKINGa,Yes,Existing Generating CMU,44.782,1.0,Unknown,2020.0,22.5,2017.0
Rounponds Energy Limited,RO2016,Yes,New Build Generating CMU,9.417,15.0,Unknown,2020.0,22.5,2017.0
Russell Smith Farms Limited,Smith1,No,New Build Generating CMU,0.0,0.0,Unknown,2020.0,22.5,2017.0
RWE Cogen UK (Hythe) Ltd,HYTHE2,Yes,Existing Generating CMU,44.91,1.0,Unknown,2020.0,22.5,2017.0
RWE Cogen UK Ltd,CHEGT1,Yes,Existing Generating CMU,42.837,1.0,Unknown,2020.0,22.5,2017.0
RWE Cogen UK Ltd,CHEN01,No,New Build Generating CMU,0.0,0.0,Unknown,2020.0,22.5,2017.0
RWE Cogen UK Ltd,CHES01,No,New Build Generating CMU,0.0,0.0,Unknown,2020.0,22.5,2017.0
RWE Cogen UK Ltd,CHEW01,No,New Build Generating CMU,0.0,0.0,Unknown,2020.0,22.5,2017.0
RWE Cogen UK Ltd,SEALS2,No,Existing Generating CMU,0.0,0.0,Unknown,2020.0,22.5,2017.0
RWE Cogen UK Ltd,GRIM01,Yes,New Build Generating CMU,18.834,15.0,Unknown,2020.0,22.5,2017.0
RWE Generation UK plc,ABTHC1,Yes,Existing Generating CMU,1474.819,1.0,Unknown,2020.0,22.5,2017.0
RWE Generation UK plc,COW161,Yes,Existing Generating CMU,46.613,1.0,Unknown,2020.0,22.5,2017.0
RWE Generation UK plc,COW162,Yes,Existing Generating CMU,46.562,1.0,Unknown,2020.0,22.5,2017.0
RWE Generation UK plc,DID161,Yes,Existing Generating CMU,23.543,1.0,Unknown,2020.0,22.5,2017.0
RWE Generation UK plc,DID162,Yes,Existing Generating CMU,23.543,1.0,Unknown,2020.0,22.5,2017.0
RWE Generation UK plc,DID163,Yes,Existing Generating CMU,23.543,1.0,Unknown,2020.0,22.5,2017.0
RWE Generation UK plc,DID164,Yes,Existing Generating CMU,23.543,1.0,Unknown,2020.0,22.5,2017.0
RWE Generation UK plc,DIDCB5,Yes,Existing Generating CMU,720.0,1.0,Unknown,2020.0,22.5,2017.0
RWE Generation UK plc,DIDCB6,Yes,Existing Generating CMU,675.0,1.0,Unknown,2020.0,22.5,2017.0
RWE Generation UK plc,GYAR01,Yes,Existing Generating CMU,369.0,1.0,Unknown,2020.0,22.5,2017.0
RWE Generation UK plc,LBA161,Yes,Existing Generating CMU,698.543,1.0,Unknown,2020.0,22.5,2017.0
RWE Generation UK plc,PEMB11,Yes,Existing Generating CMU,427.5,1.0,Unknown,2020.0,22.5,2017.0
RWE Generation UK plc,PEMB21,Yes,Existing Generating CMU,427.5,1.0,Unknown,2020.0,22.5,2017.0
RWE Generation UK plc,PEMB31,Yes,Existing Generating CMU,427.5,1.0,Unknown,2020.0,22.5,2017.0
RWE Generation UK plc,PEMB41,Yes,Existing Generating CMU,427.5,1.0,Unknown,2020.0,22.5,2017.0
RWE Generation UK plc,PEMB51,Yes,Existing Generating CMU,427.5,1.0,Unknown,2020.0,22.5,2017.0
RWE Generation UK plc,STAY01,Yes,Existing Generating CMU,417.6,1.0,Unknown,2020.0,22.5,2017.0
RWE Generation UK plc,STAY02,Yes,Existing Generating CMU,417.6,1.0,Unknown,2020.0,22.5,2017.0
RWE Generation UK plc,STAY03,Yes,Existing Generating CMU,417.6,1.0,Unknown,2020.0,22.5,2017.0
RWE Generation UK plc,STAY04,Yes,Existing Generating CMU,417.6,1.0,Unknown,2020.0,22.5,2017.0
RYDBERG DEVELOPMENT COMPANY LIMITED,BOLC01,Yes,New Build Generating CMU,11.3,15.0,Unknown,2020.0,22.5,2017.0
RYDBERG DEVELOPMENT COMPANY LIMITED,HAVE01,Yes,New Build Generating CMU,5.65,15.0,Unknown,2020.0,22.5,2017.0
Saltend Cogeneration Company Limited,SALTPS,Yes,Existing Generating CMU,1080.0,1.0,Unknown,2020.0,22.5,2017.0
ScottishPower Energy Retail Limited,SPDR05,Yes,Unproven DSR CMU,4.241,1.0,Unknown,2020.0,22.5,2017.0
ScottishPower Energy Retail Limited,SPDR06,Yes,Unproven DSR CMU,4.947,1.0,Unknown,2020.0,22.5,2017.0
ScottishPower Energy Retail Limited,SPDR07,Yes,Unproven DSR CMU,2.589,1.0,Unknown,2020.0,22.5,2017.0
ScottishPower Energy Retail Limited,SPDR08,Yes,Unproven DSR CMU,4.036,1.0,Unknown,2020.0,22.5,2017.0
ScottishPower Energy Retail Limited,SPDR09,Yes,Unproven DSR CMU,4.682,1.0,Unknown,2020.0,22.5,2017.0
ScottishPower Energy Retail Limited,SPDR10,Yes,Unproven DSR CMU,4.136,1.0,Unknown,2020.0,22.5,2017.0
ScottishPower Energy Retail Limited,SPDR11,Yes,Unproven DSR CMU,5.213,1.0,Unknown,2020.0,22.5,2017.0
ScottishPower Energy Retail Limited,SPDR12,Yes,Unproven DSR CMU,5.213,1.0,Unknown,2020.0,22.5,2017.0
ScottishPower Energy Retail Limited,SPDR13,Yes,Unproven DSR CMU,4.865,1.0,Unknown,2020.0,22.5,2017.0
ScottishPower Energy Retail Limited,SPDR14,No,Unproven DSR CMU,0.0,0.0,Unknown,2020.0,22.5,2017.0
ScottishPower Energy Retail Limited,SPDR15,No,Unproven DSR CMU,0.0,0.0,Unknown,2020.0,22.5,2017.0
ScottishPower Energy Retail Limited,SPDR16,No,Unproven DSR CMU,0.0,0.0,Unknown,2020.0,22.5,2017.0
ScottishPower Generation Limited,SP16BL,Yes,Existing Generating CMU,54.0,1.0,Unknown,2020.0,22.5,2017.0
ScottishPower Generation Limited,SP16CR,Yes,Existing Generating CMU,423.676,1.0,Unknown,2020.0,22.5,2017.0
ScottishPower Generation Limited,SP16D2,No,New Build Generating CMU,0.0,0.0,Unknown,2020.0,22.5,2017.0
ScottishPower Generation Limited,SP16D3,No,New Build Generating CMU,0.0,0.0,Unknown,2020.0,22.5,2017.0
ScottishPower Generation Limited,SP16DC,Yes,Existing Generating CMU,724.5,1.0,Unknown,2020.0,22.5,2017.0
ScottishPower Generation Limited,SP16GL,Yes,Existing Generating CMU,20.8,1.0,Unknown,2020.0,22.5,2017.0
ScottishPower Generation Limited,SP16KE,Yes,Existing Generating CMU,20.82,1.0,Unknown,2020.0,22.5,2017.0
ScottishPower Generation Limited,SP16RH,Yes,Existing Generating CMU,643.5,1.0,Unknown,2020.0,22.5,2017.0
ScottishPower Generation Limited,SP16SH,Yes,Existing Generating CMU,382.5,1.0,Unknown,2020.0,22.5,2017.0
ScottishPower Generation Limited,SP16TO,Yes,Existing Generating CMU,29.761,1.0,Unknown,2020.0,22.5,2017.0
Seabank Power Limited,SEA1_2,Yes,Existing Generating CMU,1132.2,1.0,Unknown,2020.0,22.5,2017.0
Sembcorp Utilities (UK) Limited,S20G01,Yes,Existing Generating CMU,37.539,1.0,Unknown,2020.0,22.5,2017.0
Sembcorp Utilities (UK) Limited,S20G02,Yes,Existing Generating CMU,37.571,1.0,Unknown,2020.0,22.5,2017.0
Sembcorp Utilities (UK) Limited,S20S11,Yes,Existing Generating CMU,21.738,1.0,Unknown,2020.0,22.5,2017.0
SITA Northumberland Limited,SUEZ03,Yes,Existing Generating CMU,9.435,1.0,Unknown,2020.0,22.5,2017.0
SITA South Tyne and Wear Limited,SUEZ04,Yes,Existing Generating CMU,20.876,1.0,Unknown,2020.0,22.5,2017.0
SmartestEnergy Limited,SEL-01,Yes,Unproven DSR CMU,26.064,1.0,Unknown,2020.0,22.5,2017.0
SmartestEnergy Limited,SEL-02,Yes,Unproven DSR CMU,26.064,1.0,Unknown,2020.0,22.5,2017.0
SmartestEnergy Limited,SEL-03,Yes,Unproven DSR CMU,17.376,1.0,Unknown,2020.0,22.5,2017.0
SmartestEnergy Limited,SEL-04,Yes,Unproven DSR CMU,17.376,1.0,Unknown,2020.0,22.5,2017.0
Southampton Geothermal Heating Company Limited,CES009,Yes,Existing Generating CMU,6.061,1.0,Unknown,2020.0,22.5,2017.0
Spalding Energy Company Ltd,IGSPLN,Yes,Existing Generating CMU,812.7,1.0,Unknown,2020.0,22.5,2017.0
Spalding Energy Expansion Limited,IGSPEL,No,New Build Generating CMU,0.0,0.0,Unknown,2020.0,22.5,2017.0
Spalding Energy Expansion Limited,IGSPEO,Yes,New Build Generating CMU,298.519,15.0,Unknown,2020.0,22.5,2017.0
SSE Energy Supply Ltd.,MRWD-1,Yes,Existing Generating CMU,828.0,1.0,Unknown,2020.0,22.5,2017.0
SSE Energy Supply Ltd.,SSED01,Yes,Unproven DSR CMU,43.44,1.0,Unknown,2020.0,22.5,2017.0
SSE Energy Supply Ltd.,SSED02,No,Unproven DSR CMU,0.0,0.0,Unknown,2020.0,22.5,2017.0
SSE Energy Supply Ltd.,SSED03,No,Unproven DSR CMU,0.0,0.0,Unknown,2020.0,22.5,2017.0
SSE Energy Supply Ltd.,SSED04,No,Unproven DSR CMU,0.0,0.0,Unknown,2020.0,22.5,2017.0
SSE Energy Supply Ltd.,SSED05,No,Unproven DSR CMU,0.0,0.0,Unknown,2020.0,22.5,2017.0
SSE Generation Ltd.,ALDBAT,No,New Build Generating CMU,0.0,0.0,Unknown,2020.0,22.5,2017.0
SSE Generation Ltd.,CLAC-1,Yes,Existing Generating CMU,34.464,1.0,Unknown,2020.0,22.5,2017.0
SSE Generation Ltd.,CLUNIE,Yes,Existing Generating CMU,52.73,1.0,Unknown,2020.0,22.5,2017.0
SSE Generation Ltd.,DEAN01,Yes,Existing Generating CMU,16.37,1.0,Unknown,2020.0,22.5,2017.0
SSE Generation Ltd.,DEAN02,Yes,Existing Generating CMU,16.62,1.0,Unknown,2020.0,22.5,2017.0
SSE Generation Ltd.,ERRO01,Yes,Existing Generating CMU,21.739,1.0,Unknown,2020.0,22.5,2017.0
SSE Generation Ltd.,ERRO02,Yes,Existing Generating CMU,21.801,1.0,Unknown,2020.0,22.5,2017.0
SSE Generation Ltd.,ERRO03,Yes,Existing Generating CMU,21.805,1.0,Unknown,2020.0,22.5,2017.0
SSE Generation Ltd.,FASN01,Yes,Refurbishing Generating CMU,19.817,1.0,Unknown,2020.0,22.5,2017.0
SSE Generation Ltd.,FASN02,Yes,Refurbishing Generating CMU,19.817,1.0,Unknown,2020.0,22.5,2017.0
SSE Generation Ltd.,FASN03,Yes,Refurbishing Generating CMU,19.817,1.0,Unknown,2020.0,22.5,2017.0
SSE Generation Ltd.,FOYE01,Yes,Existing Generating CMU,149.538,1.0,Unknown,2020.0,22.5,2017.0
SSE Generation Ltd.,FOYE02,Yes,Existing Generating CMU,144.435,1.0,Unknown,2020.0,22.5,2017.0
SSE Generation Ltd.,GLENMS,Yes,Existing Generating CMU,34.214,1.0,Unknown,2020.0,22.5,2017.0
SSE Generation Ltd.,INAW01,Yes,Refurbishing Generating CMU,21.54,1.0,Unknown,2020.0,22.5,2017.0
SSE Generation Ltd.,LCHART,Yes,Existing Generating CMU,29.294,1.0,Unknown,2020.0,22.5,2017.0
SSE Generation Ltd.,LOCH01,Yes,Refurbishing Generating CMU,40.495,1.0,Unknown,2020.0,22.5,2017.0
SSE Generation Ltd.,PEH120,No,Existing Generating CMU,0.0,0.0,Unknown,2020.0,22.5,2017.0
SSE Generation Ltd.,RANN-1,Yes,Existing Generating CMU,13.786,1.0,Unknown,2020.0,22.5,2017.0
SSE Generation Ltd.,RANN-2,Yes,Existing Generating CMU,13.786,1.0,Unknown,2020.0,22.5,2017.0
SSE Generation Ltd.,RANN-3,Yes,Existing Generating CMU,13.786,1.0,Unknown,2020.0,22.5,2017.0
SSE Generation Ltd.,SLOY01,Yes,Existing Generating CMU,35.104,1.0,Unknown,2020.0,22.5,2017.0
SSE Generation Ltd.,SLOY02,Yes,Existing Generating CMU,35.252,1.0,Unknown,2020.0,22.5,2017.0
SSE Generation Ltd.,SLOY03,Yes,Existing Generating CMU,34.464,1.0,Unknown,2020.0,22.5,2017.0
SSE Generation Ltd.,SLOY04,Yes,Existing Generating CMU,29.352,1.0,Unknown,2020.0,22.5,2017.0
SSE Generation Ltd.,TUMB01,Yes,Refurbishing Generating CMU,16.468,1.0,Unknown,2020.0,22.5,2017.0
SSE Generation Ltd.,TUMB02,Yes,Refurbishing Generating CMU,16.152,1.0,Unknown,2020.0,22.5,2017.0
SSEPG (Operations) Limited,BURG01,Yes,Existing Generating CMU,44.298,1.0,Unknown,2020.0,22.5,2017.0
SSEPG (Operations) Limited,CHIC01,Yes,Existing Generating CMU,44.298,1.0,Unknown,2020.0,22.5,2017.0
SSEPG (Operations) Limited,CHIP01,Yes,Existing Generating CMU,9.614,1.0,Unknown,2020.0,22.5,2017.0
SSEPG (Operations) Limited,FOAK01,Yes,Existing Generating CMU,6.136,1.0,Unknown,2020.0,22.5,2017.0
SSEPG (Operations) Limited,THAT01,Yes,Existing Generating CMU,8.266,1.0,Unknown,2020.0,22.5,2017.0
St Asaph Power Limited,ASAP02,No,New Build Generating CMU,0.0,0.0,Unknown,2020.0,22.5,2017.0
Statkraft Markets GmbH,RHE2_1,Yes,Existing Generating CMU,18.402,1.0,Unknown,2020.0,22.5,2017.0
Statkraft Markets GmbH,RHE3_1,Yes,Existing Generating CMU,18.367,1.0,Unknown,2020.0,22.5,2017.0
STOR 116 Ltd,SPWR16,Yes,New Build Generating CMU,18.834,15.0,Unknown,2020.0,22.5,2017.0
STOR 124 Ltd,SPWR24,Yes,New Build Generating CMU,37.668,15.0,Unknown,2020.0,22.5,2017.0
STOR 141 Ltd,SPWR41,Yes,New Build Generating CMU,18.834,15.0,Unknown,2020.0,22.5,2017.0
STOR 142 Ltd,SPWR42,Yes,New Build Generating CMU,18.834,15.0,Unknown,2020.0,22.5,2017.0
STOR 145 Ltd,SPWR45,Yes,New Build Generating CMU,18.834,15.0,Unknown,2020.0,22.5,2017.0
STOR 147 Ltd,SPWR47,Yes,New Build Generating CMU,18.834,15.0,Unknown,2020.0,22.5,2017.0
STOR 150 Ltd,SPWR50,Yes,New Build Generating CMU,18.834,15.0,Unknown,2020.0,22.5,2017.0
SUEZ RECYCLING AND RECOVERY KIRKLEES LTD,SUEZ01,Yes,Existing Generating CMU,9.429,1.0,Unknown,2020.0,22.5,2017.0
SUEZ RECYCLING AND RECOVERY SUFFOLK LTD,SUEZ05,Yes,Existing Generating CMU,20.846,1.0,Unknown,2020.0,22.5,2017.0
SUEZ RECYCLING AND RECOVERY TEES VALLEY LTD,SUEZ02,Yes,Existing Generating CMU,17.02,1.0,Unknown,2020.0,22.5,2017.0
Tay Power Limited,TAYP02,No,New Build Generating CMU,0.0,0.0,Unknown,2020.0,22.5,2017.0
Teesside Hire Limited,TEES16,No,New Build Generating CMU,0.0,0.0,Unknown,2020.0,22.5,2017.0
TGC Emerald Limited,710054,Yes,New Build Generating CMU,5.65,15.0,Unknown,2020.0,22.5,2017.0
TGC Emerald Limited,710104,No,New Build Generating CMU,0.0,0.0,Unknown,2020.0,22.5,2017.0
TGC Emerald Limited,710109,Yes,New Build Generating CMU,4.238,15.0,Unknown,2020.0,22.5,2017.0
TGC Emerald Limited,710113,Yes,New Build Generating CMU,5.65,15.0,Unknown,2020.0,22.5,2017.0
TGC Emerald Limited,710131,Yes,New Build Generating CMU,5.65,15.0,Unknown,2020.0,22.5,2017.0
TGC Emerald Limited,710139,Yes,New Build Generating CMU,5.65,15.0,Unknown,2020.0,22.5,2017.0
TGC Emerald Limited,710140,No,New Build Generating CMU,0.0,0.0,Unknown,2020.0,22.5,2017.0
TGC Emerald Limited,710142,No,New Build Generating CMU,0.0,0.0,Unknown,2020.0,22.5,2017.0
TGC Emerald Limited,710151,Yes,New Build Generating CMU,5.65,15.0,Unknown,2020.0,22.5,2017.0
TGC Emerald Limited,710154,No,New Build Generating CMU,0.0,0.0,Unknown,2020.0,22.5,2017.0
TGC Emerald Limited,710158,No,New Build Generating CMU,0.0,0.0,Unknown,2020.0,22.5,2017.0
TGC Emerald Limited,710161,Yes,New Build Generating CMU,5.65,15.0,Unknown,2020.0,22.5,2017.0
TGC Emerald Limited,710177,Yes,New Build Generating CMU,5.65,15.0,Unknown,2020.0,22.5,2017.0
The Isle of Wight Energy Company Limited,MAIN16,Yes,Existing Generating CMU,4.98,1.0,Unknown,2020.0,22.5,2017.0
Thornton Estate Energy Limited,WH2016,Yes,New Build Generating CMU,18.834,15.0,Unknown,2020.0,22.5,2017.0
Thorpe Marsh Power Limited,THORM1,No,New Build Generating CMU,0.0,0.0,Unknown,2020.0,22.5,2017.0
TWIN OAKS SOLAR FARM LIMITED,TWI123,Yes,New Build Generating CMU,4.709,15.0,Unknown,2020.0,22.5,2017.0
UK Energy Reserve Limited,UKER01,No,New Build Generating CMU,0.0,0.0,Unknown,2020.0,22.5,2017.0
UK Energy Reserve Limited,UKER02,No,New Build Generating CMU,0.0,0.0,Unknown,2020.0,22.5,2017.0
UK Energy Reserve Limited,UKER03,No,New Build Generating CMU,0.0,0.0,Unknown,2020.0,22.5,2017.0
UK Energy Reserve Limited,UKER05,No,New Build Generating CMU,0.0,0.0,Unknown,2020.0,22.5,2017.0
UK Energy Reserve Limited,UKER06,No,New Build Generating CMU,0.0,0.0,Unknown,2020.0,22.5,2017.0
UK Energy Reserve Limited,UKER07,No,New Build Generating CMU,0.0,0.0,Unknown,2020.0,22.5,2017.0
UK Energy Reserve Limited,UKER16,No,New Build Generating CMU,0.0,0.0,Unknown,2020.0,22.5,2017.0
UK Energy Reserve Limited,UKER18,No,New Build Generating CMU,0.0,0.0,Unknown,2020.0,22.5,2017.0
UK Energy Reserve Limited,UKER19,No,New Build Generating CMU,0.0,0.0,Unknown,2020.0,22.5,2017.0
UK Energy Reserve Limited,UKER21,No,New Build Generating CMU,0.0,0.0,Unknown,2020.0,22.5,2017.0
UK Energy Reserve Limited,UKER22,No,New Build Generating CMU,0.0,0.0,Unknown,2020.0,22.5,2017.0
UK Energy Reserve Limited,UKER24,No,New Build Generating CMU,0.0,0.0,Unknown,2020.0,22.5,2017.0
UK Energy Reserve Limited,UKER28,Yes,New Build Generating CMU,9.629,15.0,Unknown,2020.0,22.5,2017.0
UK Energy Reserve Limited,UKER30,Yes,New Build Generating CMU,9.629,15.0,Unknown,2020.0,22.5,2017.0
UK Energy Reserve Limited,UKER31,Yes,New Build Generating CMU,9.629,15.0,Unknown,2020.0,22.5,2017.0
UK Energy Reserve Limited,UKER33,Yes,New Build Generating CMU,7.703,15.0,Unknown,2020.0,22.5,2017.0
UK Energy Reserve Limited,UKER41,No,New Build Generating CMU,0.0,0.0,Unknown,2020.0,22.5,2017.0
UK Energy Reserve Limited,UKER42,No,New Build Generating CMU,0.0,0.0,Unknown,2020.0,22.5,2017.0
UK Energy Reserve Limited,UKER43,No,New Build Generating CMU,0.0,0.0,Unknown,2020.0,22.5,2017.0
UK Energy Reserve Limited,UKER48,Yes,New Build Generating CMU,11.555,15.0,Unknown,2020.0,22.5,2017.0
UK Energy Reserve Limited,UKER49,No,New Build Generating CMU,0.0,0.0,Unknown,2020.0,22.5,2017.0
UK Energy Reserve Limited,UKER75,Yes,New Build Generating CMU,9.629,15.0,Unknown,2020.0,22.5,2017.0
UK Energy Reserve Limited,UKER76,Yes,New Build Generating CMU,9.629,15.0,Unknown,2020.0,22.5,2017.0
UK Energy Reserve Limited,UKER77,Yes,New Build Generating CMU,9.629,15.0,Unknown,2020.0,22.5,2017.0
UK Energy Reserve Limited,UKER80,Yes,New Build Generating CMU,9.629,15.0,Unknown,2020.0,22.5,2017.0
UK Energy Reserve Limited,UKER82,Yes,New Build Generating CMU,9.629,15.0,Unknown,2020.0,22.5,2017.0
UK Energy Reserve Limited,UKER83,Yes,New Build Generating CMU,9.629,15.0,Unknown,2020.0,22.5,2017.0
UK Energy Reserve Limited,UKER89,Yes,New Build Generating CMU,9.629,15.0,Unknown,2020.0,22.5,2017.0
UK Energy Reserve Limited,UKER91,No,New Build Generating CMU,0.0,0.0,Unknown,2020.0,22.5,2017.0
UK Power Reserve Limited,16PR01,Yes,Existing Generating CMU,9.417,1.0,Unknown,2020.0,22.5,2017.0
UK Power Reserve Limited,16PR02,Yes,Existing Generating CMU,9.417,1.0,Unknown,2020.0,22.5,2017.0
UK Power Reserve Limited,16PR03,Yes,Existing Generating CMU,9.417,1.0,Unknown,2020.0,22.5,2017.0
UK Power Reserve Limited,16PR04,Yes,Existing Generating CMU,9.417,1.0,Unknown,2020.0,22.5,2017.0
UK Power Reserve Limited,16PR05,Yes,Existing Generating CMU,9.417,1.0,Unknown,2020.0,22.5,2017.0
UK Power Reserve Limited,16PR06,Yes,Existing Generating CMU,9.916,1.0,Unknown,2020.0,22.5,2017.0
UK Power Reserve Limited,16PR07,Yes,Existing Generating CMU,3.767,1.0,Unknown,2020.0,22.5,2017.0
UK Power Reserve Limited,16PR08,Yes,Existing Generating CMU,9.134,1.0,Unknown,2020.0,22.5,2017.0
UK Power Reserve Limited,16PR09,Yes,Existing Generating CMU,9.417,1.0,Unknown,2020.0,22.5,2017.0
UK Power Reserve Limited,16PR10,Yes,Existing Generating CMU,9.417,1.0,Unknown,2020.0,22.5,2017.0
UK Power Reserve Limited,16PR11,Yes,Existing Generating CMU,9.417,1.0,Unknown,2020.0,22.5,2017.0
UK Power Reserve Limited,16PR12,No,Refurbishing Generating CMU,0.0,0.0,Unknown,2020.0,22.5,2017.0
UK Power Reserve Limited,16PR13,Yes,Existing Generating CMU,4.713,1.0,Unknown,2020.0,22.5,2017.0
UK Power Reserve Limited,16PR14,No,Refurbishing Generating CMU,0.0,0.0,Unknown,2020.0,22.5,2017.0
UK Power Reserve Limited,16PR15,No,Refurbishing Generating CMU,0.0,0.0,Unknown,2020.0,22.5,2017.0
UK Power Reserve Limited,AGPR03,No,Unproven DSR CMU,0.0,0.0,Unknown,2020.0,22.5,2017.0
Uniper Global Commodities SE,CDCL01,Yes,Existing Generating CMU,396.0,1.0,Unknown,2020.0,22.5,2017.0
Uniper Global Commodities SE,CNQPS1,Yes,Existing Generating CMU,337.5,1.0,Unknown,2020.0,22.5,2017.0
Uniper Global Commodities SE,CNQPS2,Yes,Existing Generating CMU,337.5,1.0,Unknown,2020.0,22.5,2017.0
Uniper Global Commodities SE,CNQPS3,Yes,Existing Generating CMU,337.5,1.0,Unknown,2020.0,22.5,2017.0
Uniper Global Commodities SE,CNQPS4,Yes,Existing Generating CMU,337.5,1.0,Unknown,2020.0,22.5,2017.0
Uniper Global Commodities SE,EECL01,Yes,Existing Generating CMU,367.2,1.0,Unknown,2020.0,22.5,2017.0
Uniper Global Commodities SE,GRAI06,Yes,Existing Generating CMU,421.2,1.0,Unknown,2020.0,22.5,2017.0
Uniper Global Commodities SE,GRAI07,Yes,Existing Generating CMU,421.2,1.0,Unknown,2020.0,22.5,2017.0
Uniper Global Commodities SE,GRAI08,Yes,Existing Generating CMU,421.2,1.0,Unknown,2020.0,22.5,2017.0
Uniper Global Commodities SE,GRG101,Yes,Existing Generating CMU,23.785,1.0,Unknown,2020.0,22.5,2017.0
Uniper Global Commodities SE,GRG40C,Yes,Existing Generating CMU,25.897,1.0,Unknown,2020.0,22.5,2017.0
Uniper Global Commodities SE,KILH01,Yes,Existing Generating CMU,292.869,1.0,Unknown,2020.0,22.5,2017.0
Uniper Global Commodities SE,KILH02,Yes,Existing Generating CMU,292.869,1.0,Unknown,2020.0,22.5,2017.0
Uniper Global Commodities SE,RATS01,Yes,Existing Generating CMU,447.638,1.0,Unknown,2020.0,22.5,2017.0
Uniper Global Commodities SE,RATS02,Yes,Existing Generating CMU,447.638,1.0,Unknown,2020.0,22.5,2017.0
Uniper Global Commodities SE,RATS03,Yes,Existing Generating CMU,447.638,1.0,Unknown,2020.0,22.5,2017.0
Uniper Global Commodities SE,RATSU4,Yes,Existing Generating CMU,463.647,1.0,Unknown,2020.0,22.5,2017.0
Uniper Global Commodities SE,RTG20C,Yes,Existing Generating CMU,16.009,1.0,Unknown,2020.0,22.5,2017.0
Uniper Global Commodities SE,TAYL22,Yes,Existing Generating CMU,69.686,1.0,Unknown,2020.0,22.5,2017.0
Uniper Global Commodities SE,TAYL23,Yes,Existing Generating CMU,62.152,1.0,Unknown,2020.0,22.5,2017.0
Valence Power Limited,STOW-B,Yes,New Build Generating CMU,18.834,15.0,Unknown,2020.0,22.5,2017.0
Veolia UK Limited,DCPS02,Yes,Existing Generating CMU,3.27,1.0,Unknown,2020.0,22.5,2017.0
Veolia UK Limited,HAMP02,Yes,Existing Generating CMU,28.413,1.0,Unknown,2020.0,22.5,2017.0
Veolia UK Limited,LEED02,Yes,Existing Generating CMU,11.7,1.0,Unknown,2020.0,22.5,2017.0
Veolia UK Limited,NEWH02,Yes,Existing Generating CMU,15.582,1.0,Unknown,2020.0,22.5,2017.0
Veolia UK Limited,STAF02,Yes,Existing Generating CMU,23.875,1.0,Unknown,2020.0,22.5,2017.0
Viridor Waste Management Limited,VWMdun,Yes,New Build Generating CMU,31.291,15.0,Unknown,2020.0,22.5,2017.0
Viridor Waste Management Limited,CARerf,Yes,Existing Generating CMU,27.319,1.0,Unknown,2020.0,22.5,2017.0
Viridor Waste Management Limited,EXEerf,Yes,Existing Generating CMU,3.067,1.0,Unknown,2020.0,22.5,2017.0
Viridor Waste Management Limited,VWMbed,Yes,New Build Generating CMU,23.468,15.0,Unknown,2020.0,22.5,2017.0
Vogen Energy Limited,VELCMa,No,New Build Generating CMU,0.0,0.0,Unknown,2020.0,22.5,2017.0
VPI Immingham LLP,ICHP02,Yes,Existing Generating CMU,1188.0,1.0,Unknown,2020.0,22.5,2017.0
Walker & Son (Hauliers) Limited,SNAP01,Yes,New Build Generating CMU,6.592,15.0,Unknown,2020.0,22.5,2017.0
Wharf Power Limited,WHAR02,No,New Build Generating CMU,0.0,0.0,Unknown,2020.0,22.5,2017.0
Winnington CHP Limited,CHPWIN,Yes,Existing Generating CMU,83.626,1.0,Unknown,2020.0,22.5,2017.0
Wolverhampton Power Limited,WOLV02,No,New Build Generating CMU,0.0,0.0,Unknown,2020.0,22.5,2017.0
Conrad (Sandycroft) Limited,109606,No,New Build Generating CMU,0.0,0.0,Unknown,2021.0,8.4,2018.0
Conrad (Calne) Limited,109608,No,New Build Generating CMU,0.0,0.0,Unknown,2021.0,8.4,2018.0
Conrad (Matching) Limited,109612,No,New Build Generating CMU,0.0,0.0,Unknown,2021.0,8.4,2018.0
Conrad (Flint) Limited,109617,No,New Build Generating CMU,0.0,0.0,Unknown,2021.0,8.4,2018.0
UK Power Reserve Limited,17PR01,Yes,Refurbishing Generating CMU,9.481,1.0,Unknown,2021.0,8.4,2018.0
UK Power Reserve Limited,17PR02,Yes,Refurbishing Generating CMU,9.481,1.0,Unknown,2021.0,8.4,2018.0
UK Power Reserve Limited,17PR03,Yes,Refurbishing Generating CMU,9.481,1.0,Unknown,2021.0,8.4,2018.0
UK Power Reserve Limited,17PR04,Yes,Refurbishing Generating CMU,9.481,1.0,Unknown,2021.0,8.4,2018.0
UK Power Reserve Limited,17PR05,Yes,Refurbishing Generating CMU,9.481,1.0,Unknown,2021.0,8.4,2018.0
UK Power Reserve Limited,17PR06,Yes,Refurbishing Generating CMU,9.481,1.0,Unknown,2021.0,8.4,2018.0
UK Power Reserve Limited,17PR07,Yes,Refurbishing Generating CMU,3.631,1.0,Unknown,2021.0,8.4,2018.0
UK Power Reserve Limited,17PR08,Yes,Refurbishing Generating CMU,9.339,1.0,Unknown,2021.0,8.4,2018.0
UK Power Reserve Limited,17PR09,Yes,Refurbishing Generating CMU,9.082,1.0,Unknown,2021.0,8.4,2018.0
UK Power Reserve Limited,17PR10,Yes,Refurbishing Generating CMU,9.481,1.0,Unknown,2021.0,8.4,2018.0
UK Power Reserve Limited,17PR11,Yes,Refurbishing Generating CMU,9.429,1.0,Unknown,2021.0,8.4,2018.0
UK Power Reserve Limited,17PR12,No,Refurbishing Generating CMU,0.0,0.0,Unknown,2021.0,8.4,2018.0
UK Power Reserve Limited,17PR13,Yes,Refurbishing Generating CMU,4.741,1.0,Unknown,2021.0,8.4,2018.0
UK Power Reserve Limited,17PR14,No,Refurbishing Generating CMU,0.0,0.0,Unknown,2021.0,8.4,2018.0
UK Power Reserve Limited,17PR15,No,Refurbishing Generating CMU,0.0,0.0,Unknown,2021.0,8.4,2018.0
British Gas Trading Limited,3BGT01,No,Proven DSR CMU,0.0,0.0,Unknown,2021.0,8.4,2018.0
GB Gas Holdings Ltd,3CEES1,Yes,Proven DSR CMU,4.189,1.0,Unknown,2021.0,8.4,2018.0
Regent Park Energy Limited,A41701,Yes,Existing Generating CMU,5.332,1.0,Unknown,2021.0,8.4,2018.0
Regent Park Energy Limited,A41702,Yes,Existing Generating CMU,2.984,1.0,Unknown,2021.0,8.4,2018.0
Regent Park Energy Limited,A41703,Yes,Existing Generating CMU,4.601,1.0,Unknown,2021.0,8.4,2018.0
Alkane Energy UK Limited,A41704,Yes,Existing Generating CMU,3.517,1.0,Unknown,2021.0,8.4,2018.0
Alkane Energy UK Limited,A41705,Yes,Existing Generating CMU,2.816,1.0,Unknown,2021.0,8.4,2018.0
Regent Park Energy Limited,A41706,Yes,Existing Generating CMU,2.893,1.0,Unknown,2021.0,8.4,2018.0
Alkane Energy UK Limited,A41707,Yes,Existing Generating CMU,2.286,1.0,Unknown,2021.0,8.4,2018.0
Regent Park Energy Limited,A41708,Yes,Existing Generating CMU,11.324,1.0,Unknown,2021.0,8.4,2018.0
Alkane Energy UK Limited,A41709,Yes,Existing Generating CMU,2.262,1.0,Unknown,2021.0,8.4,2018.0
Alkane Energy UK Limited,A41710,Yes,Existing Generating CMU,3.795,1.0,Unknown,2021.0,8.4,2018.0
Regent Park Energy Limited,A41711,Yes,Existing Generating CMU,5.442,1.0,Unknown,2021.0,8.4,2018.0
Alkane Energy UK Limited,A41712,Yes,Existing Generating CMU,8.424,1.0,Unknown,2021.0,8.4,2018.0
Rhymney Power Limited,A41713,Yes,Existing Generating CMU,9.782,1.0,Unknown,2021.0,8.4,2018.0
Alkane Energy UK Limited,A41714,Yes,Existing Generating CMU,9.856,1.0,Unknown,2021.0,8.4,2018.0
Greenspan Contractors Limited,ABCN01,Yes,New Build Generating CMU,3.792,1.0,Unknown,2021.0,8.4,2018.0
Distributed Energy Customer Solutions Limited,ABML07,No,Unproven DSR CMU,0.0,0.0,Unknown,2021.0,8.4,2018.0
RWE Generation UK plc,ABTH17,No,Existing Generating CMU,0.0,0.0,Unknown,2021.0,8.4,2018.0
Infinis Alternative Energies Limited,ADGS17,Yes,New Build Generating CMU,3.792,3.0,Unknown,2021.0,8.4,2018.0
UK Power Reserve Limited,AGPR06,No,Unproven DSR CMU,0.0,0.0,Unknown,2021.0,8.4,2018.0
Aire RE Limited,AIRE17,No,New Build Generating CMU,0.0,0.0,Unknown,2021.0,8.4,2018.0
GHEB2 A1 Limited,AKC019,No,New Build Generating CMU,0.0,0.0,Unknown,2021.0,8.4,2018.0
GHEB2 A2 Limited,AKC021,No,New Build Generating CMU,0.0,0.0,Unknown,2021.0,8.4,2018.0
Ecotricity (Next Generation) Limited,ALBSCM,No,New Build Generating CMU,0.0,0.0,Unknown,2021.0,8.4,2018.0
BALANCE POWER PROJECTS LIMITED,ALEXA1,No,New Build Generating CMU,0.0,0.0,Unknown,2021.0,8.4,2018.0
HC ESS2 Limited,ALPHA2,Yes,New Build Generating CMU,10.844,15.0,Unknown,2021.0,8.4,2018.0
AMBER ENERGY STORAGE XL LIMITED,AMB017,No,New Build Generating CMU,0.0,0.0,Unknown,2021.0,8.4,2018.0
AMP Energy Services Limited,AMPOC1,No,New Build Generating CMU,0.0,0.0,Unknown,2021.0,8.4,2018.0
Apus Reserve Power 1 Limited,APUS03,No,New Build Generating CMU,0.0,0.0,Unknown,2021.0,8.4,2018.0
ARENKO CLEANTECH LIMITED,AR0006,Yes,New Build Generating CMU,21.435,15.0,Unknown,2021.0,8.4,2018.0
ARENKO CLEANTECH LIMITED,AR0007,Yes,New Build Generating CMU,26.088,15.0,Unknown,2021.0,8.4,2018.0
ARENKO CLEANTECH LIMITED,AR0089,Yes,New Build Generating CMU,15.632,15.0,Unknown,2021.0,8.4,2018.0
ARENKO CLEANTECH LIMITED,AR0165,Yes,New Build Generating CMU,10.404,15.0,Unknown,2021.0,8.4,2018.0
ARENKO CLEANTECH LIMITED,AR0184,No,New Build Generating CMU,0.0,0.0,Unknown,2021.0,8.4,2018.0
FISHPOND ENERGY LIMITED,ASH111,No,New Build Generating CMU,0.0,0.0,Unknown,2021.0,8.4,2018.0
ASTRA VENTURES 1 LIMITED,ASTR01,No,New Build Generating CMU,0.0,0.0,Unknown,2021.0,8.4,2018.0
RYDBERG DEVELOPMENT COMPANY LIMITED,ATTF03,No,New Build Generating CMU,0.0,0.0,Unknown,2021.0,8.4,2018.0
RYDBERG DEVELOPMENT COMPANY LIMITED,ATTF04,No,New Build Generating CMU,0.0,0.0,Unknown,2021.0,8.4,2018.0
RYDBERG DEVELOPMENT COMPANY LIMITED,ATTF05,No,New Build Generating CMU,0.0,0.0,Unknown,2021.0,8.4,2018.0
Alkane Energy UK Limited,AUKN27,No,New Build Generating CMU,0.0,0.0,Unknown,2021.0,8.4,2018.0
Alkane Energy UK Limited,AUKN28,No,New Build Generating CMU,0.0,0.0,Unknown,2021.0,8.4,2018.0
Alkane Energy UK Limited,AUKN30,No,New Build Generating CMU,0.0,0.0,Unknown,2021.0,8.4,2018.0
Regent Park Energy Limited,AUKN31,No,New Build Generating CMU,0.0,0.0,Unknown,2021.0,8.4,2018.0
Regent Park Energy Limited,AUKN33,No,New Build Generating CMU,0.0,0.0,Unknown,2021.0,8.4,2018.0
Alkane Energy UK Limited,AUKN37,No,New Build Generating CMU,0.0,0.0,Unknown,2021.0,8.4,2018.0
Alkane Energy UK Limited,AUKN38,No,New Build Generating CMU,0.0,0.0,Unknown,2021.0,8.4,2018.0
Regent Park Energy Limited,AUKN41,No,New Build Generating CMU,0.0,0.0,Unknown,2021.0,8.4,2018.0
Alkane Energy UK Limited,AUKN44,No,New Build Generating CMU,0.0,0.0,Unknown,2021.0,8.4,2018.0
Veolia UK Limited,AVARA1,Yes,Existing Generating CMU,2.484,1.0,Unknown,2021.0,8.4,2018.0
Infinis Alternative Energies Limited,AVELE1,Yes,New Build Generating CMU,4.354,14.0,Unknown,2021.0,8.4,2018.0
Infinis Alternative Energies Limited,AVELE2,Yes,New Build Generating CMU,4.035,14.0,Unknown,2021.0,8.4,2018.0
FPC (Ipswich) Limited,AVON02,Yes,New Build Generating CMU,6.089,15.0,Unknown,2021.0,8.4,2018.0
Goldenbell Power Ltd,AZ4001,No,New Build Generating CMU,0.0,0.0,Unknown,2021.0,8.4,2018.0
Goldenbell Power Ltd,AZ4017,No,New Build Generating CMU,0.0,0.0,Unknown,2021.0,8.4,2018.0
VP Flexgen Limited,BACA21,Yes,New Build Generating CMU,18.962,15.0,Unknown,2021.0,8.4,2018.0
Calon Energy Limited,BAG_1b,Yes,Refurbishing Generating CMU,468.0,1.0,Unknown,2021.0,8.4,2018.0
Calon Energy Limited,BAG_2b,Yes,Existing Generating CMU,30.339,1.0,Unknown,2021.0,8.4,2018.0
Banbury Power Limited,BANB03,No,New Build Generating CMU,0.0,0.0,Unknown,2021.0,8.4,2018.0
FISHCROSS BATTERY STORAGE LIMITED,BANKH2,No,New Build Generating CMU,0.0,0.0,Unknown,2021.0,8.4,2018.0
FISHCROSS BATTERY STORAGE LIMITED,BANKH4,No,New Build Generating CMU,0.0,0.0,Unknown,2021.0,8.4,2018.0
P3P Partners LLP,BARR17,No,New Build Generating CMU,0.0,0.0,Unknown,2021.0,8.4,2018.0
EC PROJECT 2 LIMITED,BARUGH,Yes,New Build Generating CMU,18.962,15.0,Unknown,2021.0,8.4,2018.0
GridReserve Ltd,BBBS11,No,New Build Generating CMU,0.0,0.0,Unknown,2021.0,8.4,2018.0
ORSTED BURBO (UK) LIMITED,BBW01B,Yes,New Build Generating CMU,0.729,4.0,Unknown,2021.0,8.4,2018.0
Veolia UK Limited,BHRLH3,Yes,Existing Generating CMU,6.358,1.0,Unknown,2021.0,8.4,2018.0
Bio Dynamic Power Limited,Biody3,Yes,New Build Generating CMU,18.962,15.0,Unknown,2021.0,8.4,2018.0
CS14 Limited,Bisp01,No,New Build Generating CMU,0.0,0.0,Unknown,2021.0,8.4,2018.0
BLACKDYKE BATTERY STORAGE LIMITED,BLACK1,No,New Build Generating CMU,0.0,0.0,Unknown,2021.0,8.4,2018.0
P3P Energy Management Limited,BREH17,Yes,Existing Generating CMU,13.346,1.0,Unknown,2021.0,8.4,2018.0
UK Energy Storage Services Limited,BRES20,Yes,New Build Generating CMU,3.578,15.0,Unknown,2021.0,8.4,2018.0
Rolls-Royce Power Development Limited,BRIST1,Yes,Existing Generating CMU,40.743,1.0,Unknown,2021.0,8.4,2018.0
BRITNED DEVELOPMENT LIMITED,Brit17,Yes,Existing Interconnector CMU,1003.2,1.0,Unknown,2021.0,8.4,2018.0
WEST MIDLANDS GRID STORAGE ONE LTD,BS0010,No,New Build Generating CMU,0.0,0.0,Unknown,2021.0,8.4,2018.0
NORTH EAST GRID STORAGE ONE LTD,BS0029,No,New Build Generating CMU,0.0,0.0,Unknown,2021.0,8.4,2018.0
SOUTH EAST GRID STORAGE TWO LTD,BS0300,No,New Build Generating CMU,0.0,0.0,Unknown,2021.0,8.4,2018.0
British Sugar plc,BSBU18,Yes,Existing Generating CMU,55.05,1.0,Unknown,2021.0,8.4,2018.0
British Sugar plc,BSWI18,Yes,Existing Generating CMU,41.4,1.0,Unknown,2021.0,8.4,2018.0
SSEPG (Operations) Limited,BURG21,Yes,Existing Generating CMU,44.599,1.0,Unknown,2021.0,8.4,2018.0
Cargill PLC,CarGe2,Yes,Existing Generating CMU,25.046,1.0,Unknown,2021.0,8.4,2018.0
Carlton Forest Group LLP,CARLT1,Yes,New Build Generating CMU,9.481,15.0,Unknown,2021.0,8.4,2018.0
Carlton Forest Group LLP,CARLT2,Yes,New Build Generating CMU,7.585,15.0,Unknown,2021.0,8.4,2018.0
Carrington Power Limited,CARRI1,Yes,Existing Generating CMU,412.44,1.0,Unknown,2021.0,8.4,2018.0
Carrington Power Limited,CARRI2,Yes,Existing Generating CMU,411.12,1.0,Unknown,2021.0,8.4,2018.0
Carrington Power Limited,CARRI3,No,New Build Generating CMU,0.0,0.0,Unknown,2021.0,8.4,2018.0
Viridor Waste Management Limited,CARvwm,Yes,Existing Generating CMU,27.526,1.0,Unknown,2021.0,8.4,2018.0
P3P Energy Management AE Limited,CASQ17,Yes,Existing Generating CMU,2.894,1.0,Unknown,2021.0,8.4,2018.0
COGENERATION SOLUTIONS LIMITED,Cavrd3,No,New Build Generating CMU,0.0,0.0,Unknown,2021.0,8.4,2018.0
FlexibleGridPower3 Ltd,CCBS15,No,New Build Generating CMU,0.0,0.0,Unknown,2021.0,8.4,2018.0
Uniper Global Commodities SE,CDCL11,Yes,Existing Generating CMU,400.5,1.0,Unknown,2021.0,8.4,2018.0
East London Energy Limited,CES006,Yes,Existing Generating CMU,2.666,1.0,Unknown,2021.0,8.4,2018.0
East London Energy Limited,CES007,Yes,Existing Generating CMU,5.254,1.0,Unknown,2021.0,8.4,2018.0
Leicester District Energy Company Limited,CES108,Yes,Existing Generating CMU,4.123,1.0,Unknown,2021.0,8.4,2018.0
Southampton Geothermal Heating Company Limited,CES109,Yes,Existing Generating CMU,6.061,1.0,Unknown,2021.0,8.4,2018.0
Birmingham District Energy Company Limited,CES110,Yes,Existing Generating CMU,2.58,1.0,Unknown,2021.0,8.4,2018.0
Birmingham District Energy Company Limited,CES210,Yes,Existing Generating CMU,1.881,1.0,Unknown,2021.0,8.4,2018.0
Reliable Generation Ltd,CFBS13,No,New Build Generating CMU,0.0,0.0,Unknown,2021.0,8.4,2018.0
C.GEN Killingholme Limited,CGENK1,No,New Build Generating CMU,0.0,0.0,Unknown,2021.0,8.4,2018.0
RWE Cogen UK Limited,CHEG17,Yes,Existing Generating CMU,42.806,1.0,Unknown,2021.0,8.4,2018.0
RWE Cogen UK Limited,CHEN17,No,New Build Generating CMU,0.0,0.0,Unknown,2021.0,8.4,2018.0
SSEPG (Operations) Limited,CHIC21,Yes,Existing Generating CMU,44.599,1.0,Unknown,2021.0,8.4,2018.0
SSEPG (Operations) Limited,CHIP21,Yes,Existing Generating CMU,9.675,1.0,Unknown,2021.0,8.4,2018.0
Winnington CHP Limited,CHPWIN,Yes,Existing Generating CMU,85.433,1.0,Unknown,2021.0,8.4,2018.0
FALCON POWERPLANT LIMITED,CLA001,No,New Build Generating CMU,0.0,0.0,Unknown,2021.0,8.4,2018.0
SSE Generation Limited,CLAC21,Yes,Existing Generating CMU,36.467,1.0,Unknown,2021.0,8.4,2018.0
Harmony CTF Limited,CLAY21,No,New Build Generating CMU,0.0,0.0,Unknown,2021.0,8.4,2018.0
SSE Generation Limited,CLUN21,Yes,Existing Generating CMU,53.807,1.0,Unknown,2021.0,8.4,2018.0
Clyne Power Limited,CLYN03,Yes,Existing Generating CMU,14.98,1.0,Unknown,2021.0,8.4,2018.0
Uniper Global Commodities SE,CNQPS1,Yes,Existing Generating CMU,337.5,1.0,Unknown,2021.0,8.4,2018.0
Uniper Global Commodities SE,CNQPS2,Yes,Existing Generating CMU,337.5,1.0,Unknown,2021.0,8.4,2018.0
Uniper Global Commodities SE,CNQPS3,Yes,Existing Generating CMU,337.5,1.0,Unknown,2021.0,8.4,2018.0
Uniper Global Commodities SE,CNQPS4,Yes,Existing Generating CMU,337.5,1.0,Unknown,2021.0,8.4,2018.0
Harmony CS Limited,CONT21,No,New Build Generating CMU,0.0,0.0,Unknown,2021.0,8.4,2018.0
PUTNEY POWER LIMITED,Copse3,No,New Build Generating CMU,0.0,0.0,Unknown,2021.0,8.4,2018.0
Corby Power Limited,CORBY_,No,Existing Generating CMU,0.0,0.0,Unknown,2021.0,8.4,2018.0
RWE Generation UK plc,COW171,Yes,Existing Generating CMU,66.367,1.0,Unknown,2021.0,8.4,2018.0
RWE Generation UK plc,COW172,Yes,Existing Generating CMU,63.911,1.0,Unknown,2021.0,8.4,2018.0
Rolls-Royce Power Development Limited,CROYD1,Yes,Existing Generating CMU,47.891,1.0,Unknown,2021.0,8.4,2018.0
EDF Energy plc,CT1-17,No,Existing Generating CMU,0.0,0.0,Unknown,2021.0,8.4,2018.0
EDF Energy plc,CT2-17,No,Existing Generating CMU,0.0,0.0,Unknown,2021.0,8.4,2018.0
EDF Energy plc,CT3-17,No,Existing Generating CMU,0.0,0.0,Unknown,2021.0,8.4,2018.0
EDF Energy plc,CT4-17,No,Existing Generating CMU,0.0,0.0,Unknown,2021.0,8.4,2018.0
Marsh Energy Limited,CX4004,No,New Build Generating CMU,0.0,0.0,Unknown,2021.0,8.4,2018.0
Marsh Energy Limited,CX4005,No,New Build Generating CMU,0.0,0.0,Unknown,2021.0,8.4,2018.0
First Hydro Company,D1_174,Yes,Existing Generating CMU,263.341,1.0,Unknown,2021.0,8.4,2018.0
First Hydro Company,D2_174,Yes,Existing Generating CMU,263.341,1.0,Unknown,2021.0,8.4,2018.0
First Hydro Company,D3_174,Yes,Existing Generating CMU,294.449,1.0,Unknown,2021.0,8.4,2018.0
First Hydro Company,D4_174,Yes,Existing Generating CMU,263.341,1.0,Unknown,2021.0,8.4,2018.0
First Hydro Company,D5_174,Yes,Existing Generating CMU,263.341,1.0,Unknown,2021.0,8.4,2018.0
First Hydro Company,D6_174,Yes,Existing Generating CMU,291.502,1.0,Unknown,2021.0,8.4,2018.0
Dafen Reserve Power Limited,DAFE03,Yes,Existing Generating CMU,9.291,1.0,Unknown,2021.0,8.4,2018.0
MWAT Limited,DE0117,No,New Build Generating CMU,0.0,0.0,Unknown,2021.0,8.4,2018.0
SSE Generation Limited,DEA121,Yes,Existing Generating CMU,16.705,1.0,Unknown,2021.0,8.4,2018.0
SSE Generation Limited,DEA221,Yes,Existing Generating CMU,16.982,1.0,Unknown,2021.0,8.4,2018.0
Dee Power Limited,DEEP03,No,New Build Generating CMU,0.0,0.0,Unknown,2021.0,8.4,2018.0
Rolls-Royce Power Development Limited,DERBY1,Yes,Existing Generating CMU,52.819,1.0,Unknown,2021.0,8.4,2018.0
DONG ENERGY POWER SALES UK LIMITED,DESUK1,No,Unproven DSR CMU,0.0,0.0,Unknown,2021.0,8.4,2018.0
DONG ENERGY POWER SALES UK LIMITED,DESUK2,No,Unproven DSR CMU,0.0,0.0,Unknown,2021.0,8.4,2018.0
DONG ENERGY POWER SALES UK LIMITED,DESUK3,No,Unproven DSR CMU,0.0,0.0,Unknown,2021.0,8.4,2018.0
DONG ENERGY POWER SALES UK LIMITED,DESUK4,No,Unproven DSR CMU,0.0,0.0,Unknown,2021.0,8.4,2018.0
Centrica Distributed Generation Limited,DGROO3,No,New Build Generating CMU,0.0,0.0,Unknown,2021.0,8.4,2018.0
RWE Generation UK plc,DIB517,Yes,Existing Generating CMU,720.0,1.0,Unknown,2021.0,8.4,2018.0
RWE Generation UK plc,DIB617,Yes,Existing Generating CMU,675.0,1.0,Unknown,2021.0,8.4,2018.0
RWE Generation UK plc,DID171,Yes,Existing Generating CMU,23.703,1.0,Unknown,2021.0,8.4,2018.0
RWE Generation UK plc,DID172,Yes,Existing Generating CMU,23.703,1.0,Unknown,2021.0,8.4,2018.0
RWE Generation UK plc,DID173,Yes,Existing Generating CMU,23.703,1.0,Unknown,2021.0,8.4,2018.0
RWE Generation UK plc,DID174,Yes,Existing Generating CMU,23.703,1.0,Unknown,2021.0,8.4,2018.0
Dynamic Epower Holdings Limited,DING21,Yes,New Build Generating CMU,13.273,15.0,Unknown,2021.0,8.4,2018.0
EDF Energy Nuclear Generation Limited,DN2117,Yes,Existing Generating CMU,470.127,1.0,Unknown,2021.0,8.4,2018.0
EDF Energy Nuclear Generation Limited,DN2217,Yes,Existing Generating CMU,470.868,1.0,Unknown,2021.0,8.4,2018.0
Dynamic Epower Holdings Limited,DORSE2,Yes,New Build Generating CMU,4.741,15.0,Unknown,2021.0,8.4,2018.0
EDF Energy Customers plc,DR214A,Yes,Unproven DSR CMU,6.25,1.0,Unknown,2021.0,8.4,2018.0
EDF Energy Customers plc,DR214B,Yes,Unproven DSR CMU,6.25,1.0,Unknown,2021.0,8.4,2018.0
EDF Energy Customers plc,DR214C,Yes,Unproven DSR CMU,6.25,1.0,Unknown,2021.0,8.4,2018.0
EDF Energy Customers plc,DR214D,Yes,Unproven DSR CMU,6.672,1.0,Unknown,2021.0,8.4,2018.0
EDF Energy Customers plc,DR214E,Yes,Unproven DSR CMU,6.672,1.0,Unknown,2021.0,8.4,2018.0
EDF Energy Customers plc,DR214F,No,Unproven DSR CMU,0.0,0.0,Unknown,2021.0,8.4,2018.0
EDF Energy Customers plc,DR214G,No,Unproven DSR CMU,0.0,0.0,Unknown,2021.0,8.4,2018.0
EDF Energy Customers plc,DR214H,No,Unproven DSR CMU,0.0,0.0,Unknown,2021.0,8.4,2018.0
EDF Energy Customers plc,DR214I,No,Unproven DSR CMU,0.0,0.0,Unknown,2021.0,8.4,2018.0
EDF Energy Customers plc,DR214J,No,Unproven DSR CMU,0.0,0.0,Unknown,2021.0,8.4,2018.0
EDF Energy Customers plc,DR214K,No,Unproven DSR CMU,0.0,0.0,Unknown,2021.0,8.4,2018.0
EDF Energy Customers plc,DR214L,No,Unproven DSR CMU,0.0,0.0,Unknown,2021.0,8.4,2018.0
EDF Energy Customers plc,DR214M,No,Unproven DSR CMU,0.0,0.0,Unknown,2021.0,8.4,2018.0
EDF Energy Customers plc,DR214N,No,Unproven DSR CMU,0.0,0.0,Unknown,2021.0,8.4,2018.0
EDF Energy Customers plc,DR214O,No,Unproven DSR CMU,0.0,0.0,Unknown,2021.0,8.4,2018.0
EDF Energy Customers plc,DR214Y,No,Unproven DSR CMU,0.0,0.0,Unknown,2021.0,8.4,2018.0
EDF Energy Customers plc,DR214Z,No,Unproven DSR CMU,0.0,0.0,Unknown,2021.0,8.4,2018.0
E.ON UK Plc,DS1805,No,Proven DSR CMU,0.0,0.0,Unknown,2021.0,8.4,2018.0
Citigen (London) Limited,DS1822,Yes,Existing Generating CMU,7.297,1.0,Unknown,2021.0,8.4,2018.0
E.ON UK Plc,DS1823,Yes,Existing Generating CMU,2.982,1.0,Unknown,2021.0,8.4,2018.0
E.ON Connecting Energies Limited,DS1825,Yes,Existing Generating CMU,3.607,1.0,Unknown,2021.0,8.4,2018.0
E.ON Connecting Energies Limited,DS1826,Yes,Existing Generating CMU,4.11,1.0,Unknown,2021.0,8.4,2018.0
E.ON UK Plc,DS2101,Yes,Unproven DSR CMU,25.902,1.0,Unknown,2021.0,8.4,2018.0
E.ON UK Plc,DS2104,No,Unproven DSR CMU,0.0,0.0,Unknown,2021.0,8.4,2018.0
E.ON UK Plc,DS2105,No,Unproven DSR CMU,0.0,0.0,Unknown,2021.0,8.4,2018.0
E.ON UK Plc,DS2106,Yes,Unproven DSR CMU,3.022,1.0,Unknown,2021.0,8.4,2018.0
E.ON UK Plc,DS2107,Yes,Unproven DSR CMU,2.0,1.0,Unknown,2021.0,8.4,2018.0
E.ON UK Plc,DS2109,No,Unproven DSR CMU,0.0,0.0,Unknown,2021.0,8.4,2018.0
E.ON UK Plc,DS2110,No,Unproven DSR CMU,0.0,0.0,Unknown,2021.0,8.4,2018.0
E.ON UK Plc,DS2111,Yes,Unproven DSR CMU,12.951,1.0,Unknown,2021.0,8.4,2018.0
E.ON UK Plc,DS2112,Yes,Unproven DSR CMU,10.361,1.0,Unknown,2021.0,8.4,2018.0
E.ON UK Plc,DS2113,Yes,Unproven DSR CMU,10.361,1.0,Unknown,2021.0,8.4,2018.0
E.ON UK Plc,DS2114,Yes,Unproven DSR CMU,8.634,1.0,Unknown,2021.0,8.4,2018.0
E.ON UK Plc,DS2115,No,Unproven DSR CMU,0.0,0.0,Unknown,2021.0,8.4,2018.0
E.ON UK Plc,DS2116,Yes,Unproven DSR CMU,5.18,1.0,Unknown,2021.0,8.4,2018.0
E.ON UK Plc,DS2117,No,Unproven DSR CMU,0.0,0.0,Unknown,2021.0,8.4,2018.0
E.ON UK Plc,DS2118,Yes,Unproven DSR CMU,4.317,1.0,Unknown,2021.0,8.4,2018.0
E.ON UK Plc,DS2119,Yes,Unproven DSR CMU,3.454,1.0,Unknown,2021.0,8.4,2018.0
E.ON UK Plc,DS2120,Yes,Unproven DSR CMU,3.454,1.0,Unknown,2021.0,8.4,2018.0
E.ON UK Plc,DS2121,Yes,Unproven DSR CMU,2.59,1.0,Unknown,2021.0,8.4,2018.0
E.ON UK Plc,DS2122,Yes,Unproven DSR CMU,2.159,1.0,Unknown,2021.0,8.4,2018.0
E.ON UK Plc,DS2123,No,Unproven DSR CMU,0.0,0.0,Unknown,2021.0,8.4,2018.0
E.ON UK Plc,DS2124,Yes,Unproven DSR CMU,1.727,1.0,Unknown,2021.0,8.4,2018.0
E.ON UK Plc,DS2125,Yes,Unproven DSR CMU,1.727,1.0,Unknown,2021.0,8.4,2018.0
Limejump Ltd.,DSRLJ1,Yes,Unproven DSR CMU,5.18,1.0,Unknown,2021.0,8.4,2018.0
Limejump Ltd.,DSRLJ2,No,Unproven DSR CMU,0.0,0.0,Unknown,2021.0,8.4,2018.0
Limejump Ltd.,DSRLJ3,No,Unproven DSR CMU,0.0,0.0,Unknown,2021.0,8.4,2018.0
Limejump Ltd.,DSRLJ4,Yes,Unproven DSR CMU,8.634,1.0,Unknown,2021.0,8.4,2018.0
Limejump Ltd.,DSRLJ5,Yes,Unproven DSR CMU,5.18,1.0,Unknown,2021.0,8.4,2018.0
Limejump Ltd.,DSRLJ7,No,Unproven DSR CMU,0.0,0.0,Unknown,2021.0,8.4,2018.0
Limejump Ltd.,DSRLJ8,Yes,Unproven DSR CMU,8.634,1.0,Unknown,2021.0,8.4,2018.0
Limejump Ltd.,DSRLJ9,Yes,Unproven DSR CMU,8.634,1.0,Unknown,2021.0,8.4,2018.0
Dep Duxford Ltd,DUXF21,Yes,New Build Generating CMU,3.792,15.0,Unknown,2021.0,8.4,2018.0
Drax Power Limited,DX0417,No,Existing Generating CMU,0.0,0.0,Unknown,2021.0,8.4,2018.0
Drax Power Limited,DX0517,Yes,Existing Generating CMU,560.977,1.0,Unknown,2021.0,8.4,2018.0
Drax Power Limited,DX6G17,Yes,Existing Generating CMU,655.908,1.0,Unknown,2021.0,8.4,2018.0
EARLS GATE ENERGY CENTRE LIMITED,EARLS1,Yes,New Build Generating CMU,18.83,15.0,Unknown,2021.0,8.4,2018.0
Centrica Brigg Limited,EBRGG3,No,Existing Generating CMU,0.0,0.0,Unknown,2021.0,8.4,2018.0
Centrica Barry Limited,EBRYP3,No,Existing Generating CMU,0.0,0.0,Unknown,2021.0,8.4,2018.0
EnerNOC UK Limited,EDSR01,Yes,Unproven DSR CMU,6.83,1.0,Unknown,2021.0,8.4,2018.0
EnerNOC UK Limited,EDSR02,Yes,Unproven DSR CMU,21.585,1.0,Unknown,2021.0,8.4,2018.0
EnerNOC UK Limited,EDSR03,Yes,Unproven DSR CMU,21.585,1.0,Unknown,2021.0,8.4,2018.0
EnerNOC UK Limited,EDSR04,Yes,Unproven DSR CMU,21.585,1.0,Unknown,2021.0,8.4,2018.0
EnerNOC UK Limited,EDSR05,Yes,Unproven DSR CMU,21.585,1.0,Unknown,2021.0,8.4,2018.0
EnerNOC UK Limited,EDSR06,Yes,Unproven DSR CMU,21.585,1.0,Unknown,2021.0,8.4,2018.0
EnerNOC UK Limited,EDSR07,Yes,Unproven DSR CMU,21.585,1.0,Unknown,2021.0,8.4,2018.0
EnerNOC UK Limited,EDSR08,Yes,Unproven DSR CMU,21.585,1.0,Unknown,2021.0,8.4,2018.0
EnerNOC UK Limited,EDSR09,Yes,Unproven DSR CMU,21.585,1.0,Unknown,2021.0,8.4,2018.0
EnerNOC UK Limited,EDSR10,Yes,Unproven DSR CMU,21.585,1.0,Unknown,2021.0,8.4,2018.0
EnerNOC UK Limited,EDSR11,Yes,Unproven DSR CMU,21.585,1.0,Unknown,2021.0,8.4,2018.0
EnerNOC UK Limited,EDSR12,Yes,Unproven DSR CMU,21.585,1.0,Unknown,2021.0,8.4,2018.0
EnerNOC UK Limited,EDSR13,Yes,Unproven DSR CMU,21.585,1.0,Unknown,2021.0,8.4,2018.0
EnerNOC UK Limited,EDSR14,Yes,Unproven DSR CMU,21.585,1.0,Unknown,2021.0,8.4,2018.0
EnerNOC UK Limited,EDSR15,No,Unproven DSR CMU,0.0,0.0,Unknown,2021.0,8.4,2018.0
EnerNOC UK Limited,EDSR16,No,Unproven DSR CMU,0.0,0.0,Unknown,2021.0,8.4,2018.0
EnerNOC UK Limited,EDSR17,No,Unproven DSR CMU,0.0,0.0,Unknown,2021.0,8.4,2018.0
EnerNOC UK Limited,EDSR18,No,Unproven DSR CMU,0.0,0.0,Unknown,2021.0,8.4,2018.0
EnerNOC UK Limited,EDSR19,No,Unproven DSR CMU,0.0,0.0,Unknown,2021.0,8.4,2018.0
EnerNOC UK Limited,EDSR20,No,Unproven DSR CMU,0.0,0.0,Unknown,2021.0,8.4,2018.0
EnerNOC UK Limited,EDSR21,No,Unproven DSR CMU,0.0,0.0,Unknown,2021.0,8.4,2018.0
EnerNOC UK Limited,EDSR22,No,Unproven DSR CMU,0.0,0.0,Unknown,2021.0,8.4,2018.0
EnerNOC UK Limited,EDSR23,No,Unproven DSR CMU,0.0,0.0,Unknown,2021.0,8.4,2018.0
EnerNOC UK Limited,EDSR24,No,Unproven DSR CMU,0.0,0.0,Unknown,2021.0,8.4,2018.0
EnerNOC UK Limited,EDSR25,No,Unproven DSR CMU,0.0,0.0,Unknown,2021.0,8.4,2018.0
EnerNOC UK Limited,EDSR26,No,Unproven DSR CMU,0.0,0.0,Unknown,2021.0,8.4,2018.0
EnerNOC UK Limited,EDSR27,No,Unproven DSR CMU,0.0,0.0,Unknown,2021.0,8.4,2018.0
EnerNOC UK Limited,EDSR28,No,Unproven DSR CMU,0.0,0.0,Unknown,2021.0,8.4,2018.0
EnerNOC UK Limited,EDSR29,No,Unproven DSR CMU,0.0,0.0,Unknown,2021.0,8.4,2018.0
EnerNOC UK Limited,EDSR30,No,Unproven DSR CMU,0.0,0.0,Unknown,2021.0,8.4,2018.0
EnerNOC UK Limited,EDSR31,No,Unproven DSR CMU,0.0,0.0,Unknown,2021.0,8.4,2018.0
EnerNOC UK Limited,EDSR32,No,Unproven DSR CMU,0.0,0.0,Unknown,2021.0,8.4,2018.0
EnerNOC UK Limited,EDSR33,No,Unproven DSR CMU,0.0,0.0,Unknown,2021.0,8.4,2018.0
EnerNOC UK Limited,EDSR34,No,Unproven DSR CMU,0.0,0.0,Unknown,2021.0,8.4,2018.0
Uniper Global Commodities SE,EECL01,Yes,Existing Generating CMU,367.2,1.0,Unknown,2021.0,8.4,2018.0
EnerNOC UK Limited,EGEN02,Yes,Existing Generating CMU,3.6,1.0,Unknown,2021.0,8.4,2018.0
EnerNOC UK Limited,EGEN03,Yes,Existing Generating CMU,3.6,1.0,Unknown,2021.0,8.4,2018.0
EnerNOC UK Limited,EGEN04,Yes,Existing Generating CMU,3.6,1.0,Unknown,2021.0,8.4,2018.0
EnerNOC UK Limited,EGEN06,Yes,Existing Generating CMU,3.96,1.0,Unknown,2021.0,8.4,2018.0
EnerNOC UK Limited,EGEN07,Yes,Existing Generating CMU,3.78,1.0,Unknown,2021.0,8.4,2018.0
EnerNOC UK Limited,EGEN11,Yes,Existing Generating CMU,9.45,1.0,Unknown,2021.0,8.4,2018.0
EnerNOC UK Limited,EGEN15,Yes,Existing Generating CMU,3.6,1.0,Unknown,2021.0,8.4,2018.0
EnerNOC UK Limited,EGEN16,Yes,Existing Generating CMU,7.2,1.0,Unknown,2021.0,8.4,2018.0
EnerNOC UK Limited,EGEN17,Yes,Existing Generating CMU,6.03,1.0,Unknown,2021.0,8.4,2018.0
EnerNOC UK Limited,EGEN21,Yes,Existing Generating CMU,7.2,1.0,Unknown,2021.0,8.4,2018.0
EnerNOC UK Limited,EGEN22,Yes,Existing Generating CMU,7.2,1.0,Unknown,2021.0,8.4,2018.0
Eggborough Power Limited,EGGBAT,No,New Build Generating CMU,0.0,0.0,Unknown,2021.0,8.4,2018.0
NPOWER LIMITED,EHQ002,Yes,Unproven DSR CMU,8.634,1.0,Unknown,2021.0,8.4,2018.0
NPOWER LIMITED,EHQ003,Yes,Unproven DSR CMU,8.634,1.0,Unknown,2021.0,8.4,2018.0
NPOWER LIMITED,EHQ004,Yes,Unproven DSR CMU,8.634,1.0,Unknown,2021.0,8.4,2018.0
NPOWER LIMITED,EHQ005,Yes,Unproven DSR CMU,4.317,1.0,Unknown,2021.0,8.4,2018.0
NPOWER LIMITED,EHQ006,Yes,Unproven DSR CMU,4.317,1.0,Unknown,2021.0,8.4,2018.0
NPOWER LIMITED,EHQ007,Yes,Unproven DSR CMU,4.317,1.0,Unknown,2021.0,8.4,2018.0
ElecLink Limited,ElecL1,Yes,New Build Interconnector CMU,690.0,1.0,Unknown,2021.0,8.4,2018.0
Veolia UK Limited,ELIL01,Yes,Existing Generating CMU,8.694,1.0,Unknown,2021.0,8.4,2018.0
Distributed Generators Limited,elms02,No,New Build Generating CMU,0.0,0.0,Unknown,2021.0,8.4,2018.0
Esso Petroleum Company Limited,EM3-21,Yes,Existing Generating CMU,197.295,1.0,Unknown,2021.0,8.4,2018.0
Endeco Technologies Limited,END001,Yes,Unproven DSR CMU,34.536,1.0,Unknown,2021.0,8.4,2018.0
Endeco Technologies Limited,END002,Yes,Unproven DSR CMU,34.536,1.0,Unknown,2021.0,8.4,2018.0
Endeco Technologies Limited,END004,Yes,Unproven DSR CMU,2.84,1.0,Unknown,2021.0,8.4,2018.0
Endeco Technologies Limited,END005,Yes,Unproven DSR CMU,3.298,1.0,Unknown,2021.0,8.4,2018.0
Endeco Technologies Limited,END006,Yes,Unproven DSR CMU,5.983,1.0,Unknown,2021.0,8.4,2018.0
Endeco Technologies Limited,END007,No,Unproven DSR CMU,0.0,0.0,Unknown,2021.0,8.4,2018.0
Endeco Technologies Limited,END008,Yes,Unproven DSR CMU,4.317,1.0,Unknown,2021.0,8.4,2018.0
Endeco Technologies Limited,END009,Yes,Unproven DSR CMU,3.687,1.0,Unknown,2021.0,8.4,2018.0
Endeco Technologies Limited,END010,Yes,Unproven DSR CMU,3.385,1.0,Unknown,2021.0,8.4,2018.0
Endeco Technologies Limited,END011,No,Unproven DSR CMU,0.0,0.0,Unknown,2021.0,8.4,2018.0
Endeco Technologies Limited,END012,No,Unproven DSR CMU,0.0,0.0,Unknown,2021.0,8.4,2018.0
Endeco Technologies Limited,END013,Yes,Unproven DSR CMU,4.317,1.0,Unknown,2021.0,8.4,2018.0
Endeco Technologies Limited,END014,Yes,Unproven DSR CMU,3.454,1.0,Unknown,2021.0,8.4,2018.0
Endeco Technologies Limited,END015,Yes,Unproven DSR CMU,3.454,1.0,Unknown,2021.0,8.4,2018.0
Endeco Technologies Limited,END016,Yes,Unproven DSR CMU,3.454,1.0,Unknown,2021.0,8.4,2018.0
Endeco Technologies Limited,END017,Yes,Unproven DSR CMU,3.454,1.0,Unknown,2021.0,8.4,2018.0
Endeco Technologies Limited,END018,Yes,Unproven DSR CMU,3.454,1.0,Unknown,2021.0,8.4,2018.0
TYNEMOUTH ENERGY STORAGE LIMITED,ENEL01,Yes,New Build Generating CMU,4.473,1.0,Unknown,2021.0,8.4,2018.0
EP Langage Limited,EPLAGA,Yes,Existing Generating CMU,814.5,1.0,Unknown,2021.0,8.4,2018.0
EP SHB Limited,EPSHBA,Yes,Existing Generating CMU,1260.0,1.0,Unknown,2021.0,8.4,2018.0
SSE Generation Limited,ERR121,Yes,Existing Generating CMU,22.232,1.0,Unknown,2021.0,8.4,2018.0
SSE Generation Limited,ERR221,Yes,Existing Generating CMU,22.207,1.0,Unknown,2021.0,8.4,2018.0
SSE Generation Limited,ERR321,Yes,Existing Generating CMU,22.251,1.0,Unknown,2021.0,8.4,2018.0
Marsh Energy Limited,EV4007,No,New Build Generating CMU,0.0,0.0,Unknown,2021.0,8.4,2018.0
RYDBERG DEVELOPMENT COMPANY LIMITED,EXCA01,No,New Build Generating CMU,0.0,0.0,Unknown,2021.0,8.4,2018.0
Viridor Waste Management Limited,EXET17,No,Existing Generating CMU,0.0,0.0,Unknown,2021.0,8.4,2018.0
Rolls-Royce Power Development Limited,EXETR1,Yes,Existing Generating CMU,45.521,1.0,Unknown,2021.0,8.4,2018.0
Limejump Ltd.,EXLJ11,Yes,Existing Generating CMU,14.662,1.0,Unknown,2021.0,8.4,2018.0
Limejump Ltd.,EXSMU1,Yes,Existing Generating CMU,7.47,1.0,Unknown,2021.0,8.4,2018.0
First Hydro Company,F3_174,Yes,Existing Generating CMU,86.499,1.0,Unknown,2021.0,8.4,2018.0
First Hydro Company,F4_174,Yes,Existing Generating CMU,86.499,1.0,Unknown,2021.0,8.4,2018.0
Farnborough Power Limited,FARN03,No,New Build Generating CMU,0.0,0.0,Unknown,2021.0,8.4,2018.0
SSE Generation Limited,FAS121,Yes,Existing Generating CMU,20.222,1.0,Unknown,2021.0,8.4,2018.0
SSE Generation Limited,FAS221,Yes,Existing Generating CMU,20.222,1.0,Unknown,2021.0,8.4,2018.0
SSE Generation Limited,FAS321,Yes,Existing Generating CMU,20.343,1.0,Unknown,2021.0,8.4,2018.0
FCC Recycling (UK) Limited,FCCAL1,Yes,Existing Generating CMU,31.108,1.0,Unknown,2021.0,8.4,2018.0
FCC Buckinghamshire Ltd,FCCBU1,Yes,Existing Generating CMU,24.741,1.0,Unknown,2021.0,8.4,2018.0
FCC Recycling (UK) Limited,FCCLI1,Yes,Existing Generating CMU,11.825,1.0,Unknown,2021.0,8.4,2018.0
Mercia Waste Management Ltd,FCCME1,Yes,Existing Generating CMU,17.182,1.0,Unknown,2021.0,8.4,2018.0
Featherstone Energy Limited,FEA_17,No,New Build Generating CMU,0.0,0.0,Unknown,2021.0,8.4,2018.0
Fenton Lane Energy Limited,FEN123,No,New Build Generating CMU,0.0,0.0,Unknown,2021.0,8.4,2018.0
FL Energy Storage Limited,FENT21,No,New Build Generating CMU,0.0,0.0,Unknown,2021.0,8.4,2018.0
RWE Generation UK plc,FERR17,No,New Build Generating CMU,0.0,0.0,Unknown,2021.0,8.4,2018.0
Walker & Son (Hauliers) Limited,FERY21,No,New Build Generating CMU,0.0,0.0,Unknown,2021.0,8.4,2018.0
Keadby Generation Limited,FGT221,No,Existing Generating CMU,0.0,0.0,Unknown,2021.0,8.4,2018.0
Keadby Generation Limited,FGT321,No,Existing Generating CMU,0.0,0.0,Unknown,2021.0,8.4,2018.0
Keadby Generation Limited,FID121,No,Existing Generating CMU,0.0,0.0,Unknown,2021.0,8.4,2018.0
Keadby Generation Limited,FID221,No,Existing Generating CMU,0.0,0.0,Unknown,2021.0,8.4,2018.0
Keadby Generation Limited,FID321,No,Existing Generating CMU,0.0,0.0,Unknown,2021.0,8.4,2018.0
Keadby Generation Limited,FID421,No,Existing Generating CMU,0.0,0.0,Unknown,2021.0,8.4,2018.0
Flint Power Limited,FLIN03,No,New Build Generating CMU,0.0,0.0,Unknown,2021.0,8.4,2018.0
Flexitricity Limited,FLXR01,Yes,Existing Generating CMU,8.115,1.0,Unknown,2021.0,8.4,2018.0
Flexitricity Limited,FLXR02,Yes,Existing Generating CMU,5.034,1.0,Unknown,2021.0,8.4,2018.0
Flexitricity Limited,FLXR03,Yes,Existing Generating CMU,4.902,1.0,Unknown,2021.0,8.4,2018.0
Flexitricity Limited,FLXR04,Yes,Existing Generating CMU,6.136,1.0,Unknown,2021.0,8.4,2018.0
Flexitricity Limited,FLXR05,Yes,Existing Generating CMU,5.415,1.0,Unknown,2021.0,8.4,2018.0
Flexitricity Limited,FLXR06,Yes,Existing Generating CMU,12.295,1.0,Unknown,2021.0,8.4,2018.0
Flexitricity Limited,FLXR07,Yes,Existing Generating CMU,3.248,1.0,Unknown,2021.0,8.4,2018.0
Flexitricity Limited,FLXR08,Yes,Existing Generating CMU,4.546,1.0,Unknown,2021.0,8.4,2018.0
Flexitricity Limited,FLXR09,Yes,Existing Generating CMU,4.073,1.0,Unknown,2021.0,8.4,2018.0
Flexitricity Limited,FLXR10,Yes,Existing Generating CMU,2.735,1.0,Unknown,2021.0,8.4,2018.0
Flexitricity Limited,FLXR11,Yes,Existing Generating CMU,2.755,1.0,Unknown,2021.0,8.4,2018.0
Flexitricity Limited,FLXR14,Yes,Existing Generating CMU,2.355,1.0,Unknown,2021.0,8.4,2018.0
Flexitricity Limited,FLXR19,Yes,Existing Generating CMU,3.093,1.0,Unknown,2021.0,8.4,2018.0
Flexitricity Limited,FLXR22,Yes,Existing Generating CMU,3.424,1.0,Unknown,2021.0,8.4,2018.0
Flexitricity Limited,FLXR23,Yes,Existing Generating CMU,3.413,1.0,Unknown,2021.0,8.4,2018.0
Flexitricity Limited,FLXR24,Yes,Existing Generating CMU,3.41,1.0,Unknown,2021.0,8.4,2018.0
Flexitricity Limited,FLXR27,Yes,Existing Generating CMU,7.185,1.0,Unknown,2021.0,8.4,2018.0
Flexitricity Limited,FLXR29,Yes,Existing Generating CMU,3.076,1.0,Unknown,2021.0,8.4,2018.0
Flexitricity Limited,FLXR30,Yes,New Build Generating CMU,2.25,1.0,Unknown,2021.0,8.4,2018.0
Flexitricity Limited,FLXR32,Yes,Existing Generating CMU,2.451,1.0,Unknown,2021.0,8.4,2018.0
Flexitricity Limited,FLXR36,Yes,Existing Generating CMU,3.675,1.0,Unknown,2021.0,8.4,2018.0
Flexitricity Limited,FLXR39,Yes,New Build Generating CMU,3.06,1.0,Unknown,2021.0,8.4,2018.0
Flexitricity Limited,FLXR40,Yes,Proven DSR CMU,3.454,1.0,Unknown,2021.0,8.4,2018.0
Flexitricity Limited,FLXR41,Yes,Proven DSR CMU,4.464,1.0,Unknown,2021.0,8.4,2018.0
Flexitricity Limited,FLXR42,Yes,Proven DSR CMU,11.932,1.0,Unknown,2021.0,8.4,2018.0
Flexitricity Limited,FLXR43,No,Proven DSR CMU,0.0,0.0,Unknown,2021.0,8.4,2018.0
Flexitricity Limited,FLXR50,Yes,Existing Generating CMU,1.988,1.0,Unknown,2021.0,8.4,2018.0
Flexitricity Limited,FLXR61,No,Proven DSR CMU,0.0,0.0,Unknown,2021.0,8.4,2018.0
Flexitricity Limited,FLXR62,Yes,Proven DSR CMU,3.302,1.0,Unknown,2021.0,8.4,2018.0
Flexitricity Limited,FLXR63,Yes,Proven DSR CMU,2.778,1.0,Unknown,2021.0,8.4,2018.0
Flexitricity Limited,FLXR64,No,Proven DSR CMU,0.0,0.0,Unknown,2021.0,8.4,2018.0
Flexitricity Limited,FLXR70,Yes,Unproven DSR CMU,34.536,1.0,Unknown,2021.0,8.4,2018.0
Flexitricity Limited,FLXR72,Yes,Unproven DSR CMU,2.59,1.0,Unknown,2021.0,8.4,2018.0
Flexitricity Limited,FLXR73,Yes,Unproven DSR CMU,8.634,1.0,Unknown,2021.0,8.4,2018.0
Flexitricity Limited,FLXR74,No,Proven DSR CMU,0.0,0.0,Unknown,2021.0,8.4,2018.0
Flexitricity Limited,FLXR75,No,Proven DSR CMU,0.0,0.0,Unknown,2021.0,8.4,2018.0
Flexitricity Limited,FLXR76,Yes,Unproven DSR CMU,21.585,1.0,Unknown,2021.0,8.4,2018.0
Flexitricity Limited,FLXR77,Yes,Proven DSR CMU,10.23,1.0,Unknown,2021.0,8.4,2018.0
Flexitricity Limited,FLXR78,Yes,Unproven DSR CMU,4.317,1.0,Unknown,2021.0,8.4,2018.0
Flexitricity Limited,FLXR79,Yes,Unproven DSR CMU,3.454,1.0,Unknown,2021.0,8.4,2018.0
Flexitricity Limited,FLXR80,Yes,Unproven DSR CMU,17.268,1.0,Unknown,2021.0,8.4,2018.0
Flexitricity Limited,FLXR81,Yes,Proven DSR CMU,5.83,1.0,Unknown,2021.0,8.4,2018.0
Flexitricity Limited,FLXR82,Yes,Unproven DSR CMU,21.93,1.0,Unknown,2021.0,8.4,2018.0
Flexitricity Limited,FLXR83,Yes,Unproven DSR CMU,3.885,1.0,Unknown,2021.0,8.4,2018.0
Flexitricity Limited,FLXR84,Yes,Unproven DSR CMU,3.022,1.0,Unknown,2021.0,8.4,2018.0
Flexitricity Limited,FLXR85,Yes,Unproven DSR CMU,3.022,1.0,Unknown,2021.0,8.4,2018.0
Flexitricity Limited,FLXR86,Yes,Unproven DSR CMU,2.59,1.0,Unknown,2021.0,8.4,2018.0
Flexitricity Limited,FLXR87,Yes,Unproven DSR CMU,3.626,1.0,Unknown,2021.0,8.4,2018.0
Flexitricity Limited,FLXR88,Yes,Unproven DSR CMU,2.59,1.0,Unknown,2021.0,8.4,2018.0
Flexitricity Limited,FLXR89,Yes,Unproven DSR CMU,3.454,1.0,Unknown,2021.0,8.4,2018.0
Flexitricity Limited,FLXR90,Yes,Unproven DSR CMU,9.497,1.0,Unknown,2021.0,8.4,2018.0
Flexitricity Limited,FLXR91,Yes,Unproven DSR CMU,9.325,1.0,Unknown,2021.0,8.4,2018.0
Flexitricity Limited,FLXR94,Yes,Unproven DSR CMU,6.907,1.0,Unknown,2021.0,8.4,2018.0
Flexitricity Limited,FLXR95,Yes,Unproven DSR CMU,5.18,1.0,Unknown,2021.0,8.4,2018.0
Flexitricity Limited,FLXR96,Yes,Unproven DSR CMU,3.454,1.0,Unknown,2021.0,8.4,2018.0
Flexitricity Limited,FLXR97,Yes,Unproven DSR CMU,1.727,1.0,Unknown,2021.0,8.4,2018.0
Ferrybridge MFE 2 Limited,FM2-21,Yes,New Build Generating CMU,65.685,1.0,Unknown,2021.0,8.4,2018.0
Ferrybridge MFE Limited,FMFE21,Yes,Existing Generating CMU,66.248,1.0,Unknown,2021.0,8.4,2018.0
SSEPG (Operations) Limited,FOAK21,No,Existing Generating CMU,0.0,0.0,Unknown,2021.0,8.4,2018.0
SSE Generation Limited,FOY121,Yes,Existing Generating CMU,144.165,1.0,Unknown,2021.0,8.4,2018.0
SSE Generation Limited,FOY221,Yes,Existing Generating CMU,144.165,1.0,Unknown,2021.0,8.4,2018.0
Archey Power Ltd,FU4008,No,New Build Generating CMU,0.0,0.0,Unknown,2021.0,8.4,2018.0
Sirius Renewable Energy Limited,FYLAN1,No,New Build Generating CMU,0.0,0.0,Unknown,2021.0,8.4,2018.0
GHEB2 C5 Limited,GAK411,No,New Build Generating CMU,0.0,0.0,Unknown,2021.0,8.4,2018.0
GHEB2 C6 Limited,GAK596,No,New Build Generating CMU,0.0,0.0,Unknown,2021.0,8.4,2018.0
Gas Generation Gas Road Limited,GAS001,No,New Build Generating CMU,0.0,0.0,Unknown,2021.0,8.4,2018.0
GBSL DORKING LIMITED,GB2D17,Yes,New Build Generating CMU,2.186,15.0,Unknown,2021.0,8.4,2018.0
British Gas Trading Limited,GBUK01,Yes,New Build Generating CMU,1.049,15.0,Unknown,2021.0,8.4,2018.0
Distributed Energy Customer Solutions Limited,GBUK02,Yes,New Build Generating CMU,4.775,15.0,Unknown,2021.0,8.4,2018.0
Grangemouth CHP Limited,GCHPLA,Yes,Existing Generating CMU,127.8,1.0,Unknown,2021.0,8.4,2018.0
GHEB2 B1 Limited,GHBRE2,No,New Build Generating CMU,0.0,0.0,Unknown,2021.0,8.4,2018.0
GHEB2 C3 Limited,GHCAT1,No,New Build Generating CMU,0.0,0.0,Unknown,2021.0,8.4,2018.0
GCP Generation Ltd,GHGAS1,No,New Build Generating CMU,0.0,0.0,Unknown,2021.0,8.4,2018.0
GHEB2 C2 Limited,GHRUS1,No,New Build Generating CMU,0.0,0.0,Unknown,2021.0,8.4,2018.0
GHEB2 C4 Limited,GHSPA1,No,New Build Generating CMU,0.0,0.0,Unknown,2021.0,8.4,2018.0
Glassenbury Battery Storage Limited,GLASS4,No,New Build Generating CMU,0.0,0.0,Unknown,2021.0,8.4,2018.0
RYDBERG DEVELOPMENT COMPANY LIMITED,GLEN01,No,New Build Generating CMU,0.0,0.0,Unknown,2021.0,8.4,2018.0
RYDBERG DEVELOPMENT COMPANY LIMITED,GLEN02,No,New Build Generating CMU,0.0,0.0,Unknown,2021.0,8.4,2018.0
SSE Generation Limited,GLEN21,Yes,Existing Generating CMU,34.913,1.0,Unknown,2021.0,8.4,2018.0
Uniper Global Commodities SE,GRAI06,Yes,Existing Generating CMU,421.2,1.0,Unknown,2021.0,8.4,2018.0
Uniper Global Commodities SE,GRAI07,Yes,Existing Generating CMU,421.2,1.0,Unknown,2021.0,8.4,2018.0
Uniper Global Commodities SE,GRAI08,Yes,Existing Generating CMU,421.2,1.0,Unknown,2021.0,8.4,2018.0
Uniper Global Commodities SE,GRG11H,Yes,Existing Generating CMU,24.862,1.0,Unknown,2021.0,8.4,2018.0
Uniper Global Commodities SE,GRG41C,Yes,Existing Generating CMU,25.492,1.0,Unknown,2021.0,8.4,2018.0
RWE Generation UK plc,GRMB17,No,New Build Generating CMU,0.0,0.0,Unknown,2021.0,8.4,2018.0
ENERGY STORE 1 LTD,GSSLAM,No,New Build Generating CMU,0.0,0.0,Unknown,2021.0,8.4,2018.0
ENERGY STORE 2 LTD,GSSTAG,No,New Build Generating CMU,0.0,0.0,Unknown,2021.0,8.4,2018.0
ENERGY STORE 6 LTD,GSYORK,No,New Build Generating CMU,0.0,0.0,Unknown,2021.0,8.4,2018.0
Archey Power Ltd,GT4009,No,New Build Generating CMU,0.0,0.0,Unknown,2021.0,8.4,2018.0
RWE Generation UK plc,GYAR01,Yes,Existing Generating CMU,369.0,1.0,Unknown,2021.0,8.4,2018.0
Sirius Renewable Energy Limited,HALFW1,Yes,New Build Generating CMU,14.222,15.0,Unknown,2021.0,8.4,2018.0
Hall Farm Energy Limited,HALL21,Yes,New Build Generating CMU,4.741,15.0,Unknown,2021.0,8.4,2018.0
Veolia UK Limited,HAMP03,Yes,Existing Generating CMU,33.271,1.0,Unknown,2021.0,8.4,2018.0
Harelaw Generation Limited,HARL01,No,New Build Generating CMU,0.0,0.0,Unknown,2021.0,8.4,2018.0
Volta Energy Storage Limited,HART21,No,New Build Generating CMU,0.0,0.0,Unknown,2021.0,8.4,2018.0
Rolls-Royce Power Development Limited,HEART1,Yes,Existing Generating CMU,43.281,1.0,Unknown,2021.0,8.4,2018.0
Rolls-Royce Power Development Limited,HEART2,Yes,Existing Generating CMU,43.281,1.0,Unknown,2021.0,8.4,2018.0
Lightsource SPV 183 Limited,HHESS1,Yes,New Build Generating CMU,1.093,15.0,Unknown,2021.0,8.4,2018.0
HILLHOUSE BATTERY STORAGE LIMITED,HILLH1,No,New Build Generating CMU,0.0,0.0,Unknown,2021.0,8.4,2018.0
Harmony HB Limited,HLBA21,No,New Build Generating CMU,0.0,0.0,Unknown,2021.0,8.4,2018.0
EDF Energy Nuclear Generation Limited,HP7-17,Yes,Existing Generating CMU,455.399,1.0,Unknown,2021.0,8.4,2018.0
EDF Energy Nuclear Generation Limited,HP8-17,Yes,Existing Generating CMU,448.997,1.0,Unknown,2021.0,8.4,2018.0
Hirwaun Power Limited,HPL_17,No,New Build Generating CMU,0.0,0.0,Unknown,2021.0,8.4,2018.0
EDF Energy Nuclear Generation Limited,HR1-17,Yes,Existing Generating CMU,520.354,1.0,Unknown,2021.0,8.4,2018.0
EDF Energy Nuclear Generation Limited,HR2-17,Yes,Existing Generating CMU,523.277,1.0,Unknown,2021.0,8.4,2018.0
Hartgen Limited,HRT049,No,New Build Generating CMU,0.0,0.0,Unknown,2021.0,8.4,2018.0
Archey Power Ltd,HS4010,No,New Build Generating CMU,0.0,0.0,Unknown,2021.0,8.4,2018.0
EDF Energy Nuclear Generation Limited,HU7-17,Yes,Existing Generating CMU,434.292,1.0,Unknown,2021.0,8.4,2018.0
EDF Energy Nuclear Generation Limited,HU8-17,Yes,Existing Generating CMU,435.156,1.0,Unknown,2021.0,8.4,2018.0
HUTHWAITE SOLAR FARM LIMITED,HUT111,Yes,New Build Generating CMU,4.99,15.0,Unknown,2021.0,8.4,2018.0
EDF Energy Nuclear Generation Limited,HY1117,Yes,Existing Generating CMU,438.885,1.0,Unknown,2021.0,8.4,2018.0
EDF Energy Nuclear Generation Limited,HY1217,Yes,Existing Generating CMU,507.785,1.0,Unknown,2021.0,8.4,2018.0
EDF Energy Nuclear Generation Limited,HY2717,Yes,Existing Generating CMU,551.497,1.0,Unknown,2021.0,8.4,2018.0
EDF Energy Nuclear Generation Limited,HY2817,Yes,Existing Generating CMU,547.002,1.0,Unknown,2021.0,8.4,2018.0
RWE Cogen UK (Hythe) Limited,HYTB17,No,New Build Generating CMU,0.0,0.0,Unknown,2021.0,8.4,2018.0
RWE Cogen UK (Hythe) Limited,HYTH17,Yes,Existing Generating CMU,44.91,1.0,Unknown,2021.0,8.4,2018.0
VPI Immingham LLP,ICHP05,Yes,Existing Generating CMU,1188.0,1.0,Unknown,2021.0,8.4,2018.0
National Grid Interconnectors Limited,IFA_17,Yes,Existing Interconnector CMU,1260.0,1.0,Unknown,2021.0,8.4,2018.0
National Grid IFA2 Limited,IFA217,Yes,New Build Interconnector CMU,715.0,1.0,Unknown,2021.0,8.4,2018.0
"Coryton Energy Company, Ltd.",IGCE17,Yes,Existing Generating CMU,703.8,1.0,Unknown,2021.0,8.4,2018.0
Gateway Energy Centre Limited,IGGA17,No,New Build Generating CMU,0.0,0.0,Unknown,2021.0,8.4,2018.0
"Rocksavage Power Company, Ltd.",IGRK17,Yes,Existing Generating CMU,747.0,1.0,Unknown,2021.0,8.4,2018.0
"Spalding Energy Company, Ltd.",IGSP17,Yes,Existing Generating CMU,812.7,1.0,Unknown,2021.0,8.4,2018.0
SSE Generation Limited,INAW21,Yes,Existing Generating CMU,21.991,1.0,Unknown,2021.0,8.4,2018.0
INEOS Nitriles (UK) Ltd,INEOS2,Yes,Existing Generating CMU,46.033,1.0,Unknown,2021.0,8.4,2018.0
Equivalence Energy Limited,IPSW-2,Yes,New Build Generating CMU,18.962,15.0,Unknown,2021.0,8.4,2018.0
Indian Queens Power Limited,IQ_174,Yes,Existing Generating CMU,132.734,1.0,Unknown,2021.0,8.4,2018.0
Harmony JF Limited,JFIE21,No,New Build Generating CMU,0.0,0.0,Unknown,2021.0,8.4,2018.0
Marsh Energy Limited,JQ4012,No,New Build Generating CMU,0.0,0.0,Unknown,2021.0,8.4,2018.0
Marsh Energy Limited,JQ4013,No,New Build Generating CMU,0.0,0.0,Unknown,2021.0,8.4,2018.0
P3P Energy Management Selby Limited,JUNO21,Yes,New Build Generating CMU,9.0,15.0,Unknown,2021.0,8.4,2018.0
Keadby Generation Limited,KEA221,No,New Build Generating CMU,0.0,0.0,Unknown,2021.0,8.4,2018.0
Keadby Generation Limited,KEAD21,Yes,Existing Generating CMU,716.043,1.0,Unknown,2021.0,8.4,2018.0
RYDBERG DEVELOPMENT COMPANY LIMITED,KEND03,No,New Build Generating CMU,0.0,0.0,Unknown,2021.0,8.4,2018.0
RYDBERG DEVELOPMENT COMPANY LIMITED,KEND04,No,New Build Generating CMU,0.0,0.0,Unknown,2021.0,8.4,2018.0
RYDBERG DEVELOPMENT COMPANY LIMITED,KEND05,No,New Build Generating CMU,0.0,0.0,Unknown,2021.0,8.4,2018.0
RYDBERG DEVELOPMENT COMPANY LIMITED,KEND06,No,New Build Generating CMU,0.0,0.0,Unknown,2021.0,8.4,2018.0
KILBUCK LANE FLEXI LIMITED,KILBU1,No,New Build Generating CMU,0.0,0.0,Unknown,2021.0,8.4,2018.0
Uniper Global Commodities SE,KILH01,Yes,Existing Generating CMU,294.859,1.0,Unknown,2021.0,8.4,2018.0
Uniper Global Commodities SE,KILH02,Yes,Existing Generating CMU,294.859,1.0,Unknown,2021.0,8.4,2018.0
Kingsmoor Power Limited,KING04,No,New Build Generating CMU,0.0,0.0,Unknown,2021.0,8.4,2018.0
KiWi Power Ltd,KIWI70,Yes,Unproven DSR CMU,15.0,1.0,Unknown,2021.0,8.4,2018.0
KiWi Power Ltd,KIWI71,Yes,Unproven DSR CMU,24.844,1.0,Unknown,2021.0,8.4,2018.0
KiWi Power Ltd,KIWI73,Yes,Unproven DSR CMU,9.938,1.0,Unknown,2021.0,8.4,2018.0
KiWi Power Ltd,KIWI74,Yes,Unproven DSR CMU,29.813,1.0,Unknown,2021.0,8.4,2018.0
KiWi Power Ltd,KIWI75,Yes,Unproven DSR CMU,29.813,1.0,Unknown,2021.0,8.4,2018.0
KiWi Power Ltd,KIWI76,Yes,Unproven DSR CMU,16.894,1.0,Unknown,2021.0,8.4,2018.0
KiWi Power Ltd,KIWI78,Yes,Unproven DSR CMU,11.925,1.0,Unknown,2021.0,8.4,2018.0
KiWi Power Ltd,KIWI83,Yes,Unproven DSR CMU,29.813,1.0,Unknown,2021.0,8.4,2018.0
KiWi Power Ltd,KIWI84,Yes,Unproven DSR CMU,29.813,1.0,Unknown,2021.0,8.4,2018.0
KiWi Power Ltd,KIWI87,Yes,Unproven DSR CMU,19.875,1.0,Unknown,2021.0,8.4,2018.0
KiWi Power Ltd,KIWI88,Yes,Unproven DSR CMU,11.925,1.0,Unknown,2021.0,8.4,2018.0
EP UK Power Development Ltd,KLYN-B,No,New Build Generating CMU,0.0,0.0,Unknown,2021.0,8.4,2018.0
Knottingley Power Limited,KNOT01,No,New Build Generating CMU,0.0,0.0,Unknown,2021.0,8.4,2018.0
Knottingley Power Limited,KNOT02,No,New Build Generating CMU,0.0,0.0,Unknown,2021.0,8.4,2018.0
KiWi Power Ltd,KPB001,No,New Build Generating CMU,0.0,0.0,Unknown,2021.0,8.4,2018.0
KiWi Power Ltd,KPDR04,Yes,Unproven DSR CMU,29.813,1.0,Unknown,2021.0,8.4,2018.0
KiWi Power Ltd,KPDR06,Yes,Unproven DSR CMU,16.894,1.0,Unknown,2021.0,8.4,2018.0
KiWi Power Ltd,KPEG10,Yes,Existing Generating CMU,4.763,1.0,Unknown,2021.0,8.4,2018.0
LAKESIDE ENERGY FROM WASTE LIMITED,LAKE17,Yes,Existing Generating CMU,32.984,1.0,Unknown,2021.0,8.4,2018.0
Lancaster Power Limited,LANC31,No,New Build Generating CMU,0.0,0.0,Unknown,2021.0,8.4,2018.0
Lancaster Power Limited,LANC32,No,New Build Generating CMU,0.0,0.0,Unknown,2021.0,8.4,2018.0
Lancaster Power Limited,LANC33,No,New Build Generating CMU,0.0,0.0,Unknown,2021.0,8.4,2018.0
LASCAR BATTERY STORAGE LIMITED,LASCA1,No,New Build Generating CMU,0.0,0.0,Unknown,2021.0,8.4,2018.0
RWE Generation UK plc,LBA171,Yes,Existing Generating CMU,698.703,1.0,Unknown,2021.0,8.4,2018.0
Utility I Ltd,LhoHin,Yes,New Build Generating CMU,1.804,1.0,Unknown,2021.0,8.4,2018.0
GREEN PEAK GENERATION LIMITED,Lilly4,No,New Build Generating CMU,0.0,0.0,Unknown,2021.0,8.4,2018.0
Coldharbour Power Reserve Limited,LITF21,No,New Build Generating CMU,0.0,0.0,Unknown,2021.0,8.4,2018.0
Goldenbell Power Ltd,LO4016,No,New Build Generating CMU,0.0,0.0,Unknown,2021.0,8.4,2018.0
SSE Generation Limited,LOCH21,No,Refurbishing Generating CMU,0.0,0.0,Unknown,2021.0,8.4,2018.0
RYDBERG DEVELOPMENT COMPANY LIMITED,LOUT01,No,New Build Generating CMU,0.0,0.0,Unknown,2021.0,8.4,2018.0
RYDBERG DEVELOPMENT COMPANY LIMITED,LOUT02,No,New Build Generating CMU,0.0,0.0,Unknown,2021.0,8.4,2018.0
RYDBERG DEVELOPMENT COMPANY LIMITED,LOUT03,No,New Build Generating CMU,0.0,0.0,Unknown,2021.0,8.4,2018.0
BALANCE POWER PROJECTS LIMITED,LOWDY1,No,New Build Generating CMU,0.0,0.0,Unknown,2021.0,8.4,2018.0
SSE Generation Limited,LUIC21,Yes,Existing Generating CMU,29.893,1.0,Unknown,2021.0,8.4,2018.0
LondonEnergy Ltd,LWL_17,Yes,Existing Generating CMU,33.702,1.0,Unknown,2021.0,8.4,2018.0
The Isle of Wight Energy Company Limited,MAIN17,Yes,Existing Generating CMU,4.939,1.0,Unknown,2021.0,8.4,2018.0
BALANCE POWER PROJECTS LIMITED,Manel1,No,New Build Generating CMU,0.0,0.0,Unknown,2021.0,8.4,2018.0
Reliance Generation Limited,MARCHA,No,New Build Generating CMU,0.0,0.0,Unknown,2021.0,8.4,2018.0
Portman Power Limited,MARCHB,No,New Build Generating CMU,0.0,0.0,Unknown,2021.0,8.4,2018.0
Medway Power Limited,MEDP21,Yes,Existing Generating CMU,666.3,1.0,Unknown,2021.0,8.4,2018.0
RYDBERG DEVELOPMENT COMPANY LIMITED,MERL03,No,New Build Generating CMU,0.0,0.0,Unknown,2021.0,8.4,2018.0
FCC (E&M) Limited,MILL01,Yes,New Build Generating CMU,13.137,1.0,Unknown,2021.0,8.4,2018.0
MINETY BATTERY STORAGE LIMITED,MINET1,No,New Build Generating CMU,0.0,0.0,Unknown,2021.0,8.4,2018.0
Moyle Interconnector Limited,Moyle3,Yes,Existing Interconnector CMU,140.0,1.0,Unknown,2021.0,8.4,2018.0
Mercia Power Response (Kestrel Road) Limited,MPRKR2,No,New Build Generating CMU,0.0,0.0,Unknown,2021.0,8.4,2018.0
Mercia Power Response (Outgang Lane) Limited,MPROG1,No,New Build Generating CMU,0.0,0.0,Unknown,2021.0,8.4,2018.0
Mercia Power Response (Union Street) Limited,MPRUS1,No,New Build Generating CMU,0.0,0.0,Unknown,2021.0,8.4,2018.0
SSE Energy Supply Limited,MRWD21,Yes,Existing Generating CMU,828.0,1.0,Unknown,2021.0,8.4,2018.0
BESS Aylesford Limited,NBAYL1,Yes,New Build Generating CMU,10.568,15.0,Unknown,2021.0,8.4,2018.0
BSR Energy Limited,NBBRK6,Yes,New Build Generating CMU,7.288,15.0,Unknown,2021.0,8.4,2018.0
BESS Claredown Limited,NBCLD1,Yes,New Build Generating CMU,7.288,15.0,Unknown,2021.0,8.4,2018.0
Limejump Ltd.,NBHOM1,Yes,New Build Generating CMU,1.536,15.0,Unknown,2021.0,8.4,2018.0
Limejump Virtual 3 Limited,NBKKT1,No,New Build Generating CMU,0.0,0.0,Unknown,2021.0,8.4,2018.0
BSR Energy Limited,NBRAM4,Yes,New Build Generating CMU,1.275,15.0,Unknown,2021.0,8.4,2018.0
BSR Energy Limited,NBSUN7,Yes,New Build Generating CMU,1.622,15.0,Unknown,2021.0,8.4,2018.0
Nuclear Decommissioning Authority,NDAMAN,Yes,Existing Generating CMU,24.978,1.0,Unknown,2021.0,8.4,2018.0
NEMO LINK LIMITED,NEMO17,Yes,New Build Interconnector CMU,750.0,1.0,Unknown,2021.0,8.4,2018.0
FS NEVENDON LIMITED,NEV460,No,New Build Generating CMU,0.0,0.0,Unknown,2021.0,8.4,2018.0
Veolia UK Limited,NEWH03,Yes,Existing Generating CMU,15.579,1.0,Unknown,2021.0,8.4,2018.0
SpectrumReserve5 Ltd,NWBS20,No,New Build Generating CMU,0.0,0.0,Unknown,2021.0,8.4,2018.0
ORIGAMI ENERGY LIMITED,OEL002,No,Unproven DSR CMU,0.0,0.0,Unknown,2021.0,8.4,2018.0
Ogmore Power Limited,OGMO03,Yes,Existing Generating CMU,15.17,1.0,Unknown,2021.0,8.4,2018.0
OSSPV001 LIMITED,OSL001,Yes,New Build Generating CMU,1.61,12.0,Unknown,2021.0,8.4,2018.0
ORIGAMI ENERGY LIMITED,OSL002,Yes,New Build Generating CMU,1.789,15.0,Unknown,2021.0,8.4,2018.0
Infinis Alternative Energies Limited,OTGS17,Yes,New Build Generating CMU,3.792,3.0,Unknown,2021.0,8.4,2018.0
PARC ADFER LIMITED,PaAd17,Yes,New Build Generating CMU,14.889,1.0,Unknown,2021.0,8.4,2018.0
Gas Generation Paisley Limited,PAI001,No,New Build Generating CMU,0.0,0.0,Unknown,2021.0,8.4,2018.0
SSE Generation Limited,PEH121,Yes,Existing Generating CMU,1062.0,1.0,Unknown,2021.0,8.4,2018.0
RWE Generation UK plc,PEMB11,Yes,Existing Generating CMU,427.5,1.0,Unknown,2021.0,8.4,2018.0
RWE Generation UK plc,PEMB21,Yes,Existing Generating CMU,427.5,1.0,Unknown,2021.0,8.4,2018.0
RWE Generation UK plc,PEMB31,Yes,Existing Generating CMU,427.5,1.0,Unknown,2021.0,8.4,2018.0
RWE Generation UK plc,PEMB41,Yes,Existing Generating CMU,427.5,1.0,Unknown,2021.0,8.4,2018.0
RWE Generation UK plc,PEMB51,Yes,Existing Generating CMU,427.5,1.0,Unknown,2021.0,8.4,2018.0
RYDBERG DEVELOPMENT COMPANY LIMITED,PETE01,No,New Build Generating CMU,0.0,0.0,Unknown,2021.0,8.4,2018.0
Centrica PB Limited,PETEM3,Yes,Existing Generating CMU,235.175,1.0,Unknown,2021.0,8.4,2018.0
Peak Gen Power 2 Limited,PG1702,No,Existing Generating CMU,0.0,0.0,Unknown,2021.0,8.4,2018.0
Peak Gen Power 4 Limited,PG1704,No,New Build Generating CMU,0.0,0.0,Unknown,2021.0,8.4,2018.0
Peak Gen Power 10 Limited,PG1710,No,New Build Generating CMU,0.0,0.0,Unknown,2021.0,8.4,2018.0
Peak Gen Power 17 Limited,PG1717,No,New Build Generating CMU,0.0,0.0,Unknown,2021.0,8.4,2018.0
Peak Gen Power 24 Limited,PG1724,No,New Build Generating CMU,0.0,0.0,Unknown,2021.0,8.4,2018.0
Peak Gen Power 26 Limited,PG1726,No,New Build Generating CMU,0.0,0.0,Unknown,2021.0,8.4,2018.0
Peak Gen Power 27 Limited,PG1727,No,New Build Generating CMU,0.0,0.0,Unknown,2021.0,8.4,2018.0
Volta Energy Storage Limited,PICK21,No,New Build Generating CMU,0.0,0.0,Unknown,2021.0,8.4,2018.0
Harmony (PW) Limited,PILL21,No,New Build Generating CMU,0.0,0.0,Unknown,2021.0,8.4,2018.0
E.ON UK CHP Limited,POL001,Yes,Existing Generating CMU,29.344,1.0,Unknown,2021.0,8.4,2018.0
Green Frog Power 214 Limited,PP4101,No,Existing Generating CMU,0.0,0.0,Unknown,2021.0,8.4,2018.0
Green Frog Power 214 Limited,PP4102,No,Existing Generating CMU,0.0,0.0,Unknown,2021.0,8.4,2018.0
Green Frog Power 214 Limited,PP4109,No,New Build Generating CMU,0.0,0.0,Unknown,2021.0,8.4,2018.0
Green Frog Power 214 Limited,PP4110,No,New Build Generating CMU,0.0,0.0,Unknown,2021.0,8.4,2018.0
Green Frog Power 214 Limited,PP4111,No,New Build Generating CMU,0.0,0.0,Unknown,2021.0,8.4,2018.0
Green Frog Power 214 Limited,PP4112,No,New Build Generating CMU,0.0,0.0,Unknown,2021.0,8.4,2018.0
Palm Paper Limited,PPKL01,No,New Build Generating CMU,0.0,0.0,Unknown,2021.0,8.4,2018.0
Progress Power Limited,PPL_17,No,New Build Generating CMU,0.0,0.0,Unknown,2021.0,8.4,2018.0
Prime Energy Development Limited,PR_171,No,New Build Generating CMU,0.0,0.0,Unknown,2021.0,8.4,2018.0
Prime Energy Development Limited,PR_175,No,New Build Generating CMU,0.0,0.0,Unknown,2021.0,8.4,2018.0
Prime Energy Development Limited,PR_177,No,New Build Generating CMU,0.0,0.0,Unknown,2021.0,8.4,2018.0
Petre Street Storage Ltd,PSES30,No,New Build Generating CMU,0.0,0.0,Unknown,2021.0,8.4,2018.0
POWER UP GENERATION LIMITED,PUG001,No,New Build Generating CMU,0.0,0.0,Unknown,2021.0,8.4,2018.0
APEX ENERGY LTD,PYE002,Yes,New Build Generating CMU,7.746,15.0,Unknown,2021.0,8.4,2018.0
SSE Generation Limited,RAN121,Yes,Existing Generating CMU,14.067,1.0,Unknown,2021.0,8.4,2018.0
SSE Generation Limited,RAN221,Yes,Existing Generating CMU,14.067,1.0,Unknown,2021.0,8.4,2018.0
SSE Generation Limited,RAN321,Yes,Existing Generating CMU,14.067,1.0,Unknown,2021.0,8.4,2018.0
Uniper Global Commodities SE,RATS11,Yes,Existing Generating CMU,449.362,1.0,Unknown,2021.0,8.4,2018.0
Uniper Global Commodities SE,RATS12,Yes,Existing Generating CMU,449.362,1.0,Unknown,2021.0,8.4,2018.0
Uniper Global Commodities SE,RATS13,Yes,Existing Generating CMU,449.362,1.0,Unknown,2021.0,8.4,2018.0
Uniper Global Commodities SE,RATS14,No,Existing Generating CMU,0.0,0.0,Unknown,2021.0,8.4,2018.0
REstore Flexpond UK Limited,REST11,Yes,Existing Generating CMU,6.031,1.0,Unknown,2021.0,8.4,2018.0
REstore Flexpond UK Limited,REST13,Yes,Existing Generating CMU,35.987,1.0,Unknown,2021.0,8.4,2018.0
REstore Flexpond UK Limited,REST15,Yes,Existing Generating CMU,5.807,1.0,Unknown,2021.0,8.4,2018.0
REstore Flexpond UK Limited,REST16,Yes,Existing Generating CMU,4.663,1.0,Unknown,2021.0,8.4,2018.0
REstore Flexpond UK Limited,REST20,Yes,Existing Generating CMU,6.318,1.0,Unknown,2021.0,8.4,2018.0
REstore Flexpond UK Limited,REST21,Yes,Existing Generating CMU,6.552,1.0,Unknown,2021.0,8.4,2018.0
REstore Flexpond UK Limited,REST22,Yes,Existing Generating CMU,10.8,1.0,Unknown,2021.0,8.4,2018.0
REstore Flexpond UK Limited,REST25,Yes,Existing Generating CMU,2.965,1.0,Unknown,2021.0,8.4,2018.0
REstore Flexpond UK Limited,REST28,Yes,Existing Generating CMU,5.837,1.0,Unknown,2021.0,8.4,2018.0
Gas Generation Retford Road Limited,RET001,No,New Build Generating CMU,0.0,0.0,Unknown,2021.0,8.4,2018.0
Statkraft Markets GmbH,RHE2_3,Yes,Existing Generating CMU,19.11,1.0,Unknown,2021.0,8.4,2018.0
Statkraft Markets GmbH,RHE3_3,Yes,Existing Generating CMU,19.378,1.0,Unknown,2021.0,8.4,2018.0
Roaring Hill Energy Storage Ltd,RHES30,Yes,New Build Generating CMU,10.932,15.0,Unknown,2021.0,8.4,2018.0
EC PROJECT 1 LIMITED,RHODES,Yes,New Build Generating CMU,9.481,15.0,Unknown,2021.0,8.4,2018.0
Ribble Power Limited,RIBB03,No,New Build Generating CMU,0.0,0.0,Unknown,2021.0,8.4,2018.0
RNA-Energy Ltd,RNA002,No,New Build Generating CMU,0.0,0.0,Unknown,2021.0,8.4,2018.0
RNA-Energy Ltd,RNA020,No,New Build Generating CMU,0.0,0.0,Unknown,2021.0,8.4,2018.0
RNA-Energy Ltd,RNA049,No,New Build Generating CMU,0.0,0.0,Unknown,2021.0,8.4,2018.0
Enersyst Limited,RocExt,Yes,New Build Generating CMU,7.585,15.0,Unknown,2021.0,8.4,2018.0
Enersyst Limited,Rocham,Yes,New Build Generating CMU,5.689,15.0,Unknown,2021.0,8.4,2018.0
COVANTA ROOKERY SOUTH LIMITED,ROOK01,Yes,New Build Generating CMU,56.927,15.0,Unknown,2021.0,8.4,2018.0
ROSSIDE ENERGY LIMITED,ROS123,No,New Build Generating CMU,0.0,0.0,Unknown,2021.0,8.4,2018.0
Rounponds Energy Limited,ROST21,Yes,New Build Generating CMU,1.789,15.0,Unknown,2021.0,8.4,2018.0
Riverside Resource Recovery Limited,RRRF11,Yes,Existing Generating CMU,65.765,1.0,Unknown,2021.0,8.4,2018.0
Uniper Global Commodities SE,RTG20C,Yes,Existing Generating CMU,16.118,1.0,Unknown,2021.0,8.4,2018.0
Uniper Global Commodities SE,RTG40C,Yes,Existing Generating CMU,16.118,1.0,Unknown,2021.0,8.4,2018.0
Saltend Cogeneration Company Limited,S1_174,Yes,Existing Generating CMU,360.0,1.0,Unknown,2021.0,8.4,2018.0
Saltend Cogeneration Company Limited,S2_174,Yes,Existing Generating CMU,361.11,1.0,Unknown,2021.0,8.4,2018.0
Sembcorp Utilities (UK) Limited,S21G01,Yes,Existing Generating CMU,37.61,1.0,Unknown,2021.0,8.4,2018.0
Sembcorp Utilities (UK) Limited,S21G02,Yes,Existing Generating CMU,37.571,1.0,Unknown,2021.0,8.4,2018.0
Sembcorp Utilities (UK) Limited,S21S11,Yes,Existing Generating CMU,19.828,1.0,Unknown,2021.0,8.4,2018.0
Saltend Cogeneration Company Limited,S3_174,Yes,Existing Generating CMU,362.37,1.0,Unknown,2021.0,8.4,2018.0
AMP Energy Services Limited,SALTE1,No,New Build Generating CMU,0.0,0.0,Unknown,2021.0,8.4,2018.0
Sandwell Power Ltd,SAND17,No,New Build Generating CMU,0.0,0.0,Unknown,2021.0,8.4,2018.0
STOR 101 Ltd,SBAT01,No,New Build Generating CMU,0.0,0.0,Unknown,2021.0,8.4,2018.0
STOR 126 Ltd,SBAT26,No,New Build Generating CMU,0.0,0.0,Unknown,2021.0,8.4,2018.0
Gas Peaking Limited,SCUNT1,No,New Build Generating CMU,0.0,0.0,Unknown,2021.0,8.4,2018.0
SmartestEnergy Limited,SE1801,Yes,Unproven DSR CMU,40.0,1.0,Unknown,2021.0,8.4,2018.0
SmartestEnergy Limited,SE1802,No,Unproven DSR CMU,0.0,0.0,Unknown,2021.0,8.4,2018.0
SmartestEnergy Limited,SE1803,No,Unproven DSR CMU,0.0,0.0,Unknown,2021.0,8.4,2018.0
SmartestEnergy Limited,SE1804,Yes,Unproven DSR CMU,20.0,1.0,Unknown,2021.0,8.4,2018.0
SmartestEnergy Limited,SE1805,Yes,Unproven DSR CMU,20.0,1.0,Unknown,2021.0,8.4,2018.0
SmartestEnergy Limited,SE1806,Yes,Unproven DSR CMU,10.0,1.0,Unknown,2021.0,8.4,2018.0
SmartestEnergy Limited,SE1807,No,Unproven DSR CMU,0.0,0.0,Unknown,2021.0,8.4,2018.0
SmartestEnergy Limited,SE1808,No,Unproven DSR CMU,0.0,0.0,Unknown,2021.0,8.4,2018.0
SmartestEnergy Limited,SE1809,Yes,Unproven DSR CMU,5.0,1.0,Unknown,2021.0,8.4,2018.0
SmartestEnergy Limited,SE1810,Yes,Unproven DSR CMU,5.0,1.0,Unknown,2021.0,8.4,2018.0
SmartestEnergy Limited,SE1811,No,Unproven DSR CMU,0.0,0.0,Unknown,2021.0,8.4,2018.0
SmartestEnergy Limited,SE1812,No,Unproven DSR CMU,0.0,0.0,Unknown,2021.0,8.4,2018.0
SmartestEnergy Limited,SE1813,No,Unproven DSR CMU,0.0,0.0,Unknown,2021.0,8.4,2018.0
SmartestEnergy Limited,SE1814,No,Unproven DSR CMU,0.0,0.0,Unknown,2021.0,8.4,2018.0
Seabank Power Limited,SEA1_2,Yes,Existing Generating CMU,1132.2,1.0,Unknown,2021.0,8.4,2018.0
RWE Cogen UK Limited,SEAL17,Yes,Existing Generating CMU,54.0,1.0,Unknown,2021.0,8.4,2018.0
Selby Energy Limited,SEL_17,No,New Build Generating CMU,0.0,0.0,Unknown,2021.0,8.4,2018.0
Minety South Storage Limited,SEL008,No,New Build Generating CMU,0.0,0.0,Unknown,2021.0,8.4,2018.0
Minety North Storage Limited,SEL009,No,New Build Generating CMU,0.0,0.0,Unknown,2021.0,8.4,2018.0
Melksham East Storage Limited,SEL010,No,New Build Generating CMU,0.0,0.0,Unknown,2021.0,8.4,2018.0
Melksham West Storage Limited,SEL011,No,New Build Generating CMU,0.0,0.0,Unknown,2021.0,8.4,2018.0
Dollymans Storage Limited,SEL015,No,New Build Generating CMU,0.0,0.0,Unknown,2021.0,8.4,2018.0
Dollymans Power Limited,SEL016,No,New Build Generating CMU,0.0,0.0,Unknown,2021.0,8.4,2018.0
West Didsbury Storage Limited,SEL017,No,New Build Generating CMU,0.0,0.0,Unknown,2021.0,8.4,2018.0
Penwortham Storage Limited,SEL018,No,New Build Generating CMU,0.0,0.0,Unknown,2021.0,8.4,2018.0
Enderby Storage Limited,SEL019,No,New Build Generating CMU,0.0,0.0,Unknown,2021.0,8.4,2018.0
Grendon Storage Limited,SEL020,No,New Build Generating CMU,0.0,0.0,Unknown,2021.0,8.4,2018.0
Ravensworth Power Limited,SEL021,No,New Build Generating CMU,0.0,0.0,Unknown,2021.0,8.4,2018.0
Abham Storage Limited,SEL023,No,New Build Generating CMU,0.0,0.0,Unknown,2021.0,8.4,2018.0
NORTON STORAGE LIMITED,SEL024,No,New Build Generating CMU,0.0,0.0,Unknown,2021.0,8.4,2018.0
SelectGen Limited,SELBYR,No,New Build Generating CMU,0.0,0.0,Unknown,2021.0,8.4,2018.0
Veolia UK Limited,SGH003,Yes,Existing Generating CMU,3.564,1.0,Unknown,2021.0,8.4,2018.0
ECODEV GROUP LTD,SHELL1,No,New Build Generating CMU,0.0,0.0,Unknown,2021.0,8.4,2018.0
Shaw-Energi Ltd,SHW001,No,New Build Generating CMU,0.0,0.0,Unknown,2021.0,8.4,2018.0
SSE Generation Limited,SLO121,Yes,Existing Generating CMU,35.821,1.0,Unknown,2021.0,8.4,2018.0
SSE Generation Limited,SLO221,Yes,Existing Generating CMU,35.955,1.0,Unknown,2021.0,8.4,2018.0
SSE Generation Limited,SLO321,Yes,Existing Generating CMU,35.168,1.0,Unknown,2021.0,8.4,2018.0
SSE Generation Limited,SLO421,Yes,Existing Generating CMU,29.889,1.0,Unknown,2021.0,8.4,2018.0
ScottishPower Energy Retail Limited,SP1702,No,Unproven DSR CMU,0.0,0.0,Unknown,2021.0,8.4,2018.0
ScottishPower Energy Retail Limited,SP1703,No,Unproven DSR CMU,0.0,0.0,Unknown,2021.0,8.4,2018.0
ScottishPower Energy Retail Limited,SP1704,No,Unproven DSR CMU,0.0,0.0,Unknown,2021.0,8.4,2018.0
ScottishPower Energy Retail Limited,SP1705,No,Unproven DSR CMU,0.0,0.0,Unknown,2021.0,8.4,2018.0
ScottishPower Energy Retail Limited,SP1706,No,Unproven DSR CMU,0.0,0.0,Unknown,2021.0,8.4,2018.0
ScottishPower Energy Retail Limited,SP1707,No,Unproven DSR CMU,0.0,0.0,Unknown,2021.0,8.4,2018.0
ScottishPower Energy Retail Limited,SP1708,No,Unproven DSR CMU,0.0,0.0,Unknown,2021.0,8.4,2018.0
ScottishPower Energy Retail Limited,SP1709,No,Unproven DSR CMU,0.0,0.0,Unknown,2021.0,8.4,2018.0
ScottishPower Energy Retail Limited,SP1710,No,Unproven DSR CMU,0.0,0.0,Unknown,2021.0,8.4,2018.0
ScottishPower Energy Retail Limited,SP1711,No,Unproven DSR CMU,0.0,0.0,Unknown,2021.0,8.4,2018.0
ScottishPower Energy Retail Limited,SP1712,No,Unproven DSR CMU,0.0,0.0,Unknown,2021.0,8.4,2018.0
ScottishPower Energy Retail Limited,SP1713,No,Unproven DSR CMU,0.0,0.0,Unknown,2021.0,8.4,2018.0
ScottishPower Energy Retail Limited,SP1714,No,Unproven DSR CMU,0.0,0.0,Unknown,2021.0,8.4,2018.0
ScottishPower Energy Retail Limited,SP1715,No,Unproven DSR CMU,0.0,0.0,Unknown,2021.0,8.4,2018.0
ScottishPower Generation Limited,SP17BL,Yes,Existing Generating CMU,54.0,1.0,Unknown,2021.0,8.4,2018.0
ScottishPower Generation Limited,SP17CR,Yes,Existing Generating CMU,422.884,1.0,Unknown,2021.0,8.4,2018.0
ScottishPower Generation Limited,SP17D2,No,New Build Generating CMU,0.0,0.0,Unknown,2021.0,8.4,2018.0
ScottishPower Generation Limited,SP17D3,No,New Build Generating CMU,0.0,0.0,Unknown,2021.0,8.4,2018.0
ScottishPower Generation Limited,SP17D4,No,New Build Generating CMU,0.0,0.0,Unknown,2021.0,8.4,2018.0
ScottishPower Generation Limited,SP17DC,Yes,Existing Generating CMU,724.5,1.0,Unknown,2021.0,8.4,2018.0
ScottishPower Generation Limited,SP17GL,Yes,Existing Generating CMU,21.1,1.0,Unknown,2021.0,8.4,2018.0
ScottishPower Generation Limited,SP17KE,Yes,Existing Generating CMU,21.369,1.0,Unknown,2021.0,8.4,2018.0
ScottishPower Generation Limited,SP17RH,Yes,Existing Generating CMU,643.5,1.0,Unknown,2021.0,8.4,2018.0
ScottishPower Generation Limited,SP17SH,Yes,Existing Generating CMU,382.5,1.0,Unknown,2021.0,8.4,2018.0
ScottishPower Generation Limited,SP17TO,Yes,Existing Generating CMU,30.368,1.0,Unknown,2021.0,8.4,2018.0
STOR 101 Ltd,SPOW01,No,New Build Generating CMU,0.0,0.0,Unknown,2021.0,8.4,2018.0
Suncredit Solutions Limited,SPOW12,Yes,New Build Generating CMU,18.962,15.0,Unknown,2021.0,8.4,2018.0
STOR 113 Ltd,SPOW13,No,New Build Generating CMU,0.0,0.0,Unknown,2021.0,8.4,2018.0
STOR 125 Ltd,SPOW25,No,New Build Generating CMU,0.0,0.0,Unknown,2021.0,8.4,2018.0
STOR 126 Ltd,SPOW26,No,New Build Generating CMU,0.0,0.0,Unknown,2021.0,8.4,2018.0
STOR 127 Ltd,SPOW27,No,New Build Generating CMU,0.0,0.0,Unknown,2021.0,8.4,2018.0
STOR 148 Ltd,SPOW48,No,New Build Generating CMU,0.0,0.0,Unknown,2021.0,8.4,2018.0
Bolshan Renewables Limited,SRHA01,No,New Build Generating CMU,0.0,0.0,Unknown,2021.0,8.4,2018.0
Shovel Ready 1 Limited,SRL001,No,New Build Generating CMU,0.0,0.0,Unknown,2021.0,8.4,2018.0
Shovel Ready 2 Limited,SRL002,No,New Build Generating CMU,0.0,0.0,Unknown,2021.0,8.4,2018.0
Shovel Ready 3 Limited,SRL003,No,New Build Generating CMU,0.0,0.0,Unknown,2021.0,8.4,2018.0
Shovel Ready 8 Limited,SRL008,No,New Build Generating CMU,0.0,0.0,Unknown,2021.0,8.4,2018.0
Shovel Ready 9 Limited,SRL009,No,New Build Generating CMU,0.0,0.0,Unknown,2021.0,8.4,2018.0
Shovel Ready 12 Limited,SRL012,No,New Build Generating CMU,0.0,0.0,Unknown,2021.0,8.4,2018.0
SSE Energy Supply Limited,SSE121,No,Unproven DSR CMU,0.0,0.0,Unknown,2021.0,8.4,2018.0
SSE Energy Supply Limited,SSE221,No,Unproven DSR CMU,0.0,0.0,Unknown,2021.0,8.4,2018.0
SSE Energy Supply Limited,SSE321,No,Unproven DSR CMU,0.0,0.0,Unknown,2021.0,8.4,2018.0
SSE Energy Supply Limited,SSE421,No,Unproven DSR CMU,0.0,0.0,Unknown,2021.0,8.4,2018.0
SSE Energy Supply Limited,SSE521,No,Unproven DSR CMU,0.0,0.0,Unknown,2021.0,8.4,2018.0
SSE Energy Supply Limited,SSE621,No,Unproven DSR CMU,0.0,0.0,Unknown,2021.0,8.4,2018.0
SSE Energy Supply Limited,SSE721,No,Unproven DSR CMU,0.0,0.0,Unknown,2021.0,8.4,2018.0
SSE Energy Supply Limited,SSE821,No,Unproven DSR CMU,0.0,0.0,Unknown,2021.0,8.4,2018.0
SSE Energy Supply Limited,SSE921,No,Unproven DSR CMU,0.0,0.0,Unknown,2021.0,8.4,2018.0
Suncredit Solutions Limited,ST-030,No,New Build Generating CMU,0.0,0.0,Unknown,2021.0,8.4,2018.0
Suncredit Solutions Limited,ST-113,Yes,New Build Generating CMU,3.792,15.0,Unknown,2021.0,8.4,2018.0
WG Energy Storage Limited,STAT21,No,New Build Generating CMU,0.0,0.0,Unknown,2021.0,8.4,2018.0
RWE Generation UK plc,STAY01,Yes,Existing Generating CMU,417.6,1.0,Unknown,2021.0,8.4,2018.0
RWE Generation UK plc,STAY02,Yes,Existing Generating CMU,417.6,1.0,Unknown,2021.0,8.4,2018.0
RWE Generation UK plc,STAY03,Yes,Existing Generating CMU,417.6,1.0,Unknown,2021.0,8.4,2018.0
RWE Generation UK plc,STAY04,Yes,Existing Generating CMU,417.6,1.0,Unknown,2021.0,8.4,2018.0
Stony Energy Storage Ltd,STES30,No,New Build Generating CMU,0.0,0.0,Unknown,2021.0,8.4,2018.0
EGG 1 LIMITED,STON2A,No,New Build Generating CMU,0.0,0.0,Unknown,2021.0,8.4,2018.0
SUEZ RECYCLING AND RECOVERY KIRKLEES LTD,SUEZ01,Yes,Existing Generating CMU,9.474,1.0,Unknown,2021.0,8.4,2018.0
SUEZ RECYCLING AND RECOVERY TEES VALLEY LTD,SUEZ02,Yes,Existing Generating CMU,17.28,1.0,Unknown,2021.0,8.4,2018.0
Northumberland Energy Recovery Limited,SUEZ03,Yes,Existing Generating CMU,9.512,1.0,Unknown,2021.0,8.4,2018.0
South Tyne and Wear Energy Recovery Limited,SUEZ04,Yes,Existing Generating CMU,20.906,1.0,Unknown,2021.0,8.4,2018.0
SUEZ RECYCLING AND RECOVERY SUFFOLK LTD,SUEZ05,Yes,Existing Generating CMU,20.848,1.0,Unknown,2021.0,8.4,2018.0
Calon Energy Limited,SUTB_1,Yes,Existing Generating CMU,737.1,1.0,Unknown,2021.0,8.4,2018.0
RYDBERG DEVELOPMENT COMPANY LIMITED,SUTT03,No,New Build Generating CMU,0.0,0.0,Unknown,2021.0,8.4,2018.0
RYDBERG DEVELOPMENT COMPANY LIMITED,SUTT04,No,New Build Generating CMU,0.0,0.0,Unknown,2021.0,8.4,2018.0
Calon Energy Limited,SVRN_1,Yes,Existing Generating CMU,382.5,1.0,Unknown,2021.0,8.4,2018.0
Calon Energy Limited,SVRN_2,Yes,Existing Generating CMU,382.5,1.0,Unknown,2021.0,8.4,2018.0
EDF Energy Nuclear Generation Limited,SZ1-17,Yes,Existing Generating CMU,525.078,1.0,Unknown,2021.0,8.4,2018.0
EDF Energy Nuclear Generation Limited,SZ2-17,Yes,Existing Generating CMU,525.078,1.0,Unknown,2021.0,8.4,2018.0
Uniper Global Commodities SE,TAYL32,Yes,Existing Generating CMU,70.025,1.0,Unknown,2021.0,8.4,2018.0
Uniper Global Commodities SE,TAYL33,Yes,Existing Generating CMU,62.44,1.0,Unknown,2021.0,8.4,2018.0
Tay Power Limited,TAYP03,No,New Build Generating CMU,0.0,0.0,Unknown,2021.0,8.4,2018.0
Teesside Hire Limited,TEES17,Yes,Existing Generating CMU,6.066,1.0,Unknown,2021.0,8.4,2018.0
Teesside Gas &amp; Liquids Processing,TGPP01,No,New Build Generating CMU,0.0,0.0,Unknown,2021.0,8.4,2018.0
Teesside Gas &amp; Liquids Processing,TGPP02,No,New Build Generating CMU,0.0,0.0,Unknown,2021.0,8.4,2018.0
Thames Gateway Waste to Energy Limited,TGW2E1,No,New Build Generating CMU,0.0,0.0,Unknown,2021.0,8.4,2018.0
SSEPG (Operations) Limited,THAT21,No,Existing Generating CMU,0.0,0.0,Unknown,2021.0,8.4,2018.0
Thorpe Marsh Power Limited,TMARSH,No,New Build Generating CMU,0.0,0.0,Unknown,2021.0,8.4,2018.0
CS13 limited,Tmpl01,No,New Build Generating CMU,0.0,0.0,Unknown,2021.0,8.4,2018.0
EDF Energy Nuclear Generation Limited,TN1-17,Yes,Existing Generating CMU,531.416,1.0,Unknown,2021.0,8.4,2018.0
EDF Energy Nuclear Generation Limited,TN2-17,Yes,Existing Generating CMU,540.366,1.0,Unknown,2021.0,8.4,2018.0
Wainstones Energy Limited,TRAFFO,No,New Build Generating CMU,0.0,0.0,Unknown,2021.0,8.4,2018.0
Trent RE Limited,TREH17,No,Refurbishing Generating CMU,0.0,0.0,Unknown,2021.0,8.4,2018.0
Trent RE Limited,TREK17,No,Refurbishing Generating CMU,0.0,0.0,Unknown,2021.0,8.4,2018.0
SSE Generation Limited,TUM121,No,Refurbishing Generating CMU,0.0,0.0,Unknown,2021.0,8.4,2018.0
SSE Generation Limited,TUM221,No,Refurbishing Generating CMU,0.0,0.0,Unknown,2021.0,8.4,2018.0
UK Dynamic Reserve Limited,UKDR01,No,New Build Generating CMU,0.0,0.0,Unknown,2021.0,8.4,2018.0
UK Dynamic Reserve Limited,UKDR02,No,New Build Generating CMU,0.0,0.0,Unknown,2021.0,8.4,2018.0
UK Dynamic Reserve Limited,UKDR03,No,New Build Generating CMU,0.0,0.0,Unknown,2021.0,8.4,2018.0
UK Dynamic Reserve Limited,UKDR04,No,New Build Generating CMU,0.0,0.0,Unknown,2021.0,8.4,2018.0
UK Dynamic Reserve Limited,UKDR05,No,New Build Generating CMU,0.0,0.0,Unknown,2021.0,8.4,2018.0
UK Dynamic Reserve Limited,UKDR06,No,New Build Generating CMU,0.0,0.0,Unknown,2021.0,8.4,2018.0
UK Dynamic Reserve Limited,UKDR07,No,New Build Generating CMU,0.0,0.0,Unknown,2021.0,8.4,2018.0
UK Dynamic Reserve Limited,UKDR08,No,New Build Generating CMU,0.0,0.0,Unknown,2021.0,8.4,2018.0
UK Dynamic Reserve Limited,UKDR09,No,New Build Generating CMU,0.0,0.0,Unknown,2021.0,8.4,2018.0
UK Dynamic Reserve Limited,UKDR13,No,New Build Generating CMU,0.0,0.0,Unknown,2021.0,8.4,2018.0
UK Dynamic Reserve Limited,UKDR14,No,New Build Generating CMU,0.0,0.0,Unknown,2021.0,8.4,2018.0
UK Flexible Reserve Limited,UKFR01,No,New Build Generating CMU,0.0,0.0,Unknown,2021.0,8.4,2018.0
UK Flexible Reserve Limited,UKFR02,Yes,New Build Generating CMU,18.962,15.0,Unknown,2021.0,8.4,2018.0
UK Flexible Reserve Limited,UKFR03,Yes,New Build Generating CMU,18.962,15.0,Unknown,2021.0,8.4,2018.0
UK Flexible Reserve Limited,UKFR04,Yes,New Build Generating CMU,18.962,15.0,Unknown,2021.0,8.4,2018.0
UK Flexible Reserve Limited,UKFR05,Yes,New Build Generating CMU,18.962,15.0,Unknown,2021.0,8.4,2018.0
UK Flexible Reserve Limited,UKFR06,Yes,New Build Generating CMU,18.962,15.0,Unknown,2021.0,8.4,2018.0
UK Flexible Reserve Limited,UKFR07,Yes,New Build Generating CMU,18.962,15.0,Unknown,2021.0,8.4,2018.0
UK Flexible Reserve Limited,UKFR08,No,New Build Generating CMU,0.0,0.0,Unknown,2021.0,8.4,2018.0
UK Flexible Reserve Limited,UKFR13,Yes,New Build Generating CMU,18.962,15.0,Unknown,2021.0,8.4,2018.0
UK Flexible Reserve Limited,UKFR14,No,New Build Generating CMU,0.0,0.0,Unknown,2021.0,8.4,2018.0
UK Flexible Reserve Limited,UKFR15,Yes,New Build Generating CMU,18.962,15.0,Unknown,2021.0,8.4,2018.0
UK Flexible Reserve Limited,UKFR18,Yes,New Build Generating CMU,18.962,15.0,Unknown,2021.0,8.4,2018.0
UK Flexible Reserve Limited,UKFR19,Yes,New Build Generating CMU,18.962,15.0,Unknown,2021.0,8.4,2018.0
Mantella Power Ltd,VE4006,No,New Build Generating CMU,0.0,0.0,Unknown,2021.0,8.4,2018.0
Mantella Power Ltd,VE4007,No,New Build Generating CMU,0.0,0.0,Unknown,2021.0,8.4,2018.0
Morpheat Limited,Vent01,No,New Build Generating CMU,0.0,0.0,Unknown,2021.0,8.4,2018.0
Veolia UK Limited,VES001,Yes,Unproven DSR CMU,3.0,1.0,Unknown,2021.0,8.4,2018.0
Veolia UK Limited,VES002,Yes,Unproven DSR CMU,1.727,1.0,Unknown,2021.0,8.4,2018.0
AMP Energy Services Limited,VILLA1,No,New Build Generating CMU,0.0,0.0,Unknown,2021.0,8.4,2018.0
VITAL ENERGI SOLUTIONS LIMITED,VIT101,Yes,Existing Generating CMU,3.524,1.0,Unknown,2021.0,8.4,2018.0
VITAL ENERGI SOLUTIONS LIMITED,VIT105,Yes,Existing Generating CMU,3.461,1.0,Unknown,2021.0,8.4,2018.0
Rolls-Royce Power Development Limited,VKING1,Yes,Existing Generating CMU,45.643,1.0,Unknown,2021.0,8.4,2018.0
EDF Energy plc,WA1-17,No,Existing Generating CMU,0.0,0.0,Unknown,2021.0,8.4,2018.0
EDF Energy plc,WA2-17,No,Existing Generating CMU,0.0,0.0,Unknown,2021.0,8.4,2018.0
EDF Energy plc,WA3-17,No,Existing Generating CMU,0.0,0.0,Unknown,2021.0,8.4,2018.0
EDF Energy plc,WA4-17,No,Existing Generating CMU,0.0,0.0,Unknown,2021.0,8.4,2018.0
Walker & Son (Hauliers) Limited,WATVO1,Yes,New Build Generating CMU,18.962,15.0,Unknown,2021.0,8.4,2018.0
EDF Energy plc,WB1-17,Yes,Existing Generating CMU,415.35,1.0,Unknown,2021.0,8.4,2018.0
EDF Energy plc,WB2-17,Yes,Existing Generating CMU,415.35,1.0,Unknown,2021.0,8.4,2018.0
EDF Energy plc,WB3-17,Yes,Existing Generating CMU,415.35,1.0,Unknown,2021.0,8.4,2018.0
Ecotricity (Next Generation) Limited,WBBSCM,No,New Build Generating CMU,0.0,0.0,Unknown,2021.0,8.4,2018.0
Mantella Power Ltd,WD4005,No,New Build Generating CMU,0.0,0.0,Unknown,2021.0,8.4,2018.0
WEST MELTON BATTERY STORAGE LIMITED,WESTM1,No,New Build Generating CMU,0.0,0.0,Unknown,2021.0,8.4,2018.0
EDF Energy plc,WG1-17,No,Existing Generating CMU,0.0,0.0,Unknown,2021.0,8.4,2018.0
EDF Energy plc,WG4-17,No,Existing Generating CMU,0.0,0.0,Unknown,2021.0,8.4,2018.0
Willington Power Limited,WILL_C,No,New Build Generating CMU,0.0,0.0,Unknown,2021.0,8.4,2018.0
Wincham Lane Power Limited,WINC04,No,New Build Generating CMU,0.0,0.0,Unknown,2021.0,8.4,2018.0
FC Powergen Limited,WITNEY,No,New Build Generating CMU,0.0,0.0,Unknown,2021.0,8.4,2018.0
West Midlands Grid Storage Two Ltd,WOLVS1,Yes,New Build Generating CMU,1.822,15.0,Unknown,2021.0,8.4,2018.0
Greenspan Nifty Fifty Limited,WPKA01,No,New Build Generating CMU,0.0,0.0,Unknown,2021.0,8.4,2018.0
Greenspan Nifty Fifty Limited,WPKB01,No,New Build Generating CMU,0.0,0.0,Unknown,2021.0,8.4,2018.0
WINCHESTER POWER LIMITED,WPL001,No,New Build Generating CMU,0.0,0.0,Unknown,2021.0,8.4,2018.0
Mantella Power Ltd,XC4003,No,New Build Generating CMU,0.0,0.0,Unknown,2021.0,8.4,2018.0
Mantella Power Ltd,YB4002,No,New Build Generating CMU,0.0,0.0,Unknown,2021.0,8.4,2018.0
Renewable Energy Systems Limited,YEES06,No,New Build Generating CMU,0.0,0.0,Unknown,2021.0,8.4,2018.0
Mantella Power Ltd,ZA4001,No,New Build Generating CMU,0.0,0.0,Unknown,2021.0,8.4,2018.0
Limejump Ltd.,NBFSC1,Yes,New Build Generating CMU,1.093,15.0,Unknown,2021.0,8.4,2018.0
Limejump Ltd.,NBGAY2,Yes,New Build Generating CMU,2.733,15.0,Unknown,2021.0,8.4,2018.0
KiWi Power Ltd,KPB002,Yes,New Build Generating CMU,1.458,15.0,Unknown,2021.0,8.4,2018.0
AGR SOLAR 2 LIMITED,BFEN29,Yes,New Build Generating CMU,2.55,15.0,Storage - Battery,2029.0,27.1,2026.0
AGR SOLAR 3 LIMITED,LHBS25,Yes,New Build Generating CMU,10.935,15.0,Storage - Battery,2029.0,27.1,2026.0
AGR SOLAR 4 LIMITED,WYBS29,Yes,New Build Generating CMU,3.077,15.0,Storage - Battery,2029.0,27.1,2026.0
AIK2A SUSTAINABLE ENERGY LTD,AK2a01,Yes,Existing Generating CMU,5.156,1.0,Onshore Wind,2029.0,27.1,2026.0
ALKANE ENERGY UK LIMITED,ARAR25,Yes,Existing Generating CMU,3.061,1.0,Gas,2029.0,27.1,2026.0
ALKANE ENERGY UK LIMITED,AVAV25,Yes,Existing Generating CMU,1.83,1.0,Gas,2029.0,27.1,2026.0
ALKANE ENERGY UK LIMITED,DOGS25,Yes,Existing Generating CMU,3.785,1.0,Gas,2029.0,27.1,2026.0
ALKANE ENERGY UK LIMITED,HEMH25,Yes,Existing Generating CMU,2.759,1.0,Gas,2029.0,27.1,2026.0
ALKANE ENERGY UK LIMITED,HOUT25,Yes,Existing Generating CMU,4.913,1.0,Gas,2029.0,27.1,2026.0
ALKANE ENERGY UK LIMITED,LING25,Yes,Existing Generating CMU,0.313,1.0,Solar,2029.0,27.1,2026.0
ALKANE ENERGY UK LIMITED,MANV25,Yes,Existing Generating CMU,1.834,1.0,Gas,2029.0,27.1,2026.0
ALKANE ENERGY UK LIMITED,MARK25,Yes,Existing Generating CMU,1.994,1.0,Gas,2029.0,27.1,2026.0
ALKANE ENERGY UK LIMITED,RHYM25,Yes,Existing Generating CMU,6.794,1.0,Gas,2029.0,27.1,2026.0
ALKANE ENERGY UK LIMITED,WHIW25,Yes,Existing Generating CMU,2.076,1.0,Gas,2029.0,27.1,2026.0
AMPIL 2 ASSET LIMITED,VILLA6,Yes,Existing Generating CMU,2.68,1.0,Gas,2029.0,27.1,2026.0
BATTERY BOX LIMITED,BT4U28,Yes,New Build Generating CMU,0.276,15.0,Storage - Battery,2029.0,27.1,2026.0
BATTERY BOX LIMITED,BT4U29,Yes,New Build Generating CMU,0.329,15.0,Storage - Battery,2029.0,27.1,2026.0
BATTERY BOX LIMITED,BT4U30,Yes,New Build Generating CMU,0.276,15.0,Storage - Battery,2029.0,27.1,2026.0
BATTERY BOX LIMITED,BT4U31,Yes,New Build Generating CMU,0.276,15.0,Storage - Battery,2029.0,27.1,2026.0
BATTERY BOX LIMITED,BT4U32,Yes,New Build Generating CMU,0.328,15.0,Storage - Battery,2029.0,27.1,2026.0
BATTERY BOX LIMITED,BT4U33,Yes,New Build Generating CMU,0.276,15.0,Storage - Battery,2029.0,27.1,2026.0
BATTERY BOX LIMITED,BT4U34,Yes,New Build Generating CMU,0.276,15.0,Storage - Battery,2029.0,27.1,2026.0
BATTERY BOX LIMITED,BT4U35,No,New Build Generating CMU,0.276,15.0,Storage - Battery,2029.0,27.1,2026.0
BATTERY BOX LIMITED,BT4U36,No,New Build Generating CMU,0.33,15.0,Storage - Battery,2029.0,27.1,2026.0
BATTERY BOX LIMITED,BT4U37,Yes,New Build Generating CMU,0.328,15.0,Storage - Battery,2029.0,27.1,2026.0
BATTERY BOX LIMITED,BT4U38,No,New Build Generating CMU,0.329,15.0,Storage - Battery,2029.0,27.1,2026.0
BATTERY BOX LIMITED,BT4U39,Yes,New Build Generating CMU,0.327,15.0,Storage - Battery,2029.0,27.1,2026.0
BATTERY BOX LIMITED,BT4U40,Yes,New Build Generating CMU,0.329,15.0,Storage - Battery,2029.0,27.1,2026.0
BATTERY BOX LIMITED,BT4U41,No,New Build Generating CMU,0.329,15.0,Storage - Battery,2029.0,27.1,2026.0
PERSLEY ENERGY STORAGE LIMITED,PERS28,Yes,New Build Generating CMU,11.687,15.0,Storage - Battery,2029.0,27.1,2026.0
BALL GREEN ENERGY STORAGE LIMITED,BaGF28,Yes,New Build Generating CMU,9.112,15.0,Storage - Battery,2029.0,27.1,2026.0
GPC 1184 LTD,3CROOK,Yes,New Build Generating CMU,3.534,15.0,Storage - Battery,2029.0,27.1,2026.0
GPC 1039 LTD,10TEAL,Yes,New Build Generating CMU,14.727,15.0,Storage - Battery,2029.0,27.1,2026.0
GPC 680 LTD,1EASTK,Yes,New Build Generating CMU,7.941,15.0,Storage - Battery,2029.0,27.1,2026.0
LONDONWIDE PROPERTIES (MARFLEET) LIMITED,4MARFL,No,New Build Generating CMU,9.489,15.0,Storage - Battery,2029.0,27.1,2026.0
GPC 1119 LTD,2NEILa,No,New Build Generating CMU,12.163,15.0,Storage - Battery,2029.0,27.1,2026.0
GPC 1119 LTD,2NEILb,No,New Build Generating CMU,12.163,15.0,Storage - Battery,2029.0,27.1,2026.0
ADV 005 LIMITED,CG293H,Yes,New Build Generating CMU,9.822,15.0,Storage - Battery,2029.0,27.1,2026.0
ARRAN VIEW STORAGE LTD,ARRAN3,No,New Build Generating CMU,4.396,15.0,Storage - Battery,2029.0,27.1,2026.0
BURTON TOP SOLAR LIMITED,BTSL04,Yes,New Build Generating CMU,2.638,15.0,Storage - Battery,2029.0,27.1,2026.0
BRITISH SUGAR PLC,BSBX25,Yes,Existing Generating CMU,69.3,1.0,Gas,2029.0,27.1,2026.0
BRITISH SUGAR PLC,BSWX25,Yes,Existing Generating CMU,45.586,1.0,Gas,2029.0,27.1,2026.0
BALANCE ENERGY 21 LTD,MILE29,No,New Build Generating CMU,10.88,15.0,Storage - Battery,2029.0,27.1,2026.0
BAYWA R.E. UK LIMITED,OAKBS1,No,New Build Generating CMU,5.231,15.0,Storage - Battery,2029.0,27.1,2026.0
BIG BATTERY (FLATTERTON FARM) LIMITED,FLAT25,Yes,New Build Generating CMU,7.385,15.0,Storage - Battery,2029.0,27.1,2026.0
BIG BATTERY (HOLMQUARRY ROAD) LIMITED,HOLM25,Yes,New Build Generating CMU,8.943,15.0,Storage - Battery,2029.0,27.1,2026.0
BIG BATTERY (SATURLAND FARM B) LIMITED,SATU25,Yes,New Build Generating CMU,9.009,15.0,Storage - Battery,2029.0,27.1,2026.0
BIG BATTERY (SHERIFF FAULDS FARM 1) LIMITED,SHER25,Yes,New Build Generating CMU,7.319,15.0,Storage - Battery,2029.0,27.1,2026.0
BLUEFIELD ENERGY LIMITED,BTH029,No,New Build Generating CMU,23.24,15.0,Gas,2029.0,27.1,2026.0
TOFTINGALL WIND LIMITED,TOFTHL,Yes,New Build Generating CMU,5.495,15.0,Storage - Battery,2029.0,27.1,2026.0
BRACO WEST BESS LIMITED,BRAC29,No,New Build Generating CMU,8.189,15.0,Storage - Battery,2029.0,27.1,2026.0
BRING ENERGY LIMITED,BTS002,Yes,Existing Generating CMU,3.504,1.0,Gas,2029.0,27.1,2026.0
EAST LONDON ENERGY LIMITED,ELEK02,Yes,Existing Generating CMU,2.653,1.0,Gas,2029.0,27.1,2026.0
EAST LONDON ENERGY LIMITED,ELES02,Yes,Existing Generating CMU,5.595,1.0,Gas,2029.0,27.1,2026.0
EXCEL DISTRICT ENERGY COMPANY LIMITED,EXC002,Yes,Existing Generating CMU,2.542,1.0,Gas,2029.0,27.1,2026.0
BSSL EAST AYRSHIRE 1 LTD,Inch02,Yes,New Build Generating CMU,9.232,15.0,Storage - Battery,2029.0,27.1,2026.0
BSSL EAST LOTHIAN 1 LTD,Dolp02,No,New Build Generating CMU,9.891,15.0,Storage - Battery,2029.0,27.1,2026.0
BRITISH SOLAR RENEWABLES LIMITED,BSR0D8,Yes,New Build Generating CMU,0.71,15.0,Storage - Battery,2029.0,27.1,2026.0
BRITISH SOLAR RENEWABLES LIMITED,BSR0W4,No,New Build Generating CMU,1.299,15.0,Storage - Battery,2029.0,27.1,2026.0
BRITISH SOLAR RENEWABLES LIMITED,BSRLCB,No,New Build Generating CMU,8.517,15.0,Storage - Battery,2029.0,27.1,2026.0
COWLEY BATTERY STORAGE LIMITED,COWL29,Yes,New Build Generating CMU,58.992,15.0,Storage - Battery,2029.0,27.1,2026.0
SEVERN POWER LIMITED,SV2910,Yes,Existing Generating CMU,385.858,1.0,Gas,2029.0,27.1,2026.0
SEVERN POWER LIMITED,SV2920,Yes,Existing Generating CMU,385.858,1.0,Gas,2029.0,27.1,2026.0
CARGILL PLC,CarGe9,Yes,Existing Generating CMU,25.907,1.0,Gas,2029.0,27.1,2026.0
CARGILL PLC,POL004,Yes,Existing Generating CMU,27.904,1.0,Gas,2029.0,27.1,2026.0
CBS ENERGY STORAGE ASSETS UK LIMITED,11RE01,Yes,Existing Generating CMU,9.203,1.0,Storage - Battery,2029.0,27.1,2026.0
CBS ENERGY STORAGE ASSETS UK LIMITED,11RE04,Yes,New Build Generating CMU,6.154,1.0,Storage - Battery,2029.0,27.1,2026.0
CENTRICA BUSINESS SOLUTIONS (GENERATION) LIMITED,11REAA,Yes,Existing Generating CMU,3.677,1.0,Gas,2029.0,27.1,2026.0
CENTRICA BUSINESS SOLUTIONS (GENERATION) LIMITED,11REAB,Yes,Existing Generating CMU,1.139,1.0,Gas,2029.0,27.1,2026.0
BGI TRADING LIMITED,BGIT01,Yes,Unproven DSR CMU,15.0,1.0,DSR,2029.0,27.1,2026.0
LOSTOCK SUSTAINABLE ENERGY PLANT LTD,LSEP02,Yes,New Build Generating CMU,62.05,15.0,Waste,2029.0,27.1,2026.0
CONRAD (FLITWICK) LIMITED,CDFLW6,Yes,Existing Generating CMU,3.792,1.0,Storage - Battery,2029.0,27.1,2026.0
CONRAD (CLEVELEYS) LIMITED,vent04,Yes,Existing Generating CMU,7.902,1.0,Gas,2029.0,27.1,2026.0
CONRAD (BLETCHLEY) LIMITED,PUG004,Yes,Existing Generating CMU,5.88,1.0,Gas,2029.0,27.1,2026.0
CONRAD (FLEETWOOD) LIMITED,Copse5,Yes,Existing Generating CMU,7.902,1.0,Gas,2029.0,27.1,2026.0
CONRAD (PUTNOE) LIMITED,elms05,Yes,Existing Generating CMU,4.648,1.0,Gas,2029.0,27.1,2026.0
CONRAD (STEVENAGE A) LIMITED,casw25,Yes,Existing Generating CMU,8.357,1.0,Gas,2029.0,27.1,2026.0
CONRAD (STEVENAGE B) LIMITED,Cavrd7,Yes,Existing Generating CMU,7.437,1.0,Gas,2029.0,27.1,2026.0
CONRAD (LYTHAM) LIMITED,amyjn4,Yes,Existing Generating CMU,6.507,1.0,Gas,2029.0,27.1,2026.0
RIVERSIDE RESOURCE RECOVERY LIMITED,RRRF71,Yes,Existing Generating CMU,69.329,1.0,Waste,2029.0,27.1,2026.0
DRAX PUMPED STORAGE LIMITED,25CRU1,Yes,Existing Generating CMU,110.592,1.0,Storage - Pumped,2029.0,27.1,2026.0
DRAX PUMPED STORAGE LIMITED,25CRU2,Yes,Existing Generating CMU,110.592,1.0,Storage - Pumped,2029.0,27.1,2026.0
DRAX RIVER HYDRO LIMITED,DX25BN,Yes,Existing Generating CMU,9.944,1.0,Hydro,2029.0,27.1,2026.0
DRAX RIVER HYDRO LIMITED,DX25CA,Yes,Existing Generating CMU,10.848,1.0,Hydro,2029.0,27.1,2026.0
DRAX RIVER HYDRO LIMITED,DX25DJ,Yes,Existing Generating CMU,1.452,1.0,Hydro,2029.0,27.1,2026.0
DRAX RIVER HYDRO LIMITED,DX25EA,Yes,Existing Generating CMU,12.656,1.0,Hydro,2029.0,27.1,2026.0
DRAX RIVER HYDRO LIMITED,DX25KE,Yes,Existing Generating CMU,21.696,1.0,Hydro,2029.0,27.1,2026.0
DRAX RIVER HYDRO LIMITED,DX25ST,Yes,Existing Generating CMU,5.786,1.0,Hydro,2029.0,27.1,2026.0
DRAX RIVER HYDRO LIMITED,DX25TO,Yes,Existing Generating CMU,29.832,1.0,Hydro,2029.0,27.1,2026.0
DRAX POWER LIMITED,DX0925,Yes,Existing Generating CMU,28.647,1.0,Distillate,2029.0,27.1,2026.0
DRAX POWER LIMITED,DX1025,Yes,Existing Generating CMU,28.647,1.0,Distillate,2029.0,27.1,2026.0
DRAX POWER LIMITED,DX1225,Yes,Existing Generating CMU,28.647,1.0,Distillate,2029.0,27.1,2026.0
CITIGEN (LONDON) LIMITED,CIT008,Yes,Existing Generating CMU,6.928,1.0,Gas,2029.0,27.1,2026.0
E.ON UK PLC,CEN029,Yes,Existing Generating CMU,2.015,1.0,Gas,2029.0,27.1,2026.0
E.ON UK PLC,CEN030,Yes,Existing Generating CMU,2.747,1.0,Gas,2029.0,27.1,2026.0
E.ON UK PLC,CEN031,Yes,Existing Generating CMU,2.429,1.0,Gas,2029.0,27.1,2026.0
E.ON UK PLC,CEN032,Yes,Existing Generating CMU,1.438,1.0,Gas,2029.0,27.1,2026.0
E.ON UK PLC,CEN033,Yes,Existing Generating CMU,1.311,1.0,Gas,2029.0,27.1,2026.0
E.ON UK PLC,DSR163,Yes,Proven DSR CMU,20.67,1.0,DSR,2029.0,27.1,2026.0
E.ON UK PLC,DSR164,Yes,Proven DSR CMU,2.5,1.0,DSR,2029.0,27.1,2026.0
E.ON UK PLC,DSR165,Yes,Proven DSR CMU,8.5,1.0,DSR,2029.0,27.1,2026.0
E.ON UK PLC,DSR166,Yes,Unproven DSR CMU,40.0,1.0,DSR,2029.0,27.1,2026.0
E.ON UK PLC,DSR167,Yes,Unproven DSR CMU,40.0,1.0,DSR,2029.0,27.1,2026.0
E.ON UK PLC,DSR168,Yes,Unproven DSR CMU,40.0,1.0,DSR,2029.0,27.1,2026.0
E.ON UK PLC,DSR169,Yes,Unproven DSR CMU,40.0,1.0,DSR,2029.0,27.1,2026.0
E.ON UK PLC,DSR172,Yes,Unproven DSR CMU,40.0,1.0,DSR,2029.0,27.1,2026.0
E.ON UK PLC,DSR173,Yes,Unproven DSR CMU,40.0,1.0,DSR,2029.0,27.1,2026.0
E.ON UK PLC,DSR174,Yes,Unproven DSR CMU,40.0,1.0,DSR,2029.0,27.1,2026.0
E.ON UK PLC,DSR175,Yes,Unproven DSR CMU,40.0,1.0,DSR,2029.0,27.1,2026.0
E.ON UK PLC,DSR176,Yes,Unproven DSR CMU,40.0,1.0,DSR,2029.0,27.1,2026.0
E.ON UK PLC,DSR177,Yes,Unproven DSR CMU,40.0,1.0,DSR,2029.0,27.1,2026.0
E.ON UK PLC,GREN03,Yes,Existing Generating CMU,8.512,1.0,Biomass,2029.0,27.1,2026.0
E.ON UK PLC,WSCC04,Yes,Existing Generating CMU,0.437,1.0,Storage - Battery,2029.0,27.1,2026.0
DALMARNOCK BESS LTD,DALM29,Yes,New Build Generating CMU,9.202,15.0,Storage - Battery,2029.0,27.1,2026.0
UKGEA 1 LIMITED,UKGE29,Yes,New Build Generating CMU,16.117,15.0,Storage - Battery,2029.0,27.1,2026.0
EDF ENERGY NUCLEAR GENERATION LIMITED,SZ1-25,Yes,Existing Generating CMU,464.798,1.0,Nuclear,2029.0,27.1,2026.0
EDF ENERGY NUCLEAR GENERATION LIMITED,SZ2-25,Yes,Existing Generating CMU,464.344,1.0,Nuclear,2029.0,27.1,2026.0
ROWAN ONSHORE WINDFARMS LIMITED,BRML25,Yes,Existing Generating CMU,0.508,1.0,Onshore Wind,2029.0,27.1,2026.0
ROWAN ONSHORE WINDFARMS LIMITED,HHD225,Yes,Existing Generating CMU,0.33,1.0,Onshore Wind,2029.0,27.1,2026.0
ROWAN ONSHORE WINDFARMS LIMITED,LANG25,Yes,Existing Generating CMU,0.508,1.0,Onshore Wind,2029.0,27.1,2026.0
ROWAN ONSHORE WINDFARMS LIMITED,LGPK25,Yes,Existing Generating CMU,2.413,1.0,Onshore Wind,2029.0,27.1,2026.0
ROWAN ONSHORE WINDFARMS LIMITED,WWAY25,Yes,Existing Generating CMU,0.889,1.0,Onshore Wind,2029.0,27.1,2026.0
EARLS GATE ENERGY CENTRE LIMITED,EGECL2,Yes,Existing Generating CMU,15.904,1.0,Waste,2029.0,27.1,2026.0
EirGrid Interconnector Designated Activity Company,EWIC20,Yes,Existing Interconnector CMU,300.0,1.0,Interconnector,2029.0,27.1,2026.0
LEATHERHEAD BESS LTD,LEATH2,Yes,New Build Generating CMU,16.19,15.0,Storage - Battery,2029.0,27.1,2026.0
EL PROJECT CO.2 LIMITED,EL0107,Yes,New Build Generating CMU,4.396,15.0,Storage - Battery,2029.0,27.1,2026.0
ENEL X UK LIMITED,U26401,No,Unproven DSR CMU,20.0,1.0,DSR,2029.0,27.1,2026.0
ENEL X UK LIMITED,U26402,No,Unproven DSR CMU,20.0,1.0,DSR,2029.0,27.1,2026.0
ENEL X UK LIMITED,U26403,No,Unproven DSR CMU,20.0,1.0,DSR,2029.0,27.1,2026.0
ENEL X UK LIMITED,U26404,No,Unproven DSR CMU,20.0,1.0,DSR,2029.0,27.1,2026.0
ENEL X UK LIMITED,U26405,No,Unproven DSR CMU,20.0,1.0,DSR,2029.0,27.1,2026.0
ENEL X UK LIMITED,U26406,No,Unproven DSR CMU,20.0,1.0,DSR,2029.0,27.1,2026.0
ENEL X UK LIMITED,U26407,No,Unproven DSR CMU,20.0,1.0,DSR,2029.0,27.1,2026.0
ENEL X UK LIMITED,U26408,No,Unproven DSR CMU,20.0,1.0,DSR,2029.0,27.1,2026.0
ENEL X UK LIMITED,U26409,No,Unproven DSR CMU,20.0,1.0,DSR,2029.0,27.1,2026.0
ENEL X UK LIMITED,U26410,No,Unproven DSR CMU,20.0,1.0,DSR,2029.0,27.1,2026.0
ENEL X UK LIMITED,U26411,No,Unproven DSR CMU,20.0,1.0,DSR,2029.0,27.1,2026.0
ENEL X UK LIMITED,U26412,Yes,Unproven DSR CMU,20.0,1.0,DSR,2029.0,27.1,2026.0
ENEL X UK LIMITED,U26413,Yes,Unproven DSR CMU,20.0,1.0,DSR,2029.0,27.1,2026.0
ENEL X UK LIMITED,U26414,Yes,Unproven DSR CMU,20.0,1.0,DSR,2029.0,27.1,2026.0
ENEL X UK LIMITED,U26415,Yes,Unproven DSR CMU,20.0,1.0,DSR,2029.0,27.1,2026.0
ENEL X UK LIMITED,U26416,Yes,Unproven DSR CMU,20.0,1.0,DSR,2029.0,27.1,2026.0
ENEL X UK LIMITED,U26417,Yes,Unproven DSR CMU,20.0,1.0,DSR,2029.0,27.1,2026.0
ENEL X UK LIMITED,U26418,Yes,Unproven DSR CMU,20.0,1.0,DSR,2029.0,27.1,2026.0
ENEL X UK LIMITED,U26419,Yes,Unproven DSR CMU,20.0,1.0,DSR,2029.0,27.1,2026.0
ENEL X UK LIMITED,U26420,Yes,Unproven DSR CMU,20.0,1.0,DSR,2029.0,27.1,2026.0
ENEL X UK LIMITED,U26421,Yes,Unproven DSR CMU,20.0,1.0,DSR,2029.0,27.1,2026.0
ENEL X UK LIMITED,U26422,Yes,Unproven DSR CMU,20.0,1.0,DSR,2029.0,27.1,2026.0
ENEL X UK LIMITED,U26423,Yes,Unproven DSR CMU,20.0,1.0,DSR,2029.0,27.1,2026.0
ENEL X UK LIMITED,U26424,Yes,Unproven DSR CMU,20.0,1.0,DSR,2029.0,27.1,2026.0
ENEL X UK LIMITED,U26425,Yes,Unproven DSR CMU,20.0,1.0,DSR,2029.0,27.1,2026.0
ENEL X UK LIMITED,U26426,Yes,Unproven DSR CMU,20.0,1.0,DSR,2029.0,27.1,2026.0
ENEL X UK LIMITED,U26427,Yes,Unproven DSR CMU,20.0,1.0,DSR,2029.0,27.1,2026.0
ENEL X UK LIMITED,U26428,Yes,Unproven DSR CMU,20.0,1.0,DSR,2029.0,27.1,2026.0
ENEL X UK LIMITED,U26429,Yes,Unproven DSR CMU,20.0,1.0,DSR,2029.0,27.1,2026.0
ENEL X UK LIMITED,U26430,Yes,Unproven DSR CMU,20.0,1.0,DSR,2029.0,27.1,2026.0
ENEL X UK LIMITED,U26431,Yes,Unproven DSR CMU,20.0,1.0,DSR,2029.0,27.1,2026.0
ENEL X UK LIMITED,U26432,Yes,Unproven DSR CMU,20.0,1.0,DSR,2029.0,27.1,2026.0
ENEL X UK LIMITED,U26433,Yes,Unproven DSR CMU,20.0,1.0,DSR,2029.0,27.1,2026.0
ENEL X UK LIMITED,U26434,Yes,Unproven DSR CMU,20.0,1.0,DSR,2029.0,27.1,2026.0
ENEL X UK LIMITED,U26435,Yes,Unproven DSR CMU,20.0,1.0,DSR,2029.0,27.1,2026.0
ENFINIUM FERRYBRIDGE 1 LIMITED,F1--29,Yes,Existing Generating CMU,70.128,1.0,Waste,2029.0,27.1,2026.0
ENFINIUM FERRYBRIDGE 2 LIMITED,F2--29,Yes,Existing Generating CMU,68.353,1.0,Waste,2029.0,27.1,2026.0
ENFINIUM PARC ADFER LIMITED,PA--29,Yes,Existing Generating CMU,16.458,1.0,Waste,2029.0,27.1,2026.0
ENGIE POWER LIMITED,EGENCU,Yes,New Build Generating CMU,0.522,15.0,Solar,2029.0,27.1,2026.0
ENGIE POWER LIMITED,EGENGG,Yes,Existing Generating CMU,2.286,1.0,Onshore Wind,2029.0,27.1,2026.0
ENGIE POWER LIMITED,EGENMX,Yes,Existing Generating CMU,79.314,1.0,Gas,2029.0,27.1,2026.0
ENGIE POWER LIMITED,EGENST,Yes,New Build Generating CMU,2.286,15.0,Onshore Wind,2029.0,27.1,2026.0
ENGIE POWER LIMITED,EGENWX,Yes,New Build Generating CMU,0.715,15.0,Solar,2029.0,27.1,2026.0
ENGIE POWER LIMITED,MXDSR1,Yes,Unproven DSR CMU,15.0,1.0,DSR,2029.0,27.1,2026.0
ENGIE POWER LIMITED,MXDSR2,Yes,Unproven DSR CMU,8.904,1.0,DSR,2029.0,27.1,2026.0
ENGIE POWER LIMITED,UPDR10,Yes,Unproven DSR CMU,40.0,1.0,DSR,2029.0,27.1,2026.0
ENGIE POWER LIMITED,UPDR11,Yes,Unproven DSR CMU,40.0,1.0,DSR,2029.0,27.1,2026.0
ENGIE POWER LIMITED,UPDR12,Yes,Unproven DSR CMU,40.0,1.0,DSR,2029.0,27.1,2026.0
ENGIE POWER LIMITED,UPDR13,Yes,Unproven DSR CMU,30.0,1.0,DSR,2029.0,27.1,2026.0
ENGIE POWER LIMITED,UPDR14,Yes,Unproven DSR CMU,30.0,1.0,DSR,2029.0,27.1,2026.0
ENGIE POWER LIMITED,UPDR15,Yes,Unproven DSR CMU,30.0,1.0,DSR,2029.0,27.1,2026.0
ENGIE POWER LIMITED,UPDR16,Yes,Unproven DSR CMU,21.614,1.0,DSR,2029.0,27.1,2026.0
ENGIE POWER LIMITED,UPDSR1,Yes,Unproven DSR CMU,40.0,1.0,DSR,2029.0,27.1,2026.0
ENGIE POWER LIMITED,UPDSR2,Yes,Unproven DSR CMU,20.0,1.0,DSR,2029.0,27.1,2026.0
ENGIE POWER LIMITED,UPDSR3,Yes,Unproven DSR CMU,30.0,1.0,DSR,2029.0,27.1,2026.0
ENGIE POWER LIMITED,UPDSR4,Yes,Unproven DSR CMU,30.0,1.0,DSR,2029.0,27.1,2026.0
ENGIE POWER LIMITED,UPDSR5,No,Unproven DSR CMU,30.0,1.0,DSR,2029.0,27.1,2026.0
ENGIE POWER LIMITED,UPDSR6,No,Unproven DSR CMU,30.0,1.0,DSR,2029.0,27.1,2026.0
ENGIE POWER LIMITED,UPDSR7,Yes,Unproven DSR CMU,30.0,1.0,DSR,2029.0,27.1,2026.0
ENGIE POWER LIMITED,UPDSR8,Yes,Unproven DSR CMU,16.1,1.0,DSR,2029.0,27.1,2026.0
ENGIE POWER LIMITED,UPDSR9,No,Unproven DSR CMU,40.0,1.0,DSR,2029.0,27.1,2026.0
ENRAY SPV 23855 LIMITED,HALLBS,Yes,New Build Generating CMU,2.779,15.0,Storage - Battery,2029.0,27.1,2026.0
INTEGRUM SPV 24002 LIMITED,PORFBS,Yes,New Build Generating CMU,5.537,15.0,Storage - Battery,2029.0,27.1,2026.0
BOLNEY GREEN ENERGY HUB 1 LIMITED,BGEHL1,Yes,New Build Generating CMU,21.54,15.0,Storage - Battery,2029.0,27.1,2026.0
BOLNEY GREEN ENERGY HUB 2 LIMITED,BGEHL2,Yes,New Build Generating CMU,21.936,15.0,Storage - Battery,2029.0,27.1,2026.0
BOLNEY GREEN ENERGY HUB 3 LIMITED,BGEHL3,Yes,New Build Generating CMU,21.936,15.0,Storage - Battery,2029.0,27.1,2026.0
UES ASSET 1 LIMITED,UESEXT,No,New Build Generating CMU,18.863,15.0,Storage - Battery,2029.0,27.1,2026.0
UES ASSET 1 LIMITED,UESQIP,No,New Build Generating CMU,16.125,15.0,Storage - Battery,2029.0,27.1,2026.0
CORBY POWER LIMITED,CORB29,No,New Build Generating CMU,364.068,15.0,Gas,2029.0,27.1,2026.0
EATON SOCON POWER LIMITED,ESBESS,Yes,New Build Generating CMU,10.913,15.0,Storage - Battery,2029.0,27.1,2026.0
ESB SOLAR (NORTHERN IRELAND) LIMITED,MIFM-1,Yes,Existing Generating CMU,0.495,1.0,Storage - Battery,2029.0,27.1,2026.0
CARRINGTON POWER LIMITED,CRRG-1,Yes,Existing Generating CMU,413.095,1.0,Gas,2029.0,27.1,2026.0
CARRINGTON POWER LIMITED,CRRG-2,Yes,Existing Generating CMU,413.095,1.0,Gas,2029.0,27.1,2026.0
IQ ENERGY CENTRE LIMITED,IQEE01,Yes,New Build Generating CMU,7.308,15.0,Storage - Battery,2029.0,27.1,2026.0
MOOR ISLES FARM ENERGY STORAGE LIMITED,MI0001,Yes,New Build Generating CMU,8.243,15.0,Storage - Battery,2029.0,27.1,2026.0
SOUTH PARK FARM ENERGY CENTRE LIMITED,SPEF29,Yes,New Build Generating CMU,2.349,15.0,Storage - Battery,2029.0,27.1,2026.0
EXAGEN HOLLY LANE LTD,HLLY29,Yes,New Build Generating CMU,12.639,15.0,Storage - Battery,2029.0,27.1,2026.0
"ESSO PETROLEUM COMPANY,LIMITED",EMD254,Yes,Existing Generating CMU,88.459,1.0,Gas,2029.0,27.1,2026.0
"ESSO PETROLEUM COMPANY,LIMITED",EMG254,Yes,Existing Generating CMU,125.617,1.0,Gas,2029.0,27.1,2026.0
FCC (E&M) LIMITED,FCCMI4,Yes,Existing Generating CMU,13.316,1.0,Waste,2029.0,27.1,2026.0
FCC BUCKINGHAMSHIRE LIMITED,FCCBU5,Yes,Existing Generating CMU,24.145,1.0,Waste,2029.0,27.1,2026.0
First Hydro Company,D1R254,Yes,Refurbishing Generating CMU,282.821,1.0,Storage - Pumped,2029.0,27.1,2026.0
First Hydro Company,D2R254,No,Refurbishing Generating CMU,282.821,15.0,Storage - Pumped,2029.0,27.1,2026.0
First Hydro Company,D3_254,Yes,Existing Generating CMU,282.821,1.0,Storage - Pumped,2029.0,27.1,2026.0
First Hydro Company,D4_254,Yes,Existing Generating CMU,282.821,1.0,Storage - Pumped,2029.0,27.1,2026.0
First Hydro Company,D5_254,Yes,Existing Generating CMU,282.821,1.0,Storage - Pumped,2029.0,27.1,2026.0
FLEXION ENERGY HOLDINGS UK LTD,EL259N,Yes,New Build Generating CMU,11.524,15.0,Storage - Battery,2029.0,27.1,2026.0
FLEXION ENERGY HOLDINGS UK LTD,iV025C,Yes,New Build Generating CMU,6.154,15.0,Storage - Battery,2029.0,27.1,2026.0
ELECTRIC LAND & POWER LIMITED,EL0102,No,New Build Generating CMU,15.386,15.0,Storage - Battery,2029.0,27.1,2026.0
FRV POWERTEK LIMITED,FPL007,Yes,New Build Generating CMU,3.297,15.0,Storage - Battery,2029.0,27.1,2026.0
ELECLINK LIMITED,EL2029,Yes,Existing Interconnector CMU,680.0,1.0,Interconnector,2029.0,27.1,2026.0
GLASS LEAF POWER LIMITED,BRAN23,Yes,Existing Generating CMU,3.098,1.0,Gas,2029.0,27.1,2026.0
OSSPV001 LIMITED,GSF106,Yes,Proven DSR CMU,8.052,1.0,DSR,2029.0,27.1,2026.0
KILMARNOCK ENERGY CENTRE LIMITED,KECL25,Yes,New Build Generating CMU,74.732,15.0,Storage - Battery,2029.0,27.1,2026.0
FCC ENVIRONMENT (LINCOLNSHIRE) LIMITED,FCCLI7,Yes,Existing Generating CMU,11.629,1.0,Waste,2029.0,27.1,2026.0
SG GRI TILN BESS LIMITED,TILN29,Yes,Existing Generating CMU,4.578,1.0,Storage - Battery,2029.0,27.1,2026.0
BICKER FEN WINDFARM LIMITED,BFN001,Yes,Existing Generating CMU,1.651,1.0,Onshore Wind,2029.0,27.1,2026.0
BRAES OF DOUNE WIND FARM (SCOTLAND) LIMITED,BOD001,Yes,Existing Generating CMU,4.699,1.0,Onshore Wind,2029.0,27.1,2026.0
DOUGLAS WEST WIND FARM LTD,DGWES4,Yes,Existing Generating CMU,2.858,1.0,Onshore Wind,2029.0,27.1,2026.0
FENLAND WINDFARMS LIMITED,DPG001,Yes,Existing Generating CMU,1.035,1.0,Onshore Wind,2029.0,27.1,2026.0
FENLAND WINDFARMS LIMITED,GLM001,Yes,Existing Generating CMU,1.016,1.0,Onshore Wind,2029.0,27.1,2026.0
FENLAND WINDFARMS LIMITED,RHS001,Yes,Existing Generating CMU,0.775,1.0,Onshore Wind,2029.0,27.1,2026.0
FENLAND WINDFARMS LIMITED,RTL001,Yes,Existing Generating CMU,1.524,1.0,Onshore Wind,2029.0,27.1,2026.0
NORTH HOYLE WIND FARM LIMITED,NHY001,Yes,Existing Generating CMU,4.686,1.0,Offshore Wind,2029.0,27.1,2026.0
SOUTH KYLE WIND FARM LIMITED,SKYL01,Yes,Existing Generating CMU,14.923,1.0,Onshore Wind,2029.0,27.1,2026.0
TWENTYSHILLING LIMITED,TWESH2,Yes,Existing Generating CMU,2.4,1.0,Onshore Wind,2029.0,27.1,2026.0
WINDY RIG WIND FARM LIMITED,WINDY2,Yes,Existing Generating CMU,2.718,1.0,Onshore Wind,2029.0,27.1,2026.0
GREENLINK INTERCONNECTOR LIMITED,GILIC3,Yes,Existing Interconnector CMU,302.4,1.0,Interconnector,2029.0,27.1,2026.0
BOLSHAN RENEWABLES LIMITED,SRHA08,Yes,Existing Generating CMU,1.043,1.0,Storage - Battery,2029.0,27.1,2026.0
GREENSPAN CONTRACTORS LIMITED,ABCN08,Yes,Existing Generating CMU,3.718,1.0,Gas,2029.0,27.1,2026.0
GREENSPAN NIFTY FIFTY LIMITED,WPKA08,Yes,Existing Generating CMU,3.718,1.0,Gas,2029.0,27.1,2026.0
GREENSPAN NIFTY FIFTY LIMITED,WPKB08,Yes,Existing Generating CMU,3.718,1.0,Gas,2029.0,27.1,2026.0
HGPV LTD,HGPV01,No,New Build Generating CMU,1.517,15.0,Storage - Battery,2029.0,27.1,2026.0
GRENERGY RENEWABLES UK LIMITED,CGRGF5,No,New Build Generating CMU,30.772,15.0,Storage - Battery,2029.0,27.1,2026.0
GRENERGY RENEWABLES UK LIMITED,CGRSL3,Yes,New Build Generating CMU,39.564,15.0,Storage - Battery,2029.0,27.1,2026.0
GRENERGY RENEWABLES UK LIMITED,GREL16,No,New Build Generating CMU,21.936,15.0,Storage - Battery,2029.0,27.1,2026.0
GR RENEWABLES 1 LIMITED,GR1FB1,Yes,New Build Generating CMU,17.584,15.0,Storage - Battery,2029.0,27.1,2026.0
GR RENEWABLES 2 LIMITED,GR2SP2,Yes,New Build Generating CMU,17.584,15.0,Storage - Battery,2029.0,27.1,2026.0
GR RENEWABLES 3 LIMITED,GR3BR3,Yes,New Build Generating CMU,8.792,15.0,Storage - Battery,2029.0,27.1,2026.0
COCKENZIE STORAGE B LTD,COB292,Yes,New Build Generating CMU,9.232,15.0,Storage - Battery,2029.0,27.1,2026.0
COCKENZIE STORAGE B LTD,COCB29,Yes,New Build Generating CMU,9.232,15.0,Storage - Battery,2029.0,27.1,2026.0
LISTER BATTERY LTD,LSTB29,Yes,New Build Generating CMU,4.616,15.0,Storage - Battery,2029.0,27.1,2026.0
RAYLEIGH STORAGE LTD,RALDES,No,New Build Generating CMU,131.655,15.0,Storage - Battery,2029.0,27.1,2026.0
TYNEMOUTH BATTERY STORAGE LIMITED,TYNE29,No,Refurbishing Generating CMU,4.396,15.0,Storage - Battery,2029.0,27.1,2026.0
COCKENZIE STORAGE LIMITED,COALD1,No,New Build Generating CMU,21.065,15.0,Storage - Battery,2029.0,27.1,2026.0
COCKENZIE STORAGE LIMITED,COALD2,No,New Build Generating CMU,21.065,15.0,Storage - Battery,2029.0,27.1,2026.0
COCKENZIE STORAGE LIMITED,COALD3,No,New Build Generating CMU,21.065,15.0,Storage - Battery,2029.0,27.1,2026.0
GRIDBEYOND LIMITED,GB2337,Yes,Proven DSR CMU,2.976,1.0,DSR,2029.0,27.1,2026.0
GRIDBEYOND LIMITED,GB2401,Yes,Existing Generating CMU,3.722,1.0,Gas,2029.0,27.1,2026.0
GRIDBEYOND LIMITED,GB2405,Yes,Existing Generating CMU,3.722,1.0,Gas,2029.0,27.1,2026.0
GRIDBEYOND LIMITED,GB2408,Yes,Proven DSR CMU,6.381,1.0,DSR,2029.0,27.1,2026.0
GRIDBEYOND LIMITED,GB2414,Yes,Existing Generating CMU,1.344,1.0,Gas,2029.0,27.1,2026.0
GRIDBEYOND LIMITED,GB2415,No,Proven DSR CMU,9.76,1.0,DSR,2029.0,27.1,2026.0
GRIDBEYOND LIMITED,GB2416,No,Proven DSR CMU,10.789,1.0,DSR,2029.0,27.1,2026.0
GRIDBEYOND LIMITED,GB2417,No,Proven DSR CMU,6.117,1.0,DSR,2029.0,27.1,2026.0
GRIDBEYOND LIMITED,GB2418,Yes,Proven DSR CMU,2.382,1.0,DSR,2029.0,27.1,2026.0
GRIDBEYOND LIMITED,GB2420,Yes,Proven DSR CMU,9.596,1.0,DSR,2029.0,27.1,2026.0
GRIDBEYOND LIMITED,GB2421,Yes,Proven DSR CMU,1.601,1.0,DSR,2029.0,27.1,2026.0
GRIDBEYOND LIMITED,GB2422,Yes,Proven DSR CMU,1.54,1.0,DSR,2029.0,27.1,2026.0
GRIDBEYOND LIMITED,GB2423,Yes,Proven DSR CMU,3.367,1.0,DSR,2029.0,27.1,2026.0
GRIDBEYOND LIMITED,GB2434,Yes,Proven DSR CMU,3.54,1.0,DSR,2029.0,27.1,2026.0
GRIDBEYOND LIMITED,GB2436,Yes,Proven DSR CMU,9.462,1.0,DSR,2029.0,27.1,2026.0
GRIDBEYOND LIMITED,GB2501,Yes,Existing Generating CMU,1.634,1.0,Gas,2029.0,27.1,2026.0
GRIDBEYOND LIMITED,GB2509,Yes,Existing Generating CMU,1.856,1.0,Gas,2029.0,27.1,2026.0
GRIDBEYOND LIMITED,GB2510,Yes,Existing Generating CMU,2.798,1.0,Gas,2029.0,27.1,2026.0
GRIDBEYOND LIMITED,GB2511,Yes,Proven DSR CMU,1.449,1.0,DSR,2029.0,27.1,2026.0
GRIDBEYOND LIMITED,GB2527,Yes,Existing Generating CMU,1.391,1.0,Gas,2029.0,27.1,2026.0
GRIDBEYOND LIMITED,GB2531,Yes,Existing Generating CMU,2.179,1.0,Gas,2029.0,27.1,2026.0
GRIDBEYOND LIMITED,GB2547,Yes,Existing Generating CMU,3.849,1.0,Gas,2029.0,27.1,2026.0
GRIDBEYOND LIMITED,GB2548,Yes,Existing Generating CMU,1.119,1.0,Gas,2029.0,27.1,2026.0
GRIDBEYOND LIMITED,GB2549,Yes,Proven DSR CMU,3.004,1.0,DSR,2029.0,27.1,2026.0
GRIDBEYOND LIMITED,GB2550,Yes,Proven DSR CMU,3.301,1.0,DSR,2029.0,27.1,2026.0
GRIDBEYOND LIMITED,GB2551,Yes,Proven DSR CMU,5.538,1.0,DSR,2029.0,27.1,2026.0
GRIDBEYOND LIMITED,GB2552,Yes,Proven DSR CMU,7.708,1.0,DSR,2029.0,27.1,2026.0
GRIDBEYOND LIMITED,GB2553,Yes,Proven DSR CMU,7.27,1.0,DSR,2029.0,27.1,2026.0
GRIDBEYOND LIMITED,GB2554,Yes,Existing Generating CMU,4.565,1.0,Gas,2029.0,27.1,2026.0
GRIDBEYOND LIMITED,GB2555,Yes,Proven DSR CMU,1.989,1.0,DSR,2029.0,27.1,2026.0
GRIDBEYOND LIMITED,GB2556,Yes,Proven DSR CMU,1.547,1.0,DSR,2029.0,27.1,2026.0
GRIDBEYOND LIMITED,GB2601,Yes,Proven DSR CMU,45.428,1.0,DSR,2029.0,27.1,2026.0
GRIDBEYOND LIMITED,GB2604,Yes,Existing Generating CMU,4.89,1.0,Gas,2029.0,27.1,2026.0
GRIDBEYOND LIMITED,GB2608,Yes,Existing Generating CMU,5.064,1.0,Gas,2029.0,27.1,2026.0
GRIDBEYOND LIMITED,GB2609,Yes,Existing Generating CMU,31.086,1.0,Gas,2029.0,27.1,2026.0
GRIDBEYOND LIMITED,GB2610,Yes,Existing Generating CMU,1.326,1.0,Gas,2029.0,27.1,2026.0
GRIDBEYOND LIMITED,GB2611,Yes,Existing Generating CMU,2.041,1.0,Gas,2029.0,27.1,2026.0
GRIDBEYOND LIMITED,GB2619,Yes,Proven DSR CMU,2.681,1.0,DSR,2029.0,27.1,2026.0
GRIDBEYOND LIMITED,GB2627,Yes,Proven DSR CMU,4.299,1.0,DSR,2029.0,27.1,2026.0
GRIDBEYOND LIMITED,GB2628,Yes,Proven DSR CMU,7.478,1.0,DSR,2029.0,27.1,2026.0
GRIDBEYOND LIMITED,GB2630,Yes,Proven DSR CMU,7.79,1.0,DSR,2029.0,27.1,2026.0
GRIDBEYOND LIMITED,GB2632,Yes,Existing Generating CMU,2.707,1.0,Gas,2029.0,27.1,2026.0
GRIDBEYOND LIMITED,GB2635,Yes,Proven DSR CMU,3.457,1.0,DSR,2029.0,27.1,2026.0
GRIDBEYOND LIMITED,GBD002,Yes,Proven DSR CMU,3.25,1.0,DSR,2029.0,27.1,2026.0
GRIDBEYOND LIMITED,GBD012,Yes,Existing Generating CMU,1.331,1.0,Gas,2029.0,27.1,2026.0
GRIDBEYOND LIMITED,GBD013,Yes,Existing Generating CMU,5.712,1.0,Gas,2029.0,27.1,2026.0
GRIDBEYOND LIMITED,GBD014,Yes,Proven DSR CMU,3.326,1.0,DSR,2029.0,27.1,2026.0
GRIDBEYOND LIMITED,GBD020,Yes,Existing Generating CMU,14.127,1.0,Gas,2029.0,27.1,2026.0
GRIDBEYOND LIMITED,GBD022,Yes,Existing Generating CMU,1.785,1.0,Gas,2029.0,27.1,2026.0
GRIDBEYOND LIMITED,GBD023,Yes,Proven DSR CMU,27.831,1.0,DSR,2029.0,27.1,2026.0
GRIDBEYOND LIMITED,GBD024,Yes,Proven DSR CMU,6.343,1.0,DSR,2029.0,27.1,2026.0
GRIDBEYOND LIMITED,GBD025,No,Proven DSR CMU,8.211,1.0,DSR,2029.0,27.1,2026.0
GRIDBEYOND LIMITED,GBD029,Yes,Proven DSR CMU,5.862,1.0,DSR,2029.0,27.1,2026.0
GRIDBEYOND LIMITED,GBD031,Yes,Proven DSR CMU,6.596,1.0,DSR,2029.0,27.1,2026.0
GRIDBEYOND LIMITED,GBD032,Yes,Proven DSR CMU,3.496,1.0,DSR,2029.0,27.1,2026.0
GRIDBEYOND LIMITED,GBD033,Yes,Proven DSR CMU,6.214,1.0,DSR,2029.0,27.1,2026.0
GRIDBEYOND LIMITED,GBD035,Yes,Proven DSR CMU,3.888,1.0,DSR,2029.0,27.1,2026.0
GRIDBEYOND LIMITED,GBD038,Yes,Existing Generating CMU,9.433,1.0,Gas,2029.0,27.1,2026.0
GRIDBEYOND LIMITED,GBD039,Yes,Proven DSR CMU,2.697,1.0,DSR,2029.0,27.1,2026.0
GRIDBEYOND LIMITED,GBD045,Yes,Proven DSR CMU,8.941,1.0,DSR,2029.0,27.1,2026.0
GRIDBEYOND LIMITED,GM2611,Yes,Unproven DSR CMU,1.712,3.0,DSR,2029.0,27.1,2026.0
GRIDBEYOND LIMITED,GM2615,Yes,Unproven DSR CMU,2.976,3.0,DSR,2029.0,27.1,2026.0
GRIDBEYOND LIMITED,GM2617,No,Unproven DSR CMU,3.301,3.0,DSR,2029.0,27.1,2026.0
GRIDBEYOND LIMITED,GM2618,Yes,Unproven DSR CMU,3.004,3.0,DSR,2029.0,27.1,2026.0
GRIDBEYOND LIMITED,GM2619,Yes,Unproven DSR CMU,1.5,3.0,DSR,2029.0,27.1,2026.0
GRIDBEYOND LIMITED,GM2620,Yes,Unproven DSR CMU,1.404,3.0,DSR,2029.0,27.1,2026.0
GRIDBEYOND LIMITED,GM2621,No,Unproven DSR CMU,6.381,3.0,DSR,2029.0,27.1,2026.0
GRIDBEYOND LIMITED,GM2622,Yes,Unproven DSR CMU,9.45,3.0,DSR,2029.0,27.1,2026.0
GRIDBEYOND LIMITED,GM2623,Yes,Unproven DSR CMU,4.76,3.0,DSR,2029.0,27.1,2026.0
GRIDBEYOND LIMITED,GM2624,Yes,Unproven DSR CMU,3.19,3.0,DSR,2029.0,27.1,2026.0
GRIDBEYOND LIMITED,GM2625,Yes,Unproven DSR CMU,8.0,3.0,DSR,2029.0,27.1,2026.0
GRIDBEYOND LIMITED,GM2626,Yes,Unproven DSR CMU,2.188,3.0,DSR,2029.0,27.1,2026.0
GRIDBEYOND LIMITED,GM2627,Yes,Unproven DSR CMU,6.487,3.0,DSR,2029.0,27.1,2026.0
GRIDBEYOND LIMITED,GM2628,Yes,Unproven DSR CMU,4.59,3.0,DSR,2029.0,27.1,2026.0
GRIDBEYOND LIMITED,GM2629,Yes,Unproven DSR CMU,8.893,3.0,DSR,2029.0,27.1,2026.0
GRIDBEYOND LIMITED,GN2601,Yes,New Build Generating CMU,1.099,15.0,Storage - Battery,2029.0,27.1,2026.0
GRIDBEYOND LIMITED,GN2605,Yes,New Build Generating CMU,6.594,15.0,Storage - Battery,2029.0,27.1,2026.0
GRIDBEYOND LIMITED,GX2601,Yes,Unproven DSR CMU,20.967,1.0,DSR,2029.0,27.1,2026.0
GRIDBEYOND LIMITED,GX2602,Yes,Unproven DSR CMU,3.851,1.0,DSR,2029.0,27.1,2026.0
GRIDBEYOND LIMITED,GX2603,Yes,Unproven DSR CMU,20.539,1.0,DSR,2029.0,27.1,2026.0
GRIDBEYOND LIMITED,GX2604,Yes,Unproven DSR CMU,20.539,1.0,DSR,2029.0,27.1,2026.0
GRIDBEYOND LIMITED,GX2605,Yes,Unproven DSR CMU,20.539,1.0,DSR,2029.0,27.1,2026.0
GRIDBEYOND LIMITED,GX2606,Yes,Unproven DSR CMU,20.539,1.0,DSR,2029.0,27.1,2026.0
GRIDBEYOND LIMITED,GX2607,Yes,Unproven DSR CMU,20.539,1.0,DSR,2029.0,27.1,2026.0
GRIDBEYOND LIMITED,GX2608,Yes,Unproven DSR CMU,8.558,1.0,DSR,2029.0,27.1,2026.0
GRIDBEYOND LIMITED,GX2609,Yes,Unproven DSR CMU,6.846,1.0,DSR,2029.0,27.1,2026.0
GRIDBEYOND LIMITED,GX2610,Yes,Unproven DSR CMU,10.27,1.0,DSR,2029.0,27.1,2026.0
GRIDBEYOND LIMITED,GX2611,Yes,Unproven DSR CMU,5.135,1.0,DSR,2029.0,27.1,2026.0
GRIDBEYOND LIMITED,GX2612,Yes,Unproven DSR CMU,2.567,1.0,DSR,2029.0,27.1,2026.0
KINTORE ESS LTD,ESX477,Yes,New Build Generating CMU,13.773,15.0,Storage - Battery,2029.0,27.1,2026.0
KENT RENEWABLE ENERGY LIMITED,KENTRE,Yes,New Build Generating CMU,4.396,15.0,Storage - Battery,2029.0,27.1,2026.0
HARMONY BH LIMITED,HBHL29,Yes,New Build Generating CMU,5.77,15.0,Storage - Battery,2029.0,27.1,2026.0
HARMONY CAS LIMITED,HCAS29,No,New Build Generating CMU,8.226,15.0,Storage - Battery,2029.0,27.1,2026.0
HARMONY HB (JV) LIMITED,HHBL29,Yes,New Build Generating CMU,8.226,15.0,Storage - Battery,2029.0,27.1,2026.0
HARMONY HS (JV) LIMITED,HHSL29,Yes,New Build Generating CMU,4.121,15.0,Storage - Battery,2029.0,27.1,2026.0
HEIT BD LIMITED,HBDL29,Yes,Existing Generating CMU,1.983,1.0,Storage - Battery,2029.0,27.1,2026.0
HEIT FM LIMITED,HFML29,Yes,Existing Generating CMU,3.605,1.0,Storage - Battery,2029.0,27.1,2026.0
Hollybush BESS Ltd,LANDO2,Yes,New Build Generating CMU,8.352,15.0,Storage - Battery,2029.0,27.1,2026.0
INOVYN CHLORVINYLS LIMITED,INO101,Yes,Existing Generating CMU,8.757,1.0,Gas,2029.0,27.1,2026.0
INOVYN CHLORVINYLS LIMITED,INO202,Yes,Proven DSR CMU,49.936,1.0,DSR,2029.0,27.1,2026.0
INOVYN CHLORVINYLS LIMITED,VID201,Yes,Existing Generating CMU,39.059,1.0,Waste,2029.0,27.1,2026.0
DYCE BATTERY STORAGE LIMITED,DYCE50,Yes,New Build Generating CMU,10.968,12.0,Storage - Battery,2029.0,27.1,2026.0
MACDUFF BATTERY STORAGE LIMITED,MACD50,Yes,New Build Generating CMU,10.592,12.0,Storage - Battery,2029.0,27.1,2026.0
WHITEHILL BATTERY STORAGE LIMITED,WHL130,Yes,New Build Generating CMU,28.574,15.0,Storage - Battery,2029.0,27.1,2026.0
WHITEHILL BATTERY STORAGE LIMITED,WHLL70,No,New Build Generating CMU,15.386,15.0,Storage - Battery,2029.0,27.1,2026.0
"CORYTON ENERGY COMPANY, LTD.",IGCE25,Yes,Existing Generating CMU,726.32,1.0,Gas,2029.0,27.1,2026.0
"ROCKSAVAGE POWER COMPANY, LTD.",IGRK25,Yes,Existing Generating CMU,735.399,1.0,Gas,2029.0,27.1,2026.0
"SPALDING ENERGY COMPANY, LTD.",IGSP25,Yes,Existing Generating CMU,862.505,1.0,Gas,2029.0,27.1,2026.0
GOWHOLE BATTERY STORAGE LIMITED,GOWESS,Yes,New Build Generating CMU,5.15,15.0,Storage - Battery,2029.0,27.1,2026.0
ST OWENS CROSS BATTERY STORAGE LIMITED,OWENS0,Yes,New Build Generating CMU,8.566,15.0,Storage - Battery,2029.0,27.1,2026.0
KENT ENVIROPOWER LIMITED,FCCAL4,Yes,Existing Generating CMU,30.986,1.0,Waste,2029.0,27.1,2026.0
LAKESIDE ENERGY FROM WASTE LIMITED,Lake29,Yes,Existing Generating CMU,32.279,1.0,Waste,2029.0,27.1,2026.0
LEVELISE LIMITED,LEVC09,Yes,Unproven DSR CMU,1.0,9.0,DSR,2029.0,27.1,2026.0
LIGHTSOURCE SPV 191 LIMITED,PENTIR,Yes,New Build Generating CMU,19.782,15.0,Storage - Battery,2029.0,27.1,2026.0
LOCH FERGUS SOLAR LTD,Ferg00,Yes,New Build Generating CMU,6.301,15.0,Storage - Battery,2029.0,27.1,2026.0
LG-B-50A LIMITED,BEAUL1,Yes,New Build Generating CMU,10.66,15.0,Storage - Battery,2029.0,27.1,2026.0
MAS 009 LIMITED,IR292H,Yes,New Build Generating CMU,10.111,15.0,Storage - Battery,2029.0,27.1,2026.0
FRP MERCIA HOLDCO 2 LIMITED,F2GE25,Yes,Existing Generating CMU,4.648,1.0,Gas,2029.0,27.1,2026.0
FRP MERCIA HOLDCO LIMITED,ASMUS6,Yes,Existing Generating CMU,7.437,1.0,Gas,2029.0,27.1,2026.0
FRP MERCIA HOLDCO LIMITED,DRPKR6,Yes,Existing Generating CMU,3.718,1.0,Gas,2029.0,27.1,2026.0
MERCIA WASTE MANAGEMENT LIMITED,MWM003,Yes,Existing Generating CMU,17.559,1.0,Waste,2029.0,27.1,2026.0
MOYLE INTERCONNECTOR LIMITED,Moyl10,Yes,Existing Interconnector CMU,300.0,1.0,Interconnector,2029.0,27.1,2026.0
ARDROSSAN WIND FARM (SCOTLAND) LIMITED,ArdWF2,Yes,Existing Generating CMU,1.899,1.0,Onshore Wind,2029.0,27.1,2026.0
BEAUFORT WIND LIMITED,LmRWF2,Yes,Existing Generating CMU,0.495,1.0,Onshore Wind,2029.0,27.1,2026.0
CAMBRIAN WIND ENERGY LIMITED,CAMWF2,Yes,Existing Generating CMU,3.753,1.0,Onshore Wind,2029.0,27.1,2026.0
CAUSEYMIRE WINDFARM LIMITED,CauWF3,Yes,Existing Generating CMU,3.067,1.0,Onshore Wind,2029.0,27.1,2026.0
DALSWINTON WINDFARM (SCOTLAND) LIMITED,DlsWF2,Yes,Existing Generating CMU,1.905,1.0,Onshore Wind,2029.0,27.1,2026.0
EARLSBURN WIND ENERGY LIMITED,EARWF2,Yes,Existing Generating CMU,2.337,1.0,Onshore Wind,2029.0,27.1,2026.0
FARR WINDFARM LIMITED,FarWF1,Yes,Existing Generating CMU,5.842,1.0,Onshore Wind,2029.0,27.1,2026.0
LISSETT AIRFIELD WIND FARM LIMITED,LisWF1,Yes,Existing Generating CMU,1.905,1.0,Onshore Wind,2029.0,27.1,2026.0
MINSCA WINDFARM (SCOTLAND) LIMITED,MinWF2,Yes,Existing Generating CMU,2.337,1.0,Onshore Wind,2029.0,27.1,2026.0
MYNYDD CLOGAU WINDFARM LIMITED,MyCWF2,Yes,Existing Generating CMU,0.921,1.0,Onshore Wind,2029.0,27.1,2026.0
NATIONAL GRID INTERCONNECTORS LIMITED,IFA_25,Yes,Existing Interconnector CMU,1232.56,1.0,Interconnector,2029.0,27.1,2026.0
BRITNED DEVELOPMENT LIMITED,Brit25,Yes,Existing Interconnector CMU,804.0,1.0,Interconnector,2029.0,27.1,2026.0
NATIONAL GRID IFA 2 LIMITED,IFA225,Yes,Existing Interconnector CMU,704.0,1.0,Interconnector,2029.0,27.1,2026.0
NATIONAL GRID NORTH SEA LINK LIMITED,NSL_25,Yes,Existing Interconnector CMU,980.0,1.0,Interconnector,2029.0,27.1,2026.0
NATIONAL GRID VIKING LINK LIMITED,VIK_25,Yes,Existing Interconnector CMU,945.0,1.0,Interconnector,2029.0,27.1,2026.0
NEMO LINK LIMITED,NEMO25,Yes,Existing Interconnector CMU,693.6,1.0,Interconnector,2029.0,27.1,2026.0
NEUCONNECT BRITAIN LTD,neucon,Yes,New Build Interconnector CMU,882.0,1.0,Interconnector,2029.0,27.1,2026.0
NEWFIELDS BESS LTD,NFB001,No,New Build Generating CMU,16.485,15.0,Storage - Battery,2029.0,27.1,2026.0
NEXTPOWER BOSWORTH LIMITED,NESF05,Yes,Existing Generating CMU,0.296,1.0,Solar,2029.0,27.1,2026.0
LITTLE STAUGHTON AIRFIELD SOLAR LIMITED,NESF01,Yes,Existing Generating CMU,2.372,1.0,Solar,2029.0,27.1,2026.0
NEXTPOWER HIGH GARRETT LIMITED,NESF04,Yes,Existing Generating CMU,0.349,1.0,Solar,2029.0,27.1,2026.0
GWENT FARMERS' COMMUNITY SOLAR PARTNERSHIP LIMITED,NPUK01,Yes,Existing Generating CMU,2.975,1.0,Solar,2029.0,27.1,2026.0
NEXTPOWER LOWER STRENSHAM LIMITED,NPUK03,Yes,Existing Generating CMU,1.484,1.0,Solar,2029.0,27.1,2026.0
NORTHUMBERLAND ENERGY RECOVERY LTD,SUEZL3,Yes,Existing Generating CMU,9.343,1.0,Waste,2029.0,27.1,2026.0
Nuclear Decommissioning Authority,NDAMHP,Yes,Existing Generating CMU,25.589,1.0,Hydro,2029.0,27.1,2026.0
NURSLING ENERGY TWO LIMITED,Nurse8,Yes,Existing Generating CMU,0.659,1.0,Storage - Battery,2029.0,27.1,2026.0
OCTOPUS ENERGY LIMITED,OCT090,Yes,Unproven DSR CMU,40.0,1.0,DSR,2029.0,27.1,2026.0
OCTOPUS ENERGY LIMITED,OCT091,Yes,Unproven DSR CMU,40.0,1.0,DSR,2029.0,27.1,2026.0
OCTOPUS ENERGY LIMITED,OCT092,Yes,Unproven DSR CMU,40.0,1.0,DSR,2029.0,27.1,2026.0
OCTOPUS ENERGY LIMITED,OCT093,Yes,Unproven DSR CMU,40.0,1.0,DSR,2029.0,27.1,2026.0
OCTOPUS ENERGY LIMITED,OCT094,Yes,Unproven DSR CMU,40.0,1.0,DSR,2029.0,27.1,2026.0
OCTOPUS ENERGY LIMITED,OCT095,Yes,Unproven DSR CMU,40.0,1.0,DSR,2029.0,27.1,2026.0
OCTOPUS ENERGY LIMITED,OCT096,Yes,Unproven DSR CMU,40.0,1.0,DSR,2029.0,27.1,2026.0
OCTOPUS ENERGY LIMITED,OCT097,Yes,Unproven DSR CMU,40.0,1.0,DSR,2029.0,27.1,2026.0
OCTOPUS ENERGY LIMITED,OCT098,Yes,Unproven DSR CMU,40.0,1.0,DSR,2029.0,27.1,2026.0
OCTOPUS ENERGY LIMITED,OCT099,Yes,Unproven DSR CMU,20.0,1.0,DSR,2029.0,27.1,2026.0
OCTOPUS ENERGY LIMITED,OCT100,Yes,Unproven DSR CMU,10.0,1.0,DSR,2029.0,27.1,2026.0
OCTOPUS ENERGY LIMITED,OCT101,Yes,Unproven DSR CMU,5.0,1.0,DSR,2029.0,27.1,2026.0
OCTOPUS ENERGY LIMITED,OCT102,Yes,Unproven DSR CMU,5.0,1.0,DSR,2029.0,27.1,2026.0
OCTOPUS ENERGY LIMITED,OCT103,Yes,Unproven DSR CMU,2.0,1.0,DSR,2029.0,27.1,2026.0
OCTOPUS ENERGY LIMITED,OCT104,Yes,Unproven DSR CMU,2.0,1.0,DSR,2029.0,27.1,2026.0
OCTOPUS ENERGY LIMITED,OCT109,Yes,Unproven DSR CMU,10.0,1.0,DSR,2029.0,27.1,2026.0
OCTOPUS ENERGY LIMITED,OCT110,Yes,Unproven DSR CMU,10.0,1.0,DSR,2029.0,27.1,2026.0
OCTOPUS ENERGY LIMITED,OCT111,Yes,Unproven DSR CMU,40.0,1.0,DSR,2029.0,27.1,2026.0
OCTOPUS ENERGY LIMITED,OCT114,Yes,Unproven DSR CMU,42.79,1.0,DSR,2029.0,27.1,2026.0
P3P BREHON LIMITED,BREH23,Yes,Existing Generating CMU,13.944,1.0,Gas,2029.0,27.1,2026.0
P3P ENERGY MANAGEMENT AE LIMITED,CASQ23,Yes,Existing Generating CMU,3.122,1.0,Gas,2029.0,27.1,2026.0
SPARK STEAM LIMITED,TEES23,Yes,Existing Generating CMU,6.177,1.0,Gas,2029.0,27.1,2026.0
Palm Paper Limited,PPKL12,Yes,Existing Generating CMU,42.429,1.0,Gas,2029.0,27.1,2026.0
Palm Paper Limited,PPKL13,Yes,Unproven DSR CMU,9.157,1.0,DSR,2029.0,27.1,2026.0
NEWLINCS DEVELOPMENT LIMITED,NDL001,Yes,Existing Generating CMU,2.786,1.0,Waste,2029.0,27.1,2026.0
PACE CARNIVAL ENERGY LIMITED,ThreeB,No,New Build Generating CMU,2.462,15.0,Storage - Battery,2029.0,27.1,2026.0
PEAK GEN POWER LIMITED,COV-25,Yes,Existing Generating CMU,5.578,1.0,Diesel,2029.0,27.1,2026.0
PEAK GEN POWER LIMITED,DID-25,Yes,Existing Generating CMU,3.068,1.0,Diesel,2029.0,27.1,2026.0
PEAK GEN POWER LIMITED,HAT-25,Yes,Existing Generating CMU,5.281,1.0,Diesel,2029.0,27.1,2026.0
PEAK GEN POWER LIMITED,HAY-25,Yes,Existing Generating CMU,5.261,1.0,Diesel,2029.0,27.1,2026.0
HD000ACT LTD,IACT29,Yes,New Build Generating CMU,5.495,15.0,Storage - Battery,2029.0,27.1,2026.0
PD100NIN LTD,NFLD29,Yes,New Build Generating CMU,21.936,15.0,Storage - Battery,2029.0,27.1,2026.0
PERSLEY CROFT BESS LTD,PCB002,No,New Build Generating CMU,8.827,15.0,Storage - Battery,2029.0,27.1,2026.0
W4B RENEWABLE ENERGY LIMITED,SOU-25,Yes,Existing Generating CMU,18.427,1.0,Diesel,2029.0,27.1,2026.0
PIVOTED POWER LLP,PPCW25,Yes,Existing Generating CMU,4.333,1.0,Storage - Battery,2029.0,27.1,2026.0
PIVOTED POWER LLP,PPKM25,Yes,Existing Generating CMU,4.102,1.0,Storage - Battery,2029.0,27.1,2026.0
PIVOTED POWER LLP,PPMN25,No,New Build Generating CMU,7.687,15.0,Storage - Battery,2029.0,27.1,2026.0
PRII ENERGY LIMITED,PRII11,Yes,Unproven DSR CMU,2.0,15.0,DSR,2029.0,27.1,2026.0
PRIORY GENERATION LIMITED,PGBESS,Yes,New Build Generating CMU,12.474,15.0,Storage - Battery,2029.0,27.1,2026.0
PULSE CLEAN ENERGY UK LIMITED,DW2029,No,New Build Generating CMU,2.418,9.0,Storage - Battery,2029.0,27.1,2026.0
PULSE CLEAN ENERGY UK LIMITED,PL2029,No,New Build Generating CMU,3.077,9.0,Storage - Battery,2029.0,27.1,2026.0
PULSE CLEAN ENERGY SPV JOHNSON 1 LTD,P12029,No,New Build Generating CMU,9.891,9.0,Storage - Battery,2029.0,27.1,2026.0
PULSE CLEAN ENERGY SPV JOHNSON 3 LTD,P32029,No,New Build Generating CMU,5.715,9.0,Storage - Battery,2029.0,27.1,2026.0
OUSE ENERGY LIMITED,KAM001,No,New Build Generating CMU,40.452,15.0,Storage - Battery,2029.0,27.1,2026.0
STONEWORTHY ENERGY STORAGE LIMITED,25STN1,No,New Build Generating CMU,7.781,15.0,Storage - Battery,2029.0,27.1,2026.0
FLEXITRICITY LIMITED,F25002,No,Existing Generating CMU,4.901,1.0,Gas,2029.0,27.1,2026.0
FLEXITRICITY LIMITED,F25003,No,Existing Generating CMU,4.834,1.0,Gas,2029.0,27.1,2026.0
FLEXITRICITY LIMITED,F25004,No,Existing Generating CMU,5.811,1.0,Gas,2029.0,27.1,2026.0
FLEXITRICITY LIMITED,F25007,No,Existing Generating CMU,3.248,1.0,Gas,2029.0,27.1,2026.0
FLEXITRICITY LIMITED,F25008,No,Existing Generating CMU,3.433,1.0,Gas,2029.0,27.1,2026.0
FLEXITRICITY LIMITED,F25010,Yes,Existing Generating CMU,2.594,1.0,Gas,2029.0,27.1,2026.0
FLEXITRICITY LIMITED,F25011,Yes,Existing Generating CMU,2.61,1.0,Gas,2029.0,27.1,2026.0
FLEXITRICITY LIMITED,F25012,Yes,Existing Generating CMU,1.435,1.0,Gas,2029.0,27.1,2026.0
FLEXITRICITY LIMITED,F25013,Yes,Existing Generating CMU,2.724,1.0,Gas,2029.0,27.1,2026.0
FLEXITRICITY LIMITED,F25019,No,Existing Generating CMU,2.98,1.0,Gas,2029.0,27.1,2026.0
FLEXITRICITY LIMITED,F25027,No,Existing Generating CMU,9.079,1.0,Gas,2029.0,27.1,2026.0
FLEXITRICITY LIMITED,F25029,No,Existing Generating CMU,2.978,1.0,Gas,2029.0,27.1,2026.0
FLEXITRICITY LIMITED,F25030,Yes,Existing Generating CMU,2.555,1.0,Gas,2029.0,27.1,2026.0
FLEXITRICITY LIMITED,F25039,No,Existing Generating CMU,2.994,1.0,Gas,2029.0,27.1,2026.0
FLEXITRICITY LIMITED,F25042,Yes,Proven DSR CMU,11.0,1.0,DSR,2029.0,27.1,2026.0
FLEXITRICITY LIMITED,F25043,Yes,Proven DSR CMU,11.86,1.0,DSR,2029.0,27.1,2026.0
FLEXITRICITY LIMITED,F25073,No,Proven DSR CMU,2.5,1.0,DSR,2029.0,27.1,2026.0
FLEXITRICITY LIMITED,F25077,Yes,Proven DSR CMU,4.7,1.0,DSR,2029.0,27.1,2026.0
FLEXITRICITY LIMITED,F25080,No,Proven DSR CMU,6.827,1.0,DSR,2029.0,27.1,2026.0
FLEXITRICITY LIMITED,F25081,Yes,Proven DSR CMU,5.778,1.0,DSR,2029.0,27.1,2026.0
FLEXITRICITY LIMITED,F25082,No,Proven DSR CMU,5.139,1.0,DSR,2029.0,27.1,2026.0
FLEXITRICITY LIMITED,F25091,No,Proven DSR CMU,9.085,1.0,DSR,2029.0,27.1,2026.0
FLEXITRICITY LIMITED,F25111,No,Existing Generating CMU,6.875,1.0,Gas,2029.0,27.1,2026.0
FLEXITRICITY LIMITED,F25112,Yes,Proven DSR CMU,2.409,1.0,DSR,2029.0,27.1,2026.0
FLEXITRICITY LIMITED,F25113,No,Proven DSR CMU,2.5,1.0,DSR,2029.0,27.1,2026.0
FLEXITRICITY LIMITED,F25120,Yes,Unproven DSR CMU,1.018,1.0,DSR,2029.0,27.1,2026.0
FLEXITRICITY LIMITED,F25121,Yes,Unproven DSR CMU,2.036,1.0,DSR,2029.0,27.1,2026.0
FLEXITRICITY LIMITED,F25122,Yes,Unproven DSR CMU,2.036,1.0,DSR,2029.0,27.1,2026.0
FLEXITRICITY LIMITED,F25123,Yes,Unproven DSR CMU,5.032,1.0,DSR,2029.0,27.1,2026.0
FLEXITRICITY LIMITED,F25124,Yes,Unproven DSR CMU,5.032,1.0,DSR,2029.0,27.1,2026.0
FLEXITRICITY LIMITED,F25125,Yes,Unproven DSR CMU,5.032,1.0,DSR,2029.0,27.1,2026.0
FLEXITRICITY LIMITED,F25126,Yes,Unproven DSR CMU,5.032,1.0,DSR,2029.0,27.1,2026.0
FLEXITRICITY LIMITED,F25127,Yes,Unproven DSR CMU,5.032,1.0,DSR,2029.0,27.1,2026.0
FLEXITRICITY LIMITED,F25128,Yes,Unproven DSR CMU,5.032,1.0,DSR,2029.0,27.1,2026.0
FLEXITRICITY LIMITED,F25129,Yes,Unproven DSR CMU,5.032,1.0,DSR,2029.0,27.1,2026.0
FLEXITRICITY LIMITED,F25130,Yes,Unproven DSR CMU,5.032,1.0,DSR,2029.0,27.1,2026.0
FLEXITRICITY LIMITED,F25131,Yes,Unproven DSR CMU,5.032,1.0,DSR,2029.0,27.1,2026.0
FLEXITRICITY LIMITED,F25132,Yes,Unproven DSR CMU,5.032,1.0,DSR,2029.0,27.1,2026.0
FLEXITRICITY LIMITED,F25133,Yes,Unproven DSR CMU,5.032,1.0,DSR,2029.0,27.1,2026.0
FLEXITRICITY LIMITED,F25134,No,Unproven DSR CMU,5.0,1.0,DSR,2029.0,27.1,2026.0
FLEXITRICITY LIMITED,F25135,Yes,Unproven DSR CMU,5.0,1.0,DSR,2029.0,27.1,2026.0
FLEXITRICITY LIMITED,F25136,Yes,Unproven DSR CMU,5.0,1.0,DSR,2029.0,27.1,2026.0
FLEXITRICITY LIMITED,F25137,Yes,Unproven DSR CMU,5.0,1.0,DSR,2029.0,27.1,2026.0
FLEXITRICITY LIMITED,F25144,No,Existing Generating CMU,0.908,1.0,Gas,2029.0,27.1,2026.0
FLEXITRICITY LIMITED,F25148,No,Existing Generating CMU,1.026,1.0,Gas,2029.0,27.1,2026.0
FLEXITRICITY LIMITED,F25150,No,Existing Generating CMU,1.815,1.0,Gas,2029.0,27.1,2026.0
FLEXITRICITY LIMITED,F25153,Yes,Existing Generating CMU,2.902,1.0,Gas,2029.0,27.1,2026.0
FLEXITRICITY LIMITED,F25158,Yes,Existing Generating CMU,0.352,1.0,Storage - Battery,2029.0,27.1,2026.0
FLEXITRICITY LIMITED,F25162,Yes,Proven DSR CMU,2.47,1.0,DSR,2029.0,27.1,2026.0
FLEXITRICITY LIMITED,F25163,Yes,Existing Generating CMU,17.009,1.0,Gas,2029.0,27.1,2026.0
FLEXITRICITY LIMITED,F25165,No,Existing Generating CMU,1.379,1.0,Gas,2029.0,27.1,2026.0
FLEXITRICITY LIMITED,F25166,Yes,Existing Generating CMU,1.089,1.0,Gas,2029.0,27.1,2026.0
FLEXITRICITY LIMITED,F25168,No,Existing Generating CMU,0.966,1.0,Gas,2029.0,27.1,2026.0
FLEXITRICITY LIMITED,F25169,Yes,Existing Generating CMU,1.85,1.0,Gas,2029.0,27.1,2026.0
FLEXITRICITY LIMITED,F25170,Yes,Unproven DSR CMU,5.0,1.0,DSR,2029.0,27.1,2026.0
FLEXITRICITY LIMITED,F25171,Yes,Unproven DSR CMU,5.0,1.0,DSR,2029.0,27.1,2026.0
FLEXITRICITY LIMITED,F25172,Yes,Unproven DSR CMU,5.0,1.0,DSR,2029.0,27.1,2026.0
FLEXITRICITY LIMITED,F25173,No,Unproven DSR CMU,5.0,1.0,DSR,2029.0,27.1,2026.0
FLEXITRICITY LIMITED,F25174,No,Unproven DSR CMU,5.0,1.0,DSR,2029.0,27.1,2026.0
FLEXITRICITY LIMITED,F25175,No,Unproven DSR CMU,5.0,1.0,DSR,2029.0,27.1,2026.0
FLEXITRICITY LIMITED,F25176,No,Unproven DSR CMU,5.0,1.0,DSR,2029.0,27.1,2026.0
FLEXITRICITY LIMITED,F25177,No,Unproven DSR CMU,5.0,1.0,DSR,2029.0,27.1,2026.0
FLEXITRICITY LIMITED,F25178,No,Unproven DSR CMU,5.0,1.0,DSR,2029.0,27.1,2026.0
FLEXITRICITY LIMITED,F25179,No,Unproven DSR CMU,5.0,1.0,DSR,2029.0,27.1,2026.0
FLEXITRICITY LIMITED,F25180,No,Unproven DSR CMU,2.0,1.0,DSR,2029.0,27.1,2026.0
FLEXITRICITY LIMITED,F25181,Yes,Unproven DSR CMU,2.0,1.0,DSR,2029.0,27.1,2026.0
FLEXITRICITY LIMITED,F25182,Yes,Unproven DSR CMU,2.0,1.0,DSR,2029.0,27.1,2026.0
FLEXITRICITY LIMITED,F25183,No,Unproven DSR CMU,2.0,1.0,DSR,2029.0,27.1,2026.0
FLEXITRICITY LIMITED,F25184,No,Unproven DSR CMU,2.0,1.0,DSR,2029.0,27.1,2026.0
FLEXITRICITY LIMITED,F25185,No,Unproven DSR CMU,10.0,1.0,DSR,2029.0,27.1,2026.0
FLEXITRICITY LIMITED,F25186,No,Unproven DSR CMU,10.0,1.0,DSR,2029.0,27.1,2026.0
FLEXITRICITY LIMITED,F25187,No,Unproven DSR CMU,10.0,1.0,DSR,2029.0,27.1,2026.0
FLEXITRICITY LIMITED,F25188,No,Unproven DSR CMU,10.0,1.0,DSR,2029.0,27.1,2026.0
FLEXITRICITY LIMITED,F25189,No,Unproven DSR CMU,10.0,1.0,DSR,2029.0,27.1,2026.0
FLEXITRICITY LIMITED,F25190,No,Unproven DSR CMU,10.0,1.0,DSR,2029.0,27.1,2026.0
FLEXITRICITY LIMITED,F25203,No,Unproven DSR CMU,2.14,3.0,DSR,2029.0,27.1,2026.0
NEXTPOWER SOUTH LOWFIELD LIMITED,NESF03,Yes,Existing Generating CMU,2.359,1.0,Solar,2029.0,27.1,2026.0
NEXTPOWER GRANGE LIMITED,NESF02,Yes,Existing Generating CMU,2.347,1.0,Solar,2029.0,27.1,2026.0
RWE GENERATION UK PLC,BRAE25,Yes,Existing Generating CMU,1.684,1.0,Hydro,2029.0,27.1,2026.0
RWE GENERATION UK PLC,CHEG25,Yes,Existing Generating CMU,40.546,1.0,Gas,2029.0,27.1,2026.0
RWE GENERATION UK PLC,COW125,Yes,Existing Generating CMU,65.072,1.0,Distillate,2029.0,27.1,2026.0
RWE GENERATION UK PLC,COW225,Yes,Existing Generating CMU,65.072,1.0,Distillate,2029.0,27.1,2026.0
RWE GENERATION UK PLC,CWMD25,Yes,Existing Generating CMU,8.78,1.0,Hydro,2029.0,27.1,2026.0
RWE GENERATION UK PLC,DB525R,Yes,Refurbishing Generating CMU,691.175,1.0,Gas,2029.0,27.1,2026.0
RWE GENERATION UK PLC,DB625R,Yes,Refurbishing Generating CMU,647.977,1.0,Gas,2029.0,27.1,2026.0
RWE GENERATION UK PLC,DGHH25,Yes,Existing Generating CMU,14.568,1.0,Hydro,2029.0,27.1,2026.0
RWE GENERATION UK PLC,DGLH25,Yes,Existing Generating CMU,13.414,1.0,Hydro,2029.0,27.1,2026.0
RWE GENERATION UK PLC,DID125,Yes,Existing Generating CMU,23.24,1.0,Distillate,2029.0,27.1,2026.0
RWE GENERATION UK PLC,DID225,Yes,Existing Generating CMU,23.24,1.0,Distillate,2029.0,27.1,2026.0
RWE GENERATION UK PLC,DID325,Yes,Existing Generating CMU,23.24,1.0,Distillate,2029.0,27.1,2026.0
RWE GENERATION UK PLC,DID425,Yes,Existing Generating CMU,23.24,1.0,Distillate,2029.0,27.1,2026.0
RWE GENERATION UK PLC,DOUG25,Yes,Existing Generating CMU,2.519,1.0,Hydro,2029.0,27.1,2026.0
RWE GENERATION UK PLC,GROG25,Yes,Existing Generating CMU,2.02,1.0,Hydro,2029.0,27.1,2026.0
RWE GENERATION UK PLC,GYA25R,Yes,Refurbishing Generating CMU,372.239,3.0,Gas,2029.0,27.1,2026.0
RWE GENERATION UK PLC,HDAG25,Yes,Existing Generating CMU,0.968,1.0,Hydro,2029.0,27.1,2026.0
RWE GENERATION UK PLC,HDCG25,Yes,Existing Generating CMU,1.801,1.0,Hydro,2029.0,27.1,2026.0
RWE GENERATION UK PLC,HDDI25,Yes,Existing Generating CMU,1.257,1.0,Hydro,2029.0,27.1,2026.0
RWE GENERATION UK PLC,HYTH25,Yes,Existing Generating CMU,45.304,1.0,Gas,2029.0,27.1,2026.0
RWE GENERATION UK PLC,INVL25,Yes,Existing Generating CMU,2.26,1.0,Hydro,2029.0,27.1,2026.0
RWE GENERATION UK PLC,LBA25R,Yes,Refurbishing Generating CMU,672.364,1.0,Gas,2029.0,27.1,2026.0
RWE GENERATION UK PLC,P1125R,Yes,Refurbishing Generating CMU,399.294,1.0,Gas,2029.0,27.1,2026.0
RWE GENERATION UK PLC,P2125R,Yes,Refurbishing Generating CMU,399.294,3.0,Gas,2029.0,27.1,2026.0
RWE GENERATION UK PLC,P3125R,Yes,Refurbishing Generating CMU,399.294,3.0,Gas,2029.0,27.1,2026.0
RWE GENERATION UK PLC,P4125R,Yes,Refurbishing Generating CMU,399.294,1.0,Gas,2029.0,27.1,2026.0
RWE GENERATION UK PLC,P5125R,Yes,Refurbishing Generating CMU,399.294,1.0,Gas,2029.0,27.1,2026.0
RWE GENERATION UK PLC,RVRE25,Yes,Existing Generating CMU,2.444,1.0,Hydro,2029.0,27.1,2026.0
RWE GENERATION UK PLC,ST125R,Yes,Refurbishing Generating CMU,397.66,1.0,Gas,2029.0,27.1,2026.0
RWE GENERATION UK PLC,ST225R,Yes,Refurbishing Generating CMU,397.66,1.0,Gas,2029.0,27.1,2026.0
RWE GENERATION UK PLC,ST325R,Yes,Refurbishing Generating CMU,397.66,3.0,Gas,2029.0,27.1,2026.0
RWE GENERATION UK PLC,ST425R,Yes,Refurbishing Generating CMU,397.66,1.0,Gas,2029.0,27.1,2026.0
RWE RENEWABLES UK ONSHORE WIND LIMITED,STGW25,Yes,Existing Generating CMU,1.143,1.0,Onshore Wind,2029.0,27.1,2026.0
RWE RENEWABLES UK ROBIN RIGG WEST LIMITED,RRWW25,Yes,Existing Generating CMU,7.185,1.0,Offshore Wind,2029.0,27.1,2026.0
RWE RENEWABLES UK SOLAR AND STORAGE LIMITED,ASHB25,Yes,New Build Generating CMU,1.96,1.0,Storage - Battery,2029.0,27.1,2026.0
RWE RENEWABLES UK SOLAR AND STORAGE LIMITED,RASB25,Yes,New Build Generating CMU,20.558,15.0,Storage - Battery,2029.0,27.1,2026.0
LITTLE CHEYNE COURT WIND FARM LIMITED,LCCW25,Yes,Existing Generating CMU,3.797,1.0,Onshore Wind,2029.0,27.1,2026.0
RHYL FLATS WIND FARM LIMITED,RHYW25,Yes,Existing Generating CMU,7.185,1.0,Offshore Wind,2029.0,27.1,2026.0
S4N LYTCHETT LTD,LYTCH1,No,New Build Generating CMU,2.638,15.0,Storage - Battery,2029.0,27.1,2026.0
INDIAN QUEENS POWER LIMITED,IQ_R25,Yes,Refurbishing Generating CMU,130.144,1.0,Diesel,2029.0,27.1,2026.0
SALTEND COGENERATION COMPANY LIMITED,S1_R25,Yes,Refurbishing Generating CMU,332.896,1.0,Gas,2029.0,27.1,2026.0
SALTEND COGENERATION COMPANY LIMITED,S2_R25,Yes,Refurbishing Generating CMU,332.896,1.0,Gas,2029.0,27.1,2026.0
SALTEND COGENERATION COMPANY LIMITED,S3_R25,Yes,Refurbishing Generating CMU,332.896,1.0,Gas,2029.0,27.1,2026.0
SCOTTISHPOWER RENEWABLES (UK) LIMITED,BLWIN3,Yes,Existing Generating CMU,7.493,1.0,Onshore Wind,2029.0,27.1,2026.0
SCOTTISHPOWER RENEWABLES (UK) LIMITED,CLF_WF,Yes,Existing Generating CMU,0.954,1.0,Onshore Wind,2029.0,27.1,2026.0
SCOTTISHPOWER RENEWABLES (UK) LIMITED,GREWF1,Yes,Existing Generating CMU,1.715,1.0,Onshore Wind,2029.0,27.1,2026.0
SCOTTISHPOWER RENEWABLES (UK) LIMITED,HGHEXT,Yes,Existing Generating CMU,1.651,1.0,Onshore Wind,2029.0,27.1,2026.0
SCOTTISHPOWER RENEWABLES (UK) LIMITED,WHTWF1,Yes,Existing Generating CMU,16.193,1.0,Onshore Wind,2029.0,27.1,2026.0
COLDHAM WINDFARM LIMITED,CLDWF1,Yes,Existing Generating CMU,0.889,1.0,Onshore Wind,2029.0,27.1,2026.0
SE RIGIFA BESS LTD,RUBY25,Yes,New Build Generating CMU,5.346,15.0,Storage - Battery,2029.0,27.1,2026.0
SEABANK POWER LIMITED,SEAB_1,Yes,Existing Generating CMU,744.524,1.0,Gas,2029.0,27.1,2026.0
SEABANK POWER LIMITED,SEAB_2,Yes,Existing Generating CMU,375.824,1.0,Gas,2029.0,27.1,2026.0
EFFICIENT GENERATION LIMITED,EFF029,Yes,Existing Generating CMU,4.247,1.0,Gas,2029.0,27.1,2026.0
SECURE GENERATION LIMITED,SEC029,Yes,Existing Generating CMU,3.046,1.0,Gas,2029.0,27.1,2026.0
UK POWER RESERVE LIMITED,25PR01,Yes,Existing Generating CMU,9.296,1.0,Gas,2029.0,27.1,2026.0
UK POWER RESERVE LIMITED,25PR02,Yes,Existing Generating CMU,9.296,1.0,Gas,2029.0,27.1,2026.0
UK POWER RESERVE LIMITED,25PR03,Yes,Existing Generating CMU,9.296,1.0,Gas,2029.0,27.1,2026.0
UK POWER RESERVE LIMITED,25PR04,Yes,Existing Generating CMU,9.296,1.0,Gas,2029.0,27.1,2026.0
UK POWER RESERVE LIMITED,25PR05,Yes,Existing Generating CMU,9.296,1.0,Gas,2029.0,27.1,2026.0
UK POWER RESERVE LIMITED,25PR10,Yes,Existing Generating CMU,8.523,1.0,Gas,2029.0,27.1,2026.0
UK POWER RESERVE LIMITED,25PR11,Yes,Existing Generating CMU,9.296,1.0,Gas,2029.0,27.1,2026.0
IMPACT POWER LIMITED,EMIST3,Yes,Proven DSR CMU,2.262,1.0,DSR,2029.0,27.1,2026.0
BLACKHILLOCK FLEXPOWER LTD,BLK29E,Yes,New Build Generating CMU,17.554,1.0,Storage - Battery,2029.0,27.1,2026.0
BLACKHILLOCK FLEXPOWER LTD,BLK29F,Yes,New Build Generating CMU,17.554,1.0,Storage - Battery,2029.0,27.1,2026.0
BLACKHILLOCK FLEXPOWER LTD,BLK29G,Yes,New Build Generating CMU,17.554,1.0,Storage - Battery,2029.0,27.1,2026.0
BLACKHILLOCK FLEXPOWER LTD,BLK29H,Yes,New Build Generating CMU,17.554,1.0,Storage - Battery,2029.0,27.1,2026.0
KILMARNOCK FLEXPOWER LTD,KMS29B,Yes,New Build Generating CMU,26.102,15.0,Storage - Battery,2029.0,27.1,2026.0
KILMARNOCK FLEXPOWER LTD,KMS29C,Yes,New Build Generating CMU,26.102,15.0,Storage - Battery,2029.0,27.1,2026.0
KILMARNOCK FLEXPOWER LTD,KMS29D,Yes,New Build Generating CMU,26.102,15.0,Storage - Battery,2029.0,27.1,2026.0
SUEZ RECYCLING AND RECOVERY KIRKLEES LTD,SUEZK1,Yes,Existing Generating CMU,9.41,1.0,Waste,2029.0,27.1,2026.0
SIBSEY POWER GENERATION LIMITED,BioNo3,No,Refurbishing Generating CMU,10.391,3.0,Waste,2029.0,27.1,2026.0
SIMEC LOCHABER HYDROPOWER 2 LIMITED,G12023,Yes,Existing Generating CMU,15.374,1.0,Hydro,2029.0,27.1,2026.0
SIMEC LOCHABER HYDROPOWER 2 LIMITED,G22023,Yes,Existing Generating CMU,15.754,1.0,Hydro,2029.0,27.1,2026.0
SIMEC LOCHABER HYDROPOWER 2 LIMITED,G32023,Yes,Existing Generating CMU,12.523,1.0,Hydro,2029.0,27.1,2026.0
SIMEC LOCHABER HYDROPOWER 2 LIMITED,G42023,Yes,Existing Generating CMU,15.476,1.0,Hydro,2029.0,27.1,2026.0
SIMEC LOCHABER HYDROPOWER 2 LIMITED,G52023,Yes,Existing Generating CMU,15.524,1.0,Hydro,2029.0,27.1,2026.0
PYEBRIDGE POWER LTD,MAPB25,Yes,Refurbishing Generating CMU,7.237,1.0,Gas,2029.0,27.1,2026.0
SHEAF ENERGY LIMITED,SEL2T4,Yes,New Build Generating CMU,42.608,15.0,Storage - Battery,2029.0,27.1,2026.0
SOUTH TYNE & WEAR ENERGY RECOVERY LTD,SUEZL4,Yes,Existing Generating CMU,21.305,1.0,Waste,2029.0,27.1,2026.0
KEADBY GENERATION LIMITED,KEAD29,Yes,Refurbishing Generating CMU,686.084,1.0,Gas,2029.0,27.1,2026.0
MEDWAY POWER LIMITED,MEDP29,No,Refurbishing Generating CMU,667.307,15.0,Gas,2029.0,27.1,2026.0
SSE ENERGY SUPPLY LIMITED,MRWD29,Yes,Existing Generating CMU,835.268,1.0,Gas,2029.0,27.1,2026.0
SSE GENERATION LIMITED,ALTN29,Yes,Existing Generating CMU,5.733,1.0,Hydro,2029.0,27.1,2026.0
SSE GENERATION LIMITED,ARTF29,Yes,Existing Generating CMU,1.816,1.0,Onshore Wind,2029.0,27.1,2026.0
SSE GENERATION LIMITED,BEAU29,Yes,Existing Generating CMU,36.16,1.0,Hydro,2029.0,27.1,2026.0
SSE GENERATION LIMITED,CASS29,Yes,Existing Generating CMU,9.944,1.0,Hydro,2029.0,27.1,2026.0
SSE GENERATION LIMITED,CLAC29,Yes,Existing Generating CMU,36.16,1.0,Hydro,2029.0,27.1,2026.0
SSE GENERATION LIMITED,CLSR29,Yes,Existing Generating CMU,0.994,1.0,Hydro,2029.0,27.1,2026.0
SSE GENERATION LIMITED,CLUN29,Yes,Existing Generating CMU,68.885,1.0,Hydro,2029.0,27.1,2026.0
SSE GENERATION LIMITED,CNCR29,Yes,Existing Generating CMU,18.08,1.0,Hydro,2029.0,27.1,2026.0
SSE GENERATION LIMITED,CUCH29,Yes,Existing Generating CMU,1.991,1.0,Hydro,2029.0,27.1,2026.0
SSE GENERATION LIMITED,CUIL29,Yes,Existing Generating CMU,2.712,1.0,Hydro,2029.0,27.1,2026.0
SSE GENERATION LIMITED,CULL29,Yes,Existing Generating CMU,14.841,1.0,Hydro,2029.0,27.1,2026.0
SSE GENERATION LIMITED,DEA129,Yes,Existing Generating CMU,17.176,1.0,Hydro,2029.0,27.1,2026.0
SSE GENERATION LIMITED,DEA229,Yes,Existing Generating CMU,17.176,1.0,Hydro,2029.0,27.1,2026.0
SSE GENERATION LIMITED,DRUM29,Yes,Existing Generating CMU,2.032,1.0,Onshore Wind,2029.0,27.1,2026.0
SSE GENERATION LIMITED,DZIE29,Yes,Existing Generating CMU,3.616,1.0,Hydro,2029.0,27.1,2026.0
SSE GENERATION LIMITED,ERR129,Yes,Existing Generating CMU,22.6,1.0,Hydro,2029.0,27.1,2026.0
SSE GENERATION LIMITED,ERR229,Yes,Existing Generating CMU,22.6,1.0,Hydro,2029.0,27.1,2026.0
SSE GENERATION LIMITED,ERR329,Yes,Existing Generating CMU,22.6,1.0,Hydro,2029.0,27.1,2026.0
SSE GENERATION LIMITED,FALL29,Yes,Existing Generating CMU,4.553,1.0,Hydro,2029.0,27.1,2026.0
SSE GENERATION LIMITED,FAS129,Yes,Existing Generating CMU,20.792,1.0,Hydro,2029.0,27.1,2026.0
SSE GENERATION LIMITED,FAS229,Yes,Existing Generating CMU,20.792,1.0,Hydro,2029.0,27.1,2026.0
SSE GENERATION LIMITED,FAS329,Yes,Existing Generating CMU,20.792,1.0,Hydro,2029.0,27.1,2026.0
SSE GENERATION LIMITED,FASC29,Yes,Existing Generating CMU,6.78,1.0,Hydro,2029.0,27.1,2026.0
SSE GENERATION LIMITED,FINL29,Yes,Existing Generating CMU,14.916,1.0,Hydro,2029.0,27.1,2026.0
SSE GENERATION LIMITED,GAUR29,Yes,Existing Generating CMU,6.78,1.0,Hydro,2029.0,27.1,2026.0
SSE GENERATION LIMITED,GLEN29,Yes,Existing Generating CMU,47.008,1.0,Hydro,2029.0,27.1,2026.0
SSE GENERATION LIMITED,GRUD29,Yes,Existing Generating CMU,19.707,1.0,Hydro,2029.0,27.1,2026.0
SSE GENERATION LIMITED,INVG29,Yes,Existing Generating CMU,18.08,1.0,Hydro,2029.0,27.1,2026.0
SSE GENERATION LIMITED,KERR29,Yes,Existing Generating CMU,1.13,1.0,Hydro,2029.0,27.1,2026.0
SSE GENERATION LIMITED,KILL29,Yes,Existing Generating CMU,13.56,1.0,Hydro,2029.0,27.1,2026.0
SSE GENERATION LIMITED,KILM29,Yes,Existing Generating CMU,1.898,1.0,Hydro,2029.0,27.1,2026.0
SSE GENERATION LIMITED,KING29,Yes,Existing Generating CMU,3.164,1.0,Hydro,2029.0,27.1,2026.0
SSE GENERATION LIMITED,LEDK29,Yes,Existing Generating CMU,2.712,1.0,Hydro,2029.0,27.1,2026.0
SSE GENERATION LIMITED,LOC129,Yes,Refurbishing Generating CMU,20.34,1.0,Hydro,2029.0,27.1,2026.0
SSE GENERATION LIMITED,LOC229,Yes,Refurbishing Generating CMU,20.34,1.0,Hydro,2029.0,27.1,2026.0
SSE GENERATION LIMITED,LODB29,Yes,Existing Generating CMU,1.0,1.0,Hydro,2029.0,27.1,2026.0
SSE GENERATION LIMITED,LOER29,Yes,Existing Generating CMU,1.989,1.0,Hydro,2029.0,27.1,2026.0
SSE GENERATION LIMITED,LOGA29,Yes,Existing Generating CMU,5.424,1.0,Hydro,2029.0,27.1,2026.0
SSE GENERATION LIMITED,LUIC29,Yes,Existing Generating CMU,30.736,1.0,Hydro,2029.0,27.1,2026.0
SSE GENERATION LIMITED,LUSS29,Yes,Existing Generating CMU,1.948,1.0,Hydro,2029.0,27.1,2026.0
SSE GENERATION LIMITED,MOSS29,Yes,Existing Generating CMU,16.905,1.0,Hydro,2029.0,27.1,2026.0
SSE GENERATION LIMITED,MULL29,Yes,Existing Generating CMU,1.841,1.0,Hydro,2029.0,27.1,2026.0
SSE GENERATION LIMITED,NANT29,Yes,Existing Generating CMU,13.56,1.0,Hydro,2029.0,27.1,2026.0
SSE GENERATION LIMITED,NOBR29,Yes,Existing Generating CMU,1.041,1.0,Hydro,2029.0,27.1,2026.0
SSE GENERATION LIMITED,NREN29,Yes,Existing Generating CMU,1.69,1.0,Hydro,2029.0,27.1,2026.0
SSE GENERATION LIMITED,ORRI29,Yes,Existing Generating CMU,16.272,1.0,Hydro,2029.0,27.1,2026.0
SSE GENERATION LIMITED,QUOI29,Yes,Existing Generating CMU,16.317,1.0,Hydro,2029.0,27.1,2026.0
SSE GENERATION LIMITED,RAN129,Yes,Existing Generating CMU,13.258,1.0,Hydro,2029.0,27.1,2026.0
SSE GENERATION LIMITED,RAN229,Yes,Existing Generating CMU,13.258,1.0,Hydro,2029.0,27.1,2026.0
SSE GENERATION LIMITED,RAN329,Yes,Existing Generating CMU,13.258,1.0,Hydro,2029.0,27.1,2026.0
SSE GENERATION LIMITED,SHIN29,Yes,Existing Generating CMU,19.996,1.0,Hydro,2029.0,27.1,2026.0
SSE GENERATION LIMITED,SLO129,Yes,Existing Generating CMU,36.16,1.0,Hydro,2029.0,27.1,2026.0
SSE GENERATION LIMITED,SLO229,Yes,Existing Generating CMU,36.16,1.0,Hydro,2029.0,27.1,2026.0
SSE GENERATION LIMITED,SLO329,Yes,Existing Generating CMU,36.16,1.0,Hydro,2029.0,27.1,2026.0
SSE GENERATION LIMITED,SLO429,Yes,Existing Generating CMU,29.38,1.0,Hydro,2029.0,27.1,2026.0
SSE GENERATION LIMITED,SREN29,Yes,Existing Generating CMU,1.16,1.0,Hydro,2029.0,27.1,2026.0
SSE GENERATION LIMITED,SRON29,Yes,Existing Generating CMU,4.52,1.0,Hydro,2029.0,27.1,2026.0
SSE GENERATION LIMITED,STFL29,Yes,Existing Generating CMU,15.214,1.0,Hydro,2029.0,27.1,2026.0
SSE GENERATION LIMITED,STLO29,Yes,Existing Generating CMU,1.718,1.0,Hydro,2029.0,27.1,2026.0
SSE GENERATION LIMITED,STRV29,Yes,Existing Generating CMU,6.189,1.0,Hydro,2029.0,27.1,2026.0
SSE GENERATION LIMITED,TORR29,Yes,Existing Generating CMU,13.56,1.0,Hydro,2029.0,27.1,2026.0
SSE GENERATION LIMITED,TUM129,Yes,Existing Generating CMU,15.368,1.0,Hydro,2029.0,27.1,2026.0
SSE GENERATION LIMITED,TUM229,Yes,Existing Generating CMU,15.368,1.0,Hydro,2029.0,27.1,2026.0
SSE GENERATION LIMITED,WREN29,Yes,Existing Generating CMU,1.123,1.0,Hydro,2029.0,27.1,2026.0
SSE RENEWABLES WIND FARMS (UK) LIMITED,HAHI29,Yes,Existing Generating CMU,6.344,1.0,Onshore Wind,2029.0,27.1,2026.0
SSE THERMAL GENERATION (SCOTLAND) LIMITED,PEH129,No,Refurbishing Generating CMU,1071.322,1.0,Gas,2029.0,27.1,2026.0
SSEPG (OPERATIONS) LIMITED,BURG29,No,Refurbishing Generating CMU,43.728,3.0,Gas,2029.0,27.1,2026.0
SSEPG (OPERATIONS) LIMITED,CHIC29,No,Refurbishing Generating CMU,43.728,15.0,Gas,2029.0,27.1,2026.0
ST FERGUS ENERGY LIMITED,StFerg,Yes,Existing Generating CMU,0.381,1.0,Onshore Wind,2029.0,27.1,2026.0
CARRINGTON STORAGE LIMITED,SEL164,Yes,New Build Generating CMU,13.188,15.0,Storage - Battery,2029.0,27.1,2026.0
CHICKERELL STORAGE LIMITED,SEL165,No,New Build Generating CMU,87.77,15.0,Storage - Battery,2029.0,27.1,2026.0
CULHAM STORAGE LIMITED,SEL162,No,New Build Generating CMU,110.18,15.0,Storage - Battery,2029.0,27.1,2026.0
GRENDON LAKES STORAGE LIMITED,SEL163,No,New Build Generating CMU,10.968,15.0,Storage - Battery,2029.0,27.1,2026.0
SALTHOLME SOUTH POWER LIMITED,SEL157,Yes,Existing Generating CMU,46.471,1.0,Gas,2029.0,27.1,2026.0
STATKRAFT UK LTD,RHE1_8,Yes,Existing Generating CMU,11.727,1.0,Hydro,2029.0,27.1,2026.0
STATKRAFT UK LTD,RHE2_8,Yes,Existing Generating CMU,19.649,1.0,Hydro,2029.0,27.1,2026.0
STATKRAFT UK LTD,RHE3_8,Yes,Existing Generating CMU,19.924,1.0,Hydro,2029.0,27.1,2026.0
STOR 107 LTD,SP2507,No,New Build Generating CMU,4.396,15.0,Storage - Battery,2029.0,27.1,2026.0
SUEZ RECYCLING AND RECOVERY UK LTD,SUEZL1,Yes,Existing Generating CMU,19.141,1.0,Waste,2029.0,27.1,2026.0
SUEZ RECYCLING AND RECOVERY UK LTD,SUEZR1,Yes,Existing Generating CMU,8.537,1.0,Waste,2029.0,27.1,2026.0
SUEZ RECYCLING AND RECOVERY SUFFOLK LTD,SUEZS1,Yes,Existing Generating CMU,22.193,1.0,Waste,2029.0,27.1,2026.0
SUSI EELPOWER ROCK FARM LIMITED,ROCK29,Yes,Existing Generating CMU,1.683,1.0,Storage - Battery,2029.0,27.1,2026.0
SUSI EELPOWER WINCHESTER LIMITED,WINP29,Yes,Existing Generating CMU,0.887,1.0,Storage - Battery,2029.0,27.1,2026.0
SUTTON BRIDGE POWER GENERATION,29SB01,Yes,Existing Generating CMU,771.715,1.0,Gas,2029.0,27.1,2026.0
THAMESIDE ENERGY RECOVERY FACILITY LIMITED,THEB29,No,New Build Generating CMU,38.366,15.0,Waste,2029.0,27.1,2026.0
BURY POWER LIMITED,BURY25,Yes,Existing Generating CMU,18.127,1.0,Gas,2029.0,27.1,2026.0
CLYNE POWER LIMITED,CLYN25,Yes,Existing Generating CMU,14.502,1.0,Gas,2029.0,27.1,2026.0
CULVERY POWER LIMITED,CULV25,Yes,Existing Generating CMU,12.782,1.0,Gas,2029.0,27.1,2026.0
DAFEN RESERVE POWER LIMITED,DAFE25,Yes,Existing Generating CMU,9.11,1.0,Gas,2029.0,27.1,2026.0
HULL RESERVE POWER LIMITED,HULL25,Yes,Existing Generating CMU,19.15,1.0,Gas,2029.0,27.1,2026.0
IMMINGHAM POWER LIMITED,IMMI25,Yes,Existing Generating CMU,14.595,1.0,Gas,2029.0,27.1,2026.0
IRWELL POWER LIMITED,IRWE25,Yes,Existing Generating CMU,14.316,1.0,Gas,2029.0,27.1,2026.0
KILN POWER LIMITED,KILN25,Yes,Existing Generating CMU,14.688,1.0,Gas,2029.0,27.1,2026.0
LODDON POWER LIMITED,LODD25,Yes,Existing Generating CMU,14.409,1.0,Gas,2029.0,27.1,2026.0
MARDEN POWER LIMITED,MARD25,Yes,Existing Generating CMU,18.22,1.0,Gas,2029.0,27.1,2026.0
NORTHWICH POWER LIMITED,NORT25,Yes,Existing Generating CMU,18.406,1.0,Gas,2029.0,27.1,2026.0
OGMORE POWER LIMITED,OGMO25,Yes,Existing Generating CMU,14.595,1.0,Gas,2029.0,27.1,2026.0
ST ASAPH POWER LIMITED,STAS25,Yes,Existing Generating CMU,14.688,1.0,Gas,2029.0,27.1,2026.0
WARRINGTON POWER LIMITED,WARR25,Yes,Existing Generating CMU,14.595,1.0,Gas,2029.0,27.1,2026.0
WHARF POWER LIMITED,WHAR25,Yes,Existing Generating CMU,14.688,1.0,Gas,2029.0,27.1,2026.0
WOLVERHAMPTON POWER LTD,WOLV25,Yes,Existing Generating CMU,14.502,1.0,Gas,2029.0,27.1,2026.0
WEST BURTON B LIMITED,WB1-25,Yes,Refurbishing Generating CMU,388.581,1.0,Gas,2029.0,27.1,2026.0
WEST BURTON B LIMITED,WB2-25,Yes,Refurbishing Generating CMU,388.581,1.0,Gas,2029.0,27.1,2026.0
WEST BURTON B LIMITED,WB3-25,Yes,Refurbishing Generating CMU,388.581,1.0,Gas,2029.0,27.1,2026.0
CAPBAL (BRACO) LIMITED,BRAC26,Yes,Existing Generating CMU,1.641,1.0,Storage - Battery,2029.0,27.1,2026.0
CAPBAL (FORFAR) LIMITED,FORF25,Yes,Existing Generating CMU,1.641,1.0,Storage - Battery,2029.0,27.1,2026.0
CAPBAL (KILWINNING) LIMITED,KILW25,Yes,New Build Generating CMU,10.406,15.0,Storage - Battery,2029.0,27.1,2026.0
UNIPER UK LIMITED,CDCL51,Yes,Existing Generating CMU,404.016,1.0,Gas,2029.0,27.1,2026.0
UNIPER UK LIMITED,CNQP71,Yes,Refurbishing Generating CMU,313.226,1.0,Gas,2029.0,27.1,2026.0
UNIPER UK LIMITED,CNQP73,Yes,Refurbishing Generating CMU,313.226,1.0,Gas,2029.0,27.1,2026.0
UNIPER UK LIMITED,EECL51,Yes,Existing Generating CMU,401.292,1.0,Gas,2029.0,27.1,2026.0
UNIPER UK LIMITED,GRAI46,Yes,Existing Generating CMU,424.897,1.0,Gas,2029.0,27.1,2026.0
UNIPER UK LIMITED,GRAI47,Yes,Existing Generating CMU,424.897,1.0,Gas,2029.0,27.1,2026.0
UNIPER UK LIMITED,GRAI48,Yes,Existing Generating CMU,424.897,1.0,Gas,2029.0,27.1,2026.0
UNIPER UK LIMITED,GRGT71,Yes,Existing Generating CMU,26.08,1.0,Diesel,2029.0,27.1,2026.0
UNIPER UK LIMITED,GRGT74,Yes,Existing Generating CMU,25.15,1.0,Diesel,2029.0,27.1,2026.0
UNIPER UK LIMITED,HOLF01,Yes,Proven DSR CMU,5.0,1.0,DSR,2029.0,27.1,2026.0
UNIPER UK LIMITED,KILH61,Yes,Existing Generating CMU,285.925,1.0,Gas,2029.0,27.1,2026.0
UNIPER UK LIMITED,KILH62,Yes,Existing Generating CMU,289.498,1.0,Gas,2029.0,27.1,2026.0
UNIPER UK LIMITED,TAL112,Yes,Existing Generating CMU,66.812,1.0,Diesel,2029.0,27.1,2026.0
UNIPER UK LIMITED,TAL113,Yes,Existing Generating CMU,63.094,1.0,Diesel,2029.0,27.1,2026.0
SIZING JOHN LIMITED,VAR015,No,New Build Generating CMU,12.383,15.0,Storage - Battery,2029.0,27.1,2026.0
VEOLIA UK LIMITED,CHIN02,Yes,Existing Generating CMU,6.767,1.0,Waste,2029.0,27.1,2026.0
VEOLIA UK LIMITED,MWOOD2,Yes,Existing Generating CMU,13.404,1.0,Waste,2029.0,27.1,2026.0
VEOLIA UK LIMITED,NEWH11,Yes,Existing Generating CMU,15.561,1.0,Waste,2029.0,27.1,2026.0
VEOLIA UK LIMITED,PORT02,Yes,Existing Generating CMU,13.343,1.0,Waste,2029.0,27.1,2026.0
VEOLIA UK LIMITED,STAF11,Yes,Existing Generating CMU,23.459,1.0,Waste,2029.0,27.1,2026.0
VEOLIA UK LIMITED,TYSE10,Yes,Existing Generating CMU,24.851,1.0,Waste,2029.0,27.1,2026.0
VEOLIA UK LIMITED,VEOA25,Yes,Existing Generating CMU,6.603,1.0,Gas,2029.0,27.1,2026.0
VEOLIA UK LIMITED,VEOB25,Yes,Existing Generating CMU,3.536,1.0,Gas,2029.0,27.1,2026.0
VEOLIA UK LIMITED,VEOC25,Yes,Existing Generating CMU,3.617,1.0,Gas,2029.0,27.1,2026.0
VEOLIA UK LIMITED,VEOD25,Yes,Existing Generating CMU,1.308,1.0,Gas,2029.0,27.1,2026.0
VEOLIA UK LIMITED,VEOE25,Yes,Existing Generating CMU,7.883,1.0,Gas,2029.0,27.1,2026.0
VEOLIA UK LIMITED,VEOF25,Yes,Existing Generating CMU,1.814,1.0,Gas,2029.0,27.1,2026.0
VEOLIA UK LIMITED,VEOI25,Yes,Existing Generating CMU,2.413,1.0,Gas,2029.0,27.1,2026.0
VEOLIA UK LIMITED,VEOJ25,Yes,Existing Generating CMU,2.35,1.0,Gas,2029.0,27.1,2026.0
VEOLIA UK LIMITED,VEOK25,Yes,Existing Generating CMU,1.269,1.0,Gas,2029.0,27.1,2026.0
VEOLIA UK LIMITED,VEOL25,Yes,Existing Generating CMU,4.531,1.0,Gas,2029.0,27.1,2026.0
VEOLIA UK LIMITED,VEOM25,Yes,Existing Generating CMU,1.362,1.0,Gas,2029.0,27.1,2026.0
VEOLIA UK LIMITED,VEON25,Yes,Existing Generating CMU,2.27,1.0,Gas,2029.0,27.1,2026.0
VEOLIA UK LIMITED,VEOP25,Yes,Existing Generating CMU,2.299,1.0,Gas,2029.0,27.1,2026.0
VEOLIA UK LIMITED,VEOQ25,Yes,Existing Generating CMU,0.912,1.0,Gas,2029.0,27.1,2026.0
VIRIDOR ENERGY LIMITED,CARD25,Yes,Existing Generating CMU,32.689,1.0,Waste,2029.0,27.1,2026.0
VIRIDOR ENERGY LIMITED,EXEV25,Yes,Existing Generating CMU,3.2,1.0,Waste,2029.0,27.1,2026.0
CARE POWER (BRAMFORD) LIMITED,BRAMF2,No,New Build Generating CMU,21.976,15.0,Storage - Battery,2029.0,27.1,2026.0
VPI Immingham LLP,IMMT03,Yes,Refurbishing Generating CMU,453.042,1.0,Gas,2029.0,27.1,2026.0
VPI Immingham LLP,IMMT12,Yes,Refurbishing Generating CMU,652.78,1.0,Gas,2029.0,27.1,2026.0
VPI POWER LIMITED,VP25BM,No,Refurbishing Generating CMU,56.29,15.0,Gas,2029.0,27.1,2026.0
VPI POWER LIMITED,VP25DC,Yes,Refurbishing Generating CMU,737.215,1.0,Gas,2029.0,27.1,2026.0
VPI POWER LIMITED,VP25RH,Yes,Refurbishing Generating CMU,649.149,1.0,Gas,2029.0,27.1,2026.0
VPI POWER LIMITED,VP25SH,Yes,Refurbishing Generating CMU,417.634,1.0,Gas,2029.0,27.1,2026.0
WATTSERVE LTD,WATT29,Yes,New Build Generating CMU,1.142,15.0,Storage - Battery,2029.0,27.1,2026.0
RIVER NENE POWER LIMITED,PETE29,Yes,Existing Generating CMU,226.935,1.0,Gas,2029.0,27.1,2026.0
WHITETOWER ENERGY LIMITED,CROY29,Yes,Existing Generating CMU,45.488,1.0,Gas,2029.0,27.1,2026.0
WHITETOWER ENERGY LIMITED,EXET29,Yes,Existing Generating CMU,43.617,1.0,Gas,2029.0,27.1,2026.0
WHITETOWER ENERGY LIMITED,HEA29a,Yes,Existing Generating CMU,47.591,1.0,Gas,2029.0,27.1,2026.0
WHITETOWER ENERGY LIMITED,HEA29b,Yes,Existing Generating CMU,45.137,1.0,Gas,2029.0,27.1,2026.0
WHITETOWER ENERGY LIMITED,THRN29,Yes,Existing Generating CMU,36.298,1.0,Gas,2029.0,27.1,2026.0
WHITETOWER ENERGY LIMITED,VKIN29,Yes,Existing Generating CMU,46.48,1.0,Gas,2029.0,27.1,2026.0
GREAT DUNMOW POWER LIMITED,GRTD26,No,New Build Generating CMU,6.414,15.0,Gas,2029.0,27.1,2026.0
ROOT-POWER (NORTH) LIMITED,ELRDBS,No,New Build Generating CMU,6.594,15.0,Storage - Battery,2029.0,27.1,2026.0
ROOT-POWER (SOUTH) LIMITED,LCKYBS,No,New Build Generating CMU,10.99,15.0,Storage - Battery,2029.0,27.1,2026.0
ROOT-POWER (SOUTH) LIMITED,WTHYBS,No,New Build Generating CMU,10.99,15.0,Storage - Battery,2029.0,27.1,2026.0
SUTTON POWER LIMITED,SUTT29,Yes,Existing Generating CMU,2.789,1.0,Gas,2029.0,27.1,2026.0
ZENOBE BLACKHILLOCK LIMITED,NBBLE1,No,New Build Generating CMU,10.99,1.0,Storage - Battery,2029.0,27.1,2026.0
ZENOBE RENTAL 12 LIMITED,DSR354,Yes,Unproven DSR CMU,3.1,3.0,DSR,2029.0,27.1,2026.0
ZENOBE RENTAL 12 LIMITED,DSRUU5,Yes,Unproven DSR CMU,1.338,3.0,DSR,2029.0,27.1,2026.0
ZENOBE RENTAL 12 LIMITED,EVZ100,Yes,Unproven DSR CMU,1.499,3.0,DSR,2029.0,27.1,2026.0
ZENOBE RENTAL 12 LIMITED,EVZ101,Yes,Unproven DSR CMU,1.499,3.0,DSR,2029.0,27.1,2026.0
ZENOBE RENTAL 12 LIMITED,EVZ102,Yes,Unproven DSR CMU,5.0,15.0,DSR,2029.0,27.1,2026.0
ZENOBE RENTAL 12 LIMITED,EVZ103,Yes,Unproven DSR CMU,5.0,15.0,DSR,2029.0,27.1,2026.0
ZENOBE RENTAL 12 LIMITED,EVZE48,Yes,Unproven DSR CMU,1.284,3.0,DSR,2029.0,27.1,2026.0
ZENOBE RENTAL 12 LIMITED,EVZE49,Yes,Unproven DSR CMU,3.698,3.0,DSR,2029.0,27.1,2026.0
ZENOBE RENTAL 12 LIMITED,EVZE51,Yes,Unproven DSR CMU,1.357,3.0,DSR,2029.0,27.1,2026.0
ZENOBE RENTAL 12 LIMITED,EVZE65,Yes,Unproven DSR CMU,1.499,3.0,DSR,2029.0,27.1,2026.0
ZENOBE RENTAL 12 LIMITED,EVZE77,Yes,Unproven DSR CMU,1.712,15.0,DSR,2029.0,27.1,2026.0
ZENOBE RENTAL 12 LIMITED,EVZE78,Yes,Unproven DSR CMU,1.712,15.0,DSR,2029.0,27.1,2026.0
ZENOBE RENTAL 12 LIMITED,EVZE79,Yes,Unproven DSR CMU,1.712,15.0,DSR,2029.0,27.1,2026.0
ZENOBE RENTAL 12 LIMITED,EVZE82,Yes,Unproven DSR CMU,1.071,3.0,DSR,2029.0,27.1,2026.0
ZENOBE RENTAL 12 LIMITED,EVZE83,Yes,Unproven DSR CMU,2.057,3.0,DSR,2029.0,27.1,2026.0
ZENOBE RENTAL 12 LIMITED,EVZE84,Yes,Unproven DSR CMU,1.197,3.0,DSR,2029.0,27.1,2026.0
ZENOBE RENTAL 12 LIMITED,EVZE85,Yes,Unproven DSR CMU,1.266,3.0,DSR,2029.0,27.1,2026.0
ZENOBE RENTAL 12 LIMITED,EVZE86,Yes,Unproven DSR CMU,1.54,3.0,DSR,2029.0,27.1,2026.0
ZENOBE RENTAL 12 LIMITED,EVZE87,Yes,Unproven DSR CMU,1.178,3.0,DSR,2029.0,27.1,2026.0
ZENOBE RENTAL 12 LIMITED,EVZE88,Yes,Unproven DSR CMU,0.988,3.0,DSR,2029.0,27.1,2026.0
ZENOBE RENTAL 12 LIMITED,EVZE89,Yes,Unproven DSR CMU,2.266,3.0,DSR,2029.0,27.1,2026.0
ZENOBE RENTAL 12 LIMITED,EVZE90,Yes,Unproven DSR CMU,1.482,3.0,DSR,2029.0,27.1,2026.0
ZENOBE RENTAL 12 LIMITED,EVZE91,Yes,Unproven DSR CMU,3.923,3.0,DSR,2029.0,27.1,2026.0
ZENOBE RENTAL 12 LIMITED,EVZE92,Yes,Unproven DSR CMU,1.0,3.0,DSR,2029.0,27.1,2026.0
ZENOBE RENTAL 12 LIMITED,EVZE93,Yes,Unproven DSR CMU,3.249,3.0,DSR,2029.0,27.1,2026.0
ZENOBE RENTAL 12 LIMITED,EVZE94,Yes,Unproven DSR CMU,1.17,3.0,DSR,2029.0,27.1,2026.0
ZENOBE RENTAL 12 LIMITED,EVZE95,Yes,Unproven DSR CMU,1.499,3.0,DSR,2029.0,27.1,2026.0
ZENOBE RENTAL 12 LIMITED,EVZE96,Yes,Unproven DSR CMU,1.38,3.0,DSR,2029.0,27.1,2026.0
ZENOBE RENTAL 12 LIMITED,EVZE97,Yes,Unproven DSR CMU,1.122,3.0,DSR,2029.0,27.1,2026.0
ZENOBE RENTAL 12 LIMITED,EVZE98,Yes,Unproven DSR CMU,2.799,3.0,DSR,2029.0,27.1,2026.0
ZENOBE RENTAL 12 LIMITED,EVZE99,Yes,Unproven DSR CMU,1.499,3.0,DSR,2029.0,27.1,2026.0
BLACKDYKE BESS LIMITED,NBHAR1,Yes,New Build Generating CMU,11.018,15.0,Storage - Battery,2029.0,27.1,2026.0
BLACKDYKE BESS LIMITED,NBHAR2,Yes,New Build Generating CMU,44.072,15.0,Storage - Battery,2029.0,27.1,2026.0
BLACKDYKE BESS LIMITED,NBHAR3,Yes,New Build Generating CMU,44.072,15.0,Storage - Battery,2029.0,27.1,2026.0
BLACKDYKE BESS LIMITED,NBHAR4,Yes,New Build Generating CMU,38.563,15.0,Storage - Battery,2029.0,27.1,2026.0
BLACKDYKE BESS LIMITED,NBHAR5,Yes,New Build Generating CMU,44.072,15.0,Storage - Battery,2029.0,27.1,2026.0
ZENOBE SHETLAND LIMITED,NBSHT1,No,New Build Generating CMU,8.64,1.0,Storage - Battery,2029.0,27.1,2026.0
ZEPHYRUS GREEN ENERGY LTD,Strath,Yes,Existing Generating CMU,0.508,1.0,Onshore Wind,2029.0,27.1,2026.0
BRITNED DEVELOPMENT LIMITED,Brit19,Yes,Existing Interconnector CMU,475.2,1.0,Interconnector,2023.0,15.97,2020.0
AMPIL 2 ASSET LIMITED,VILLA3,Yes,Existing Generating CMU,2.849,1.0,Gas,2023.0,15.97,2020.0
URBAN RESERVE (ASSETCO) LIMITED,UR2150,Yes,New Build Generating CMU,2.375,15.0,Gas,2023.0,15.97,2020.0
URBAN RESERVE (ASSETCO) LIMITED,UR2092,Yes,New Build Generating CMU,3.799,15.0,Gas,2023.0,15.97,2020.0
Northwich Power Limited,NORT19,Yes,Existing Generating CMU,5.509,1.0,Gas,2023.0,15.97,2020.0
Alkane Energy UK Limited,AUKWRS,No,Existing Generating CMU,2.07,1.0,Gas,2023.0,15.97,2020.0
Alkane Energy UK Limited,AUKWHT,Yes,Existing Generating CMU,2.066,1.0,Gas,2023.0,15.97,2020.0
Regent Park Energy Limited,ARPMLT,Yes,Existing Generating CMU,4.046,1.0,Coal mine methane,2023.0,15.97,2020.0
Regent Park Energy Limited,ARPACH,Yes,Existing Generating CMU,2.023,1.0,Gas,2023.0,15.97,2020.0
Alkane Energy UK Limited,AUKCM2,Yes,Existing Generating CMU,2.023,1.0,Coal mine methane,2023.0,15.97,2020.0
Alkane Energy UK Limited,AUKCM3,Yes,Existing Generating CMU,4.047,1.0,Coal mine methane,2023.0,15.97,2020.0
Regent Park Energy Limited,ARPDC1,Yes,Existing Generating CMU,9.178,1.0,Gas,2023.0,15.97,2020.0
Alkane Energy UK Limited,AUK022,Yes,Existing Generating CMU,6.224,1.0,Gas,2023.0,15.97,2020.0
Regent Park Energy Limited,ARP023,Yes,Existing Generating CMU,5.042,1.0,Gas,2023.0,15.97,2020.0
Alkane Energy UK Limited,AUK024,Yes,Existing Generating CMU,3.561,1.0,Gas,2023.0,15.97,2020.0
Alkane Energy UK Limited,AUK029,Yes,Existing Generating CMU,9.6,1.0,Gas,2023.0,15.97,2020.0
Regent Park Energy Limited,ARP004,Yes,Existing Generating CMU,5.197,1.0,Gas,2023.0,15.97,2020.0
Regent Park Energy Limited,ARP002,No,Existing Generating CMU,4.381,1.0,Gas,2023.0,15.97,2020.0
Regent Park Energy Limited,ARP005,Yes,Existing Generating CMU,4.605,1.0,Gas,2023.0,15.97,2020.0
Alkane Energy UK Limited,AUK003,No,Existing Generating CMU,2.129,1.0,Gas,2023.0,15.97,2020.0
Flexitricity Limited,F19109,Yes,Existing Generating CMU,2.817,1.0,Gas,2023.0,15.97,2020.0
Flexitricity Limited,F19110,Yes,Existing Generating CMU,2.7,1.0,Gas,2023.0,15.97,2020.0
Flexitricity Limited,F19008,Yes,Existing Generating CMU,5.85,1.0,Gas,2023.0,15.97,2020.0
Flexitricity Limited,F19108,Yes,Existing Generating CMU,3.51,1.0,Gas,2023.0,15.97,2020.0
Flexitricity Limited,F19040,Yes,Proven DSR CMU,3.446,1.0,DSR,2023.0,15.97,2020.0
Flexitricity Limited,F19042,Yes,Proven DSR CMU,11.905,1.0,DSR,2023.0,15.97,2020.0
Flexitricity Limited,F19043,Yes,Proven DSR CMU,11.937,1.0,DSR,2023.0,15.97,2020.0
Flexitricity Limited,F19072,Yes,Proven DSR CMU,2.584,1.0,DSR,2023.0,15.97,2020.0
Flexitricity Limited,F19073,Yes,Proven DSR CMU,3.876,1.0,DSR,2023.0,15.97,2020.0
Flexitricity Limited,F19076,Yes,Proven DSR CMU,8.0,1.0,DSR,2023.0,15.97,2020.0
Flexitricity Limited,F19077,Yes,Proven DSR CMU,4.7,1.0,DSR,2023.0,15.97,2020.0
Flexitricity Limited,F19081,Yes,Proven DSR CMU,5.816,1.0,DSR,2023.0,15.97,2020.0
Flexitricity Limited,F19086,Yes,Unproven DSR CMU,2.584,1.0,DSR,2023.0,15.97,2020.0
Flexitricity Limited,F18001,No,Existing Generating CMU,8.1,1.0,Gas,2023.0,15.97,2020.0
Flexitricity Limited,F18005,Yes,Existing Generating CMU,5.4,1.0,Gas,2023.0,15.97,2020.0
Flexitricity Limited,F18006,No,Existing Generating CMU,12.938,1.0,Gas,2023.0,15.97,2020.0
Flexitricity Limited,F18007,Yes,Existing Generating CMU,3.25,1.0,Gas,2023.0,15.97,2020.0
Flexitricity Limited,F18009,No,Existing Generating CMU,4.05,1.0,Gas,2023.0,15.97,2020.0
Flexitricity Limited,F18010,No,Existing Generating CMU,2.7,1.0,Gas,2023.0,15.97,2020.0
Flexitricity Limited,F18011,Yes,Existing Generating CMU,2.7,1.0,Gas,2023.0,15.97,2020.0
Flexitricity Limited,F18014,Yes,Existing Generating CMU,2.364,1.0,Gas,2023.0,15.97,2020.0
Flexitricity Limited,F18033,Yes,Existing Generating CMU,4.21,1.0,Gas,2023.0,15.97,2020.0
Flexitricity Limited,F18034,Yes,Existing Generating CMU,3.02,1.0,Gas,2023.0,15.97,2020.0
Flexitricity Limited,F18036,Yes,Existing Generating CMU,3.658,1.0,Gas,2023.0,15.97,2020.0
Flexitricity Limited,F18024,Yes,Existing Generating CMU,3.457,1.0,Gas,2023.0,15.97,2020.0
Flexitricity Limited,F19027,Yes,Existing Generating CMU,9.0,1.0,Gas,2023.0,15.97,2020.0
Flexitricity Limited,F19002,Yes,Existing Generating CMU,5.031,1.0,Gas,2023.0,15.97,2020.0
Flexitricity Limited,F19003,Yes,Existing Generating CMU,4.893,1.0,Gas,2023.0,15.97,2020.0
Flexitricity Limited,F19004,Yes,Existing Generating CMU,6.134,1.0,Gas,2023.0,15.97,2020.0
Flexitricity Limited,F19019,Yes,Existing Generating CMU,3.083,1.0,Gas,2023.0,15.97,2020.0
Flexitricity Limited,F19029,Yes,Existing Generating CMU,3.077,1.0,Gas,2023.0,15.97,2020.0
Flexitricity Limited,F19039,Yes,Existing Generating CMU,3.012,1.0,Gas,2023.0,15.97,2020.0
AMBER ENERGY STORAGE XL LIMITED,AMB019,Yes,New Build Generating CMU,20.479,1.0,Storage - Battery,2023.0,15.97,2020.0
Hulley Road Energy Storage Limited,ADSHU2,Yes,Unproven DSR CMU,17.228,1.0,DSR,2023.0,15.97,2020.0
Clayhill Solar Limited,ADSCHL,Yes,Unproven DSR CMU,5.168,1.0,DSR,2023.0,15.97,2020.0
Larport Energy Storage Limited,ADSLA2,Yes,Unproven DSR CMU,16.797,1.0,DSR,2023.0,15.97,2020.0
Lascar Battery Storage Limited,ADSLS1,Yes,Unproven DSR CMU,17.228,1.0,DSR,2023.0,15.97,2020.0
Anesco Battery Solutions Limited,ADABS1,Yes,Unproven DSR CMU,4.652,1.0,DSR,2023.0,15.97,2020.0
Anesco Battery Solutions Limited,ADABS2,Yes,Unproven DSR CMU,4.481,1.0,DSR,2023.0,15.97,2020.0
Kiln Power Limited,KILN19,Yes,Existing Generating CMU,15.006,1.0,Gas,2023.0,15.97,2020.0
Portsdown Power Limited,PORT19,No,New Build Generating CMU,18.806,15.0,Gas,2023.0,15.97,2020.0
Farnborough Power Limited,FARN19,No,New Build Generating CMU,15.007,15.0,Gas,2023.0,15.97,2020.0
Nursling Power Limited,NURS19,No,New Build Generating CMU,18.806,15.0,Gas,2023.0,15.97,2020.0
British Sugar plc,BSBU20,Yes,Existing Generating CMU,55.545,1.0,Gas,2023.0,15.97,2020.0
British Sugar plc,BSWI20,Yes,Existing Generating CMU,41.4,1.0,Gas,2023.0,15.97,2020.0
Baglan Operations Limited,22BG01,No,Refurbishing Generating CMU,495.0,15.0,Gas,2023.0,15.97,2020.0
Baglan Operations Limited,22BG02,No,Existing Generating CMU,30.394,1.0,Gas,2023.0,15.97,2020.0
SOUGH POWER LTD,SOUG23,Yes,New Build Generating CMU,6.649,15.0,Gas,2023.0,15.97,2020.0
INGS LANE POWER LTD,INGS23,Yes,New Build Generating CMU,6.649,15.0,Gas,2023.0,15.97,2020.0
BALANCE POWER PROJECTS LIMITED,END123,Yes,New Build Generating CMU,5.699,15.0,Gas,2023.0,15.97,2020.0
FULSCOT POWER LTD,FULS23,Yes,New Build Generating CMU,7.18,15.0,Gas,2023.0,15.97,2020.0
Whitelaw Brae Windfarm Limited ,WLB001,Yes,New Build Generating CMU,4.229,15.0,Onshore Wind,2023.0,15.97,2020.0
NOTTINGHAM ROAD ENERGY CENTRE LIMITED,SCE004,Yes,New Build Generating CMU,5.699,15.0,Gas,2023.0,15.97,2020.0
Biffa Waste Services Limited,Biffa2,Yes,New Build Generating CMU,31.578,15.0,Waste,2023.0,15.97,2020.0
Loddon Power Limited,LODD19,Yes,Existing Generating CMU,15.007,1.0,Gas,2023.0,15.97,2020.0
Severn Power Limited,22SV20,No,Existing Generating CMU,382.0,1.0,Gas,2023.0,15.97,2020.0
Severn Power Limited,22SV10,No,Existing Generating CMU,382.0,1.0,Gas,2023.0,15.97,2020.0
Cargill PLC,CarGe4,Yes,Existing Generating CMU,27.39,1.0,Gas,2023.0,15.97,2020.0
Wainstones Energy Limited,TRAFH1,No,New Build Generating CMU,810.0,15.0,Gas,2023.0,15.97,2020.0
Clyne Power Limited,CLYN19,Yes,Existing Generating CMU,15.007,1.0,Gas,2023.0,15.97,2020.0
Centrica Business Solutions UK Optimisation Limite,5RES-8,Yes,Proven DSR CMU,2.988,1.0,DSR,2023.0,15.97,2020.0
Centrica Business Solutions UK Optimisation Limite,5RES38,Yes,Existing Generating CMU,2.035,1.0,Gas,2023.0,15.97,2020.0
Centrica Brigg Limited,5RES41,No,New Build Generating CMU,47.49,15.0,Gas,2023.0,15.97,2020.0
Centrica Business Solutions UK Optimisation Limite,5RES39,Yes,Unproven DSR CMU,2.917,1.0,DSR,2023.0,15.97,2020.0
Centrica Business Solutions UK Optimisation Limite,5RES32,Yes,Unproven DSR CMU,10.337,1.0,DSR,2023.0,15.97,2020.0
Centrica Business Solutions UK Optimisation Limite,5RES-5,Yes,Existing Generating CMU,7.131,1.0,Gas,2023.0,15.97,2020.0
Centrica Business Solutions UK Optimisation Limite,5RES27,Yes,Existing Generating CMU,9.781,1.0,Gas,2023.0,15.97,2020.0
Centrica Business Solutions UK Optimisation Limite,5RES25,Yes,Existing Generating CMU,5.36,1.0,Gas,2023.0,15.97,2020.0
Centrica Business Solutions UK Optimisation Limite,5RES26,Yes,Existing Generating CMU,5.731,1.0,Gas,2023.0,15.97,2020.0
Centrica Business Solutions UK Optimisation Limite,5RES31,Yes,Existing Generating CMU,38.7,1.0,Gas,2023.0,15.97,2020.0
Centrica Business Solutions UK Optimisation Limite,5RES-4,No,Existing Generating CMU,6.351,1.0,Gas,2023.0,15.97,2020.0
Centrica Business Solutions UK Optimisation Limite,5RES20,Yes,Existing Generating CMU,35.919,1.0,Gas,2023.0,15.97,2020.0
Centrica Business Solutions UK Optimisation Limite,5RES21,Yes,Existing Generating CMU,5.391,1.0,Gas,2023.0,15.97,2020.0
Centrica PB Limited,5RES15,Yes,Existing Generating CMU,237.396,1.0,Gas,2023.0,15.97,2020.0
Centrica Brigg Limited,5RES-9,No,Existing Generating CMU,94.03,1.0,Gas,2023.0,15.97,2020.0
Centrica Business Solutions UK Optimisation Limite,5RES22,Yes,Existing Generating CMU,5.711,1.0,Gas,2023.0,15.97,2020.0
Centrica Business Solutions UK Optimisation Limite,5RES17,Yes,Existing Generating CMU,7.399,1.0,Gas,2023.0,15.97,2020.0
Ogmore Power Limited,OGMO19,Yes,Existing Generating CMU,15.007,1.0,Gas,2023.0,15.97,2020.0
CSE21 Limited,C21ST0,No,New Build Generating CMU,47.015,15.0,Gas,2023.0,15.97,2020.0
CS12 Limited,C12NT0,No,New Build Generating CMU,47.015,15.0,Gas,2023.0,15.97,2020.0
Hanford Waste Services Limited,Stok19,Yes,Existing Generating CMU,9.182,1.0,Waste,2023.0,15.97,2020.0
COGENERATION SOLUTIONS LIMITED,Cavrd5,Yes,Existing Generating CMU,7.598,1.0,Gas,2023.0,15.97,2020.0
CONRAD ENERGY (DEVELOPMENTS) LIMITED,CDFLB2,Yes,New Build Generating CMU,2.375,15.0,Gas,2023.0,15.97,2020.0
CONRAD ENERGY (DEVELOPMENTS) LIMITED,CDCAE1,Yes,New Build Generating CMU,4.749,15.0,Gas,2023.0,15.97,2020.0
CONRAD ENERGY (DEVELOPMENTS) LIMITED,CDRUN1,Yes,New Build Generating CMU,4.274,15.0,Gas,2023.0,15.97,2020.0
CONRAD ENERGY (DEVELOPMENTS) LIMITED,CDAPP1,Yes,New Build Generating CMU,4.749,15.0,Gas,2023.0,15.97,2020.0
Conrad (Ampthill) Limited,CDAMP2,Yes,New Build Generating CMU,5.699,15.0,Gas,2023.0,15.97,2020.0
Conrad (Matching) Limited,CDMAT2,Yes,New Build Generating CMU,5.699,15.0,Gas,2023.0,15.97,2020.0
Conrad (Flint) Limited,CDFLI2,Yes,New Build Generating CMU,4.749,15.0,Gas,2023.0,15.97,2020.0
Sittingbourne Power Limited,SITTI2,Yes,New Build Generating CMU,11.398,15.0,Gas,2023.0,15.97,2020.0
Blackwater Power Limited ,BL2019,Yes,New Build Generating CMU,13.107,15.0,Gas,2023.0,15.97,2020.0
Thundersley Power Limited ,TH2019,Yes,New Build Generating CMU,13.107,15.0,Gas,2023.0,15.97,2020.0
Conrad (Sandycroft) Limited,CDSDC2,Yes,New Build Generating CMU,4.749,15.0,Gas,2023.0,15.97,2020.0
Conrad (Calne) Limited,CDCAL2,Yes,New Build Generating CMU,5.699,15.0,Gas,2023.0,15.97,2020.0
CONRAD ENERGY (DEVELOPMENTS) LIMITED,CDYEO2,Yes,New Build Generating CMU,14.247,15.0,Gas,2023.0,15.97,2020.0
CONRAD ENERGY (DEVELOPMENTS) LIMITED,CDWOO2,No,New Build Generating CMU,6.174,15.0,Gas,2023.0,15.97,2020.0
CONRAD ENERGY (DEVELOPMENTS) LIMITED,CDPLY2,Yes,New Build Generating CMU,4.749,15.0,Gas,2023.0,15.97,2020.0
CONRAD ENERGY (DEVELOPMENTS) LIMITED,CDLAG2,Yes,New Build Generating CMU,4.037,15.0,Gas,2023.0,15.97,2020.0
CONRAD ENERGY (DEVELOPMENTS) LIMITED,CDWHI2,Yes,New Build Generating CMU,7.124,15.0,Gas,2023.0,15.97,2020.0
CONRAD ENERGY (DEVELOPMENTS) LIMITED,CDLOW2,Yes,New Build Generating CMU,7.124,15.0,Gas,2023.0,15.97,2020.0
CONRAD ENERGY (DEVELOPMENTS) LIMITED,CDFOR2,Yes,New Build Generating CMU,3.799,15.0,Gas,2023.0,15.97,2020.0
CONRAD ENERGY (DEVELOPMENTS) LIMITED,CDSUN2,No,New Build Generating CMU,4.749,15.0,Gas,2023.0,15.97,2020.0
CONRAD ENERGY (DEVELOPMENTS) LIMITED,CDNES2,No,New Build Generating CMU,1.9,15.0,Gas,2023.0,15.97,2020.0
CONRAD ENERGY (DEVELOPMENTS) LIMITED,CDHAW2,Yes,New Build Generating CMU,2.375,15.0,Gas,2023.0,15.97,2020.0
CONRAD ENERGY (DEVELOPMENTS) LIMITED,CDWRA2,Yes,New Build Generating CMU,4.749,15.0,Gas,2023.0,15.97,2020.0
CONRAD ENERGY (DEVELOPMENTS) LIMITED,CDWRB2,Yes,New Build Generating CMU,4.654,15.0,Gas,2023.0,15.97,2020.0
Conrad (Dunkeswell) Limited,CDDUN2,No,New Build Generating CMU,1.738,15.0,Storage - Battery,2023.0,15.97,2020.0
Conrad (Dunkeswell) Limited,CDDKB2,No,New Build Generating CMU,1.159,15.0,Storage - Battery,2023.0,15.97,2020.0
Tata Steel UK Limited,TS19_4,No,Existing Generating CMU,18.356,1.0,Gas,2023.0,15.97,2020.0
Riverside Resource Recovery Limited,RRRF21,Yes,Existing Generating CMU,62.979,1.0,Waste,2023.0,15.97,2020.0
Distributed Generators Limited,elms03,Yes,Existing Generating CMU,4.749,1.0,Gas,2023.0,15.97,2020.0
Drax Power Limited,DX0519,No,Existing Generating CMU,547.881,1.0,Coal,2023.0,15.97,2020.0
Drax Generation Enterprise Limited,DX19KE,Yes,Existing Generating CMU,21.516,1.0,Hydro,2023.0,15.97,2020.0
Drax Generation Enterprise Limited,DX19GL,Yes,Existing Generating CMU,21.516,1.0,Hydro,2023.0,15.97,2020.0
Drax Generation Enterprise Limited,DX19TO,Yes,Existing Generating CMU,29.586,1.0,Hydro,2023.0,15.97,2020.0
Drax Generation Enterprise Limited,DX19DC,Yes,Existing Generating CMU,724.5,1.0,Gas,2023.0,15.97,2020.0
Drax Power Limited,DX0919,Yes,Existing Generating CMU,30.394,1.0,Distillate,2023.0,15.97,2020.0
Drax Power Limited,DX1019,Yes,Existing Generating CMU,30.394,1.0,Distillate,2023.0,15.97,2020.0
Drax Power Limited,DX1219,Yes,Existing Generating CMU,30.394,1.0,Distillate,2023.0,15.97,2020.0
Progress Power Limited,PPL_19,No,New Build Generating CMU,283.99,15.0,Gas,2023.0,15.97,2020.0
Hirwaun Power Limited,HPL_19,No,New Build Generating CMU,283.99,15.0,Gas,2023.0,15.97,2020.0
Drax Generation Enterprise Limited,DX19RH,Yes,Existing Generating CMU,643.5,1.0,Gas,2023.0,15.97,2020.0
Drax Generation Enterprise Limited,DX19SH,Yes,Existing Generating CMU,382.5,1.0,Gas,2023.0,15.97,2020.0
Drax Generation Enterprise Limited,19CRU1,Yes,Existing Generating CMU,114.096,1.0,Storage - Pumped,2023.0,15.97,2020.0
Drax Generation Enterprise Limited,19CRU2,Yes,Existing Generating CMU,114.096,1.0,Storage - Pumped,2023.0,15.97,2020.0
Drax Generation Enterprise Limited,19CRU3,Yes,Existing Generating CMU,95.08,1.0,Storage - Pumped,2023.0,15.97,2020.0
Drax Generation Enterprise Limited,19CRU4,Yes,Existing Generating CMU,95.08,1.0,Storage - Pumped,2023.0,15.97,2020.0
Millbrook Power Limited,MPL_19,No,New Build Generating CMU,283.99,15.0,Gas,2023.0,15.97,2020.0
Abergelli Power Limited,APL_19,No,New Build Generating CMU,283.99,15.0,Gas,2023.0,15.97,2020.0
Drax Generation Enterprise Limited,DX19BL,No,Existing Generating CMU,54.0,1.0,Gas,2023.0,15.97,2020.0
Drax Generation Enterprise Limited,DX19D2,No,New Build Generating CMU,1620.0,15.0,Gas,2023.0,15.97,2020.0
Citigen (London) Limited,CIT003,Yes,Existing Generating CMU,7.594,1.0,Gas,2023.0,15.97,2020.0
E.ON UK Plc,BVC001,Yes,Existing Generating CMU,3.471,1.0,Gas,2023.0,15.97,2020.0
E.ON UK Plc,DSR064,Yes,Unproven DSR CMU,2.5,1.0,DSR,2023.0,15.97,2020.0
E.ON UK Plc,DSR066,Yes,Unproven DSR CMU,18.0,1.0,DSR,2023.0,15.97,2020.0
E.ON UK Plc,DSR069,Yes,Unproven DSR CMU,2.0,1.0,DSR,2023.0,15.97,2020.0
E.ON UK Plc,DSR063,Yes,Unproven DSR CMU,2.4,1.0,DSR,2023.0,15.97,2020.0
E.ON UK Plc,DSR070,Yes,Unproven DSR CMU,8.0,1.0,DSR,2023.0,15.97,2020.0
E.ON UK Plc,DSR071,Yes,Unproven DSR CMU,23.0,1.0,DSR,2023.0,15.97,2020.0
E.ON UK Plc,DSR072,Yes,Unproven DSR CMU,2.0,1.0,DSR,2023.0,15.97,2020.0
E.ON UK Plc,DSR060,Yes,Proven DSR CMU,3.5,1.0,DSR,2023.0,15.97,2020.0
E.ON UK Plc,DSR061,Yes,Proven DSR CMU,4.0,1.0,DSR,2023.0,15.97,2020.0
E.ON UK Plc,DSR062,Yes,Proven DSR CMU,8.0,1.0,DSR,2023.0,15.97,2020.0
E.ON UK Plc,DSR074,Yes,Unproven DSR CMU,2.0,1.0,DSR,2023.0,15.97,2020.0
E.ON UK Plc,DSR075,Yes,Unproven DSR CMU,4.0,1.0,DSR,2023.0,15.97,2020.0
E.ON UK Plc,DSR076,Yes,Unproven DSR CMU,6.0,1.0,DSR,2023.0,15.97,2020.0
E.ON UK Plc,DSR077,No,Unproven DSR CMU,25.0,1.0,DSR,2023.0,15.97,2020.0
E.ON UK Plc,DSR078,Yes,Unproven DSR CMU,12.0,1.0,DSR,2023.0,15.97,2020.0
E.ON UK Plc,DSR079,Yes,Unproven DSR CMU,5.0,1.0,DSR,2023.0,15.97,2020.0
E.ON UK Plc,DSR080,Yes,Unproven DSR CMU,25.0,1.0,DSR,2023.0,15.97,2020.0
E.ON UK Plc,DSR081,Yes,Unproven DSR CMU,2.0,1.0,DSR,2023.0,15.97,2020.0
E.ON UK Plc,DSR082,Yes,Unproven DSR CMU,6.0,1.0,DSR,2023.0,15.97,2020.0
E.ON UK Plc,DSR083,Yes,Unproven DSR CMU,2.0,1.0,DSR,2023.0,15.97,2020.0
E.ON UK Plc,DSR084,Yes,Unproven DSR CMU,2.5,1.0,DSR,2023.0,15.97,2020.0
E.ON UK CHP Limited,POL003,Yes,Existing Generating CMU,27.526,1.0,Gas,2023.0,15.97,2020.0
E.ON UK Plc,QMC002,Yes,Existing Generating CMU,4.26,1.0,Gas,2023.0,15.97,2020.0
E.ON UK Plc,CEN005,Yes,Existing Generating CMU,1.977,1.0,Gas,2023.0,15.97,2020.0
E.ON UK Plc,AGG001,Yes,Existing Generating CMU,2.598,1.0,Gas,2023.0,15.97,2020.0
E.ON UK Plc,OSG003,No,Existing Generating CMU,2.44,1.0,Gas,2023.0,15.97,2020.0
E.ON UK Plc,CEN006,Yes,Existing Generating CMU,2.487,1.0,Gas,2023.0,15.97,2020.0
Johnsons Generators Limited,SHE22A,Yes,New Build Generating CMU,18.996,15.0,Gas,2023.0,15.97,2020.0
EDF Energy Nuclear Generation Limited,TN2-19,Yes,Existing Generating CMU,522.167,1.0,Nuclear,2023.0,15.97,2020.0
EDF Energy (Thermal Generation) Limited,WA1-19,No,Existing Generating CMU,428.793,1.0,Coal,2023.0,15.97,2020.0
EDF Energy (Thermal Generation) Limited,WA2-19,No,Existing Generating CMU,428.964,1.0,Coal,2023.0,15.97,2020.0
EDF Energy (Thermal Generation) Limited,WB1-19,Yes,Existing Generating CMU,415.35,1.0,Gas,2023.0,15.97,2020.0
EDF Energy (Thermal Generation) Limited,WB2-19,Yes,Existing Generating CMU,415.35,1.0,Gas,2023.0,15.97,2020.0
EDF Energy (Thermal Generation) Limited,WG1-19,No,Existing Generating CMU,18.996,1.0,Distillate,2023.0,15.97,2020.0
EDF Energy (Thermal Generation) Limited,WG4-19,No,Existing Generating CMU,18.996,1.0,Distillate,2023.0,15.97,2020.0
EDF Energy (Thermal Generation) Limited,WB3-19,Yes,Existing Generating CMU,415.35,1.0,Gas,2023.0,15.97,2020.0
EDF Energy (Thermal Generation) Limited,WA3-19,No,Existing Generating CMU,428.964,1.0,Coal,2023.0,15.97,2020.0
EDF Energy (Thermal Generation) Limited,WA4-19,No,Existing Generating CMU,429.05,1.0,Coal,2023.0,15.97,2020.0
EDF Energy Nuclear Generation Limited,DN2119,Yes,Existing Generating CMU,445.922,1.0,Nuclear,2023.0,15.97,2020.0
EDF Energy Nuclear Generation Limited,DN2219,Yes,Existing Generating CMU,449.388,1.0,Nuclear,2023.0,15.97,2020.0
EDF Energy Nuclear Generation Limited,HR1-19,No,Existing Generating CMU,497.933,1.0,Nuclear,2023.0,15.97,2020.0
EDF Energy Nuclear Generation Limited,HR2-19,No,Existing Generating CMU,498.513,1.0,Nuclear,2023.0,15.97,2020.0
EDF Energy Nuclear Generation Limited,HY1119,No,Existing Generating CMU,483.259,1.0,Nuclear,2023.0,15.97,2020.0
EDF Energy Nuclear Generation Limited,HY1219,No,Existing Generating CMU,468.639,1.0,Nuclear,2023.0,15.97,2020.0
EDF Energy Nuclear Generation Limited,HY2719,Yes,Existing Generating CMU,522.884,1.0,Nuclear,2023.0,15.97,2020.0
EDF Energy Nuclear Generation Limited,HY2819,Yes,Existing Generating CMU,521.302,1.0,Nuclear,2023.0,15.97,2020.0
EDF Energy Nuclear Generation Limited,SZ1-19,Yes,Existing Generating CMU,500.315,1.0,Nuclear,2023.0,15.97,2020.0
EDF Energy Nuclear Generation Limited,SZ2-19,Yes,Existing Generating CMU,500.315,1.0,Nuclear,2023.0,15.97,2020.0
EDF Energy Nuclear Generation Limited,TN1-19,Yes,Existing Generating CMU,508.907,1.0,Nuclear,2023.0,15.97,2020.0
EDF Energy Customers Limited,DR204B,Yes,Unproven DSR CMU,7.5,1.0,DSR,2023.0,15.97,2020.0
EDF Energy Customers Limited,DR204C,Yes,Unproven DSR CMU,4.307,1.0,DSR,2023.0,15.97,2020.0
EDF Energy Customers Limited,DR204D,Yes,Unproven DSR CMU,4.307,1.0,DSR,2023.0,15.97,2020.0
EDF Energy Customers Limited,DR204E,No,Unproven DSR CMU,4.307,1.0,DSR,2023.0,15.97,2020.0
EDF Energy Customers Limited,DR204F,No,Unproven DSR CMU,4.307,1.0,DSR,2023.0,15.97,2020.0
EDF Energy Customers Limited,DR204G,No,Unproven DSR CMU,4.307,1.0,DSR,2023.0,15.97,2020.0
EDF Energy Customers Limited,DR204H,No,Unproven DSR CMU,8.614,1.0,DSR,2023.0,15.97,2020.0
EDF Energy Customers Limited,DR204I,No,Unproven DSR CMU,8.614,1.0,DSR,2023.0,15.97,2020.0
EDF Energy Customers Limited,DR204J,No,Unproven DSR CMU,8.614,1.0,DSR,2023.0,15.97,2020.0
EDF Energy Customers Limited,DR204K,No,Unproven DSR CMU,8.614,1.0,DSR,2023.0,15.97,2020.0
EDF Energy Customers Limited,DR204A,Yes,Unproven DSR CMU,5.338,1.0,DSR,2023.0,15.97,2020.0
Winchester Power Limited,WINP23,Yes,Unproven DSR CMU,8.614,1.0,DSR,2023.0,15.97,2020.0
Rock Energy Storage Limited,ROCK23,Yes,Proven DSR CMU,16.438,1.0,DSR,2023.0,15.97,2020.0
EELPOWER (OPCO6) LIMITED,WORM23,Yes,Unproven DSR CMU,6.891,1.0,DSR,2023.0,15.97,2020.0
EirGrid Interconnector Designated Activity Company,EWIC18,Yes,Existing Interconnector CMU,220.0,1.0,Interconnector,2023.0,15.97,2020.0
TYNEMOUTH ENERGY STORAGE LIMITED,ENEL02,No,Existing Generating CMU,2.53,1.0,Storage - Battery,2023.0,15.97,2020.0
Enel X UK Limited,NDSR66,Yes,Unproven DSR CMU,21.535,1.0,DSR,2023.0,15.97,2020.0
Enel X UK Limited,NDSR67,Yes,Unproven DSR CMU,21.535,1.0,DSR,2023.0,15.97,2020.0
Enel X UK Limited,NDSR68,No,Unproven DSR CMU,21.535,1.0,DSR,2023.0,15.97,2020.0
Enel X UK Limited,NDSR69,No,Unproven DSR CMU,21.535,1.0,DSR,2023.0,15.97,2020.0
Enel X UK Limited,NDSR70,No,Unproven DSR CMU,21.535,1.0,DSR,2023.0,15.97,2020.0
Enel X UK Limited,NDSR71,No,Unproven DSR CMU,21.535,1.0,DSR,2023.0,15.97,2020.0
Enel X UK Limited,NDSR72,No,Unproven DSR CMU,21.535,1.0,DSR,2023.0,15.97,2020.0
Enel X UK Limited,NDSR73,No,Unproven DSR CMU,21.535,1.0,DSR,2023.0,15.97,2020.0
Enel X UK Limited,NDSR74,No,Unproven DSR CMU,21.535,1.0,DSR,2023.0,15.97,2020.0
Enel X UK Limited,NGEN33,Yes,Existing Generating CMU,3.997,1.0,Gas,2023.0,15.97,2020.0
Enel X UK Limited,NGEN34,Yes,Existing Generating CMU,3.6,1.0,Gas,2023.0,15.97,2020.0
Enel X UK Limited,NGEN24,Yes,Existing Generating CMU,5.261,1.0,Gas,2023.0,15.97,2020.0
Enel X UK Limited,NGEN25,Yes,Existing Generating CMU,5.208,1.0,Gas,2023.0,15.97,2020.0
Enel X UK Limited,NGEN32,Yes,Existing Generating CMU,5.5,1.0,Gas,2023.0,15.97,2020.0
Enel X UK Limited,NDSR47,Yes,Unproven DSR CMU,21.535,1.0,DSR,2023.0,15.97,2020.0
Enel X UK Limited,NDSR48,Yes,Unproven DSR CMU,21.535,1.0,DSR,2023.0,15.97,2020.0
Enel X UK Limited,NDSR49,Yes,Unproven DSR CMU,21.535,1.0,DSR,2023.0,15.97,2020.0
Enel X UK Limited,NDSR50,Yes,Unproven DSR CMU,21.535,1.0,DSR,2023.0,15.97,2020.0
Enel X UK Limited,NDSR51,Yes,Unproven DSR CMU,21.535,1.0,DSR,2023.0,15.97,2020.0
Enel X UK Limited,NDSR52,Yes,Unproven DSR CMU,21.535,1.0,DSR,2023.0,15.97,2020.0
Enel X UK Limited,NDSR53,Yes,Unproven DSR CMU,21.535,1.0,DSR,2023.0,15.97,2020.0
Enel X UK Limited,NDSR54,Yes,Unproven DSR CMU,21.535,1.0,DSR,2023.0,15.97,2020.0
Enel X UK Limited,NDSR55,Yes,Unproven DSR CMU,21.535,1.0,DSR,2023.0,15.97,2020.0
Enel X UK Limited,NDSR56,Yes,Unproven DSR CMU,21.535,1.0,DSR,2023.0,15.97,2020.0
Enel X UK Limited,NDSR57,Yes,Unproven DSR CMU,21.535,1.0,DSR,2023.0,15.97,2020.0
Enel X UK Limited,NDSR58,Yes,Unproven DSR CMU,21.535,1.0,DSR,2023.0,15.97,2020.0
Enel X UK Limited,NDSR59,Yes,Unproven DSR CMU,21.535,1.0,DSR,2023.0,15.97,2020.0
Enel X UK Limited,NDSR60,Yes,Unproven DSR CMU,21.535,1.0,DSR,2023.0,15.97,2020.0
Enel X UK Limited,NDSR61,Yes,Unproven DSR CMU,21.535,1.0,DSR,2023.0,15.97,2020.0
Enel X UK Limited,NDSR62,Yes,Unproven DSR CMU,21.535,1.0,DSR,2023.0,15.97,2020.0
Enel X UK Limited,NDSR63,Yes,Unproven DSR CMU,21.535,1.0,DSR,2023.0,15.97,2020.0
Enel X UK Limited,NDSR64,Yes,Unproven DSR CMU,21.535,1.0,DSR,2023.0,15.97,2020.0
Enel X UK Limited,NDSR65,Yes,Unproven DSR CMU,21.535,1.0,DSR,2023.0,15.97,2020.0
East London Energy Limited ,CES106,Yes,Existing Generating CMU,2.603,1.0,Gas,2023.0,15.97,2020.0
Birmingham District Energy Company Limited,CES310,Yes,Existing Generating CMU,2.58,1.0,Gas,2023.0,15.97,2020.0
Birmingham District Energy Company Limited,CES410,Yes,Existing Generating CMU,1.881,1.0,Gas,2023.0,15.97,2020.0
Leicester District Energy Company Limited,CES208,Yes,Existing Generating CMU,4.123,1.0,Gas,2023.0,15.97,2020.0
East London Energy Limited ,CES107,Yes,Existing Generating CMU,5.254,1.0,Gas,2023.0,15.97,2020.0
Excel District Energy Company Limited,CES204,Yes,Existing Generating CMU,2.268,1.0,Gas,2023.0,15.97,2020.0
Southampton Geothermal Heating Company Limited,CES209,Yes,Existing Generating CMU,6.061,1.0,Gas,2023.0,15.97,2020.0
EP SHB Limited,EPSHBA,Yes,Existing Generating CMU,1260.0,1.0,Gas,2023.0,15.97,2020.0
EP UK Power Development Ltd,KLNB23,No,New Build Generating CMU,1530.0,15.0,Gas,2023.0,15.97,2020.0
EP Langage Limited,EPLAGA,Yes,Existing Generating CMU,814.5,1.0,Gas,2023.0,15.97,2020.0
ESB SOLAR (NORTHERN IRELAND) LIMITED,MFARM1,Yes,Existing Generating CMU,1.43,1.0,Storage - Battery,2023.0,15.97,2020.0
Carrington Power Limited,CGTN02,Yes,Existing Generating CMU,413.16,1.0,Gas,2023.0,15.97,2020.0
Carrington Power Limited,CGTN01,Yes,Existing Generating CMU,409.68,1.0,Gas,2023.0,15.97,2020.0
Corby Power Limited,CRBY-2,No,New Build Generating CMU,303.936,15.0,Gas,2023.0,15.97,2020.0
St Asaph Power Limited,STAS19,Yes,Existing Generating CMU,15.007,1.0,Gas,2023.0,15.97,2020.0
Fishpond Energy Limited,ASH019,Yes,New Build Generating CMU,9.0,15.0,Gas,2023.0,15.97,2020.0
"ESSO PETROLEUM COMPANY,LIMITED",EMG-19,Yes,Existing Generating CMU,124.599,1.0,Gas,2023.0,15.97,2020.0
"ESSO PETROLEUM COMPANY,LIMITED",EMD-19,Yes,Existing Generating CMU,71.816,1.0,Gas,2023.0,15.97,2020.0
FCC (E&M) Limited,FCCMI1,Yes,Existing Generating CMU,12.872,1.0,Waste,2023.0,15.97,2020.0
FCC Buckinghamshire Limited,FCCBU2,Yes,Existing Generating CMU,23.34,1.0,Waste,2023.0,15.97,2020.0
First Hydro Company,FFES3R,Yes,Refurbishing Generating CMU,85.572,1.0,Storage - Pumped,2023.0,15.97,2020.0
First Hydro Company,FFES4R,Yes,Refurbishing Generating CMU,85.572,1.0,Storage - Pumped,2023.0,15.97,2020.0
First Hydro Company,D1_194,Yes,Existing Generating CMU,274.021,1.0,Storage - Pumped,2023.0,15.97,2020.0
First Hydro Company,D2_194,Yes,Existing Generating CMU,274.021,1.0,Storage - Pumped,2023.0,15.97,2020.0
First Hydro Company,D3_194,Yes,Existing Generating CMU,273.989,1.0,Storage - Pumped,2023.0,15.97,2020.0
First Hydro Company,D4_194,Yes,Existing Generating CMU,273.989,1.0,Storage - Pumped,2023.0,15.97,2020.0
First Hydro Company,D5_194,Yes,Existing Generating CMU,273.989,1.0,Storage - Pumped,2023.0,15.97,2020.0
First Hydro Company,D6_194,Yes,Existing Generating CMU,273.989,1.0,Storage - Pumped,2023.0,15.97,2020.0
FLINT TO CELL LIMITED,Finwy3,Yes,Existing Generating CMU,4.749,1.0,Gas,2023.0,15.97,2020.0
FS NEVENDON LIMITED,NEV462,Yes,Existing Generating CMU,1.012,1.0,Storage - Battery,2023.0,15.97,2020.0
Drumcross Generation Limited ,SPWR53,No,New Build Generating CMU,18.901,15.0,Gas,2023.0,15.97,2020.0
Erskine Generation Limited ,SPWR76,Yes,New Build Generating CMU,18.901,15.0,Gas,2023.0,15.97,2020.0
Abercorn Road Generation Limited ,SPWR56,No,New Build Generating CMU,18.996,15.0,Gas,2023.0,15.97,2020.0
Belleknowes Generation Limited,SPWR59,No,New Build Generating CMU,18.901,15.0,Gas,2023.0,15.97,2020.0
Caledon Green Generation Limited ,SPWR61,Yes,New Build Generating CMU,18.901,15.0,Gas,2023.0,15.97,2020.0
Claverhouse Generation Limited ,SPWR68,No,New Build Generating CMU,18.901,15.0,Gas,2023.0,15.97,2020.0
Hartmoor Holdings Limited,SPWR82,Yes,New Build Generating CMU,8.548,15.0,Gas,2023.0,15.97,2020.0
Carrington Generation Limited,SPWR74,Yes,New Build Generating CMU,37.992,15.0,Gas,2023.0,15.97,2020.0
Gas Generation Coatbridge Limited,COA004,Yes,New Build Generating CMU,18.996,15.0,Gas,2023.0,15.97,2020.0
Gas Generation Retford Road Limited,RET003,Yes,New Build Generating CMU,18.996,15.0,Gas,2023.0,15.97,2020.0
KiWi Power Ltd,KIWI83,No,Unproven DSR CMU,29.744,1.0,DSR,2023.0,15.97,2020.0
KiWi Power Ltd,KIWI84,No,Unproven DSR CMU,29.744,1.0,DSR,2023.0,15.97,2020.0
KiWi Power Ltd,KIWI87,No,Unproven DSR CMU,19.829,1.0,DSR,2023.0,15.97,2020.0
KiWi Power Ltd,KIWI88,Yes,Unproven DSR CMU,11.898,1.0,DSR,2023.0,15.97,2020.0
KiWi Power Ltd,KPDR04,Yes,Unproven DSR CMU,29.744,1.0,DSR,2023.0,15.97,2020.0
KiWi Power Ltd,KPDR06,Yes,Unproven DSR CMU,16.855,1.0,DSR,2023.0,15.97,2020.0
KiWi Power Ltd,KPDR12,No,Proven DSR CMU,26.703,1.0,DSR,2023.0,15.97,2020.0
KiWi Power Ltd,KPDR13,Yes,Proven DSR CMU,14.377,1.0,DSR,2023.0,15.97,2020.0
KiWi Power Ltd,KPEG42,Yes,Existing Generating CMU,1.863,1.0,Gas,2023.0,15.97,2020.0
KiWi Power Ltd,KPEG47,Yes,Existing Generating CMU,3.638,1.0,Gas,2023.0,15.97,2020.0
KiWi Power Ltd,KPEG48,Yes,Existing Generating CMU,3.306,1.0,Gas,2023.0,15.97,2020.0
KiWi Power Ltd,KPEG49,Yes,Existing Generating CMU,3.013,1.0,Gas,2023.0,15.97,2020.0
KiWi Power Ltd,KIWI73,No,Unproven DSR CMU,9.915,1.0,DSR,2023.0,15.97,2020.0
KiWi Power Ltd,KIWI75,No,Unproven DSR CMU,29.744,1.0,DSR,2023.0,15.97,2020.0
KiWi Power Ltd,KIWI78,Yes,Unproven DSR CMU,11.898,1.0,DSR,2023.0,15.97,2020.0
ElecLink Limited,ElecL4,Yes,New Build Interconnector CMU,690.0,1.0,Interconnector,2023.0,15.97,2020.0
Ornate Power Limited,VI6026,No,New Build Generating CMU,18.996,15.0,Gas,2023.0,15.97,2020.0
Glass Leaf Power Limited,BRAN19,Yes,Existing Generating CMU,3.0,1.0,Gas,2023.0,15.97,2020.0
GREEN PEAK GENERATION LIMITED,Lilly5,Yes,Existing Generating CMU,7.124,1.0,Gas,2023.0,15.97,2020.0
Greenspan Nifty Fifty Limited,WPKA03,Yes,New Build Generating CMU,3.799,1.0,Gas,2023.0,15.97,2020.0
Greenspan Nifty Fifty Limited,WPKB03,Yes,New Build Generating CMU,3.799,1.0,Gas,2023.0,15.97,2020.0
Greenspan Contractors Limited,ABCN03,Yes,Existing Generating CMU,3.799,1.0,Gas,2023.0,15.97,2020.0
GridBeyond Limited,END029,Yes,Unproven DSR CMU,5.817,1.0,DSR,2023.0,15.97,2020.0
GridBeyond Limited,END030,Yes,Unproven DSR CMU,9.107,1.0,DSR,2023.0,15.97,2020.0
GridBeyond Limited,END031,Yes,Unproven DSR CMU,4.347,1.0,DSR,2023.0,15.97,2020.0
GridBeyond Limited,END032,Yes,Unproven DSR CMU,3.062,1.0,DSR,2023.0,15.97,2020.0
GridBeyond Limited,GBD010,Yes,Existing Generating CMU,5.001,1.0,Gas,2023.0,15.97,2020.0
GridBeyond Limited,END005,Yes,Unproven DSR CMU,3.291,1.0,DSR,2023.0,15.97,2020.0
GridBeyond Limited,END006,Yes,Unproven DSR CMU,5.97,1.0,DSR,2023.0,15.97,2020.0
GridBeyond Limited,END008,Yes,Unproven DSR CMU,4.307,1.0,DSR,2023.0,15.97,2020.0
GridBeyond Limited,END009,Yes,Unproven DSR CMU,3.678,1.0,DSR,2023.0,15.97,2020.0
GridBeyond Limited,END010,Yes,Unproven DSR CMU,3.378,1.0,DSR,2023.0,15.97,2020.0
GridBeyond Limited,END013,Yes,Unproven DSR CMU,4.307,1.0,DSR,2023.0,15.97,2020.0
GridBeyond Limited,END015,Yes,Unproven DSR CMU,3.446,1.0,DSR,2023.0,15.97,2020.0
GridBeyond Limited,END016,Yes,Unproven DSR CMU,3.446,1.0,DSR,2023.0,15.97,2020.0
GridBeyond Limited,END017,Yes,Unproven DSR CMU,3.446,1.0,DSR,2023.0,15.97,2020.0
GridBeyond Limited,END018,Yes,Unproven DSR CMU,3.446,1.0,DSR,2023.0,15.97,2020.0
GridBeyond Limited,END014,Yes,Unproven DSR CMU,3.446,1.0,DSR,2023.0,15.97,2020.0
GridBeyond Limited,GBD001,Yes,Proven DSR CMU,2.84,1.0,DSR,2023.0,15.97,2020.0
GridBeyond Limited,END027,Yes,Unproven DSR CMU,4.947,1.0,DSR,2023.0,15.97,2020.0
GridBeyond Limited,END028,Yes,Unproven DSR CMU,6.017,1.0,DSR,2023.0,15.97,2020.0
GridReserve Ltd,BBBS19,Yes,New Build Generating CMU,6.109,15.0,Storage - Battery,2023.0,15.97,2020.0
RYDBERG DEVELOPMENT COMPANY LIMITED,KEND11,No,New Build Generating CMU,18.996,15.0,Gas,2023.0,15.97,2020.0
RYDBERG DEVELOPMENT COMPANY LIMITED,EXCA04,Yes,New Build Generating CMU,5.699,15.0,Gas,2023.0,15.97,2020.0
RYDBERG DEVELOPMENT COMPANY LIMITED,SUND04,Yes,New Build Generating CMU,5.699,15.0,Gas,2023.0,15.97,2020.0
RYDBERG DEVELOPMENT COMPANY LIMITED,SUTT13,No,New Build Generating CMU,3.799,15.0,Gas,2023.0,15.97,2020.0
RYDBERG DEVELOPMENT COMPANY LIMITED,SUTT14,No,New Build Generating CMU,7.598,15.0,Gas,2023.0,15.97,2020.0
RYDBERG DEVELOPMENT COMPANY LIMITED,MERL10,No,New Build Generating CMU,9.498,15.0,Gas,2023.0,15.97,2020.0
RYDBERG DEVELOPMENT COMPANY LIMITED,MARY05,No,New Build Generating CMU,7.598,15.0,Gas,2023.0,15.97,2020.0
RYDBERG DEVELOPMENT COMPANY LIMITED,PETE04,Yes,New Build Generating CMU,3.799,15.0,Gas,2023.0,15.97,2020.0
HC ESS4 Limited,LONG19,Yes,New Build Generating CMU,10.011,15.0,Storage - Battery,2023.0,15.97,2020.0
HC ESS6 Limited,WKMK19,Yes,New Build Generating CMU,10.215,15.0,Storage - Battery,2023.0,15.97,2020.0
GH ESS7 LIMITED,TH2C19,Yes,New Build Generating CMU,4.086,15.0,Storage - Battery,2023.0,15.97,2020.0
HC ESS7 Limited,TH5C19,Yes,New Build Generating CMU,10.215,15.0,Storage - Battery,2023.0,15.97,2020.0
HD001KIR LTD,KIRK22,Yes,New Build Generating CMU,47.015,15.0,Gas,2023.0,15.97,2020.0
HD888CAP LIMITED,CAPN22,No,New Build Generating CMU,47.015,15.0,Gas,2023.0,15.97,2020.0
Grangemouth CHP Limited,GCHPLB,Yes,Existing Generating CMU,127.8,1.0,Gas,2023.0,15.97,2020.0
NPOWER LIMITED ,EHQ002,Yes,Unproven DSR CMU,8.614,1.0,DSR,2023.0,15.97,2020.0
NPOWER LIMITED ,EHQ003,Yes,Unproven DSR CMU,8.614,1.0,DSR,2023.0,15.97,2020.0
NPOWER LIMITED ,EHQ004,Yes,Unproven DSR CMU,8.614,1.0,DSR,2023.0,15.97,2020.0
NPOWER LIMITED ,EHQ013,Yes,Existing Generating CMU,0.817,1.0,Storage - Battery,2023.0,15.97,2020.0
NPOWER LIMITED ,EHQ005,Yes,Unproven DSR CMU,4.307,1.0,DSR,2023.0,15.97,2020.0
NPOWER LIMITED ,EHQ006,Yes,Unproven DSR CMU,4.307,1.0,DSR,2023.0,15.97,2020.0
NPOWER LIMITED ,EHQ007,Yes,Unproven DSR CMU,4.307,1.0,DSR,2023.0,15.97,2020.0
INOVYN ChlorVinyls Limited,VID100,Yes,Existing Generating CMU,40.331,1.0,Waste,2023.0,15.97,2020.0
INOVYN ChlorVinyls Limited,INO200,Yes,Unproven DSR CMU,43.07,1.0,DSR,2023.0,15.97,2020.0
INOVYN ChlorVinyls Limited,INV100,Yes,Existing Generating CMU,9.09,1.0,Gas,2023.0,15.97,2020.0
Gateway Energy Centre Limited,GECL19,No,New Build Generating CMU,284.931,15.0,Gas,2023.0,15.97,2020.0
"Coryton Energy Company, Ltd.",IGCE19,Yes,Existing Generating CMU,720.0,1.0,Gas,2023.0,15.97,2020.0
"Spalding Energy Company, Ltd.",IGSP19,Yes,Existing Generating CMU,855.0,1.0,Gas,2023.0,15.97,2020.0
"Rocksavage Power Company, Ltd.",IGRK19,Yes,Existing Generating CMU,747.0,1.0,Gas,2023.0,15.97,2020.0
AEROSPACE ENERGY UK LIMITED,AeroCM,Yes,Unproven DSR CMU,2.508,1.0,Gas,2023.0,15.97,2020.0
Indian Queens Power Limited,IQ_195,Yes,Existing Generating CMU,132.972,1.0,Diesel,2023.0,15.97,2020.0
Bury Power Limited,BURY19,Yes,Existing Generating CMU,18.711,1.0,Gas,2023.0,15.97,2020.0
Kent Enviropower Limited,FCCAL2,Yes,Existing Generating CMU,30.479,1.0,Waste,2023.0,15.97,2020.0
Keystone Power Limited,KEYDT3,Yes,New Build Generating CMU,4.086,15.0,Storage - Battery,2023.0,15.97,2020.0
Blary Hill Energy Limited,BHWF3X,Yes,New Build Generating CMU,2.597,15.0,Onshore Wind,2023.0,15.97,2020.0
Speciality Steel UK Limited,SS2019,Yes,Proven DSR CMU,33.469,1.0,DSR,2023.0,15.97,2020.0
LondonEnergy Ltd,LEL_19,Yes,Existing Generating CMU,32.44,1.0,Waste,2023.0,15.97,2020.0
Friars Gate Flexi Limited,FRIAR2,No,New Build Generating CMU,19.946,15.0,Gas,2023.0,15.97,2020.0
LOWER MINETY ENERGY LIMITED,LMES01,Yes,New Build Generating CMU,10.195,15.0,Storage - Battery,2023.0,15.97,2020.0
FRP MERCIA HOLDCO LIMITED,FRPWEL,Yes,New Build Generating CMU,8.37,15.0,Gas,2023.0,15.97,2020.0
FRP MERCIA HOLDCO LIMITED,FRPFUL,Yes,New Build Generating CMU,9.765,15.0,Gas,2023.0,15.97,2020.0
FRP MERCIA HOLDCO LIMITED,FRPLR3,Yes,New Build Generating CMU,9.3,15.0,Gas,2023.0,15.97,2020.0
FRP MERCIA HOLDCO LIMITED,FRPMIP,Yes,New Build Generating CMU,7.44,15.0,Gas,2023.0,15.97,2020.0
FRP MERCIA HOLDCO LIMITED,FRPCSL,Yes,New Build Generating CMU,7.44,15.0,Gas,2023.0,15.97,2020.0
FRP MERCIA HOLDCO LIMITED,FRPODR,Yes,New Build Generating CMU,2.79,15.0,Gas,2023.0,15.97,2020.0
FRP MERCIA HOLDCO LIMITED,FRPGED,Yes,New Build Generating CMU,4.65,15.0,Gas,2023.0,15.97,2020.0
Mercia Waste Management Limited,MWM001,Yes,Existing Generating CMU,16.835,1.0,Waste,2023.0,15.97,2020.0
MINETY BATTERY STORAGE LIMITED,MBSS01,Yes,New Build Generating CMU,10.195,15.0,Storage - Battery,2023.0,15.97,2020.0
Shovel Ready 7 Limited,vent03,Yes,Existing Generating CMU,8.073,1.0,Gas,2023.0,15.97,2020.0
Moyle Interconnector Limited,Moyle5,Yes,Existing Interconnector CMU,220.0,1.0,Interconnector,2023.0,15.97,2020.0
Ferrybridge MFE 2 Limited,FM2-23,Yes,New Build Generating CMU,66.074,1.0,Waste,2023.0,15.97,2020.0
Ferrybridge MFE Limited,FM1-22,Yes,Existing Generating CMU,66.106,1.0,Waste,2023.0,15.97,2020.0
MWAT Limited,MWBT19,Yes,New Build Generating CMU,5.699,15.0,Gas,2023.0,15.97,2020.0
MWAT Limited,MWWG20,Yes,New Build Generating CMU,5.699,15.0,Gas,2023.0,15.97,2020.0
MWAT Limited,MWDE19,Yes,New Build Generating CMU,4.749,15.0,Gas,2023.0,15.97,2020.0
MWAT Limited,MWWG19,Yes,New Build Generating CMU,9.451,15.0,Gas,2023.0,15.97,2020.0
National Grid Interconnectors Limited,IFA_19,Yes,Existing Interconnector CMU,1260.0,1.0,Interconnector,2023.0,15.97,2020.0
National Grid North Sea Link Limited,NSL_19,Yes,New Build Interconnector CMU,1232.0,1.0,Interconnector,2023.0,15.97,2020.0
National Grid IFA2 Limited,IFA219,Yes,New Build Interconnector CMU,715.0,1.0,Interconnector,2023.0,15.97,2020.0
NEMO LINK LIMITED,NEMO19,Yes,Existing Interconnector CMU,460.0,1.0,Interconnector,2023.0,15.97,2020.0
Noriker Bond Ltd,BLND19,Yes,New Build Generating CMU,5.108,15.0,Storage - Battery,2023.0,15.97,2020.0
Northumberland Energy Recovery Limited,SUEZ23,Yes,Existing Generating CMU,9.207,1.0,Waste,2023.0,15.97,2020.0
P3P Energy Management Limited,BREH19,Yes,Existing Generating CMU,13.5,1.0,Gas,2023.0,15.97,2020.0
P3P Energy Management AE Limited,CASQ19,Yes,Existing Generating CMU,3.038,1.0,Gas,2023.0,15.97,2020.0
Teesside Hire Limited,TEES19,Yes,Existing Generating CMU,5.94,1.0,Gas,2023.0,15.97,2020.0
PARC ADFER LIMITED ,PaAd19,Yes,New Build Generating CMU,14.588,1.0,Waste,2023.0,15.97,2020.0
Hull Reserve Power Limited,HULL19,Yes,Existing Generating CMU,19.756,1.0,Gas,2023.0,15.97,2020.0
PIVOT POWER BATTERY CO. LIMITED,PPBKEM,Yes,New Build Generating CMU,6.793,1.0,Storage - Battery,2023.0,15.97,2020.0
PIVOT POWER BATTERY CO. LIMITED,PPBCOW,Yes,New Build Generating CMU,6.793,1.0,Storage - Battery,2023.0,15.97,2020.0
POWER UP GENERATION LIMITED,PUG002,Yes,Existing Generating CMU,5.494,1.0,Gas,2023.0,15.97,2020.0
PUTNEY POWER LIMITED,Copse4,Yes,Existing Generating CMU,8.073,1.0,Gas,2023.0,15.97,2020.0
Hatton Farm Energy Limited,HOO222,Yes,New Build Generating CMU,4.749,15.0,Gas,2023.0,15.97,2020.0
Botley Energy Limited,BOT222,Yes,New Build Generating CMU,18.996,15.0,Gas,2023.0,15.97,2020.0
Wharf Power Limited,WHAR19,Yes,Existing Generating CMU,15.007,1.0,Gas,2023.0,15.97,2020.0
Harworth Power (Generation) Limited,HPGL19,Yes,Existing Generating CMU,3.8,1.0,Coal mine methane,2023.0,15.97,2020.0
Aberarder Wind Farm LLP,ABWF50,Yes,New Build Generating CMU,3.709,15.0,Onshore Wind,2023.0,15.97,2020.0
RWE Generation UK plc,SEAL19,No,Existing Generating CMU,54.0,1.0,Gas,2023.0,15.97,2020.0
RWE Generation UK plc,DIB519,Yes,Existing Generating CMU,720.0,1.0,Gas,2023.0,15.97,2020.0
RWE Generation UK plc,DIB619,Yes,Existing Generating CMU,675.0,1.0,Gas,2023.0,15.97,2020.0
RWE Generation UK plc,GYAR19,Yes,Existing Generating CMU,369.0,1.0,Gas,2023.0,15.97,2020.0
RWE Generation UK plc,HYTH19,Yes,Existing Generating CMU,44.91,1.0,Gas,2023.0,15.97,2020.0
RWE Generation UK plc,LBA119,Yes,Existing Generating CMU,698.745,1.0,Gas,2023.0,15.97,2020.0
RWE Generation UK plc,PMB119,Yes,Existing Generating CMU,427.5,1.0,Gas,2023.0,15.97,2020.0
RWE Generation UK plc,PMB319,Yes,Existing Generating CMU,427.5,1.0,Gas,2023.0,15.97,2020.0
RWE Generation UK plc,GRMB19,No,New Build Generating CMU,18.996,15.0,Gas,2023.0,15.97,2020.0
RWE Generation UK plc,CHEN19,No,New Build Generating CMU,18.996,15.0,Gas,2023.0,15.97,2020.0
RWE Generation UK plc,PMB419,Yes,Existing Generating CMU,427.5,1.0,Gas,2023.0,15.97,2020.0
RWE Generation UK plc,PMB519,Yes,Existing Generating CMU,427.5,1.0,Gas,2023.0,15.97,2020.0
RWE Generation UK plc,CHEG19,No,Existing Generating CMU,43.186,1.0,Gas,2023.0,15.97,2020.0
RWE Generation UK plc,COW191,Yes,Existing Generating CMU,66.486,1.0,Distillate,2023.0,15.97,2020.0
RWE Generation UK plc,COW192,Yes,Existing Generating CMU,66.486,1.0,Distillate,2023.0,15.97,2020.0
RWE Generation UK plc,DID191,Yes,Existing Generating CMU,23.745,1.0,Distillate,2023.0,15.97,2020.0
RWE Generation UK plc,DID192,Yes,Existing Generating CMU,23.745,1.0,Distillate,2023.0,15.97,2020.0
RWE Generation UK plc,DID193,Yes,Existing Generating CMU,23.745,1.0,Distillate,2023.0,15.97,2020.0
RWE Generation UK plc,DID194,Yes,Existing Generating CMU,23.745,1.0,Distillate,2023.0,15.97,2020.0
RWE Generation UK plc,STA119,Yes,Existing Generating CMU,417.6,1.0,Gas,2023.0,15.97,2020.0
RWE Generation UK plc,STA219,Yes,Existing Generating CMU,417.6,1.0,Gas,2023.0,15.97,2020.0
RWE Generation UK plc,STA319,Yes,Existing Generating CMU,417.6,1.0,Gas,2023.0,15.97,2020.0
RWE Generation UK plc,STA419,Yes,Existing Generating CMU,417.6,1.0,Gas,2023.0,15.97,2020.0
RWE Generation UK plc,PMB219,Yes,Existing Generating CMU,427.5,1.0,Gas,2023.0,15.97,2020.0
Saltend Cogeneration Company Limited,S2_195,Yes,Existing Generating CMU,367.65,1.0,Gas,2023.0,15.97,2020.0
Saltend Cogeneration Company Limited,S3_195,Yes,Existing Generating CMU,365.4,1.0,Gas,2023.0,15.97,2020.0
Saltend Cogeneration Company Limited,S1_195,Yes,Existing Generating CMU,366.9,1.0,Gas,2023.0,15.97,2020.0
SCOTTISHPOWER RENEWABLES (UK) LIMITED,WLBAT1,Yes,New Build Generating CMU,10.215,15.0,Storage - Battery,2023.0,15.97,2020.0
Seabank Power Limited,SEA1_2,Yes,Existing Generating CMU,1131.8,1.0,Gas,2023.0,15.97,2020.0
SEDG (MINERS) LTD,MIN22A,Yes,New Build Generating CMU,18.996,15.0,Gas,2023.0,15.97,2020.0
UK Power Reserve Limited,19PR04,Yes,Existing Generating CMU,9.498,1.0,Gas,2023.0,15.97,2020.0
UK Power Reserve Limited,19PR05,Yes,Existing Generating CMU,8.867,1.0,Gas,2023.0,15.97,2020.0
UK Power Reserve Limited,19PR06,Yes,Existing Generating CMU,9.498,1.0,Gas,2023.0,15.97,2020.0
UK Power Reserve Limited,19PR07,No,Existing Generating CMU,3.63,1.0,Gas,2023.0,15.97,2020.0
UK Power Reserve Limited,19PR08,Yes,Existing Generating CMU,9.213,1.0,Gas,2023.0,15.97,2020.0
UK Power Reserve Limited,19PR09,Yes,Existing Generating CMU,8.144,1.0,Gas,2023.0,15.97,2020.0
UK Power Reserve Limited,19PR10,Yes,Existing Generating CMU,9.036,1.0,Gas,2023.0,15.97,2020.0
UK Power Reserve Limited,19PR11,Yes,Existing Generating CMU,9.413,1.0,Gas,2023.0,15.97,2020.0
Sembcorp Utilities (UK) Limited,S23G03,No,New Build Generating CMU,44.91,15.0,Gas,2023.0,15.97,2020.0
Sembcorp Utilities (UK) Limited,S23G01,Yes,Existing Generating CMU,37.8,1.0,Gas,2023.0,15.97,2020.0
Sembcorp Utilities (UK) Limited,S23G02,Yes,Existing Generating CMU,37.242,1.0,Gas,2023.0,15.97,2020.0
Sembcorp Utilities (UK) Limited,S23S11,Yes,Existing Generating CMU,19.828,1.0,Gas,2023.0,15.97,2020.0
UK Power Reserve Limited,19PR01,Yes,Existing Generating CMU,9.498,1.0,Gas,2023.0,15.97,2020.0
UK Power Reserve Limited,19PR02,Yes,Existing Generating CMU,9.498,1.0,Gas,2023.0,15.97,2020.0
UK Power Reserve Limited,19PR03,Yes,Existing Generating CMU,9.498,1.0,Gas,2023.0,15.97,2020.0
Limejump Ltd,DSR308,Yes,Unproven DSR CMU,2.584,1.0,DSR,2023.0,15.97,2020.0
Limejump Ltd,DSR309,Yes,Unproven DSR CMU,4.307,1.0,DSR,2023.0,15.97,2020.0
Limejump Ltd,DSR310,Yes,Unproven DSR CMU,3.446,1.0,DSR,2023.0,15.97,2020.0
Limejump Ltd,DSR319,Yes,Unproven DSR CMU,3.446,1.0,DSR,2023.0,15.97,2020.0
Limejump Ltd,DSR311,Yes,Unproven DSR CMU,1.723,1.0,DSR,2023.0,15.97,2020.0
Limejump Ltd,DSR312,Yes,Unproven DSR CMU,2.627,1.0,DSR,2023.0,15.97,2020.0
Limejump Ltd,DSR322,Yes,Unproven DSR CMU,16.367,1.0,DSR,2023.0,15.97,2020.0
Limejump Ltd,DSR321,Yes,Unproven DSR CMU,3.446,1.0,DSR,2023.0,15.97,2020.0
Limejump Ltd,EXL103,Yes,Existing Generating CMU,3.015,1.0,Gas,2023.0,15.97,2020.0
Limejump Ltd,EXL101,Yes,Existing Generating CMU,13.239,1.0,Gas,2023.0,15.97,2020.0
Limejump Ltd,EXL102,Yes,Existing Generating CMU,7.47,1.0,Gas,2023.0,15.97,2020.0
Limejump Ltd,EXL100,Yes,Existing Generating CMU,2.52,1.0,Gas,2023.0,15.97,2020.0
Limejump Ltd,DSR305,Yes,Proven DSR CMU,3.101,1.0,DSR,2023.0,15.97,2020.0
Limejump Ltd,DSR303,Yes,Proven DSR CMU,16.367,1.0,DSR,2023.0,15.97,2020.0
Limejump Ltd,DSR304,Yes,Proven DSR CMU,2.585,1.0,DSR,2023.0,15.97,2020.0
Limejump Ltd,DSR320,Yes,Proven DSR CMU,3.446,1.0,DSR,2023.0,15.97,2020.0
Limejump Ltd,DSR306,Yes,Unproven DSR CMU,5.168,1.0,DSR,2023.0,15.97,2020.0
Limejump Ltd,DSR313,Yes,Unproven DSR CMU,1.723,1.0,DSR,2023.0,15.97,2020.0
Limejump Ltd,DSR314,Yes,Unproven DSR CMU,2.584,1.0,DSR,2023.0,15.97,2020.0
Limejump Ltd,DSR317,Yes,Unproven DSR CMU,5.168,1.0,DSR,2023.0,15.97,2020.0
Limejump Ltd,DSR318,Yes,Unproven DSR CMU,8.614,1.0,DSR,2023.0,15.97,2020.0
Limejump Ltd,DSR307,Yes,Unproven DSR CMU,3.446,1.0,DSR,2023.0,15.97,2020.0
Culvery Power Limited,CULV19,Yes,Existing Generating CMU,13.107,1.0,Gas,2023.0,15.97,2020.0
SUEZ RECYCLING AND RECOVERY KIRKLEES LTD,SUEZ21,Yes,Existing Generating CMU,9.096,1.0,Waste,2023.0,15.97,2020.0
SIMEC Lochaber Hydropower 2 Limited,SLH2G2,Yes,Existing Generating CMU,14.554,1.0,Hydro,2023.0,15.97,2020.0
SIMEC Lochaber Hydropower 2 Limited,SLH2G3,Yes,Existing Generating CMU,13.506,1.0,Hydro,2023.0,15.97,2020.0
SIMEC Lochaber Hydropower 2 Limited,SLH2G4,Yes,Existing Generating CMU,14.554,1.0,Hydro,2023.0,15.97,2020.0
SIMEC Lochaber Hydropower 2 Limited,SLH2G5,Yes,Existing Generating CMU,14.553,1.0,Hydro,2023.0,15.97,2020.0
SIMEC Lochaber Hydropower 2 Limited,SLH2G1,Yes,Existing Generating CMU,14.553,1.0,Hydro,2023.0,15.97,2020.0
Siriusdev (Fylands) Ltd,FYLD2B,Yes,New Build Generating CMU,18.996,15.0,Gas,2023.0,15.97,2020.0
Siriusdev (Fylands) Ltd,FYLD22,Yes,New Build Generating CMU,9.498,15.0,Gas,2023.0,15.97,2020.0
SmartestEnergy Limited,SE2311,Yes,Unproven DSR CMU,5.0,1.0,DSR,2023.0,15.97,2020.0
SmartestEnergy Limited,SE2312,No,Unproven DSR CMU,5.0,1.0,DSR,2023.0,15.97,2020.0
SmartestEnergy Limited,SE2313,No,Unproven DSR CMU,3.0,1.0,DSR,2023.0,15.97,2020.0
SmartestEnergy Limited,SE2314,No,Unproven DSR CMU,3.0,1.0,DSR,2023.0,15.97,2020.0
SmartestEnergy Limited,SE2305,No,Unproven DSR CMU,15.0,1.0,DSR,2023.0,15.97,2020.0
SmartestEnergy Limited,SE2306,Yes,Unproven DSR CMU,10.0,1.0,DSR,2023.0,15.97,2020.0
SmartestEnergy Limited,SE2307,No,Unproven DSR CMU,10.0,1.0,DSR,2023.0,15.97,2020.0
SmartestEnergy Limited,SE2308,No,Unproven DSR CMU,10.0,1.0,DSR,2023.0,15.97,2020.0
South Tyne and Wear Energy Recovery Limited,SUEZ24,Yes,Existing Generating CMU,19.997,1.0,Waste,2023.0,15.97,2020.0
SpectrumReserve2 Ltd,DWBS19,No,New Build Generating CMU,6.109,15.0,Storage - Battery,2023.0,15.97,2020.0
SSEPG (Operations) Limited,CHIP23,Yes,Existing Generating CMU,9.498,1.0,Gas,2023.0,15.97,2020.0
Keadby Generation Limited,KEA223,Yes,New Build Generating CMU,803.7,15.0,Gas,2023.0,15.97,2020.0
SSEPG (Operations) Limited,BURG23,No,Existing Generating CMU,44.679,1.0,Gas,2023.0,15.97,2020.0
SSEPG (Operations) Limited,CHIC23,No,Existing Generating CMU,44.679,1.0,Gas,2023.0,15.97,2020.0
Keadby Generation Limited,KEAD23,No,Existing Generating CMU,716.094,1.0,Gas,2023.0,15.97,2020.0
SSE Slough Multifuel Limited,SMFL23,No,New Build Generating CMU,39.473,15.0,Waste,2023.0,15.97,2020.0
Medway Power Limited,MEDP23,No,Existing Generating CMU,661.5,1.0,Gas,2023.0,15.97,2020.0
SSE Generation Limited,RAN123,Yes,Existing Generating CMU,14.344,1.0,Hydro,2023.0,15.97,2020.0
SSE Generation Limited,RAN223,Yes,Existing Generating CMU,14.344,1.0,Hydro,2023.0,15.97,2020.0
SSE Generation Limited,RAN323,Yes,Existing Generating CMU,14.344,1.0,Hydro,2023.0,15.97,2020.0
SSE Generation Limited,SLO123,Yes,Existing Generating CMU,35.86,1.0,Hydro,2023.0,15.97,2020.0
SSE Generation Limited,SLO223,Yes,Existing Generating CMU,36.659,1.0,Hydro,2023.0,15.97,2020.0
SSE Generation Limited,SLO323,Yes,Existing Generating CMU,35.86,1.0,Hydro,2023.0,15.97,2020.0
SSE Generation Limited,SLO423,Yes,Existing Generating CMU,29.136,1.0,Hydro,2023.0,15.97,2020.0
SSE Generation Limited,TUM123,Yes,Existing Generating CMU,16.579,1.0,Hydro,2023.0,15.97,2020.0
SSE Generation Limited,TUM223,Yes,Existing Generating CMU,16.796,1.0,Hydro,2023.0,15.97,2020.0
SSE Energy Supply Limited,SSE223,No,Unproven DSR CMU,8.614,1.0,DSR,2023.0,15.97,2020.0
SSE Energy Supply Limited,SSE323,No,Unproven DSR CMU,8.614,1.0,DSR,2023.0,15.97,2020.0
SSE Energy Supply Limited,SSE423,No,Unproven DSR CMU,8.614,1.0,DSR,2023.0,15.97,2020.0
SSE Energy Supply Limited,SSE523,No,Unproven DSR CMU,8.614,1.0,DSR,2023.0,15.97,2020.0
SSE Energy Supply Limited,SSE623,No,Unproven DSR CMU,8.614,1.0,DSR,2023.0,15.97,2020.0
SSE Generation Limited,PEH123,Yes,Existing Generating CMU,1064.037,1.0,Gas,2023.0,15.97,2020.0
SSE Energy Supply Limited,MRWD23,Yes,Existing Generating CMU,828.0,1.0,Gas,2023.0,15.97,2020.0
SSE Generation Limited,CLAC23,Yes,Existing Generating CMU,37.219,1.0,Hydro,2023.0,15.97,2020.0
SSE Generation Limited,CLUN23,Yes,Existing Generating CMU,54.964,1.0,Hydro,2023.0,15.97,2020.0
SSE Generation Limited,DEA123,Yes,Existing Generating CMU,17.058,1.0,Hydro,2023.0,15.97,2020.0
SSE Generation Limited,DEA223,Yes,Existing Generating CMU,17.051,1.0,Hydro,2023.0,15.97,2020.0
SSE Generation Limited,ERR123,Yes,Existing Generating CMU,22.594,1.0,Hydro,2023.0,15.97,2020.0
SSE Generation Limited,ERR223,Yes,Existing Generating CMU,22.5,1.0,Hydro,2023.0,15.97,2020.0
SSE Generation Limited,ERR323,Yes,Existing Generating CMU,22.616,1.0,Hydro,2023.0,15.97,2020.0
SSE Generation Limited,FAS123,Yes,Existing Generating CMU,20.62,1.0,Hydro,2023.0,15.97,2020.0
SSE Generation Limited,FAS223,Yes,Existing Generating CMU,20.62,1.0,Hydro,2023.0,15.97,2020.0
SSE Generation Limited,FOY123,Yes,Existing Generating CMU,143.982,1.0,Storage - Pumped,2023.0,15.97,2020.0
SSE Generation Limited,FOY223,Yes,Existing Generating CMU,142.62,1.0,Storage - Pumped,2023.0,15.97,2020.0
SSE Generation Limited,FAS323,Yes,Existing Generating CMU,20.62,1.0,Hydro,2023.0,15.97,2020.0
SSE Generation Limited,GLEN23,Yes,Existing Generating CMU,35.6,1.0,Hydro,2023.0,15.97,2020.0
SSE Generation Limited,INAW23,Yes,Existing Generating CMU,24.206,1.0,Hydro,2023.0,15.97,2020.0
SSE Generation Limited,LUIC23,Yes,Existing Generating CMU,30.481,1.0,Hydro,2023.0,15.97,2020.0
SSE Generation Limited,LOC123,Yes,Existing Generating CMU,20.733,1.0,Hydro,2023.0,15.97,2020.0
SSE Generation Limited,LOC223,Yes,Existing Generating CMU,21.123,1.0,Hydro,2023.0,15.97,2020.0
Abham Storage Limited,SEL041,No,New Build Generating CMU,32.958,15.0,Storage - Battery,2023.0,15.97,2020.0
Enderby Storage Limited,SEL042,No,New Build Generating CMU,32.958,15.0,Storage - Battery,2023.0,15.97,2020.0
Grendon Storage Limited,SEL043,No,New Build Generating CMU,32.958,15.0,Storage - Battery,2023.0,15.97,2020.0
Dollymans Storage Limited,SEL063,No,New Build Generating CMU,10.213,15.0,Storage - Battery,2023.0,15.97,2020.0
Dollymans Power Limited,SEL039,No,New Build Generating CMU,47.481,15.0,Gas,2023.0,15.97,2020.0
Saltholme North Power Limited,SEL055,Yes,New Build Generating CMU,47.481,1.0,Gas,2023.0,15.97,2020.0
Penwortham Storage Limited,SEL044,No,New Build Generating CMU,10.213,15.0,Storage - Battery,2023.0,15.97,2020.0
Saltholme South Power Limited,SEL056,No,New Build Generating CMU,47.481,15.0,Gas,2023.0,15.97,2020.0
Melksham East Storage Limited,SEL047,No,New Build Generating CMU,20.516,15.0,Storage - Battery,2023.0,15.97,2020.0
Melksham West Storage Limited,SEL048,No,New Build Generating CMU,20.516,15.0,Storage - Battery,2023.0,15.97,2020.0
Minety North Storage Limited,SEL050,No,New Build Generating CMU,20.516,15.0,Storage - Battery,2023.0,15.97,2020.0
Ravensworth Power Limited,SEL040,No,New Build Generating CMU,47.481,15.0,Gas,2023.0,15.97,2020.0
West Didsbury Storage Limited,SEL045,No,New Build Generating CMU,10.213,15.0,Storage - Battery,2023.0,15.97,2020.0
Statkraft Markets GmbH,RHE2_6,Yes,Existing Generating CMU,19.486,1.0,Hydro,2023.0,15.97,2020.0
Statkraft Markets GmbH,RHE3_6,Yes,Existing Generating CMU,19.759,1.0,Hydro,2023.0,15.97,2020.0
Statkraft Markets GmbH,RHE1_6,Yes,Existing Generating CMU,11.629,1.0,Hydro,2023.0,15.97,2020.0
SUEZ RECYCLING AND RECOVERY UK LTD,SUEZ18,Yes,New Build Generating CMU,9.01,5.0,Waste,2023.0,15.97,2020.0
SUEZ RECYCLING AND RECOVERY TEES VALLEY LTD,SUEZ22,Yes,Existing Generating CMU,17.284,1.0,Waste,2023.0,15.97,2020.0
SUEZ RECYCLING AND RECOVERY SUFFOLK LTD,SUEZ25,Yes,Existing Generating CMU,20.01,1.0,Waste,2023.0,15.97,2020.0
BELVEDERE ENERGY CENTRE LIMITED,BECL01,Yes,New Build Generating CMU,5.699,15.0,Gas,2023.0,15.97,2020.0
SHAWHOUSE ENERGY CENTRE LIMITED,SHEC01,No,New Build Generating CMU,18.996,15.0,Gas,2023.0,15.97,2020.0
SHAWHOUSE ENERGY CENTRE LIMITED,SHEC02,Yes,New Build Generating CMU,3.799,15.0,Gas,2023.0,15.97,2020.0
GRANGE MILL ENERGY CENTRE LIMITED,GMEC01,Yes,New Build Generating CMU,5.699,15.0,Gas,2023.0,15.97,2020.0
CHESTON ROAD ENERGY CENTRE LIMITED,CREC01,Yes,New Build Generating CMU,5.699,15.0,Gas,2023.0,15.97,2020.0
Sutton Bridge Power Generation,22SB01,No,Existing Generating CMU,765.0,1.0,Gas,2023.0,15.97,2020.0
SWB Power Ltd,ROCH23,Yes,New Build Generating CMU,7.124,15.0,Gas,2023.0,15.97,2020.0
Winnington CHP Limited,2CHPWN,Yes,Existing Generating CMU,85.934,1.0,Gas,2023.0,15.97,2020.0
Irwell Power Limited,IRWE19,Yes,Existing Generating CMU,14.912,1.0,Gas,2023.0,15.97,2020.0
Westwood Power Limited,WEST19,Yes,New Build Generating CMU,18.996,15.0,Gas,2023.0,15.97,2020.0
Dafen Reserve Power Limited,DAFE19,Yes,Existing Generating CMU,9.308,1.0,Gas,2023.0,15.97,2020.0
Shovel Ready 6 Limited,amyjn2,Yes,Existing Generating CMU,6.649,1.0,Gas,2023.0,15.97,2020.0
Uniper UK Limited,CNQP24,Yes,Refurbishing Generating CMU,337.5,1.0,Gas,2023.0,15.97,2020.0
Uniper Global Commodities SE,GRAI16,Yes,Existing Generating CMU,421.2,1.0,Gas,2023.0,15.97,2020.0
Uniper Global Commodities SE,GRAI17,Yes,Existing Generating CMU,421.2,1.0,Gas,2023.0,15.97,2020.0
Uniper Global Commodities SE,GRAI18,Yes,Existing Generating CMU,421.2,1.0,Gas,2023.0,15.97,2020.0
Uniper Global Commodities SE,RATS34,Yes,Existing Generating CMU,440.325,1.0,Coal,2023.0,15.97,2020.0
Uniper Global Commodities SE,RATS31,Yes,Existing Generating CMU,440.325,1.0,Coal,2023.0,15.97,2020.0
Uniper Global Commodities SE,RATS32,Yes,Existing Generating CMU,440.325,1.0,Coal,2023.0,15.97,2020.0
Uniper Global Commodities SE,RATS33,No,Existing Generating CMU,440.325,1.0,Coal,2023.0,15.97,2020.0
Uniper Global Commodities SE,CDCL21,Yes,Existing Generating CMU,405.0,1.0,Gas,2023.0,15.97,2020.0
Uniper Global Commodities SE,EECL21,Yes,Existing Generating CMU,405.0,1.0,Gas,2023.0,15.97,2020.0
Uniper UK Limited,CNQP25,Yes,Refurbishing Generating CMU,675.0,1.0,Gas,2023.0,15.97,2020.0
Uniper Global Commodities SE,KILH11,Yes,Existing Generating CMU,295.388,1.0,Gas,2023.0,15.97,2020.0
Uniper Global Commodities SE,KILH12,Yes,Existing Generating CMU,295.388,1.0,Gas,2023.0,15.97,2020.0
Uniper Global Commodities SE,RTGT02,No,Existing Generating CMU,16.147,1.0,Diesel,2023.0,15.97,2020.0
Uniper Global Commodities SE,RTGT04,No,Existing Generating CMU,16.147,1.0,Diesel,2023.0,15.97,2020.0
Uniper Global Commodities SE,GRGT11,Yes,Existing Generating CMU,26.308,1.0,Diesel,2023.0,15.97,2020.0
Uniper Global Commodities SE,GRGT14,Yes,Existing Generating CMU,25.358,1.0,Diesel,2023.0,15.97,2020.0
Uniper Global Commodities SE,TAYL52,Yes,Existing Generating CMU,70.166,1.0,Diesel,2023.0,15.97,2020.0
Uniper Global Commodities SE,TAYL53,Yes,Existing Generating CMU,62.567,1.0,Diesel,2023.0,15.97,2020.0
Uniper UK Limited,CNQP23,Yes,Refurbishing Generating CMU,337.5,1.0,Gas,2023.0,15.97,2020.0
Utility I Ltd,LhoH19,Yes,New Build Generating CMU,1.804,1.0,Gas,2023.0,15.97,2020.0
Marden Power Limited,MARD19,Yes,Existing Generating CMU,18.711,1.0,Gas,2023.0,15.97,2020.0
Vattenfall Wind Power Limited,GBSKYL,No,New Build Generating CMU,17.422,15.0,Onshore Wind,2023.0,15.97,2020.0
Immingham Power Limited ,IM2019,Yes,Existing Generating CMU,15.007,1.0,Gas,2023.0,15.97,2020.0
Veolia UK Limited,BHRLH5,Yes,Existing Generating CMU,6.508,1.0,Gas,2023.0,15.97,2020.0
Veolia UK Limited,VES005,Yes,Proven DSR CMU,2.0,1.0,DSR,2023.0,15.97,2020.0
Veolia UK Limited,CHERF5,Yes,Existing Generating CMU,6.217,1.0,Waste,2023.0,15.97,2020.0
Veolia UK Limited,NEWH05,Yes,Existing Generating CMU,15.03,1.0,Waste,2023.0,15.97,2020.0
Veolia UK Limited,STAF05,Yes,Existing Generating CMU,23.186,1.0,Waste,2023.0,15.97,2020.0
Veolia UK Limited,POERF5,Yes,Existing Generating CMU,12.357,1.0,Waste,2023.0,15.97,2020.0
Veolia UK Limited,MAERF5,Yes,Existing Generating CMU,10.366,1.0,Waste,2023.0,15.97,2020.0
Veolia UK Limited,ELIL03,Yes,Existing Generating CMU,6.126,1.0,Gas,2023.0,15.97,2020.0
Veolia UK Limited,SGH005,Yes,Existing Generating CMU,3.558,1.0,Gas,2023.0,15.97,2020.0
 Viridor Waste Management Limited ,HEAT19,Yes,Refurbishing Generating CMU,4.749,1.0,Gas,2023.0,15.97,2020.0
 Viridor Waste Management Limited ,EXET19,Yes,Existing Generating CMU,3.349,1.0,Waste,2023.0,15.97,2020.0
 Viridor Waste Management Limited ,CARD18,Yes,Existing Generating CMU,26.97,1.0,Waste,2023.0,15.97,2020.0
 Viridor Waste Management Limited ,AVON19,Yes,New Build Generating CMU,32.608,15.0,Waste,2023.0,15.97,2020.0
VITAL ENERGI SOLUTIONS LIMITED,VIT207,Yes,Existing Generating CMU,3.339,1.0,Gas,2023.0,15.97,2020.0
VITAL ENERGI SOLUTIONS LIMITED,VIT208,Yes,Existing Generating CMU,3.506,1.0,Gas,2023.0,15.97,2020.0
Voltalia UK Ltd,EL0020,No,New Build Generating CMU,3.005,15.0,Storage - Battery,2023.0,15.97,2020.0
VPI Immingham Energy Park A Limited,VDG003,No,New Build Generating CMU,47.49,15.0,Gas,2023.0,15.97,2020.0
VPI Immingham LLP,ICHP08,Yes,Existing Generating CMU,1188.0,1.0,Gas,2023.0,15.97,2020.0
VP Flexgen Limited,ALDE22,Yes,New Build Generating CMU,18.996,15.0,Gas,2023.0,15.97,2020.0
VP Flexgen Limited,WARN22,Yes,New Build Generating CMU,18.996,15.0,Gas,2023.0,15.97,2020.0
VP Flexgen Limited,KIL22A,Yes,New Build Generating CMU,18.996,15.0,Gas,2023.0,15.97,2020.0
Walker & Son (Hauliers) Limited,DIN22B,Yes,New Build Generating CMU,9.498,15.0,Gas,2023.0,15.97,2020.0
Whitetower Energy Limited,HEAR4a,Yes,Existing Generating CMU,39.974,1.0,Gas,2023.0,15.97,2020.0
Whitetower Energy Limited,HEAR4b,Yes,Existing Generating CMU,39.974,1.0,Gas,2023.0,15.97,2020.0
Whitetower Energy Limited,DERBY4,Yes,Existing Generating CMU,44.964,1.0,Gas,2023.0,15.97,2020.0
Whitetower Energy Limited,VKING4,Yes,Existing Generating CMU,39.936,1.0,Gas,2023.0,15.97,2020.0
Whitetower Energy Limited,CROYD4,Yes,Existing Generating CMU,41.088,1.0,Gas,2023.0,15.97,2020.0
Warrington Power Limited,WARR19,Yes,Existing Generating CMU,15.007,1.0,Gas,2023.0,15.97,2020.0
Wolverhampton Power Ltd,WOLV19,Yes,Existing Generating CMU,15.007,1.0,Gas,2023.0,15.97,2020.0
Biogas Technology Limited,BLAU19,Yes,New Build Generating CMU,6.269,15.0,Gas,2023.0,15.97,2020.0
Biogas Technology Limited,LANG23,Yes,New Build Generating CMU,5.699,15.0,Gas,2023.0,15.97,2020.0
Biogas Technology Limited,SUTT22,Yes,New Build Generating CMU,2.849,3.0,Gas,2023.0,15.97,2020.0
Biogas Technology Limited,LLAY19,No,New Build Generating CMU,2.849,15.0,Gas,2023.0,15.97,2020.0
Aegis Cloud Limited,ADL002,No,New Build Generating CMU,0.0,0.0,Unknown,2019.0,18.0,2016.0
Aggreko UK Limited,Aggr15,No,New Build Generating CMU,0.0,0.0,Unknown,2019.0,18.0,2016.0
Alkane Energy UK Limited,ARPPR1,Yes,Existing Generating CMU,4.302,1.0,Unknown,2019.0,18.0,2016.0
Alkane Energy UK Limited,AUKNN6,Yes,New Build Generating CMU,15.126,15.0,Unknown,2019.0,18.0,2016.0
Alkane Energy UK Limited,AUKNN7,Yes,New Build Generating CMU,7.563,15.0,Unknown,2019.0,18.0,2016.0
Alkane Energy UK Limited,AUKNN8,Yes,New Build Generating CMU,5.672,15.0,Unknown,2019.0,18.0,2016.0
Alkane Energy UK Limited,AUKPR1,Yes,Existing Generating CMU,8.197,1.0,Unknown,2019.0,18.0,2016.0
Alkane Energy UK Limited,AUKPR2,Yes,Existing Generating CMU,3.155,1.0,Unknown,2019.0,18.0,2016.0
Alkane Energy UK Limited,AUKPR3,Yes,Existing Generating CMU,6.305,1.0,Unknown,2019.0,18.0,2016.0
Alkane Energy UK Limited,AUKPR4,Yes,Existing Generating CMU,2.691,1.0,Unknown,2019.0,18.0,2016.0
Ashford Power Ltd,ASHFOR,Yes,New Build Generating CMU,19.967,15.0,Unknown,2019.0,18.0,2016.0
Attune Energy Limited,ERNES1,Yes,New Build Generating CMU,18.908,15.0,Unknown,2019.0,18.0,2016.0
Balance Power Limited,CRUMLN,Yes,New Build Generating CMU,18.908,15.0,Unknown,2019.0,18.0,2016.0
Beaufort Power Ltd,Beaufo,Yes,New Build Generating CMU,19.778,15.0,Unknown,2019.0,18.0,2016.0
Brecon Power Ltd,BRECON,Yes,New Build Generating CMU,19.778,15.0,Unknown,2019.0,18.0,2016.0
British Sugar plc,BSBURY,Yes,Existing Generating CMU,54.843,1.0,Unknown,2019.0,18.0,2016.0
BritNed Development Limited,BRTNED,Yes,Existing Interconnector CMU,828.0,1.0,Unknown,2019.0,18.0,2016.0
Bury Power Limited,BURY01,No,New Build Generating CMU,0.0,0.0,Unknown,2019.0,18.0,2016.0
Buxton Power Limited,BUXT01,Yes,New Build Generating CMU,16.0,15.0,Unknown,2019.0,18.0,2016.0
Cadoxton Reserve Power Limited,CADO01,Yes,New Build Generating CMU,15.126,15.0,Unknown,2019.0,18.0,2016.0
Calon Energy Limited,BAGE-1,Yes,Existing Generating CMU,462.8,1.0,Unknown,2019.0,18.0,2016.0
Calon Energy Limited,BAGE-2,Yes,Existing Generating CMU,28.728,1.0,Unknown,2019.0,18.0,2016.0
Calon Energy Limited,SUTB-1,Yes,Existing Generating CMU,728.91,1.0,Unknown,2019.0,18.0,2016.0
Calon Energy Limited,SVRP10,Yes,Existing Generating CMU,378.25,1.0,Unknown,2019.0,18.0,2016.0
Calon Energy Limited,SVRP20,Yes,Existing Generating CMU,378.25,1.0,Unknown,2019.0,18.0,2016.0
Carrington Power Limited,CARR-1,Yes,New Build Generating CMU,404.95,1.0,Unknown,2019.0,18.0,2016.0
Carrington Power Limited,CARR-2,Yes,New Build Generating CMU,404.95,1.0,Unknown,2019.0,18.0,2016.0
Centrica Barry Limited,EBRYP1,No,Existing Generating CMU,0.0,0.0,Unknown,2019.0,18.0,2016.0
Centrica Brigg Limited,EBRGG1,No,Refurbishing Generating CMU,0.0,0.0,Unknown,2019.0,18.0,2016.0
Centrica KL Limited,KLYNA1,No,New Build Generating CMU,0.0,0.0,Unknown,2019.0,18.0,2016.0
Centrica Langage Limited,TLAGA1,Yes,Existing Generating CMU,805.45,1.0,Unknown,2019.0,18.0,2016.0
Centrica PB Limited,PETEM1,No,Refurbishing Generating CMU,0.0,0.0,Unknown,2019.0,18.0,2016.0
Centrica SHB Limited,TSHBA1,Yes,Existing Generating CMU,729.8,1.0,Unknown,2019.0,18.0,2016.0
Centrica SHB Limited,TSHBA2,Yes,Existing Generating CMU,516.2,1.0,Unknown,2019.0,18.0,2016.0
Clifton Marsh Power Ltd,CMP-M1,No,New Build Generating CMU,0.0,0.0,Unknown,2019.0,18.0,2016.0
Clyne Power Limited,CLYN01,No,New Build Generating CMU,0.0,0.0,Unknown,2019.0,18.0,2016.0
Cofely East London Energy Limited,CES001,No,Existing Generating CMU,0.0,0.0,Unknown,2019.0,18.0,2016.0
Cofely East London Energy Limited,CES002,No,Existing Generating CMU,0.0,0.0,Unknown,2019.0,18.0,2016.0
Cofely Industrial Energy Services Limited,CES003,No,Existing Generating CMU,0.0,0.0,Unknown,2019.0,18.0,2016.0
Corby Power Limited,CORB-1,No,Existing Generating CMU,0.0,0.0,Unknown,2019.0,18.0,2016.0
Coryton Energy Company Ltd,IGCECL,Yes,Existing Generating CMU,703.99,1.0,Unknown,2019.0,18.0,2016.0
Culvery Power Limited,CULV01,No,New Build Generating CMU,0.0,0.0,Unknown,2019.0,18.0,2016.0
Curzon Lodge Energy Limited,CURZ01,Yes,New Build Generating CMU,18.0,15.0,Unknown,2019.0,18.0,2016.0
Dafen Reserve Power Limited,DAFE01,Yes,Existing Generating CMU,9.454,1.0,Unknown,2019.0,18.0,2016.0
Darent Power Limited,ADPPR1,Yes,Existing Generating CMU,12.796,1.0,Unknown,2019.0,18.0,2016.0
DRAX GENERATION (SELBY) LIMITED,Dpeak1,No,New Build Generating CMU,0.0,0.0,Unknown,2019.0,18.0,2016.0
Drax Power Limited,DRAX05,Yes,Existing Generating CMU,562.486,1.0,Unknown,2019.0,18.0,2016.0
Drax Power Limited,DRAX06,Yes,Existing Generating CMU,561.789,1.0,Unknown,2019.0,18.0,2016.0
Drax Power Limited,DRAX09,Yes,Existing Generating CMU,28.626,1.0,Unknown,2019.0,18.0,2016.0
Drax Power Limited,DRAX10,Yes,Existing Generating CMU,28.735,1.0,Unknown,2019.0,18.0,2016.0
Drax Power Limited,DRAX12,Yes,Existing Generating CMU,29.06,1.0,Unknown,2019.0,18.0,2016.0
E.ON Global Commodities SE,CDCL01,Yes,Existing Generating CMU,391.6,1.0,Unknown,2019.0,18.0,2016.0
E.ON Global Commodities SE,CNQPS1,Yes,Existing Generating CMU,333.75,1.0,Unknown,2019.0,18.0,2016.0
E.ON Global Commodities SE,CNQPS2,Yes,Existing Generating CMU,333.75,1.0,Unknown,2019.0,18.0,2016.0
E.ON Global Commodities SE,CNQPS3,Yes,Existing Generating CMU,333.75,1.0,Unknown,2019.0,18.0,2016.0
E.ON Global Commodities SE,CNQPS4,Yes,Existing Generating CMU,333.75,1.0,Unknown,2019.0,18.0,2016.0
E.ON Global Commodities SE,EECL01,Yes,Existing Generating CMU,363.12,1.0,Unknown,2019.0,18.0,2016.0
E.ON Global Commodities SE,GRAGT1,Yes,Existing Generating CMU,26.944,1.0,Unknown,2019.0,18.0,2016.0
E.ON Global Commodities SE,GRAGT4,Yes,Existing Generating CMU,25.061,1.0,Unknown,2019.0,18.0,2016.0
E.ON Global Commodities SE,GRAI06,Yes,Existing Generating CMU,421.2,1.0,Unknown,2019.0,18.0,2016.0
E.ON Global Commodities SE,GRAI07,Yes,Existing Generating CMU,421.2,1.0,Unknown,2019.0,18.0,2016.0
E.ON Global Commodities SE,GRAI08,Yes,Existing Generating CMU,421.2,1.0,Unknown,2019.0,18.0,2016.0
E.ON Global Commodities SE,RATGT2,Yes,Existing Generating CMU,16.834,1.0,Unknown,2019.0,18.0,2016.0
E.ON Global Commodities SE,RATGT4,Yes,Existing Generating CMU,15.263,1.0,Unknown,2019.0,18.0,2016.0
E.ON Global Commodities SE,RATS01,Yes,Existing Generating CMU,452.479,1.0,Unknown,2019.0,18.0,2016.0
E.ON Global Commodities SE,RATS02,Yes,Existing Generating CMU,452.479,1.0,Unknown,2019.0,18.0,2016.0
E.ON Global Commodities SE,RATS03,Yes,Existing Generating CMU,452.479,1.0,Unknown,2019.0,18.0,2016.0
E.ON Global Commodities SE,RATS04,Yes,Existing Generating CMU,452.479,1.0,Unknown,2019.0,18.0,2016.0
E.ON Global Commodities SE,TAYL02,Yes,Existing Generating CMU,67.966,1.0,Unknown,2019.0,18.0,2016.0
E.ON Global Commodities SE,TAYL03,Yes,Existing Generating CMU,61.56,1.0,Unknown,2019.0,18.0,2016.0
E.ON UK Cogeneration Ltd,BRDCHP,Yes,Existing Generating CMU,2.069,1.0,Unknown,2019.0,18.0,2016.0
E.ON UK Cogeneration Ltd,CAST01,Yes,Existing Generating CMU,44.499,1.0,Unknown,2019.0,18.0,2016.0
E.ON UK Cogeneration Ltd,SAND01,Yes,Existing Generating CMU,44.499,1.0,Unknown,2019.0,18.0,2016.0
E.ON UK Cogeneration Ltd,THRN01,Yes,Existing Generating CMU,44.5,1.0,Unknown,2019.0,18.0,2016.0
EDF Energy Nuclear Generation Limited,DNGB21,Yes,Existing Generating CMU,445.249,1.0,Unknown,2019.0,18.0,2016.0
EDF Energy Nuclear Generation Limited,DNGB22,Yes,Existing Generating CMU,451.059,1.0,Unknown,2019.0,18.0,2016.0
EDF Energy Nuclear Generation Limited,HEYM11,Yes,Existing Generating CMU,468.614,1.0,Unknown,2019.0,18.0,2016.0
EDF Energy Nuclear Generation Limited,HEYM12,Yes,Existing Generating CMU,474.929,1.0,Unknown,2019.0,18.0,2016.0
EDF Energy Nuclear Generation Limited,HEYM27,Yes,Existing Generating CMU,532.405,1.0,Unknown,2019.0,18.0,2016.0
EDF Energy Nuclear Generation Limited,HEYM28,Yes,Existing Generating CMU,532.899,1.0,Unknown,2019.0,18.0,2016.0
EDF Energy Nuclear Generation Limited,HINB-7,Yes,Existing Generating CMU,409.904,1.0,Unknown,2019.0,18.0,2016.0
EDF Energy Nuclear Generation Limited,HINB-8,Yes,Existing Generating CMU,404.142,1.0,Unknown,2019.0,18.0,2016.0
EDF Energy Nuclear Generation Limited,HRTL-1,Yes,Existing Generating CMU,503.039,1.0,Unknown,2019.0,18.0,2016.0
EDF Energy Nuclear Generation Limited,HRTL-2,Yes,Existing Generating CMU,499.833,1.0,Unknown,2019.0,18.0,2016.0
EDF Energy Nuclear Generation Limited,HUNB-7,Yes,Existing Generating CMU,413.196,1.0,Unknown,2019.0,18.0,2016.0
EDF Energy Nuclear Generation Limited,HUNB-8,Yes,Existing Generating CMU,414.019,1.0,Unknown,2019.0,18.0,2016.0
EDF Energy Nuclear Generation Limited,SIZB-1,Yes,Existing Generating CMU,507.03,1.0,Unknown,2019.0,18.0,2016.0
EDF Energy Nuclear Generation Limited,SIZB-2,Yes,Existing Generating CMU,507.03,1.0,Unknown,2019.0,18.0,2016.0
EDF Energy Nuclear Generation Limited,TORN-1,Yes,Existing Generating CMU,502.386,1.0,Unknown,2019.0,18.0,2016.0
EDF Energy Nuclear Generation Limited,TORN-2,Yes,Existing Generating CMU,509.499,1.0,Unknown,2019.0,18.0,2016.0
EDF Energy plc,WBUGT1,Yes,Existing Generating CMU,18.421,1.0,Unknown,2019.0,18.0,2016.0
EDF Energy plc,WBUGT4,Yes,Existing Generating CMU,18.908,1.0,Unknown,2019.0,18.0,2016.0
EDF Energy plc,WBUPS3,No,Existing Generating CMU,0.0,0.0,Unknown,2019.0,18.0,2016.0
EDF Energy plc,WBURB1,Yes,Existing Generating CMU,410.735,1.0,Unknown,2019.0,18.0,2016.0
EDF Energy plc,WBURB2,Yes,Existing Generating CMU,410.735,1.0,Unknown,2019.0,18.0,2016.0
EDF Energy plc,WBURB3,Yes,Existing Generating CMU,410.735,1.0,Unknown,2019.0,18.0,2016.0
Energy Pool UK limited,EPO003,Yes,Unproven DSR CMU,5.034,1.0,Unknown,2019.0,18.0,2016.0
EnerNOC UK Limited,ECMU07,Yes,Unproven DSR CMU,43.4,1.0,Unknown,2019.0,18.0,2016.0
EnerNOC UK Limited,ECMU08,Yes,Unproven DSR CMU,43.4,1.0,Unknown,2019.0,18.0,2016.0
EnerNOC UK Limited,ECMU09,Yes,Unproven DSR CMU,43.4,1.0,Unknown,2019.0,18.0,2016.0
EnerNOC UK Limited,ECMU10,Yes,Unproven DSR CMU,43.4,1.0,Unknown,2019.0,18.0,2016.0
EnerNOC UK Limited,ECMU11,Yes,Unproven DSR CMU,43.4,1.0,Unknown,2019.0,18.0,2016.0
EnerNOC UK Limited,ECMU12,No,Unproven DSR CMU,0.0,0.0,Unknown,2019.0,18.0,2016.0
Esso Petroleum Company Limted,EPCMU5,Yes,Existing Generating CMU,126.049,1.0,Unknown,2019.0,18.0,2016.0
FCC Buckinghamshire Ltd,BUCK01,Yes,New Build Generating CMU,23.898,1.0,Unknown,2019.0,18.0,2016.0
FCC Recycling (UK) Ltd,FCC001,Yes,Existing Generating CMU,42.573,1.0,Unknown,2019.0,18.0,2016.0
Ferrybridge MFE 2 Limited,FMFEL2,No,New Build Generating CMU,0.0,0.0,Unknown,2019.0,18.0,2016.0
Ferrybridge MFE Limited,FMFEL1,Yes,New Build Generating CMU,63.568,1.0,Unknown,2019.0,18.0,2016.0
First Hydro Company,DINO-1,Yes,Existing Generating CMU,264.766,1.0,Unknown,2019.0,18.0,2016.0
First Hydro Company,DINO-2,Yes,Existing Generating CMU,264.766,1.0,Unknown,2019.0,18.0,2016.0
First Hydro Company,DINO-3,Yes,Existing Generating CMU,291.791,1.0,Unknown,2019.0,18.0,2016.0
First Hydro Company,DINO-4,Yes,Existing Generating CMU,290.663,1.0,Unknown,2019.0,18.0,2016.0
First Hydro Company,DINO-5,Yes,Existing Generating CMU,264.766,1.0,Unknown,2019.0,18.0,2016.0
First Hydro Company,DINO-6,Yes,Existing Generating CMU,264.766,1.0,Unknown,2019.0,18.0,2016.0
First Hydro Company,FFES-1,Yes,Existing Generating CMU,86.967,1.0,Unknown,2019.0,18.0,2016.0
First Hydro Company,FFES-2,Yes,Existing Generating CMU,86.967,1.0,Unknown,2019.0,18.0,2016.0
First Hydro Company,FFES-3,Yes,Existing Generating CMU,86.967,1.0,Unknown,2019.0,18.0,2016.0
First Hydro Company,FFES-4,No,Existing Generating CMU,0.0,0.0,Unknown,2019.0,18.0,2016.0
First Renewable Alpha Limited,PEN123,Yes,New Build Generating CMU,17.017,15.0,Unknown,2019.0,18.0,2016.0
First Renewable Gamma Limited,KET123,Yes,New Build Generating CMU,18.908,15.0,Unknown,2019.0,18.0,2016.0
Flexitricity Limited,FLEX01,Yes,Existing Generating CMU,8.1,1.0,Unknown,2019.0,18.0,2016.0
Flexitricity Limited,FLEX02,Yes,Existing Generating CMU,4.843,1.0,Unknown,2019.0,18.0,2016.0
Flexitricity Limited,FLEX03,Yes,Existing Generating CMU,4.73,1.0,Unknown,2019.0,18.0,2016.0
Flexitricity Limited,FLEX04,Yes,Existing Generating CMU,5.932,1.0,Unknown,2019.0,18.0,2016.0
Flexitricity Limited,FLEX05,Yes,Existing Generating CMU,3.267,1.0,Unknown,2019.0,18.0,2016.0
Flexitricity Limited,FLEX06,Yes,Existing Generating CMU,10.064,1.0,Unknown,2019.0,18.0,2016.0
Flexitricity Limited,FLEX08,Yes,Existing Generating CMU,4.26,1.0,Unknown,2019.0,18.0,2016.0
Flexitricity Limited,FLEX09,Yes,Existing Generating CMU,3.975,1.0,Unknown,2019.0,18.0,2016.0
Flexitricity Limited,FLEX10,Yes,Existing Generating CMU,2.558,1.0,Unknown,2019.0,18.0,2016.0
Flexitricity Limited,FLEX11,Yes,Existing Generating CMU,2.596,1.0,Unknown,2019.0,18.0,2016.0
Flexitricity Limited,FLEX12,Yes,Existing Generating CMU,2.554,1.0,Unknown,2019.0,18.0,2016.0
Flexitricity Limited,FLEX13,Yes,Existing Generating CMU,2.514,1.0,Unknown,2019.0,18.0,2016.0
Flexitricity Limited,FLEX14,Yes,Existing Generating CMU,2.594,1.0,Unknown,2019.0,18.0,2016.0
Flexitricity Limited,FLEX15,Yes,Existing Generating CMU,7.231,1.0,Unknown,2019.0,18.0,2016.0
Flexitricity Limited,FLEX16,Yes,Existing Generating CMU,7.487,1.0,Unknown,2019.0,18.0,2016.0
Flexitricity Limited,FLEX18,Yes,Existing Generating CMU,2.957,1.0,Unknown,2019.0,18.0,2016.0
Flexitricity Limited,FLEX19,Yes,Existing Generating CMU,2.972,1.0,Unknown,2019.0,18.0,2016.0
Flexitricity Limited,FLEX20,Yes,Existing Generating CMU,3.996,1.0,Unknown,2019.0,18.0,2016.0
Flexitricity Limited,FLEX21,Yes,Existing Generating CMU,2.953,1.0,Unknown,2019.0,18.0,2016.0
Flexitricity Limited,FLEX40,Yes,Proven DSR CMU,3.472,1.0,Unknown,2019.0,18.0,2016.0
Flexitricity Limited,FLEX41,Yes,Proven DSR CMU,4.488,1.0,Unknown,2019.0,18.0,2016.0
Flexitricity Limited,FLEX70,Yes,Unproven DSR CMU,34.72,1.0,Unknown,2019.0,18.0,2016.0
Flexitricity Limited,FLEX71,Yes,Unproven DSR CMU,17.36,1.0,Unknown,2019.0,18.0,2016.0
Flexitricity Limited,FLEX72,Yes,Unproven DSR CMU,2.604,1.0,Unknown,2019.0,18.0,2016.0
Flexitricity Limited,FLEX73,Yes,Unproven DSR CMU,8.68,1.0,Unknown,2019.0,18.0,2016.0
Flexitricity Limited,FLEX74,Yes,Unproven DSR CMU,5.208,1.0,Unknown,2019.0,18.0,2016.0
Flexitricity Limited,FLEX75,Yes,Unproven DSR CMU,17.36,1.0,Unknown,2019.0,18.0,2016.0
Flexitricity Limited,FLEX76,Yes,Unproven DSR CMU,21.7,1.0,Unknown,2019.0,18.0,2016.0
Flexitricity Limited,FLEX77,Yes,Unproven DSR CMU,17.36,1.0,Unknown,2019.0,18.0,2016.0
Flexitricity Limited,FLEX78,Yes,Unproven DSR CMU,4.34,1.0,Unknown,2019.0,18.0,2016.0
Flexitricity Limited,FLEX79,Yes,Unproven DSR CMU,3.472,1.0,Unknown,2019.0,18.0,2016.0
Flexitricity Limited,FLEX80,Yes,Unproven DSR CMU,17.36,1.0,Unknown,2019.0,18.0,2016.0
Flexitricity Limited,FLEX81,Yes,Unproven DSR CMU,6.944,1.0,Unknown,2019.0,18.0,2016.0
Flexitricity Limited,FLEX82,Yes,Unproven DSR CMU,22.047,1.0,Unknown,2019.0,18.0,2016.0
Flexitricity Limited,FLEX83,Yes,Unproven DSR CMU,3.906,1.0,Unknown,2019.0,18.0,2016.0
Fulcrum Power Ltd,fulcru,Yes,Existing Generating CMU,6.747,1.0,Unknown,2019.0,18.0,2016.0
Gateway Energy Centre Limited,IGGECL,No,New Build Generating CMU,0.0,0.0,Unknown,2019.0,18.0,2016.0
GF Power Peaking Limited,PPBRIT,Yes,New Build Generating CMU,6.24,1.0,Unknown,2019.0,18.0,2016.0
GF Power Peaking Limited,PPFLAT,Yes,New Build Generating CMU,2.723,1.0,Unknown,2019.0,18.0,2016.0
GF Power Peaking Limited,PPHIDO,Yes,Existing Generating CMU,3.328,1.0,Unknown,2019.0,18.0,2016.0
GF Power Peaking Limited,PPHULL,Yes,New Build Generating CMU,2.723,1.0,Unknown,2019.0,18.0,2016.0
GF Power Peaking Limited,PPPLYM,Yes,New Build Generating CMU,5.219,1.0,Unknown,2019.0,18.0,2016.0
GF Power Peaking Limited,PPTIRJ,Yes,New Build Generating CMU,7.336,1.0,Unknown,2019.0,18.0,2016.0
GF Power Peaking Limited,PPTREG,Yes,New Build Generating CMU,3.782,1.0,Unknown,2019.0,18.0,2016.0
GF Power Peaking Limited,PPWILL,Yes,New Build Generating CMU,6.051,1.0,Unknown,2019.0,18.0,2016.0
Grangemouth CHP Limited,GCHPL1,Yes,Existing Generating CMU,128.316,1.0,Unknown,2019.0,18.0,2016.0
Green Frog Power Limited,BRISTO,No,Existing Generating CMU,0.0,0.0,Unknown,2019.0,18.0,2016.0
Green Frog Power Limited,DOWSTO,No,Existing Generating CMU,0.0,0.0,Unknown,2019.0,18.0,2016.0
Green Frog Power Limited,GIRSTO,No,Existing Generating CMU,0.0,0.0,Unknown,2019.0,18.0,2016.0
Green Frog Power Limited,HIRSTO,No,Existing Generating CMU,0.0,0.0,Unknown,2019.0,18.0,2016.0
Green Frog Power Limited,HULSTO,No,Existing Generating CMU,0.0,0.0,Unknown,2019.0,18.0,2016.0
Green Frog Power Limited,NORSTO,No,Existing Generating CMU,0.0,0.0,Unknown,2019.0,18.0,2016.0
Green Frog Power Limited,PLYSTO,No,Existing Generating CMU,0.0,0.0,Unknown,2019.0,18.0,2016.0
Green Frog Power Limited,SWASTO,No,Existing Generating CMU,0.0,0.0,Unknown,2019.0,18.0,2016.0
Green Frog Power Limited,TIRSTO,No,Existing Generating CMU,0.0,0.0,Unknown,2019.0,18.0,2016.0
Green Frog Power Limited,TRESTO,No,Existing Generating CMU,0.0,0.0,Unknown,2019.0,18.0,2016.0
Green Frog Power Limited,WILSTO,No,Existing Generating CMU,0.0,0.0,Unknown,2019.0,18.0,2016.0
Griffith Generation Limited,Griffi,No,New Build Generating CMU,0.0,0.0,Unknown,2019.0,18.0,2016.0
Harbourne Power Limited,HARB01,Yes,New Build Generating CMU,15.126,15.0,Unknown,2019.0,18.0,2016.0
Hirwaun Power Limited,HPL_01,No,New Build Generating CMU,0.0,0.0,Unknown,2019.0,18.0,2016.0
Indian Queens Power Limited,INDQ-1,Yes,Existing Generating CMU,132.356,1.0,Unknown,2019.0,18.0,2016.0
INEOS Nitriles (UK) Ltd,INEOS1,Yes,Existing Generating CMU,46.033,1.0,Unknown,2019.0,18.0,2016.0
Infinis Alternative Energies Limited,BROST1,Yes,Existing Generating CMU,5.718,1.0,Unknown,2019.0,18.0,2016.0
Infinis Alternative Energies Limited,BROST2,Yes,Existing Generating CMU,5.683,1.0,Unknown,2019.0,18.0,2016.0
Keadby Generation Limited,FIDL-1,No,Existing Generating CMU,0.0,0.0,Unknown,2019.0,18.0,2016.0
Keadby Generation Limited,FIDL-2,No,Existing Generating CMU,0.0,0.0,Unknown,2019.0,18.0,2016.0
Keadby Generation Limited,FIDL-3,No,Existing Generating CMU,0.0,0.0,Unknown,2019.0,18.0,2016.0
Keadby Generation Limited,FIDL3G,No,Existing Generating CMU,0.0,0.0,Unknown,2019.0,18.0,2016.0
Keadby Generation Limited,FIDL-4,No,Existing Generating CMU,0.0,0.0,Unknown,2019.0,18.0,2016.0
Keadby Generation Limited,KEAD-1,Yes,Existing Generating CMU,679.96,1.0,Unknown,2019.0,18.0,2016.0
Keadby Generation Limited,KEAD-3,Yes,Existing Generating CMU,23.1,1.0,Unknown,2019.0,18.0,2016.0
Keystone Power Limited,Keysto,Yes,Existing Generating CMU,19.577,1.0,Unknown,2019.0,18.0,2016.0
Larigan Power Limited,LARI01,Yes,New Build Generating CMU,15.126,15.0,Unknown,2019.0,18.0,2016.0
Leafield Energy Limited,LEAFIE,Yes,New Build Generating CMU,5.672,15.0,Unknown,2019.0,18.0,2016.0
Medway Power Limited,MEDP-1,Yes,Existing Generating CMU,623.0,1.0,Unknown,2019.0,18.0,2016.0
Mercia Waste Management Ltd,MERC01,Yes,New Build Generating CMU,21.965,1.0,Unknown,2019.0,18.0,2016.0
National Grid Interconnectors Limited,IFA_GB,Yes,Existing Interconnector CMU,1033.76,1.0,Unknown,2019.0,18.0,2016.0
NEMO LINK LIMITED,NEMOGB,No,New Build Interconnector CMU,0.0,0.0,Unknown,2019.0,18.0,2016.0
New Power Generation N01 Limited,TimetB,No,New Build Generating CMU,0.0,0.0,Unknown,2019.0,18.0,2016.0
New Power Generation N01 Limited,TimetC,No,New Build Generating CMU,0.0,0.0,Unknown,2019.0,18.0,2016.0
New Power Generation N02 Limited,WaterB,No,New Build Generating CMU,0.0,0.0,Unknown,2019.0,18.0,2016.0
New Power Generation N03 Limited,YELLAA,No,New Build Generating CMU,0.0,0.0,Unknown,2019.0,18.0,2016.0
New Power Generation N04 Limited,Northw,Yes,New Build Generating CMU,5.672,15.0,Unknown,2019.0,18.0,2016.0
NG 1 Power Ltd,NG1POW,Yes,New Build Generating CMU,20.0,15.0,Unknown,2019.0,18.0,2016.0
Noriker Power Ltd,NRKP01,Yes,New Build Generating CMU,18.908,15.0,Unknown,2019.0,18.0,2016.0
Noriker Power Ltd,NRKP02,Yes,New Build Generating CMU,18.908,15.0,Unknown,2019.0,18.0,2016.0
Noriker Power Ltd,NRKP04,Yes,New Build Generating CMU,14.181,15.0,Unknown,2019.0,18.0,2016.0
Noriker Power Ltd,NRKP05,Yes,New Build Generating CMU,18.908,15.0,Unknown,2019.0,18.0,2016.0
Npower Cogen (Hythe) Limited,HYTHE1,Yes,Existing Generating CMU,44.411,1.0,Unknown,2019.0,18.0,2016.0
Npower Cogen Limited,BDGW01,Yes,Existing Generating CMU,42.673,1.0,Unknown,2019.0,18.0,2016.0
Npower Cogen Limited,SEALS1,Yes,Existing Generating CMU,48.93,1.0,Unknown,2019.0,18.0,2016.0
Nuclear Decommissioning Authority,NDACHP,Yes,Existing Generating CMU,97.66,1.0,Unknown,2019.0,18.0,2016.0
Nuclear Decommissioning Authority,NDAHYD,Yes,Existing Generating CMU,24.008,1.0,Unknown,2019.0,18.0,2016.0
Ogmore Power Limited,OGMO01,No,New Build Generating CMU,0.0,0.0,Unknown,2019.0,18.0,2016.0
P3P Energy Management AE Limited,CASQ14,Yes,Existing Generating CMU,3.039,1.0,Unknown,2019.0,18.0,2016.0
P3P Energy Management Limited,BREH14,Yes,Existing Generating CMU,13.41,1.0,Unknown,2019.0,18.0,2016.0
Peak Gen Power 10 Limited,PGP10L,No,New Build Generating CMU,0.0,0.0,Unknown,2019.0,18.0,2016.0
Peak Gen Power 12 Limited,PGP12L,Yes,New Build Generating CMU,18.908,15.0,Unknown,2019.0,18.0,2016.0
Peak Gen Power 15 Limited,PGP15L,Yes,New Build Generating CMU,18.908,15.0,Unknown,2019.0,18.0,2016.0
Peak Gen Power 16 Limited,PGP16L,Yes,New Build Generating CMU,15.126,15.0,Unknown,2019.0,18.0,2016.0
Peak Gen Power 17 Limited,PGP17L,No,New Build Generating CMU,0.0,0.0,Unknown,2019.0,18.0,2016.0
Peak Gen Power 18 Limited,PGP18L,Yes,New Build Generating CMU,18.908,15.0,Unknown,2019.0,18.0,2016.0
Peak Gen Power 21 Limited,PGP21L,Yes,New Build Generating CMU,18.908,15.0,Unknown,2019.0,18.0,2016.0
Peak Gen Power 22 Limited,PGP22L,Yes,New Build Generating CMU,18.908,15.0,Unknown,2019.0,18.0,2016.0
Peak Gen Power 24 Limited,PGP24L,No,New Build Generating CMU,0.0,0.0,Unknown,2019.0,18.0,2016.0
Peak Gen Power 25 Limited,PGP25L,No,New Build Generating CMU,0.0,0.0,Unknown,2019.0,18.0,2016.0
Peak Gen Power 4 Limited,PGP4LD,No,New Build Generating CMU,0.0,0.0,Unknown,2019.0,18.0,2016.0
Peak Gen Power 8 Limited,PGP8LD,Yes,New Build Generating CMU,18.908,15.0,Unknown,2019.0,18.0,2016.0
Peak Gen Power 9 Limited,PGP9LD,No,New Build Generating CMU,0.0,0.0,Unknown,2019.0,18.0,2016.0
Plutus Energy LTD,SELBY_,Yes,New Build Generating CMU,18.908,15.0,Unknown,2019.0,18.0,2016.0
Power Balancing Services (Garnham Close) Limited,PBSGC2,Yes,New Build Generating CMU,5.553,14.0,Unknown,2019.0,18.0,2016.0
Power Balancing Services Limited,PBSFR1,Yes,New Build Generating CMU,4.609,14.0,Unknown,2019.0,18.0,2016.0
Power Balancing Services Limited,PBSSR1,Yes,New Build Generating CMU,2.758,14.0,Unknown,2019.0,18.0,2016.0
Prime Energy Development Limited,PR_ALF,Yes,New Build Generating CMU,18.908,15.0,Unknown,2019.0,18.0,2016.0
Prime Energy Development Limited,PR_BEL,Yes,New Build Generating CMU,18.908,15.0,Unknown,2019.0,18.0,2016.0
Prime Energy Development Limited,PR_CEF,Yes,New Build Generating CMU,18.908,15.0,Unknown,2019.0,18.0,2016.0
Prime Energy Development Limited,PR_CHE,Yes,New Build Generating CMU,18.908,15.0,Unknown,2019.0,18.0,2016.0
Prime Energy Development Limited,PR_FOU,Yes,New Build Generating CMU,18.908,15.0,Unknown,2019.0,18.0,2016.0
Prime Energy Development Limited,PR_HIN,Yes,New Build Generating CMU,18.908,15.0,Unknown,2019.0,18.0,2016.0
Prime Energy Development Limited,PR_HYD,Yes,New Build Generating CMU,18.908,15.0,Unknown,2019.0,18.0,2016.0
Progress Power Limited,PPL_01,No,New Build Generating CMU,0.0,0.0,Unknown,2019.0,18.0,2016.0
Redlake Power Limited,RED001,Yes,New Build Generating CMU,15.126,15.0,Unknown,2019.0,18.0,2016.0
Regent Park Energy Limited,ARPPR2,Yes,Existing Generating CMU,4.817,1.0,Unknown,2019.0,18.0,2016.0
Regent Park Energy Limited,ARPPR3,Yes,Existing Generating CMU,5.161,1.0,Unknown,2019.0,18.0,2016.0
Regent Park Energy Limited,ARPPR4,Yes,Existing Generating CMU,3.821,1.0,Unknown,2019.0,18.0,2016.0
Rhymney Power Limited,ARYPR1,Yes,Existing Generating CMU,9.314,1.0,Unknown,2019.0,18.0,2016.0
Rocksavage Power Company Ltd,IGRPCL,Yes,Existing Generating CMU,738.7,1.0,Unknown,2019.0,18.0,2016.0
Rolls-Royce Power Development Limited,BRIST1,Yes,Existing Generating CMU,40.498,1.0,Unknown,2019.0,18.0,2016.0
Rolls-Royce Power Development Limited,CROYD1,Yes,Existing Generating CMU,46.81,1.0,Unknown,2019.0,18.0,2016.0
Rolls-Royce Power Development Limited,DERBY1,Yes,Existing Generating CMU,52.184,1.0,Unknown,2019.0,18.0,2016.0
Rolls-Royce Power Development Limited,EXETR1,Yes,Existing Generating CMU,46.705,1.0,Unknown,2019.0,18.0,2016.0
Rolls-Royce Power Development Limited,HEART1,Yes,Existing Generating CMU,48.146,1.0,Unknown,2019.0,18.0,2016.0
Rolls-Royce Power Development Limited,HEART2,Yes,Existing Generating CMU,47.201,1.0,Unknown,2019.0,18.0,2016.0
Rolls-Royce Power Development Limited,VKING1,Yes,Existing Generating CMU,48.699,1.0,Unknown,2019.0,18.0,2016.0
Rugeley Power Limited,RUGE-B,No,Existing Generating CMU,0.0,0.0,Unknown,2019.0,18.0,2016.0
RWE Generation UK plc,ABTHMC,Yes,Existing Generating CMU,1490.4,1.0,Unknown,2019.0,18.0,2016.0
RWE Generation UK plc,COWE01,Yes,Existing Generating CMU,66.178,1.0,Unknown,2019.0,18.0,2016.0
RWE Generation UK plc,COWE02,No,Existing Generating CMU,0.0,0.0,Unknown,2019.0,18.0,2016.0
RWE Generation UK plc,DIDC1G,Yes,Existing Generating CMU,23.635,1.0,Unknown,2019.0,18.0,2016.0
RWE Generation UK plc,DIDC2G,Yes,Existing Generating CMU,23.635,1.0,Unknown,2019.0,18.0,2016.0
RWE Generation UK plc,DIDC3G,Yes,Existing Generating CMU,23.635,1.0,Unknown,2019.0,18.0,2016.0
RWE Generation UK plc,DIDC4G,Yes,Existing Generating CMU,23.635,1.0,Unknown,2019.0,18.0,2016.0
RWE Generation UK plc,DIDCB5,Yes,Existing Generating CMU,712.0,1.0,Unknown,2019.0,18.0,2016.0
RWE Generation UK plc,DIDCB6,Yes,Existing Generating CMU,667.5,1.0,Unknown,2019.0,18.0,2016.0
RWE Generation UK plc,GYAR01,Yes,Existing Generating CMU,364.9,1.0,Unknown,2019.0,18.0,2016.0
RWE Generation UK plc,LBAR01,Yes,Existing Generating CMU,691.135,1.0,Unknown,2019.0,18.0,2016.0
RWE Generation UK plc,PEMB11,Yes,Existing Generating CMU,422.75,1.0,Unknown,2019.0,18.0,2016.0
RWE Generation UK plc,PEMB21,Yes,Existing Generating CMU,422.75,1.0,Unknown,2019.0,18.0,2016.0
RWE Generation UK plc,PEMB31,Yes,Existing Generating CMU,422.75,1.0,Unknown,2019.0,18.0,2016.0
RWE Generation UK plc,PEMB41,Yes,Existing Generating CMU,422.75,1.0,Unknown,2019.0,18.0,2016.0
RWE Generation UK plc,PEMB51,Yes,Existing Generating CMU,422.75,1.0,Unknown,2019.0,18.0,2016.0
RWE Generation UK plc,STAY01,Yes,Existing Generating CMU,412.96,1.0,Unknown,2019.0,18.0,2016.0
RWE Generation UK plc,STAY02,Yes,Existing Generating CMU,412.96,1.0,Unknown,2019.0,18.0,2016.0
RWE Generation UK plc,STAY03,Yes,Existing Generating CMU,412.96,1.0,Unknown,2019.0,18.0,2016.0
RWE Generation UK plc,STAY04,Yes,Existing Generating CMU,412.96,1.0,Unknown,2019.0,18.0,2016.0
Saltend Cogeneration Company Limited,SALTND,Yes,Existing Generating CMU,1080.0,1.0,Unknown,2019.0,18.0,2016.0
ScottishPower (DCL) Limited,SP_DC2,No,New Build Generating CMU,0.0,0.0,Unknown,2019.0,18.0,2016.0
ScottishPower (DCL) Limited,SP-DCL,Yes,Existing Generating CMU,716.45,1.0,Unknown,2019.0,18.0,2016.0
ScottishPower (SCPL) Limited,SP-SHO,Yes,Existing Generating CMU,378.25,1.0,Unknown,2019.0,18.0,2016.0
ScottishPower Generation Limited,SP-BLA,Yes,Existing Generating CMU,53.736,1.0,Unknown,2019.0,18.0,2016.0
ScottishPower Generation Limited,SP-CRU,Yes,Existing Generating CMU,425.172,1.0,Unknown,2019.0,18.0,2016.0
ScottishPower Generation Limited,SP-GLE,Yes,Existing Generating CMU,20.478,1.0,Unknown,2019.0,18.0,2016.0
ScottishPower Generation Limited,SP-KEN,Yes,Existing Generating CMU,20.51,1.0,Unknown,2019.0,18.0,2016.0
ScottishPower Generation Limited,SP-RYH,Yes,Existing Generating CMU,636.35,1.0,Unknown,2019.0,18.0,2016.0
ScottishPower Generation Limited,SP-TON,Yes,Existing Generating CMU,29.214,1.0,Unknown,2019.0,18.0,2016.0
Seabank Power Limited,SEA1_2,Yes,Existing Generating CMU,1119.62,1.0,Unknown,2019.0,18.0,2016.0
Selby Power Limited,SELB01,Yes,New Build Generating CMU,15.126,15.0,Unknown,2019.0,18.0,2016.0
Sembcorp Utilities (UK) Limited,S19G01,Yes,Existing Generating CMU,37.8,1.0,Unknown,2019.0,18.0,2016.0
Sembcorp Utilities (UK) Limited,S19G02,No,Existing Generating CMU,0.0,0.0,Unknown,2019.0,18.0,2016.0
Sembcorp Utilities (UK) Limited,S19S11,Yes,Existing Generating CMU,19.828,1.0,Unknown,2019.0,18.0,2016.0
SITA (Kirklees) Limited,SITA01,Yes,Existing Generating CMU,9.295,1.0,Unknown,2019.0,18.0,2016.0
SITA Cornwall Limited,SITA06,Yes,New Build Generating CMU,17.572,15.0,Unknown,2019.0,18.0,2016.0
SITA Suffolk Limited,SITA05,Yes,Existing Generating CMU,20.689,1.0,Unknown,2019.0,18.0,2016.0
SITA Tees Valley Limited,SITA02,Yes,Existing Generating CMU,17.582,1.0,Unknown,2019.0,18.0,2016.0
SITA West London Limited,SITA07,Yes,New Build Generating CMU,28.906,15.0,Unknown,2019.0,18.0,2016.0
Snowdonia Pumped Hydro Limited_,SPHGR1,No,New Build Generating CMU,0.0,0.0,Unknown,2019.0,18.0,2016.0
Spalding Energy Company Ltd,IGSECL,Yes,Existing Generating CMU,803.67,1.0,Unknown,2019.0,18.0,2016.0
Spalding Energy Expansion Limited,IGSEEL,No,New Build Generating CMU,0.0,0.0,Unknown,2019.0,18.0,2016.0
Spalding Energy Expansion Limited,IGSEEO,No,New Build Generating CMU,0.0,0.0,Unknown,2019.0,18.0,2016.0
SSE Energy Supply Ltd.,MRWD-1,Yes,Existing Generating CMU,818.8,1.0,Unknown,2019.0,18.0,2016.0
SSE Energy Supply Ltd.,SSEDS1,Yes,Unproven DSR CMU,43.4,1.0,Unknown,2019.0,18.0,2016.0
SSE Energy Supply Ltd.,SSEDS2,No,Unproven DSR CMU,0.0,0.0,Unknown,2019.0,18.0,2016.0
SSE Energy Supply Ltd.,SSEDS3,No,Unproven DSR CMU,0.0,0.0,Unknown,2019.0,18.0,2016.0
SSE Energy Supply Ltd.,SSEDS4,No,Unproven DSR CMU,0.0,0.0,Unknown,2019.0,18.0,2016.0
SSE Energy Supply Ltd.,SSEDS5,No,Unproven DSR CMU,0.0,0.0,Unknown,2019.0,18.0,2016.0
SSE Generation Ltd.,CBEU01,Yes,Existing Generating CMU,16.125,1.0,Unknown,2019.0,18.0,2016.0
SSE Generation Ltd.,CBEU02,Yes,Existing Generating CMU,16.125,1.0,Unknown,2019.0,18.0,2016.0
SSE Generation Ltd.,CLAC-1,Yes,Existing Generating CMU,33.948,1.0,Unknown,2019.0,18.0,2016.0
SSE Generation Ltd.,CLUNIE,Yes,Existing Generating CMU,51.94,1.0,Unknown,2019.0,18.0,2016.0
SSE Generation Ltd.,ERRO-1,Yes,Existing Generating CMU,21.218,1.0,Unknown,2019.0,18.0,2016.0
SSE Generation Ltd.,ERRO-2,Yes,Existing Generating CMU,21.218,1.0,Unknown,2019.0,18.0,2016.0
SSE Generation Ltd.,ERRO-3,Yes,Existing Generating CMU,21.218,1.0,Unknown,2019.0,18.0,2016.0
SSE Generation Ltd.,FASN-1,Yes,Existing Generating CMU,19.52,1.0,Unknown,2019.0,18.0,2016.0
SSE Generation Ltd.,FASN-2,Yes,Existing Generating CMU,19.52,1.0,Unknown,2019.0,18.0,2016.0
SSE Generation Ltd.,FASN-3,Yes,Existing Generating CMU,19.52,1.0,Unknown,2019.0,18.0,2016.0
SSE Generation Ltd.,FOYE-1,Yes,Existing Generating CMU,144.945,1.0,Unknown,2019.0,18.0,2016.0
SSE Generation Ltd.,FOYE-2,Yes,Existing Generating CMU,144.945,1.0,Unknown,2019.0,18.0,2016.0
SSE Generation Ltd.,GLENMS,Yes,Existing Generating CMU,33.702,1.0,Unknown,2019.0,18.0,2016.0
SSE Generation Ltd.,INAW-1,Yes,Existing Generating CMU,22.915,1.0,Unknown,2019.0,18.0,2016.0
SSE Generation Ltd.,LCHART,Yes,Existing Generating CMU,28.856,1.0,Unknown,2019.0,18.0,2016.0
SSE Generation Ltd.,LOCHAY,Yes,Existing Generating CMU,39.889,1.0,Unknown,2019.0,18.0,2016.0
SSE Generation Ltd.,PEHE-1,No,Existing Generating CMU,0.0,0.0,Unknown,2019.0,18.0,2016.0
SSE Generation Ltd.,RANN-1,Yes,Existing Generating CMU,13.579,1.0,Unknown,2019.0,18.0,2016.0
SSE Generation Ltd.,RANN-2,Yes,Existing Generating CMU,13.579,1.0,Unknown,2019.0,18.0,2016.0
SSE Generation Ltd.,RANN-3,Yes,Existing Generating CMU,13.579,1.0,Unknown,2019.0,18.0,2016.0
SSE Generation Ltd.,SLOY-1,Yes,Existing Generating CMU,33.948,1.0,Unknown,2019.0,18.0,2016.0
SSE Generation Ltd.,SLOY-2,Yes,Existing Generating CMU,33.948,1.0,Unknown,2019.0,18.0,2016.0
SSE Generation Ltd.,SLOY-3,Yes,Existing Generating CMU,33.948,1.0,Unknown,2019.0,18.0,2016.0
SSE Generation Ltd.,SLOY-4,Yes,Existing Generating CMU,27.583,1.0,Unknown,2019.0,18.0,2016.0
SSE Generation Ltd.,TUMB-1,Yes,Existing Generating CMU,14.428,1.0,Unknown,2019.0,18.0,2016.0
SSE Generation Ltd.,TUMB-2,Yes,Existing Generating CMU,14.428,1.0,Unknown,2019.0,18.0,2016.0
SSEPG (Operations) Limited,BURGH1,Yes,Existing Generating CMU,44.472,1.0,Unknown,2019.0,18.0,2016.0
SSEPG (Operations) Limited,CHICK1,Yes,Existing Generating CMU,44.472,1.0,Unknown,2019.0,18.0,2016.0
SSEPG (Operations) Limited,CHIPN1,Yes,Existing Generating CMU,9.454,1.0,Unknown,2019.0,18.0,2016.0
SSEPG (Operations) Limited,THATM1,Yes,Existing Generating CMU,8.314,1.0,Unknown,2019.0,18.0,2016.0
Statkraft Markets GmbH,RHEIG2,Yes,Existing Generating CMU,18.116,1.0,Unknown,2019.0,18.0,2016.0
Statkraft Markets GmbH,RHEIG3,Yes,Existing Generating CMU,17.783,1.0,Unknown,2019.0,18.0,2016.0
Sudmeadow Limited,SudmeA,Yes,New Build Generating CMU,19.152,15.0,Unknown,2019.0,18.0,2016.0
Sudmeadow Limited,SudmeB,Yes,New Build Generating CMU,12.312,15.0,Unknown,2019.0,18.0,2016.0
Sudmeadow Limited,SudmeC,Yes,New Build Generating CMU,5.472,15.0,Unknown,2019.0,18.0,2016.0
Thorpe Marsh Power Limited,THORMA,No,New Build Generating CMU,0.0,0.0,Unknown,2019.0,18.0,2016.0
Tillingham Power Limited,TILL01,Yes,New Build Generating CMU,15.126,15.0,Unknown,2019.0,18.0,2016.0
TP LEASECO LIMITED,GLAS15,Yes,New Build Generating CMU,9.9,15.0,Unknown,2019.0,18.0,2016.0
TP LEASECO LIMITED,HARV15,Yes,New Build Generating CMU,9.9,15.0,Unknown,2019.0,18.0,2016.0
Trafalgar Park Power Limited,TrafaA,Yes,New Build Generating CMU,9.013,15.0,Unknown,2019.0,18.0,2016.0
Trafalgar Park Power Limited,TrafaB,Yes,New Build Generating CMU,3.863,15.0,Unknown,2019.0,18.0,2016.0
UK Power Reserve Limited,UKPR01,Yes,Existing Generating CMU,10.0,1.0,Unknown,2019.0,18.0,2016.0
UK Power Reserve Limited,UKPR02,Yes,Existing Generating CMU,9.65,1.0,Unknown,2019.0,18.0,2016.0
UK Power Reserve Limited,UKPR03,Yes,Existing Generating CMU,9.953,1.0,Unknown,2019.0,18.0,2016.0
UK Power Reserve Limited,UKPR04,Yes,Existing Generating CMU,10.0,1.0,Unknown,2019.0,18.0,2016.0
UK Power Reserve Limited,UKPR05,Yes,Existing Generating CMU,9.513,1.0,Unknown,2019.0,18.0,2016.0
UK Power Reserve Limited,UKPR06,Yes,Existing Generating CMU,9.955,1.0,Unknown,2019.0,18.0,2016.0
UK Power Reserve Limited,UKPR07,Yes,Existing Generating CMU,3.782,1.0,Unknown,2019.0,18.0,2016.0
UK Power Reserve Limited,UKPR08,Yes,Existing Generating CMU,9.17,1.0,Unknown,2019.0,18.0,2016.0
UK Power Reserve Limited,UKPR09,Yes,Existing Generating CMU,9.487,1.0,Unknown,2019.0,18.0,2016.0
UK Power Reserve Limited,UKPR10,Yes,Existing Generating CMU,8.646,1.0,Unknown,2019.0,18.0,2016.0
UK Power Reserve Limited,UKPR11,Yes,Existing Generating CMU,7.5,1.0,Unknown,2019.0,18.0,2016.0
UK Power Reserve Limited,UKPR12,No,Refurbishing Generating CMU,0.0,0.0,Unknown,2019.0,18.0,2016.0
UK Power Reserve Limited,UKPR14,No,Refurbishing Generating CMU,0.0,0.0,Unknown,2019.0,18.0,2016.0
UK Power Reserve Limited,UKPR15,No,Refurbishing Generating CMU,0.0,0.0,Unknown,2019.0,18.0,2016.0
UK Strategic Reserve Limited,UKSR10,No,New Build Generating CMU,0.0,0.0,Unknown,2019.0,18.0,2016.0
UK Strategic Reserve Limited,UKSR11,Yes,New Build Generating CMU,18.908,15.0,Unknown,2019.0,18.0,2016.0
UK Strategic Reserve Limited,UKSR12,Yes,New Build Generating CMU,18.908,15.0,Unknown,2019.0,18.0,2016.0
UK Strategic Reserve Limited,UKSR16,No,New Build Generating CMU,0.0,0.0,Unknown,2019.0,18.0,2016.0
UK Strategic Reserve Limited,UKSR18,No,New Build Generating CMU,0.0,0.0,Unknown,2019.0,18.0,2016.0
UK Strategic Reserve Limited,UKSR20,Yes,New Build Generating CMU,18.908,15.0,Unknown,2019.0,18.0,2016.0
UK Strategic Reserve Limited,UKSR23,Yes,New Build Generating CMU,18.908,15.0,Unknown,2019.0,18.0,2016.0
UK Strategic Reserve Limited,UKSR24,Yes,New Build Generating CMU,18.908,15.0,Unknown,2019.0,18.0,2016.0
UK Strategic Reserve Limited,UKSR25,No,New Build Generating CMU,0.0,0.0,Unknown,2019.0,18.0,2016.0
UK Strategic Reserve Limited,UKSR26,Yes,New Build Generating CMU,18.908,15.0,Unknown,2019.0,18.0,2016.0
UK Strategic Reserve Limited,UKSR27,Yes,New Build Generating CMU,18.908,15.0,Unknown,2019.0,18.0,2016.0
UK Strategic Reserve Limited,UKSR28,Yes,New Build Generating CMU,18.908,15.0,Unknown,2019.0,18.0,2016.0
VEOLIA UK Limited,DCPS01,Yes,Existing Generating CMU,3.285,1.0,Unknown,2019.0,18.0,2016.0
VEOLIA UK Limited,HAMP01,Yes,Existing Generating CMU,29.3,1.0,Unknown,2019.0,18.0,2016.0
VEOLIA UK Limited,NEWH01,Yes,Existing Generating CMU,13.443,1.0,Unknown,2019.0,18.0,2016.0
VEOLIA UK Limited,STAF01,Yes,Existing Generating CMU,26.43,1.0,Unknown,2019.0,18.0,2016.0
VPI Immingham LLP,ICHP01,Yes,Existing Generating CMU,1188.0,1.0,Unknown,2019.0,18.0,2016.0
Waterswallows Energy Limited,water1,Yes,New Build Generating CMU,14.0,15.0,Unknown,2019.0,18.0,2016.0
Wednesbury Power Ltd,WEDNES,Yes,New Build Generating CMU,19.778,15.0,Unknown,2019.0,18.0,2016.0
Winnington CHP Limited,WINCHP,Yes,Refurbishing Generating CMU,85.749,1.0,Unknown,2019.0,18.0,2016.0
Wolverhampton Power Limited,WOLV01,No,New Build Generating CMU,0.0,0.0,Unknown,2019.0,18.0,2016.0
AGR SOLAR 2 LIMITED,BFEN23,No,New Build Generating CMU,8.145,1.0,Storage - Battery,2025.0,20.0,2025.0
AIK2A SUSTAINABLE ENERGY LTD,AK2a01,Yes,Existing Generating CMU,6.299,1.0,Onshore Wind,2025.0,20.0,2025.0
ALKANE ENERGY CM LIMITED,OFFH24,Yes,New Build Generating CMU,0.461,1.0,Solar,2025.0,20.0,2025.0
ALKANE ENERGY UK LIMITED,RHYM24,Yes,Existing Generating CMU,6.778,1.0,Gas,2025.0,20.0,2025.0
ALKANE ENERGY UK LIMITED,TAYL24,Yes,New Build Generating CMU,3.253,1.0,Storage - Battery,2025.0,20.0,2025.0
REGENT PARK ENERGY LIMITED,BOST24,Yes,New Build Generating CMU,0.41,1.0,Solar,2025.0,20.0,2025.0
REGENT PARK ENERGY LIMITED,LING24,Yes,Existing Generating CMU,0.287,1.0,Solar,2025.0,20.0,2025.0
ALLIUM HELMSLEY LTD,ALLHM5,Yes,Existing Generating CMU,1.496,1.0,Gas,2025.0,20.0,2025.0
ALLIUM HELMSLEY LTD,ALLHM6,Yes,Existing Generating CMU,0.88,1.0,Waste,2025.0,20.0,2025.0
SKELMERSDALE ENERGY STORAGE LIMITED,SKEL25,Yes,Existing Generating CMU,11.593,1.0,Storage - Battery,2025.0,20.0,2025.0
URBAN RESERVE STORAGE LIMITED,US4H21,Yes,New Build Generating CMU,2.584,1.0,Storage - Battery,2025.0,20.0,2025.0
URBAN RESERVE STORAGE LIMITED,US4H54,Yes,New Build Generating CMU,2.584,1.0,Storage - Battery,2025.0,20.0,2025.0
NORTHWOLD SOLAR FARM LIMITED,NSFL01,Yes,New Build Generating CMU,1.023,1.0,Storage - Battery,2025.0,20.0,2025.0
R&S ENERGY LIMITED,Bux003,Yes,Existing Generating CMU,3.725,1.0,Storage - Battery,2025.0,20.0,2025.0
R&S ENERGY LIMITED,Wat003,Yes,New Build Generating CMU,3.315,1.0,Storage - Battery,2025.0,20.0,2025.0
ATTUNE POWER LTD,attu-1,Yes,Unproven DSR CMU,4.79,1.0,DSR,2025.0,20.0,2025.0
AXLE ENERGY LIMITED,AX0101,Yes,Unproven DSR CMU,3.718,1.0,DSR,2025.0,20.0,2025.0
AXLE ENERGY LIMITED,AX0102,Yes,Unproven DSR CMU,6.437,1.0,DSR,2025.0,20.0,2025.0
AXLE ENERGY LIMITED,AX0103,Yes,Unproven DSR CMU,4.0,1.0,DSR,2025.0,20.0,2025.0
AXLE ENERGY LIMITED,AX0200,Yes,Unproven DSR CMU,3.594,1.0,DSR,2025.0,20.0,2025.0
AXLE ENERGY LIMITED,AX0201,Yes,Unproven DSR CMU,5.112,1.0,DSR,2025.0,20.0,2025.0
AXLE ENERGY LIMITED,AX0300,Yes,Unproven DSR CMU,7.658,1.0,DSR,2025.0,20.0,2025.0
AXLE ENERGY LIMITED,AX0301,No,Unproven DSR CMU,5.0,1.0,DSR,2025.0,20.0,2025.0
AXLE ENERGY LIMITED,AX0302,No,Unproven DSR CMU,3.994,1.0,DSR,2025.0,20.0,2025.0
AXLE ENERGY LIMITED,AX0303,No,Unproven DSR CMU,3.994,1.0,DSR,2025.0,20.0,2025.0
AXLE ENERGY LIMITED,AXLE02,Yes,Proven DSR CMU,1.38,1.0,DSR,2025.0,20.0,2025.0
AXLE ENERGY LIMITED,AXLE04,Yes,Proven DSR CMU,17.533,1.0,DSR,2025.0,20.0,2025.0
AXLE ENERGY LIMITED,AXLE05,Yes,Proven DSR CMU,32.041,1.0,DSR,2025.0,20.0,2025.0
BOC LIMITED,TLGUK2,Yes,Proven DSR CMU,13.0,1.0,DSR,2025.0,20.0,2025.0
BOTLEY ENERGY RESERVE LIMITED,SHESS1,Yes,New Build Generating CMU,13.548,1.0,Storage - Battery,2025.0,20.0,2025.0
BIRMINGHAM DISTRICT ENERGY COMPANY LIMITED,BDEC01,Yes,Existing Generating CMU,2.635,1.0,Gas,2025.0,20.0,2025.0
BIRMINGHAM DISTRICT ENERGY COMPANY LIMITED,BDEC02,Yes,Existing Generating CMU,1.856,1.0,Gas,2025.0,20.0,2025.0
BRING ENERGY LIMITED,BTS001,Yes,Existing Generating CMU,3.467,1.0,Gas,2025.0,20.0,2025.0
BRING ENERGY LIMITED,HUMB01,Yes,Existing Generating CMU,5.075,1.0,Gas,2025.0,20.0,2025.0
EAST LONDON ENERGY LIMITED,ELEK01,Yes,Existing Generating CMU,2.561,1.0,Gas,2025.0,20.0,2025.0
EAST LONDON ENERGY LIMITED,ELES01,Yes,Existing Generating CMU,5.62,1.0,Gas,2025.0,20.0,2025.0
EXCEL DISTRICT ENERGY COMPANY LIMITED,EXC001,Yes,Existing Generating CMU,2.553,1.0,Gas,2025.0,20.0,2025.0
LEICESTER DISTRICT ENERGY COMPANY LIMITED,LDEC01,Yes,Existing Generating CMU,4.035,1.0,Gas,2025.0,20.0,2025.0
BRAMLEY BATTERY STORAGE LIMITED,BRAM28,Yes,New Build Generating CMU,38.751,1.0,Storage - Battery,2025.0,20.0,2025.0
SEVERN POWER LIMITED,SV2410,Yes,Existing Generating CMU,386.538,1.0,Gas,2025.0,20.0,2025.0
SEVERN POWER LIMITED,SV2420,No,Existing Generating CMU,386.538,1.0,Gas,2025.0,20.0,2025.0
CBS SOLAR ASSETS UK LIMITED,10RE-2,Yes,Existing Generating CMU,0.684,1.0,Solar,2025.0,20.0,2025.0
CENTRICA BARRY LIMITED,10RE-6,No,Existing Generating CMU,18.511,1.0,Gas,2025.0,20.0,2025.0
CENTRICA BUSINESS SOLUTIONS (GENERATION) LIMITED,10REBA,No,Existing Generating CMU,3.684,1.0,Gas,2025.0,20.0,2025.0
CENTRICA BUSINESS SOLUTIONS (GENERATION) LIMITED,10REBE,No,Existing Generating CMU,1.141,1.0,Gas,2025.0,20.0,2025.0
CENTRICA DISTRIBUTED GENERATION LIMITED,10REAK,No,New Build Generating CMU,44.875,1.0,Gas,2025.0,20.0,2025.0
CONRAD (BLACKPOOL) LIMITED,CDBLK5,No,Existing Generating CMU,6.068,1.0,Storage - Battery,2025.0,20.0,2025.0
CONRAD (LARPORT) LIMITED,CDLAR4,Yes,Existing Generating CMU,2.219,1.0,Solar,2025.0,20.0,2025.0
CONRAD (MIDSOMER) LIMITED,CDMID7,Yes,Existing Generating CMU,1.482,1.0,Storage - Battery,2025.0,20.0,2025.0
CONRAD (ROCHESTER) LIMITED,CDROC3,No,Existing Generating CMU,4.675,1.0,Gas,2025.0,20.0,2025.0
CONRAD (SWINDON) LIMITED,CDSWI4,Yes,Existing Generating CMU,4.612,1.0,Storage - Battery,2025.0,20.0,2025.0
CONRAD (TORQUAY) LIMITED,CDTOR5,Yes,Existing Generating CMU,5.461,1.0,Storage - Battery,2025.0,20.0,2025.0
CONRAD (WINCHESTER) LIMITED,CDWIN4,Yes,Existing Generating CMU,4.612,1.0,Storage - Battery,2025.0,20.0,2025.0
TATA STEEL UK LIMITED,TS24_3,No,Proven DSR CMU,6.0,1.0,DSR,2025.0,20.0,2025.0
CUB (UK) LTD,CUB001,No,Unproven DSR CMU,1.196,1.0,DSR,2025.0,20.0,2025.0
SOLUTIA UK LIMITED,EAST11,No,Existing Generating CMU,3.344,1.0,Gas,2025.0,20.0,2025.0
SWANGATE ENERGY STORAGE LIMITED,SWAN25,Yes,New Build Generating CMU,12.543,1.0,Storage - Battery,2025.0,20.0,2025.0
ECOTRICITY (SMART GRID) LIMITED,ALBESE,Yes,Existing Generating CMU,2.715,1.0,Storage - Battery,2025.0,20.0,2025.0
EDF ENERGY NUCLEAR GENERATION LIMITED,HR1-24,Yes,Existing Generating CMU,456.795,1.0,Nuclear,2025.0,20.0,2025.0
EDF ENERGY NUCLEAR GENERATION LIMITED,HR2-24,Yes,Existing Generating CMU,453.766,1.0,Nuclear,2025.0,20.0,2025.0
EDF ENERGY NUCLEAR GENERATION LIMITED,HY1124,Yes,Existing Generating CMU,439.931,1.0,Nuclear,2025.0,20.0,2025.0
EDF ENERGY NUCLEAR GENERATION LIMITED,HY1224,Yes,Existing Generating CMU,427.362,1.0,Nuclear,2025.0,20.0,2025.0
EDF ENERGY NUCLEAR GENERATION LIMITED,HY2724,Yes,Existing Generating CMU,456.198,1.0,Nuclear,2025.0,20.0,2025.0
EDF ENERGY NUCLEAR GENERATION LIMITED,HY2824,Yes,Existing Generating CMU,459.156,1.0,Nuclear,2025.0,20.0,2025.0
EDF ENERGY NUCLEAR GENERATION LIMITED,TN1-24,Yes,Existing Generating CMU,468.019,1.0,Nuclear,2025.0,20.0,2025.0
EDF ENERGY NUCLEAR GENERATION LIMITED,TN2-24,Yes,Existing Generating CMU,474.981,1.0,Nuclear,2025.0,20.0,2025.0
PORTH WEN SOLAR LIMITED,PORW24,Yes,Existing Generating CMU,2.68,1.0,Solar,2025.0,20.0,2025.0
ROWAN ONSHORE WINDFARMS LIMITED,BFTE24,Yes,Existing Generating CMU,0.833,1.0,Onshore Wind,2025.0,20.0,2025.0
WEST BENHAR WINDFARM PARTNERSHIP LLP,WBEN24,Yes,Existing Generating CMU,2.22,1.0,Onshore Wind,2025.0,20.0,2025.0
BEECHGREEN ENERGYFARM LIMITED,BURW24,Yes,Existing Generating CMU,2.735,1.0,Solar,2025.0,20.0,2025.0
BEECHGREEN ENERGYFARM LIMITED,SUTB24,Yes,Existing Generating CMU,2.73,1.0,Solar,2025.0,20.0,2025.0
EARLS GATE ENERGY CENTRE LIMITED,EGECL1,Yes,Existing Generating CMU,14.894,1.0,Waste,2025.0,20.0,2025.0
ENEL X UK LIMITED,U25101,No,Unproven DSR CMU,20.0,1.0,DSR,2025.0,20.0,2025.0
ENEL X UK LIMITED,U25102,No,Unproven DSR CMU,20.0,1.0,DSR,2025.0,20.0,2025.0
ENEL X UK LIMITED,U25103,No,Unproven DSR CMU,20.0,1.0,DSR,2025.0,20.0,2025.0
ENEL X UK LIMITED,U25104,No,Unproven DSR CMU,20.0,1.0,DSR,2025.0,20.0,2025.0
ENEL X UK LIMITED,U25105,No,Unproven DSR CMU,20.0,1.0,DSR,2025.0,20.0,2025.0
ENEL X UK LIMITED,U25106,No,Unproven DSR CMU,20.0,1.0,DSR,2025.0,20.0,2025.0
ENEL X UK LIMITED,U25107,No,Unproven DSR CMU,20.0,1.0,DSR,2025.0,20.0,2025.0
ENEL X UK LIMITED,U25108,No,Unproven DSR CMU,20.0,1.0,DSR,2025.0,20.0,2025.0
ENEL X UK LIMITED,U25109,No,Unproven DSR CMU,20.0,1.0,DSR,2025.0,20.0,2025.0
ENEL X UK LIMITED,U25110,No,Unproven DSR CMU,20.0,1.0,DSR,2025.0,20.0,2025.0
ENEL X UK LIMITED,U25111,No,Unproven DSR CMU,20.0,1.0,DSR,2025.0,20.0,2025.0
ENEL X UK LIMITED,U25112,No,Unproven DSR CMU,20.0,1.0,DSR,2025.0,20.0,2025.0
ENFINIUM SKELTON GRANGE LIMITED,SG--28,Yes,New Build Generating CMU,39.614,1.0,Waste,2025.0,20.0,2025.0
BROXBURN ENERGY STORAGE LIMITED,BB_241,Yes,New Build Generating CMU,12.896,1.0,Storage - Battery,2025.0,20.0,2025.0
CATHKIN ENERGY STORAGE LIMITED,CK_241,Yes,New Build Generating CMU,12.896,1.0,Storage - Battery,2025.0,20.0,2025.0
HUMBLY GROVE ENERGY LIMITED,HUM025,Yes,Proven DSR CMU,4.2,1.0,Gas,2025.0,20.0,2025.0
EQUINOR BLANDFORD ROAD LIMITED,BFRD25,Yes,Existing Generating CMU,5.083,1.0,Storage - Battery,2025.0,20.0,2025.0
"ESSO PETROLEUM COMPANY,LIMITED",EMD241,Yes,Existing Generating CMU,77.268,1.0,Gas,2025.0,20.0,2025.0
FIELD WHITEBIRK LTD,24WHI1,No,New Build Generating CMU,6.785,1.0,Storage - Battery,2025.0,20.0,2025.0
FS WEST GOURDIE LIMITED,FSWG25,Yes,Existing Generating CMU,5.661,1.0,Storage - Battery,2025.0,20.0,2025.0
FP LUX SCURF DYKE SOLAR LIMITED,SCU003,Yes,New Build Generating CMU,1.599,1.0,Storage - Battery,2025.0,20.0,2025.0
KIWI POWER LTD,EDR101,Yes,Unproven DSR CMU,30.0,1.0,DSR,2025.0,20.0,2025.0
KIWI POWER LTD,EDR102,Yes,Unproven DSR CMU,30.0,1.0,DSR,2025.0,20.0,2025.0
KIWI POWER LTD,EDR103,Yes,Unproven DSR CMU,30.0,1.0,DSR,2025.0,20.0,2025.0
KIWI POWER LTD,EDR104,No,Unproven DSR CMU,30.0,1.0,DSR,2025.0,20.0,2025.0
KIWI POWER LTD,EDR105,No,Unproven DSR CMU,30.0,1.0,DSR,2025.0,20.0,2025.0
KIWI POWER LTD,EDR106,No,Unproven DSR CMU,30.0,1.0,DSR,2025.0,20.0,2025.0
KIWI POWER LTD,EDR107,No,Unproven DSR CMU,30.0,1.0,DSR,2025.0,20.0,2025.0
KIWI POWER LTD,EDR108,No,Unproven DSR CMU,40.0,1.0,DSR,2025.0,20.0,2025.0
SG GRI TILN BESS LIMITED,TILN25,Yes,Existing Generating CMU,6.321,1.0,Storage - Battery,2025.0,20.0,2025.0
KYPE EXTENSION WIND FARM LIMITED,KME002,Yes,Existing Generating CMU,4.719,1.0,Onshore Wind,2025.0,20.0,2025.0
DALQUHANDY WIND FARM LIMITED,DAL005,Yes,Existing Generating CMU,3.238,1.0,Onshore Wind,2025.0,20.0,2025.0
SOUTH KYLE WIND FARM LIMITED,SKYL01,Yes,Existing Generating CMU,18.119,1.0,Onshore Wind,2025.0,20.0,2025.0
TWENTYSHILLING LIMITED,TWESH2,Yes,Existing Generating CMU,2.914,1.0,Onshore Wind,2025.0,20.0,2025.0
WINDY RIG WIND FARM LIMITED,WINDY2,Yes,Existing Generating CMU,3.3,1.0,Onshore Wind,2025.0,20.0,2025.0
GREENLINK INTERCONNECTOR LIMITED,GILIC2,Yes,New Build Interconnector CMU,246.96,1.0,Interconnector,2025.0,20.0,2025.0
GNNR LTD,GNRA03,Yes,Existing Generating CMU,3.138,1.0,Gas,2025.0,20.0,2025.0
GNNR LTD,GNRB03,Yes,Existing Generating CMU,3.219,1.0,Gas,2025.0,20.0,2025.0
TYNEMOUTH BATTERY STORAGE LIMITED,TYNE25,Yes,Existing Generating CMU,1.5,1.0,Storage - Battery,2025.0,20.0,2025.0
BLOXWICH ENERGY STORAGE LIMITED,BLOX25,Yes,Existing Generating CMU,4.638,1.0,Storage - Battery,2025.0,20.0,2025.0
GREENGRIDPOWER1 LTD,SHIL25,Yes,New Build Generating CMU,9.774,1.0,Storage - Battery,2025.0,20.0,2025.0
GRENDON STORAGE LIMITED,GREN25,Yes,Existing Generating CMU,12.218,1.0,Storage - Battery,2025.0,20.0,2025.0
NEVENDON ENERGY STORAGE LTD,NEV25B,Yes,New Build Generating CMU,1.358,1.0,Storage - Battery,2025.0,20.0,2025.0
BATTERY BOX LIMITED,BBT1U3,No,New Build Generating CMU,0.752,1.0,Storage - Battery,2025.0,20.0,2025.0
BATTERY BOX LIMITED,BBT1U4,No,New Build Generating CMU,0.646,1.0,Storage - Battery,2025.0,20.0,2025.0
GRIDBEYOND LIMITED,GB2337,Yes,Proven DSR CMU,2.777,1.0,DSR,2025.0,20.0,2025.0
GRIDBEYOND LIMITED,GB2401,Yes,Existing Generating CMU,3.729,1.0,Gas,2025.0,20.0,2025.0
GRIDBEYOND LIMITED,GB2404,Yes,Existing Generating CMU,32.797,1.0,Gas,2025.0,20.0,2025.0
GRIDBEYOND LIMITED,GB2405,Yes,Existing Generating CMU,3.729,1.0,Gas,2025.0,20.0,2025.0
GRIDBEYOND LIMITED,GB2408,Yes,Proven DSR CMU,5.955,1.0,DSR,2025.0,20.0,2025.0
GRIDBEYOND LIMITED,GB2410,Yes,Existing Generating CMU,1.328,1.0,Gas,2025.0,20.0,2025.0
GRIDBEYOND LIMITED,GB2412,Yes,Proven DSR CMU,2.261,1.0,DSR,2025.0,20.0,2025.0
GRIDBEYOND LIMITED,GB2414,Yes,Existing Generating CMU,1.346,1.0,Gas,2025.0,20.0,2025.0
GRIDBEYOND LIMITED,GB2415,Yes,Proven DSR CMU,9.108,1.0,DSR,2025.0,20.0,2025.0
GRIDBEYOND LIMITED,GB2416,Yes,Proven DSR CMU,10.069,1.0,DSR,2025.0,20.0,2025.0
GRIDBEYOND LIMITED,GB2417,Yes,Proven DSR CMU,5.709,1.0,DSR,2025.0,20.0,2025.0
GRIDBEYOND LIMITED,GB2418,Yes,Proven DSR CMU,2.223,1.0,DSR,2025.0,20.0,2025.0
GRIDBEYOND LIMITED,GB2420,Yes,Proven DSR CMU,8.956,1.0,DSR,2025.0,20.0,2025.0
GRIDBEYOND LIMITED,GB2434,Yes,Proven DSR CMU,3.305,1.0,DSR,2025.0,20.0,2025.0
GRIDBEYOND LIMITED,GB2501,Yes,Existing Generating CMU,1.637,1.0,Gas,2025.0,20.0,2025.0
GRIDBEYOND LIMITED,GB2510,Yes,Existing Generating CMU,2.803,1.0,Gas,2025.0,20.0,2025.0
GRIDBEYOND LIMITED,GB2530,Yes,Existing Generating CMU,3.203,1.0,Gas,2025.0,20.0,2025.0
GRIDBEYOND LIMITED,GB2531,Yes,Existing Generating CMU,2.183,1.0,Gas,2025.0,20.0,2025.0
GRIDBEYOND LIMITED,GB2532,Yes,Existing Generating CMU,1.364,1.0,Gas,2025.0,20.0,2025.0
GRIDBEYOND LIMITED,GBD008,Yes,Existing Generating CMU,4.91,1.0,Gas,2025.0,20.0,2025.0
GRIDBEYOND LIMITED,GBD009,Yes,Existing Generating CMU,30.965,1.0,Gas,2025.0,20.0,2025.0
GRIDBEYOND LIMITED,GBD011,Yes,Existing Generating CMU,2.006,1.0,Gas,2025.0,20.0,2025.0
GRIDBEYOND LIMITED,GBD012,Yes,Existing Generating CMU,1.33,1.0,Gas,2025.0,20.0,2025.0
GRIDBEYOND LIMITED,GBD013,Yes,Existing Generating CMU,6.463,1.0,Gas,2025.0,20.0,2025.0
GRIDBEYOND LIMITED,GBD020,Yes,Existing Generating CMU,14.152,1.0,Gas,2025.0,20.0,2025.0
GRIDBEYOND LIMITED,GBD024,Yes,Proven DSR CMU,5.918,1.0,DSR,2025.0,20.0,2025.0
GRIDBEYOND LIMITED,GBD025,Yes,Proven DSR CMU,7.663,1.0,DSR,2025.0,20.0,2025.0
GRIDBEYOND LIMITED,GBD026,Yes,Proven DSR CMU,5.714,1.0,DSR,2025.0,20.0,2025.0
GRIDBEYOND LIMITED,GBD038,Yes,Existing Generating CMU,9.45,1.0,Gas,2025.0,20.0,2025.0
GRIDBEYOND LIMITED,GBD039,Yes,Proven DSR CMU,2.518,1.0,DSR,2025.0,20.0,2025.0
GRIDBEYOND LIMITED,GBD040,Yes,Proven DSR CMU,3.093,1.0,DSR,2025.0,20.0,2025.0
GRIDBEYOND LIMITED,GBD044,Yes,Proven DSR CMU,25.87,1.0,DSR,2025.0,20.0,2025.0
GRIDBEYOND LIMITED,GBD045,Yes,Proven DSR CMU,8.345,1.0,DSR,2025.0,20.0,2025.0
GRIDBEYOND LIMITED,GX2501,Yes,Unproven DSR CMU,3.64,1.0,DSR,2025.0,20.0,2025.0
GRIDBEYOND LIMITED,GX2502,Yes,Unproven DSR CMU,2.1,1.0,DSR,2025.0,20.0,2025.0
GRIDBEYOND LIMITED,GX2503,Yes,Unproven DSR CMU,5.0,1.0,DSR,2025.0,20.0,2025.0
GRIDBEYOND LIMITED,GX2504,No,Unproven DSR CMU,9.0,1.0,DSR,2025.0,20.0,2025.0
GRIDBEYOND LIMITED,GX2507,Yes,Unproven DSR CMU,2.0,1.0,DSR,2025.0,20.0,2025.0
GRIDBEYOND LIMITED,GX2508,No,Unproven DSR CMU,4.0,1.0,DSR,2025.0,20.0,2025.0
GRIDBEYOND LIMITED,GX2509,No,Unproven DSR CMU,8.0,1.0,DSR,2025.0,20.0,2025.0
GRIDBEYOND LIMITED,GX2510,Yes,Unproven DSR CMU,14.2,1.0,DSR,2025.0,20.0,2025.0
GRIDBEYOND LIMITED,GXB014,Yes,Unproven DSR CMU,5.751,1.0,DSR,2025.0,20.0,2025.0
GRIDBEYOND LIMITED,GXD004,Yes,Unproven DSR CMU,5.096,1.0,DSR,2025.0,20.0,2025.0
GRIDBEYOND LIMITED,GXD010,Yes,Unproven DSR CMU,4.617,1.0,DSR,2025.0,20.0,2025.0
GRIDBEYOND LIMITED,GXD022,Yes,Unproven DSR CMU,1.819,1.0,DSR,2025.0,20.0,2025.0
GRIDBEYOND LIMITED,GXD048,Yes,Unproven DSR CMU,1.162,1.0,DSR,2025.0,20.0,2025.0
GATWICK ELECTRIC FORECOURT LTD,GSEF_3,Yes,New Build Generating CMU,0.818,1.0,Storage - Battery,2025.0,20.0,2025.0
NORWICH EAST ELECTRIC FORECOURT LTD,G_SEF2,Yes,Existing Generating CMU,0.794,1.0,Storage - Battery,2025.0,20.0,2025.0
GRIDSOURCE (WOBURN RD) LIMITED,WBN006,Yes,New Build Generating CMU,3.258,1.0,Storage - Battery,2025.0,20.0,2025.0
HALL FARM ENERGY LIMITED,HALL25,Yes,Existing Generating CMU,4.675,1.0,Diesel,2025.0,20.0,2025.0
HEIT BF LIMITED,HBF125,Yes,Existing Generating CMU,12.731,1.0,Storage - Battery,2025.0,20.0,2025.0
HEIT BF LIMITED,HBF225,Yes,Existing Generating CMU,12.731,1.0,Storage - Battery,2025.0,20.0,2025.0
INFINIS ALTERNATIVE ENERGIES LIMITED,BLAV24,Yes,Existing Generating CMU,3.124,1.0,Waste,2025.0,20.0,2025.0
INFINIS ALTERNATIVE ENERGIES LIMITED,WINT24,Yes,Existing Generating CMU,0.186,1.0,Solar,2025.0,20.0,2025.0
KXP IMMINGHAM LIMITED,IMM025,Yes,New Build Generating CMU,21.72,1.0,Storage - Battery,2025.0,20.0,2025.0
LEVELISE LIMITED,LEVC01,Yes,Unproven DSR CMU,6.0,1.0,Storage - Battery,2025.0,20.0,2025.0
LEVELISE LIMITED,LEVC02,Yes,Existing Generating CMU,1.455,1.0,Gas,2025.0,20.0,2025.0
LEVELISE LIMITED,LEVC03,Yes,Unproven DSR CMU,1.0,1.0,DSR,2025.0,20.0,2025.0
FRP MERCIA HOLDCO 2 LIMITED,F2GE24,Yes,Existing Generating CMU,4.675,1.0,Gas,2025.0,20.0,2025.0
FRP MERCIA HOLDCO 2 LIMITED,F2HV24,Yes,New Build Generating CMU,2.745,1.0,Gas,2025.0,20.0,2025.0
FRP MERCIA HOLDCO 2 LIMITED,F2SO24,Yes,New Build Generating CMU,4.575,1.0,Gas,2025.0,20.0,2025.0
MORAY OFFSHORE WINDFARM (WEST) LIMITED,MOWWL1,Yes,New Build Generating CMU,54.836,1.0,Offshore Wind,2025.0,20.0,2025.0
NEXTPOWER BOSWORTH LIMITED,NESF05,Yes,Existing Generating CMU,0.272,1.0,Solar,2025.0,20.0,2025.0
LITTLE STAUGHTON AIRFIELD SOLAR LIMITED,NESF01,Yes,Existing Generating CMU,2.177,1.0,Solar,2025.0,20.0,2025.0
NEXTPOWER HIGH GARRETT LIMITED,NESF04,Yes,Existing Generating CMU,0.32,1.0,Solar,2025.0,20.0,2025.0
GWENT FARMERS' COMMUNITY SOLAR PARTNERSHIP LIMITED,NPUK01,Yes,Existing Generating CMU,2.73,1.0,Solar,2025.0,20.0,2025.0
NEXTPOWER BINDWELL LIMITED,NPUK02,Yes,New Build Generating CMU,0.49,1.0,Solar,2025.0,20.0,2025.0
NEXTPOWER CHAPEL LIMITED,NPUK05,Yes,New Build Generating CMU,0.818,1.0,Solar,2025.0,20.0,2025.0
NEXTPOWER LOWER STRENSHAM LIMITED,NPUK03,Yes,Existing Generating CMU,1.362,1.0,Solar,2025.0,20.0,2025.0
LONDONENERGY LTD,LEL_24,Yes,Existing Generating CMU,17.606,1.0,Waste,2025.0,20.0,2025.0
NURSLING ENERGY TWO LIMITED,Nurse5,Yes,Existing Generating CMU,1.364,1.0,Storage - Battery,2025.0,20.0,2025.0
OAKTREE POWER LIMITED,OPL027,No,Unproven DSR CMU,1.038,1.0,DSR,2025.0,20.0,2025.0
OAKTREE POWER LIMITED,OPL029,No,Proven DSR CMU,42.666,1.0,DSR,2025.0,20.0,2025.0
OAKTREE POWER LIMITED,OPL030,No,Unproven DSR CMU,1.038,1.0,DSR,2025.0,20.0,2025.0
OAKTREE POWER LIMITED,OPL031,No,Unproven DSR CMU,1.038,1.0,DSR,2025.0,20.0,2025.0
OAKTREE POWER LIMITED,OPL032,No,Proven DSR CMU,2.079,1.0,DSR,2025.0,20.0,2025.0
OAKTREE POWER LIMITED,OPL033,No,Unproven DSR CMU,2.005,1.0,DSR,2025.0,20.0,2025.0
OAKTREE POWER LIMITED,OPL034,No,Unproven DSR CMU,10.054,1.0,DSR,2025.0,20.0,2025.0
OAKTREE POWER LIMITED,OPL035,No,Unproven DSR CMU,3.035,1.0,DSR,2025.0,20.0,2025.0
OAKTREE POWER LIMITED,OPL036,No,Unproven DSR CMU,4.073,1.0,DSR,2025.0,20.0,2025.0
OAKTREE POWER LIMITED,OPL037,No,Unproven DSR CMU,4.073,1.0,DSR,2025.0,20.0,2025.0
OCTOPUS ENERGY LIMITED,OCTE31,Yes,Unproven DSR CMU,39.935,1.0,DSR,2025.0,20.0,2025.0
OCTOPUS ENERGY LIMITED,OCTE32,Yes,Unproven DSR CMU,39.935,1.0,DSR,2025.0,20.0,2025.0
OCTOPUS ENERGY LIMITED,OCTE33,Yes,Unproven DSR CMU,39.935,1.0,DSR,2025.0,20.0,2025.0
OCTOPUS ENERGY LIMITED,OCTE42,Yes,Unproven DSR CMU,20.0,1.0,DSR,2025.0,20.0,2025.0
OCTOPUS ENERGY LIMITED,OCTE43,Yes,Unproven DSR CMU,20.0,1.0,DSR,2025.0,20.0,2025.0
OCTOPUS ENERGY LIMITED,OCTE44,Yes,Unproven DSR CMU,20.0,1.0,DSR,2025.0,20.0,2025.0
OCTOPUS ENERGY LIMITED,OCTE46,Yes,Unproven DSR CMU,20.0,1.0,DSR,2025.0,20.0,2025.0
OCTOPUS ENERGY LIMITED,OCTE47,Yes,Unproven DSR CMU,20.0,1.0,DSR,2025.0,20.0,2025.0
OCTOPUS ENERGY LIMITED,OCTE48,Yes,Unproven DSR CMU,20.0,1.0,DSR,2025.0,20.0,2025.0
OCTOPUS ENERGY LIMITED,OCTE49,Yes,Unproven DSR CMU,20.0,1.0,DSR,2025.0,20.0,2025.0
OCTOPUS ENERGY LIMITED,OCTE58,Yes,Unproven DSR CMU,6.5,1.0,DSR,2025.0,20.0,2025.0
OCTOPUS ENERGY LIMITED,OCTE72,Yes,Unproven DSR CMU,3.729,1.0,DSR,2025.0,20.0,2025.0
OCTOPUS ENERGY LIMITED,OCTE76,Yes,Unproven DSR CMU,1.0,1.0,DSR,2025.0,20.0,2025.0
OHME OPERATIONS UK LIMITED,Ohme-1,Yes,Unproven DSR CMU,39.935,1.0,DSR,2025.0,20.0,2025.0
OHME OPERATIONS UK LIMITED,Ohme-2,No,Unproven DSR CMU,39.935,1.0,DSR,2025.0,20.0,2025.0
CUMBERHEAD WIND ENERGY LIMITED,Cumb24,Yes,Existing Generating CMU,3.855,1.0,Onshore Wind,2025.0,20.0,2025.0
PEAK GEN POWER 2 LIMITED,PG2024,Yes,New Build Generating CMU,18.698,1.0,Biomass,2025.0,20.0,2025.0
HD639LEG LIMITED,LEGA25,Yes,New Build Generating CMU,15.476,1.0,Storage - Battery,2025.0,20.0,2025.0
PIVOTED POWER LLP,PPBB24,Yes,New Build Generating CMU,13.072,1.0,Storage - Battery,2025.0,20.0,2025.0
PIVOTED POWER LLP,PPBF24,Yes,New Build Generating CMU,14.007,1.0,Storage - Battery,2025.0,20.0,2025.0
PIVOTED POWER LLP,PPIQ24,No,New Build Generating CMU,12.471,1.0,Storage - Battery,2025.0,20.0,2025.0
PIVOTED POWER LLP,PPSN24,Yes,Existing Generating CMU,12.475,1.0,Storage - Battery,2025.0,20.0,2025.0
POWER ON TECHNOLOGIES LTD,TSCSW2,Yes,Unproven DSR CMU,0.799,1.0,DSR,2025.0,20.0,2025.0
PULSE CLEAN ENERGY SPV ANNING LIMITED,TL2024,Yes,New Build Generating CMU,8.145,1.0,Storage - Battery,2025.0,20.0,2025.0
PULSE CLEAN ENERGY SPV BELL LIMITED,HY2024,Yes,New Build Generating CMU,12.107,1.0,Storage - Battery,2025.0,20.0,2025.0
PULSE CLEAN ENERGY SPV CAVENDISH LIMITED,CO2024,Yes,New Build Generating CMU,9.08,1.0,Storage - Battery,2025.0,20.0,2025.0
PULSE CLEAN ENERGY SPV WATT LIMITED,OV2024,Yes,New Build Generating CMU,16.632,1.0,Storage - Battery,2025.0,20.0,2025.0
PULSE CLEAN ENERGY UK LIMITED,HI2024,Yes,Existing Generating CMU,6.794,1.0,Storage - Battery,2025.0,20.0,2025.0
FLEXITRICITY LIMITED,F21018,No,Existing Generating CMU,1.728,1.0,Gas,2025.0,20.0,2025.0
FLEXITRICITY LIMITED,F21148,Yes,Existing Generating CMU,1.028,1.0,Gas,2025.0,20.0,2025.0
FLEXITRICITY LIMITED,F22153,No,Existing Generating CMU,2.897,1.0,Gas,2025.0,20.0,2025.0
FLEXITRICITY LIMITED,F23001,Yes,Existing Generating CMU,6.671,1.0,Gas,2025.0,20.0,2025.0
FLEXITRICITY LIMITED,F23158,Yes,Existing Generating CMU,0.436,1.0,Storage - Battery,2025.0,20.0,2025.0
FLEXITRICITY LIMITED,F24012,No,Existing Generating CMU,1.445,1.0,Gas,2025.0,20.0,2025.0
FLEXITRICITY LIMITED,F24013,No,Existing Generating CMU,2.729,1.0,Gas,2025.0,20.0,2025.0
FLEXITRICITY LIMITED,F24150,No,Existing Generating CMU,1.819,1.0,Gas,2025.0,20.0,2025.0
FLEXITRICITY LIMITED,F24162,No,Proven DSR CMU,2.305,1.0,DSR,2025.0,20.0,2025.0
FLEXITRICITY LIMITED,F24165,No,Existing Generating CMU,1.364,1.0,Gas,2025.0,20.0,2025.0
FLEXITRICITY LIMITED,F24166,No,Existing Generating CMU,1.091,1.0,Gas,2025.0,20.0,2025.0
FLEXITRICITY LIMITED,F24168,Yes,Existing Generating CMU,0.955,1.0,Gas,2025.0,20.0,2025.0
FLEXITRICITY LIMITED,F24169,No,Existing Generating CMU,1.935,1.0,Gas,2025.0,20.0,2025.0
NEXTPOWER SOUTH LOWFIELD LIMITED,NESF03,Yes,Existing Generating CMU,2.165,1.0,Solar,2025.0,20.0,2025.0
NEXTPOWER GRANGE LIMITED,NESF02,Yes,Existing Generating CMU,2.154,1.0,Solar,2025.0,20.0,2025.0
RWE GENERATION UK PLC,CHEG24,Yes,Existing Generating CMU,40.584,1.0,Gas,2025.0,20.0,2025.0
RWE RENEWABLES UK SOLAR AND STORAGE LIMITED,CLAB24,Yes,New Build Generating CMU,2.536,1.0,Storage - Battery,2025.0,20.0,2025.0
RWE RENEWABLES UK SOLAR AND STORAGE LIMITED,LANB24,Yes,New Build Generating CMU,7.608,1.0,Storage - Battery,2025.0,20.0,2025.0
PYEBRIDGE POWER LTD,MAPB24,Yes,Existing Generating CMU,7.278,1.0,Gas,2025.0,20.0,2025.0
CARE POWER (BRENTWOOD) LIMITED,EBRETB,Yes,Existing Generating CMU,6.684,1.0,Storage - Battery,2025.0,20.0,2025.0
CARE POWER (ERSKINE) LIMITED,ERSKB2,Yes,New Build Generating CMU,8.145,1.0,Storage - Battery,2025.0,20.0,2025.0
CARE POWER (NORTH TAWTON) LIMITED,NTAWB2,Yes,New Build Generating CMU,8.145,1.0,Storage - Battery,2025.0,20.0,2025.0
CARE POWER (WOLVERHAMPTON) LIMITED,WOLVE1,Yes,New Build Generating CMU,13.548,1.0,Storage - Battery,2025.0,20.0,2025.0
RICHBOROUGH ENERGY PARK LIMITED,R1T125,Yes,Existing Generating CMU,6.071,1.0,Storage - Battery,2025.0,20.0,2025.0
RICHBOROUGH ENERGY PARK LIMITED,R2T125,Yes,Existing Generating CMU,6.071,1.0,Storage - Battery,2025.0,20.0,2025.0
FAREHAM ENERGY RESERVE  LIMITED,FARE25,Yes,Existing Generating CMU,3.274,1.0,Storage - Battery,2025.0,20.0,2025.0
MEDWAY POWER LIMITED,MED251,Yes,Existing Generating CMU,668.483,1.0,Gas,2025.0,20.0,2025.0
SEAGREEN WIND ENERGY LIMITED,SG1251,Yes,Existing Generating CMU,27.073,1.0,Offshore Wind,2025.0,20.0,2025.0
SEAGREEN WIND ENERGY LIMITED,SG6251,Yes,Existing Generating CMU,34.292,1.0,Offshore Wind,2025.0,20.0,2025.0
SSE FERRYBRIDGE BATTERY LIMITED,FER251,No,New Build Generating CMU,38.689,1.0,Storage - Battery,2025.0,20.0,2025.0
SSE RENEWABLES SOLAR & BATTERY HOLDINGS LIMITED,LIT251,Yes,New Build Generating CMU,1.203,1.0,Solar,2025.0,20.0,2025.0
SSEPG (OPERATIONS) LIMITED,BUR251,Yes,Existing Generating CMU,43.978,1.0,Gas,2025.0,20.0,2025.0
SSEPG (OPERATIONS) LIMITED,CHI251,Yes,Existing Generating CMU,43.978,1.0,Gas,2025.0,20.0,2025.0
THURROCK STORAGE LIMITED,SEL145,Yes,New Build Generating CMU,40.725,1.0,Storage - Battery,2025.0,20.0,2025.0
THURROCK STORAGE LIMITED,SEL146,Yes,New Build Generating CMU,13.575,1.0,Storage - Battery,2025.0,20.0,2025.0
THURROCK STORAGE LIMITED,SEL147,Yes,New Build Generating CMU,27.15,1.0,Storage - Battery,2025.0,20.0,2025.0
BRYT ENERGY LIMITED,BEPPC1,Yes,Unproven DSR CMU,0.799,1.0,Storage - Battery,2025.0,20.0,2025.0
BRYT ENERGY LIMITED,BPCC-2,Yes,Unproven DSR CMU,1.597,1.0,Storage - Battery,2025.0,20.0,2025.0
NEILSTON ENERGY LIMITED,NEIB-6,Yes,New Build Generating CMU,12.489,1.0,Storage - Battery,2025.0,20.0,2025.0
SUNCROP BURSTWICK GENERATION LIMITED,BRGP25,Yes,New Build Generating CMU,4.748,1.0,Gas,2025.0,20.0,2025.0
SUNCROP GENERATION LIMITED,BRST25,Yes,New Build Generating CMU,5.002,1.0,Gas,2025.0,20.0,2025.0
SUTTON BRIDGE POWER GENERATION,25SB01,Yes,Existing Generating CMU,773.075,1.0,Gas,2025.0,20.0,2025.0
LAKESIDE ENERGY STORAGE LIMITED,LKT125,Yes,New Build Generating CMU,25.628,1.0,Storage - Battery,2025.0,20.0,2025.0
PITKEVEY BATTERY STORAGE LIMITED,PITK25,Yes,New Build Generating CMU,12.824,1.0,Storage - Battery,2025.0,20.0,2025.0
ROARING HILL ENERGY STORAGE LTD,RHT125,Yes,Existing Generating CMU,13.157,1.0,Storage - Battery,2025.0,20.0,2025.0
The Mobility House GmbH,TMHE01,No,Unproven DSR CMU,1.0,1.0,DSR,2025.0,20.0,2025.0
CAPBAL (BRACO) LIMITED,BRAC24,Yes,New Build Generating CMU,2.033,1.0,Storage - Battery,2025.0,20.0,2025.0
CAPBAL (FORFAR) LIMITED,FORF25,Yes,Existing Generating CMU,2.033,1.0,Storage - Battery,2025.0,20.0,2025.0
UNIPER UK LIMITED,HOLF01,Yes,Proven DSR CMU,5.0,1.0,DSR,2025.0,20.0,2025.0
FIELD AUCHTERAW LTD.,24AUC1,Yes,New Build Generating CMU,12.982,1.0,Storage - Battery,2025.0,20.0,2025.0
FIELD GERRARDS CROSS LTD,24GER1,Yes,Existing Generating CMU,2.395,1.0,Storage - Battery,2025.0,20.0,2025.0
FIELD NEWPORT LTD,24NEW1,Yes,New Build Generating CMU,4.98,1.0,Storage - Battery,2025.0,20.0,2025.0
NATIVE RIVER LTD,VAR005,Yes,New Build Generating CMU,15.476,1.0,Storage - Battery,2025.0,20.0,2025.0
SIZING JOHN LIMITED,VAR010,Yes,New Build Generating CMU,15.476,1.0,Storage - Battery,2025.0,20.0,2025.0
VEOLIA UK LIMITED,APL002,Yes,Existing Generating CMU,3.231,1.0,Gas,2025.0,20.0,2025.0
VEOLIA UK LIMITED,BHRLH9,Yes,Existing Generating CMU,6.413,1.0,Gas,2025.0,20.0,2025.0
VEOLIA UK LIMITED,LISH01,Yes,Existing Generating CMU,1.23,1.0,Gas,2025.0,20.0,2025.0
VEOLIA UK LIMITED,SEAF02,Yes,Proven DSR CMU,2.004,1.0,Diesel,2025.0,20.0,2025.0
VEOLIA UK LIMITED,SGH008,Yes,Existing Generating CMU,3.592,1.0,Gas,2025.0,20.0,2025.0
VEOLIA UK LIMITED,SPOND1,Yes,Existing Generating CMU,2.316,1.0,Gas,2025.0,20.0,2025.0
VEOLIA UK LIMITED,UHB001,Yes,Existing Generating CMU,2.399,1.0,Gas,2025.0,20.0,2025.0
VEOLIA UK LIMITED,UNL001,Yes,Existing Generating CMU,3.552,1.0,Gas,2025.0,20.0,2025.0
SUNDON GREEN LIMITED,SUNDO1,Yes,New Build Generating CMU,10.833,1.0,Storage - Battery,2025.0,20.0,2025.0
WARLEY GREEN LIMITED,WARLE1,Yes,New Build Generating CMU,13.575,1.0,Storage - Battery,2025.0,20.0,2025.0
RHODESIA POWER LIMITED,RhodCC,Yes,New Build Generating CMU,9.349,1.0,Gas,2025.0,20.0,2025.0
Hallen Energy Ltd,25AVON,Yes,Existing Generating CMU,1.364,1.0,Storage - Battery,2025.0,20.0,2025.0
VOLTALIS UK LIMITED,VOLT_1,Yes,Unproven DSR CMU,0.799,1.0,DSR,2025.0,20.0,2025.0
VPI POWER LIMITED,VP24BM,Yes,Existing Generating CMU,56.097,1.0,Gas,2025.0,20.0,2025.0
ROBIN HOOD AIRPORT DEVELOPMENTS LIMITED,BEN25A,Yes,New Build Generating CMU,4.207,1.0,Gas,2025.0,20.0,2025.0
WALKER & SON (HAULIERS) LIMITED,FES25A,Yes,New Build Generating CMU,7.012,1.0,Gas,2025.0,20.0,2025.0
WHITEWALL POWER LIMITED,WHITEW,Yes,Existing Generating CMU,18.698,1.0,Gas,2025.0,20.0,2025.0
GORING POWER LTD,GORI25,Yes,New Build Generating CMU,6.451,1.0,Gas,2025.0,20.0,2025.0
HEYWOOD POWER LIMITED,HAWK25,Yes,New Build Generating CMU,7.105,1.0,Gas,2025.0,20.0,2025.0
ZENOBE BLACKHILLOCK LIMITED,NBBLK4,No,New Build Generating CMU,54.3,1.0,Storage - Battery,2025.0,20.0,2025.0
ZENOBE KILMARNOCK SOUTH LIMITED,K32242,Yes,New Build Generating CMU,21.668,1.0,Storage - Battery,2025.0,20.0,2025.0
ZENOBE KILMARNOCK SOUTH LIMITED,K32244,Yes,New Build Generating CMU,5.417,1.0,Storage - Battery,2025.0,20.0,2025.0
ZENOBE KILMARNOCK SOUTH LIMITED,K42241,Yes,New Build Generating CMU,21.668,1.0,Storage - Battery,2025.0,20.0,2025.0
ZENOBE KILMARNOCK SOUTH LIMITED,K42242,Yes,New Build Generating CMU,21.668,1.0,Storage - Battery,2025.0,20.0,2025.0
ZENOBE KILMARNOCK SOUTH LIMITED,K42243,Yes,New Build Generating CMU,5.417,1.0,Storage - Battery,2025.0,20.0,2025.0
ZENOBE KILMARNOCK SOUTH LIMITED,K42244,Yes,New Build Generating CMU,5.417,1.0,Storage - Battery,2025.0,20.0,2025.0
ZENOBE RENTAL 12 LIMITED,EVINC4,No,Unproven DSR CMU,1.198,1.0,DSR,2025.0,20.0,2025.0
ZENOBE RENTAL 12 LIMITED,EVNEW2,No,Unproven DSR CMU,1.438,1.0,DSR,2025.0,20.0,2025.0
ZENOBE RENTAL 12 LIMITED,EVZE10,No,Unproven DSR CMU,3.25,1.0,DSR,2025.0,20.0,2025.0
ZENOBE RENTAL 12 LIMITED,EVZE11,No,Unproven DSR CMU,1.17,1.0,DSR,2025.0,20.0,2025.0
ZENOBE RENTAL 12 LIMITED,EVZE12,No,Unproven DSR CMU,1.5,1.0,DSR,2025.0,20.0,2025.0
ZENOBE RENTAL 12 LIMITED,EVZE13,No,Unproven DSR CMU,1.38,1.0,DSR,2025.0,20.0,2025.0
ZENOBE RENTAL 12 LIMITED,EVZE14,No,Unproven DSR CMU,1.122,1.0,DSR,2025.0,20.0,2025.0
ZENOBE RENTAL 12 LIMITED,EVZEN5,No,Unproven DSR CMU,0.988,1.0,DSR,2025.0,20.0,2025.0
ZENOBE RENTAL 12 LIMITED,EVZEN6,No,Unproven DSR CMU,2.267,1.0,DSR,2025.0,20.0,2025.0
ZENOBE RENTAL 12 LIMITED,EVZEN7,No,Unproven DSR CMU,1.483,1.0,DSR,2025.0,20.0,2025.0
ZENOBE RENTAL 12 LIMITED,EVZEN8,No,Unproven DSR CMU,3.923,1.0,DSR,2025.0,20.0,2025.0
ZENOBE RENTAL 12 LIMITED,EVZEN9,No,Unproven DSR CMU,1.0,1.0,DSR,2025.0,20.0,2025.0
ZENOBE RENTAL 12 LIMITED,FVZEN2,No,Unproven DSR CMU,3.698,1.0,DSR,2025.0,20.0,2025.0
ZENOBE RENTAL 12 LIMITED,FVZEN3,No,Unproven DSR CMU,1.1,1.0,DSR,2025.0,20.0,2025.0
ZEPHYRUS GREEN ENERGY LTD,Strath,Yes,Existing Generating CMU,0.617,1.0,Onshore Wind,2025.0,20.0,2025.0
Uniper UK Limited,RATS43,Yes,Existing Generating CMU,412.564,1.0,Coal,2023.0,60.0,2023.0
AIKENGALL IIA COMMUNITY WIND COMPANY LIMITED,AK2a01,Yes,Existing Generating CMU,6.699,1.0,Onshore Wind,2023.0,60.0,2023.0
LIGHTHOUSE GREEN FUELS LIMITED,LGFTV1,Yes,Existing Generating CMU,31.969,1.0,Gas,2023.0,60.0,2023.0
Alkane Energy UK Limited,A2REDD,Yes,Existing Generating CMU,23.273,1.0,Oil,2023.0,60.0,2023.0
Regent Park Energy Limited,A1HEMM,Yes,Existing Generating CMU,4.387,1.0,Gas,2023.0,60.0,2023.0
Alkane Energy UK Limited,A3MARK,Yes,Existing Generating CMU,1.913,1.0,Gas,2023.0,60.0,2023.0
Alkane Energy UK Limited,A4AVAR,Yes,Existing Generating CMU,1.999,1.0,Gas,2023.0,60.0,2023.0
Regent Park Energy Limited,A1LING,Yes,Existing Generating CMU,0.171,1.0,Solar,2023.0,60.0,2023.0
Alkane Energy UK Limited,A3TAYL,No,New Build Generating CMU,2.976,1.0,Storage - Battery,2023.0,60.0,2023.0
SKELMERSDALE ENERGY STORAGE LIMITED,SKEL23,Yes,New Build Generating CMU,13.922,1.0,Storage - Battery,2023.0,60.0,2023.0
BANKS RENEWABLES (HARTING RIG WIND FARM) LIMITED,KypeE1,Yes,New Build Generating CMU,5.018,1.0,Onshore Wind,2023.0,60.0,2023.0
Zenobe Capenhurst Limited,NBPIN2,Yes,New Build Generating CMU,18.6,1.0,Storage - Battery,2023.0,60.0,2023.0
Zenobe Wishaw Limited,NBWSH2,Yes,New Build Generating CMU,18.491,1.0,Storage - Battery,2023.0,60.0,2023.0
Zenobe Brindley Limited,NBBND2,Yes,New Build Generating CMU,4.442,1.0,Storage - Battery,2023.0,60.0,2023.0
BOC Ltd,TLGUKX,Yes,Proven DSR CMU,8.38,1.0,DSR,2023.0,60.0,2023.0
BOOM BACUP STORAGE LIMITED,BACUP1,Yes,New Build Generating CMU,1.488,1.0,Storage - Battery,2023.0,60.0,2023.0
Centrica Business Solutions UK Optimisation Limite,8RES16,Yes,Existing Generating CMU,5.826,1.0,Diesel,2023.0,60.0,2023.0
Centrica Business Solutions UK Optimisation Limite,8RES21,Yes,Existing Generating CMU,7.003,1.0,Gas,2023.0,60.0,2023.0
Centrica Business Solutions UK Optimisation Limite,8RES17,Yes,Existing Generating CMU,3.064,1.0,Gas,2023.0,60.0,2023.0
Centrica Business Solutions UK Optimisation Limite,8RES19,Yes,Existing Generating CMU,1.819,1.0,Gas,2023.0,60.0,2023.0
Centrica Business Solutions UK Optimisation Limite,8RES20,Yes,Existing Generating CMU,1.789,1.0,Gas,2023.0,60.0,2023.0
Centrica Business Solutions UK Optimisation Limite,8RES22,Yes,Existing Generating CMU,1.31,1.0,Gas,2023.0,60.0,2023.0
Centrica Business Solutions UK Optimisation Limite,8RES23,Yes,Existing Generating CMU,1.169,1.0,Gas,2023.0,60.0,2023.0
Centrica Business Solutions UK Optimisation Limite,8RES24,Yes,Existing Generating CMU,1.827,1.0,Gas,2023.0,60.0,2023.0
CIRENCESTER SOLAR FARM LTD,GS_CIR,Yes,Existing Generating CMU,6.232,1.0,Storage - Battery,2023.0,60.0,2023.0
CONRAD (LOWESTOFT) LIMITED,CDLWA2,Yes,New Build Generating CMU,7.139,1.0,Gas,2023.0,60.0,2023.0
CONRAD (ROCHESTER) LIMITED,CDROC1,Yes,New Build Generating CMU,4.759,1.0,Gas,2023.0,60.0,2023.0
CONRAD (STEVENAGE A) LIMITED,casw20,Yes,Existing Generating CMU,8.566,1.0,Gas,2023.0,60.0,2023.0
CONRAD (BLACKPOOL) LIMITED,CDBLK2,Yes,New Build Generating CMU,9.255,1.0,Storage - Battery,2023.0,60.0,2023.0
CONRAD (TORQUAY) LIMITED,CDTOR2,Yes,New Build Generating CMU,8.33,1.0,Storage - Battery,2023.0,60.0,2023.0
CONRAD (WINCHESTER) LIMITED,CDWIN1,Yes,New Build Generating CMU,7.034,1.0,Storage - Battery,2023.0,60.0,2023.0
CONRAD (FLITWICK) LIMITED,CDFLW2,Yes,Existing Generating CMU,7.44,1.0,Storage - Battery,2023.0,60.0,2023.0
CONRAD (MINEHEAD) LIMITED,CDMIN4,Yes,Existing Generating CMU,6.853,1.0,Gas,2023.0,60.0,2023.0
CONRAD (SUNDON) LIMITED,CDSUN6,Yes,Existing Generating CMU,5.711,1.0,Gas,2023.0,60.0,2023.0
CONRAD (WOOTTON) LIMITED,CDWOO5,Yes,New Build Generating CMU,6.187,1.0,Gas,2023.0,60.0,2023.0
CONRAD (MIDSOMER) LIMITED,CDMID4,Yes,New Build Generating CMU,2.221,1.0,Storage - Battery,2023.0,60.0,2023.0
CONRAD (BILLERICAY) LIMITED,CDBIL5,Yes,New Build Generating CMU,9.518,1.0,Gas,2023.0,60.0,2023.0
Tata Steel UK Limited,TS22_5,Yes,Existing Generating CMU,26.814,1.0,Waste,2023.0,60.0,2023.0
Tata Steel UK Limited,TS22_4,Yes,Existing Generating CMU,19.076,1.0,Waste,2023.0,60.0,2023.0
CREST ENERGY LIMITED,FLEX22,Yes,New Build Generating CMU,19.036,1.0,Gas,2023.0,60.0,2023.0
Daisy No 2 Limited,HDN222,No,New Build Generating CMU,18.325,1.0,Storage - Battery,2023.0,60.0,2023.0
Dalquhandy Wind Farm Limited ,DAL003,Yes,New Build Generating CMU,3.444,1.0,Onshore Wind,2023.0,60.0,2023.0
EDF Energy Nuclear Generation Limited,HR1-22,Yes,Existing Generating CMU,473.81,1.0,Nuclear,2023.0,60.0,2023.0
EDF Energy Nuclear Generation Limited,HR2-22,Yes,Existing Generating CMU,472.355,1.0,Nuclear,2023.0,60.0,2023.0
EDF Energy Nuclear Generation Limited,HY1122,Yes,Existing Generating CMU,465.588,1.0,Nuclear,2023.0,60.0,2023.0
Enel X UK Limited,UDSR61,Yes,Unproven DSR CMU,10.0,1.0,DSR,2023.0,60.0,2023.0
Enel X UK Limited,UDSR62,Yes,Unproven DSR CMU,10.0,1.0,DSR,2023.0,60.0,2023.0
Enel X UK Limited,UDSR63,Yes,Unproven DSR CMU,10.0,1.0,DSR,2023.0,60.0,2023.0
Enel X UK Limited,UDSR64,Yes,Unproven DSR CMU,10.0,1.0,DSR,2023.0,60.0,2023.0
Enel X UK Limited,UDSR65,Yes,Unproven DSR CMU,10.0,1.0,DSR,2023.0,60.0,2023.0
Enel X UK Limited,UDSR66,Yes,Unproven DSR CMU,6.0,1.0,DSR,2023.0,60.0,2023.0
Enel X UK Limited,ZGEN06,Yes,Existing Generating CMU,4.034,1.0,Gas,2023.0,60.0,2023.0
Enel X UK Limited,ZGEN07,Yes,Existing Generating CMU,3.802,1.0,Gas,2023.0,60.0,2023.0
Enel X UK Limited,ZGEN05,Yes,Existing Generating CMU,2.315,1.0,Gas,2023.0,60.0,2023.0
Enel X UK Limited,ZGEN40,Yes,Existing Generating CMU,19.918,1.0,Gas,2023.0,60.0,2023.0
Enel X UK Limited,ZGEN11,Yes,Existing Generating CMU,10.962,1.0,Gas,2023.0,60.0,2023.0
Enel X UK Limited,ZGEN22,Yes,Existing Generating CMU,7.545,1.0,Gas,2023.0,60.0,2023.0
Enel X UK Limited,ZGEN21,Yes,Existing Generating CMU,7.307,1.0,Gas,2023.0,60.0,2023.0
Enel X UK Limited,BGEN35,Yes,Existing Generating CMU,1.806,1.0,Gas,2023.0,60.0,2023.0
Enel X UK Limited,ZGEN35,Yes,Existing Generating CMU,4.388,1.0,Gas,2023.0,60.0,2023.0
Enel X UK Limited,ZGEN37,Yes,Existing Generating CMU,2.545,1.0,Gas,2023.0,60.0,2023.0
Enel X UK Limited,ZGEN01,Yes,Existing Generating CMU,1.712,1.0,Gas,2023.0,60.0,2023.0
Enel X UK Limited,ZGEN02,Yes,Existing Generating CMU,1.764,1.0,Gas,2023.0,60.0,2023.0
Enel X UK Limited,ZGEN38,Yes,Existing Generating CMU,1.778,1.0,Gas,2023.0,60.0,2023.0
Enel X UK Limited,UDSR38,Yes,Unproven DSR CMU,7.0,1.0,DSR,2023.0,60.0,2023.0
Enel X UK Limited,UDSR39,Yes,Unproven DSR CMU,3.0,1.0,DSR,2023.0,60.0,2023.0
Enel X UK Limited,UDSR40,Yes,Unproven DSR CMU,9.0,1.0,DSR,2023.0,60.0,2023.0
Enel X UK Limited,UDSR41,Yes,Unproven DSR CMU,5.0,1.0,DSR,2023.0,60.0,2023.0
Enel X UK Limited,UDSR42,Yes,Unproven DSR CMU,3.0,1.0,DSR,2023.0,60.0,2023.0
Enel X UK Limited,UDSR43,Yes,Unproven DSR CMU,4.0,1.0,DSR,2023.0,60.0,2023.0
Enel X UK Limited,UDSR44,Yes,Unproven DSR CMU,3.0,1.0,DSR,2023.0,60.0,2023.0
Enel X UK Limited,UDSR45,Yes,Unproven DSR CMU,1.0,1.0,DSR,2023.0,60.0,2023.0
Enel X UK Limited,UDSR46,Yes,Unproven DSR CMU,4.0,1.0,DSR,2023.0,60.0,2023.0
Enel X UK Limited,UDSR47,No,Unproven DSR CMU,20.0,1.0,DSR,2023.0,60.0,2023.0
Enel X UK Limited,UDSR48,No,Unproven DSR CMU,20.0,1.0,DSR,2023.0,60.0,2023.0
Enel X UK Limited,UDSR49,No,Unproven DSR CMU,20.0,1.0,DSR,2023.0,60.0,2023.0
Enel X UK Limited,UDSR50,No,Unproven DSR CMU,20.0,1.0,DSR,2023.0,60.0,2023.0
Enel X UK Limited,UDSR51,No,Unproven DSR CMU,20.0,1.0,DSR,2023.0,60.0,2023.0
Enel X UK Limited,UDSR52,No,Unproven DSR CMU,20.0,1.0,DSR,2023.0,60.0,2023.0
Enel X UK Limited,UDSR53,No,Unproven DSR CMU,20.0,1.0,DSR,2023.0,60.0,2023.0
Enel X UK Limited,UDSR54,No,Unproven DSR CMU,20.0,1.0,DSR,2023.0,60.0,2023.0
Enel X UK Limited,UDSR55,Yes,Unproven DSR CMU,20.0,1.0,DSR,2023.0,60.0,2023.0
Enel X UK Limited,UDSR56,Yes,Unproven DSR CMU,20.0,1.0,DSR,2023.0,60.0,2023.0
Enel X UK Limited,UDSR57,Yes,Unproven DSR CMU,20.0,1.0,DSR,2023.0,60.0,2023.0
Enel X UK Limited,UDSR58,Yes,Unproven DSR CMU,20.0,1.0,DSR,2023.0,60.0,2023.0
Enel X UK Limited,UDSR59,No,Unproven DSR CMU,10.0,1.0,DSR,2023.0,60.0,2023.0
Industrial Energy Services Limited ,CES0E3,Yes,Existing Generating CMU,5.129,1.0,Gas,2023.0,60.0,2023.0
Corby Power Limited,CORY-1,Yes,Existing Generating CMU,371.754,1.0,Gas,2023.0,60.0,2023.0
DONCASTER POWER (10MW) LIMITED,DONC02,Yes,New Build Generating CMU,1.86,1.0,Storage - Battery,2023.0,60.0,2023.0
Abercorn Generation Limited ,ABER22,Yes,New Build Generating CMU,19.036,1.0,Gas,2023.0,60.0,2023.0
AMALGAMATED SMART METERING LIMITED,ASMUS3,Yes,Existing Generating CMU,7.278,1.0,Gas,2023.0,60.0,2023.0
DURHAM RP LIMITED,DRPKR3,Yes,Existing Generating CMU,3.665,1.0,Gas,2023.0,60.0,2023.0
KiWi Power Ltd,KPEG92,Yes,Existing Generating CMU,3.635,1.0,Gas,2023.0,60.0,2023.0
KiWi Power Ltd,KPST57,Yes,Existing Generating CMU,6.355,1.0,Gas,2023.0,60.0,2023.0
KiWi Power Ltd,KPEG52,Yes,Existing Generating CMU,5.458,1.0,Gas,2023.0,60.0,2023.0
KiWi Power Ltd,KIW71A,Yes,Proven DSR CMU,15.783,1.0,DSR,2023.0,60.0,2023.0
KiWi Power Ltd,KIW73A,Yes,Proven DSR CMU,1.706,1.0,DSR,2023.0,60.0,2023.0
KiWi Power Ltd,KPEG81,Yes,Existing Generating CMU,2.156,1.0,Gas,2023.0,60.0,2023.0
KiWi Power Ltd,KPEG94,Yes,Existing Generating CMU,1.79,1.0,Gas,2023.0,60.0,2023.0
KiWi Power Ltd,KPEG95,Yes,Existing Generating CMU,1.756,1.0,Gas,2023.0,60.0,2023.0
KiWi Power Ltd,KPEG96,Yes,Existing Generating CMU,1.827,1.0,Gas,2023.0,60.0,2023.0
KiWi Power Ltd,KPEG93,Yes,Existing Generating CMU,2.54,1.0,Gas,2023.0,60.0,2023.0
KiWi Power Ltd,KPEG90,Yes,Existing Generating CMU,1.406,1.0,Gas,2023.0,60.0,2023.0
GFI73 LTD,GFI003,Yes,Existing Generating CMU,6.308,1.0,Diesel,2023.0,60.0,2023.0
GSES 1 LIMITED,GSF102,Yes,New Build Generating CMU,9.281,1.0,Storage - Battery,2023.0,60.0,2023.0
GSES 1 LIMITED,GSF104,Yes,New Build Generating CMU,5.58,1.0,Storage - Battery,2023.0,60.0,2023.0
OSSPV001 LIMITED,GSF006,Yes,Proven DSR CMU,6.431,1.0,DSR,2023.0,60.0,2023.0
GSES 1 LIMITED,GSF103,Yes,New Build Generating CMU,9.281,1.0,Storage - Battery,2023.0,60.0,2023.0
GIG FAUNE HOLDCO LIMITED,MALD02,Yes,New Build Generating CMU,7.44,1.0,Storage - Battery,2023.0,60.0,2023.0
FCC Environment (Lincolnshire) Limited,FCCLI4,Yes,Existing Generating CMU,11.527,1.0,Waste,2023.0,60.0,2023.0
Douglas West Wind Farm Ltd,DGWES2,Yes,Existing Generating CMU,3.69,1.0,Onshore Wind,2023.0,60.0,2023.0
WINDY RIG WIND FARM LIMITED,WINDYR,Yes,Existing Generating CMU,3.51,1.0,Onshore Wind,2023.0,60.0,2023.0
TWENTYSHILLING LIMITED,TWESHI,Yes,Existing Generating CMU,3.1,1.0,Onshore Wind,2023.0,60.0,2023.0
Greenspan Nifty Fifty Limited,GNRB01,Yes,New Build Generating CMU,3.198,1.0,Gas,2023.0,60.0,2023.0
Greenspan Nifty Fifty Limited,GNRA01,Yes,New Build Generating CMU,3.046,1.0,Gas,2023.0,60.0,2023.0
Tynemouth Battery Storage Limited,TYNE23,Yes,Existing Generating CMU,4.458,1.0,Storage - Battery,2023.0,60.0,2023.0
Enderby Storage Limited,Ende23,Yes,New Build Generating CMU,8.556,1.0,Storage - Battery,2023.0,60.0,2023.0
UK BATTERY STORAGE LTD,York23,Yes,New Build Generating CMU,12.555,1.0,Storage - Battery,2023.0,60.0,2023.0
COUPAR LIMITED,COUP23,Yes,New Build Generating CMU,6.882,1.0,Storage - Battery,2023.0,60.0,2023.0
ARBROATH LIMITED,AR1H23,Yes,New Build Generating CMU,6.138,1.0,Storage - Battery,2023.0,60.0,2023.0
Grendon Storage Limited,GREN23,Yes,New Build Generating CMU,17.029,1.0,Storage - Battery,2023.0,60.0,2023.0
Stairfoot Generation Ltd,FOOT23,Yes,New Build Generating CMU,6.696,1.0,Storage - Battery,2023.0,60.0,2023.0
Penwortham Storage Limited,Penw23,Yes,New Build Generating CMU,8.556,1.0,Storage - Battery,2023.0,60.0,2023.0
West Didsbury Storage Limited,Dids23,Yes,New Build Generating CMU,8.556,1.0,Storage - Battery,2023.0,60.0,2023.0
Melksham West Storage Limited,MELW23,Yes,New Build Generating CMU,8.556,1.0,Storage - Battery,2023.0,60.0,2023.0
Melksham East Storage Limited,MELE23,Yes,New Build Generating CMU,8.556,1.0,Storage - Battery,2023.0,60.0,2023.0
GridBeyond Limited,GBD044,No,Proven DSR CMU,22.864,1.0,DSR,2023.0,60.0,2023.0
GridBeyond Limited,GBD033,Yes,Proven DSR CMU,5.188,1.0,DSR,2023.0,60.0,2023.0
GridBeyond Limited,END046,Yes,Unproven DSR CMU,0.715,1.0,DSR,2023.0,60.0,2023.0
GridBeyond Limited,END049,Yes,Unproven DSR CMU,4.787,1.0,DSR,2023.0,60.0,2023.0
GridBeyond Limited,END050,Yes,Unproven DSR CMU,3.573,1.0,DSR,2023.0,60.0,2023.0
GridBeyond Limited,END051,No,Unproven DSR CMU,3.573,1.0,DSR,2023.0,60.0,2023.0
GridBeyond Limited,END052,Yes,Unproven DSR CMU,3.573,1.0,DSR,2023.0,60.0,2023.0
GridBeyond Limited,END053,Yes,Unproven DSR CMU,7.145,1.0,DSR,2023.0,60.0,2023.0
GridBeyond Limited,END054,Yes,Unproven DSR CMU,3.573,1.0,DSR,2023.0,60.0,2023.0
GridBeyond Limited,END055,Yes,Unproven DSR CMU,3.573,1.0,DSR,2023.0,60.0,2023.0
GridBeyond Limited,END056,Yes,Unproven DSR CMU,1.429,1.0,DSR,2023.0,60.0,2023.0
GridBeyond Limited,END057,Yes,Unproven DSR CMU,1.429,1.0,DSR,2023.0,60.0,2023.0
GridBeyond Limited,END058,Yes,Unproven DSR CMU,1.429,1.0,DSR,2023.0,60.0,2023.0
GridBeyond Limited,END059,Yes,Unproven DSR CMU,1.429,1.0,DSR,2023.0,60.0,2023.0
GridBeyond Limited,END060,Yes,Unproven DSR CMU,1.429,1.0,DSR,2023.0,60.0,2023.0
GridBeyond Limited,END062,Yes,Unproven DSR CMU,1.429,1.0,DSR,2023.0,60.0,2023.0
GridBeyond Limited,END063,Yes,Unproven DSR CMU,1.429,1.0,DSR,2023.0,60.0,2023.0
GridBeyond Limited,END064,Yes,Unproven DSR CMU,1.429,1.0,DSR,2023.0,60.0,2023.0
GridBeyond Limited,END065,Yes,Unproven DSR CMU,1.429,1.0,DSR,2023.0,60.0,2023.0
GridBeyond Limited,GBD047,Yes,Existing Generating CMU,9.063,1.0,Gas,2023.0,60.0,2023.0
GridBeyond Limited,GBD048,Yes,Existing Generating CMU,1.37,1.0,Gas,2023.0,60.0,2023.0
GridBeyond Limited,GBD008,Yes,Existing Generating CMU,4.948,1.0,Gas,2023.0,60.0,2023.0
GridBeyond Limited,GBD004,Yes,Existing Generating CMU,4.926,1.0,Gas,2023.0,60.0,2023.0
GridBeyond Limited,GBD013,Yes,Existing Generating CMU,6.382,1.0,Gas,2023.0,60.0,2023.0
GridBeyond Limited,GBD017,Yes,Existing Generating CMU,47.752,1.0,Gas,2023.0,60.0,2023.0
GridBeyond Limited,END036,Yes,Unproven DSR CMU,9.173,1.0,DSR,2023.0,60.0,2023.0
GridBeyond Limited,gbd102,Yes,Proven DSR CMU,37.927,1.0,DSR,2023.0,60.0,2023.0
Braintree Electric Forecourt Ltd,GS_EF1,Yes,Existing Generating CMU,0.93,1.0,Storage - Battery,2023.0,60.0,2023.0
NORWICH EAST ELECTRIC FORECOURT LTD,GS_EF2,Yes,New Build Generating CMU,1.116,1.0,Storage - Battery,2023.0,60.0,2023.0
Harmony (PW) 2 Limited,HPW222,Yes,New Build Generating CMU,18.325,1.0,Storage - Battery,2023.0,60.0,2023.0
Harmony (PW) Limited,HPW122,Yes,New Build Generating CMU,18.325,1.0,Storage - Battery,2023.0,60.0,2023.0
Harmony BD Limited,HBDL22,Yes,New Build Generating CMU,3.85,1.0,Storage - Battery,2023.0,60.0,2023.0
Harmony BF Limited,HBF223,No,New Build Generating CMU,18.325,1.0,Storage - Battery,2023.0,60.0,2023.0
Harmony BF Limited,HBF122,No,New Build Generating CMU,18.325,1.0,Storage - Battery,2023.0,60.0,2023.0
Harmony CS Limited,HCSL21,Yes,Existing Generating CMU,12.587,1.0,Storage - Battery,2023.0,60.0,2023.0
Harmony CTF 2 Limited,HCT223,Yes,New Build Generating CMU,18.325,1.0,Storage - Battery,2023.0,60.0,2023.0
Harmony CTF Limited,HCTF23,Yes,New Build Generating CMU,18.325,1.0,Storage - Battery,2023.0,60.0,2023.0
Harmony FM Limited,HFML23,Yes,New Build Generating CMU,7.404,1.0,Storage - Battery,2023.0,60.0,2023.0
Harmony HB Limited,HHBL20,Yes,Existing Generating CMU,2.777,1.0,Storage - Battery,2023.0,60.0,2023.0
HARMONY RH LTD,HRHL23,Yes,New Build Generating CMU,12.957,1.0,Storage - Battery,2023.0,60.0,2023.0
HYDROCK CONSULTANTS LIMITED,HY0001,Yes,New Build Generating CMU,7.478,1.0,Storage - Battery,2023.0,60.0,2023.0
ARL 027 Limited,BLT123,Yes,New Build Generating CMU,3.72,1.0,Storage - Battery,2023.0,60.0,2023.0
ARL 001 Limited,GLT123,Yes,New Build Generating CMU,3.348,1.0,Storage - Battery,2023.0,60.0,2023.0
BRK 002 Limited,PLT123,Yes,New Build Generating CMU,9.114,1.0,Storage - Battery,2023.0,60.0,2023.0
INOVYN ChlorVinyls Limited,INO101,Yes,Existing Generating CMU,8.938,1.0,Gas,2023.0,60.0,2023.0
FS WEST GOURDIE LIMITED,FSWG23,Yes,New Build Generating CMU,7.905,1.0,Storage - Battery,2023.0,60.0,2023.0
Kemsley CHP Limited,DSK123,Yes,Existing Generating CMU,67.23,1.0,Gas,2023.0,60.0,2023.0
LAKESIDE ENERGY FROM WASTE LIMITED,LAKE23,Yes,Existing Generating CMU,32.592,1.0,Waste,2023.0,60.0,2023.0
FRP MERCIA HOLDCO 2 LIMITED,FRP2GE,Yes,New Build Generating CMU,4.66,1.0,Gas,2023.0,60.0,2023.0
NEXTPOWER EELPOWER CAMILLA LIMITED,CAMI23,Yes,New Build Generating CMU,9.281,1.0,Storage - Battery,2023.0,60.0,2023.0
Welkin Mill Power Limited,WELK23,No,New Build Generating CMU,12.957,1.0,Storage - Battery,2023.0,60.0,2023.0
Noriker Poise Ltd,BFRD22,Yes,New Build Generating CMU,9.255,1.0,Storage - Battery,2023.0,60.0,2023.0
Northern Industrial Generation Limited,TOMW23,Yes,New Build Generating CMU,3.654,1.0,Gas,2023.0,60.0,2023.0
Nuclear Decommissioning Authority,NDAMAN,Yes,Existing Generating CMU,25.697,1.0,Hydro,2023.0,60.0,2023.0
Nursling Energy Two Limited,Nurse3,Yes,New Build Generating CMU,1.228,1.0,Storage - Battery,2023.0,60.0,2023.0
OAKTREE POWER LIMITED,OPL014,Yes,Unproven DSR CMU,0.911,1.0,DSR,2023.0,60.0,2023.0
OAKTREE POWER LIMITED,OPL015,Yes,Unproven DSR CMU,0.911,1.0,DSR,2023.0,60.0,2023.0
OAKTREE POWER LIMITED,OPL016,Yes,Unproven DSR CMU,0.911,1.0,DSR,2023.0,60.0,2023.0
OAKTREE POWER LIMITED,OPL007,Yes,Unproven DSR CMU,21.435,1.0,DSR,2023.0,60.0,2023.0
OAKTREE POWER LIMITED,OPL008,Yes,Unproven DSR CMU,2.144,1.0,DSR,2023.0,60.0,2023.0
OAKTREE POWER LIMITED,OPL009,Yes,Unproven DSR CMU,2.144,1.0,DSR,2023.0,60.0,2023.0
OAKTREE POWER LIMITED,OPL010,Yes,Unproven DSR CMU,2.144,1.0,DSR,2023.0,60.0,2023.0
OAKTREE POWER LIMITED,OPL011,Yes,Unproven DSR CMU,0.911,1.0,DSR,2023.0,60.0,2023.0
OAKTREE POWER LIMITED,OPL012,Yes,Unproven DSR CMU,0.911,1.0,DSR,2023.0,60.0,2023.0
OAKTREE POWER LIMITED,OPL013,Yes,Unproven DSR CMU,0.911,1.0,DSR,2023.0,60.0,2023.0
OCTOPUS ENERGY LIMITED,OCTO13,Yes,Unproven DSR CMU,12.0,1.0,DSR,2023.0,60.0,2023.0
OCTOPUS ENERGY LIMITED,OCTO14,Yes,Unproven DSR CMU,12.0,1.0,DSR,2023.0,60.0,2023.0
OCTOPUS ENERGY LIMITED,OCTO15,No,Unproven DSR CMU,1.0,1.0,DSR,2023.0,60.0,2023.0
OCTOPUS ENERGY LIMITED,OCTO01,Yes,Unproven DSR CMU,4.072,1.0,DSR,2023.0,60.0,2023.0
OCTOPUS ENERGY LIMITED,OCTO12,Yes,Unproven DSR CMU,12.0,1.0,DSR,2023.0,60.0,2023.0
CUMBERHEAD WIND ENERGY LIMITED,Cumb22,Yes,New Build Generating CMU,4.1,1.0,Onshore Wind,2023.0,60.0,2023.0
The Isle of Wight Energy Company Limited,MAIN21,Yes,Existing Generating CMU,5.48,1.0,Gas,2023.0,60.0,2023.0
RICHBOROUGH ENERGY PARK LIMITED,PGREP2,Yes,New Build Generating CMU,9.298,1.0,Storage - Battery,2023.0,60.0,2023.0
RICHBOROUGH ENERGY PARK LIMITED,PGREP1,Yes,New Build Generating CMU,9.298,1.0,Storage - Battery,2023.0,60.0,2023.0
Peak Gen Power Limited,HAYPGL,Yes,Existing Generating CMU,5.14,1.0,Diesel,2023.0,60.0,2023.0
W4B Renewable Energy Limited,W42022,Yes,Existing Generating CMU,15.229,1.0,Diesel,2023.0,60.0,2023.0
Peak Gen Power Limited,COVPGL,Yes,Existing Generating CMU,5.711,1.0,Diesel,2023.0,60.0,2023.0
Peak Gen Power Limited,HATPGL,Yes,Existing Generating CMU,4.172,1.0,Diesel,2023.0,60.0,2023.0
Peak Gen Power Limited,DIDPGL,Yes,Existing Generating CMU,3.141,1.0,Diesel,2023.0,60.0,2023.0
Pivoted Power LLP,PPBS22,Yes,New Build Generating CMU,16.659,1.0,Storage - Battery,2023.0,60.0,2023.0
Pivoted Power LLP,PPCV22,Yes,New Build Generating CMU,16.659,1.0,Storage - Battery,2023.0,60.0,2023.0
Pulse Clean Energy UK Limited,FW0011,Yes,New Build Generating CMU,2.604,1.0,Storage - Battery,2023.0,60.0,2023.0
Pulse Clean Energy UK Limited,BF0001,Yes,New Build Generating CMU,3.162,1.0,Storage - Battery,2023.0,60.0,2023.0
Pulse Clean Energy UK Limited,TJ0011,Yes,New Build Generating CMU,3.348,1.0,Storage - Battery,2023.0,60.0,2023.0
Pulse Clean Energy UK Limited,WB0001,Yes,New Build Generating CMU,3.72,1.0,Storage - Battery,2023.0,60.0,2023.0
Flexitricity Limited,F21018,Yes,Existing Generating CMU,1.735,1.0,Gas,2023.0,60.0,2023.0
Flexitricity Limited,F22153,Yes,Existing Generating CMU,2.74,1.0,Gas,2023.0,60.0,2023.0
Flexitricity Limited,F18009,Yes,Existing Generating CMU,4.006,1.0,Gas,2023.0,60.0,2023.0
Flexitricity Limited,F18010,Yes,Existing Generating CMU,1.218,1.0,Gas,2023.0,60.0,2023.0
Flexitricity Limited,F20111,Yes,Existing Generating CMU,7.139,1.0,Gas,2023.0,60.0,2023.0
Flexitricity Limited,F20025,Yes,Existing Generating CMU,14.208,1.0,Gas,2023.0,60.0,2023.0
Flexitricity Limited,F22112,Yes,Proven DSR CMU,1.965,1.0,DSR,2023.0,60.0,2023.0
Flexitricity Limited,F22116,No,Proven DSR CMU,0.868,1.0,DSR,2023.0,60.0,2023.0
Flexitricity Limited,F22080,Yes,Proven DSR CMU,4.821,1.0,DSR,2023.0,60.0,2023.0
Flexitricity Limited,F22082,Yes,Proven DSR CMU,4.279,1.0,DSR,2023.0,60.0,2023.0
Flexitricity Limited,F22091,Yes,Proven DSR CMU,7.545,1.0,DSR,2023.0,60.0,2023.0
Flexitricity Limited,F22063,Yes,Proven DSR CMU,1.986,1.0,DSR,2023.0,60.0,2023.0
Flexitricity Limited,F22157,No,Unproven DSR CMU,2.232,1.0,DSR,2023.0,60.0,2023.0
Flexitricity Limited,F20001,Yes,Existing Generating CMU,5.153,1.0,Gas,2023.0,60.0,2023.0
RWE Generation UK plc,CHEN22,Yes,New Build Generating CMU,19.036,1.0,Gas,2023.0,60.0,2023.0
RWE Generation UK plc,CHEG22,Yes,Existing Generating CMU,42.253,1.0,Gas,2023.0,60.0,2023.0
Impact Power Limited,EMIST2,Yes,Proven DSR CMU,1.888,1.0,DSR,2023.0,60.0,2023.0
PYEBRIDGE POWER LTD,PB2022,Yes,Existing Generating CMU,5.14,1.0,Gas,2023.0,60.0,2023.0
BRENTWOOD ENERGY STORAGE LIMITED,BRETB1,Yes,New Build Generating CMU,9.281,1.0,Storage - Battery,2023.0,60.0,2023.0
ADD RENEWABLES NO.3 LIMITED,BARNB1,Yes,New Build Generating CMU,7.44,1.0,Storage - Battery,2023.0,60.0,2023.0
NEWTONWOOD ENERGY STORAGE LIMITED,NEWTB1,Yes,New Build Generating CMU,9.281,1.0,Storage - Battery,2023.0,60.0,2023.0
BROOK FARM ENERGY STORAGE LIMITED,BROFB1,Yes,New Build Generating CMU,9.179,1.0,Storage - Battery,2023.0,60.0,2023.0
EAST ANGLIA GRID STORAGE ONE LIMITED,BURWB1,Yes,New Build Generating CMU,9.281,1.0,Storage - Battery,2023.0,60.0,2023.0
FAREHAM ENERGY RESERVE 2 LIMITED,FAR226,Yes,New Build Generating CMU,3.72,1.0,Storage - Battery,2023.0,60.0,2023.0
FAREHAM ENERGY RESERVE LIMITED,FAR123,Yes,Existing Generating CMU,7.44,1.0,Storage - Battery,2023.0,60.0,2023.0
SEAGREEN WIND ENERGY LIMITED,SG2231,No,New Build Generating CMU,8.547,1.0,Offshore Wind,2023.0,60.0,2023.0
Keadby Generation Limited,KED231,Yes,Existing Generating CMU,726.392,1.0,Gas,2023.0,60.0,2023.0
Medway Power Limited,MED231,Yes,Existing Generating CMU,671.349,1.0,Gas,2023.0,60.0,2023.0
SEAGREEN WIND ENERGY LIMITED,SG4231,No,New Build Generating CMU,14.958,1.0,Offshore Wind,2023.0,60.0,2023.0
SEAGREEN WIND ENERGY LIMITED,SG3231,No,New Build Generating CMU,17.094,1.0,Offshore Wind,2023.0,60.0,2023.0
SSEPG (Operations) Limited,BUR231,Yes,Existing Generating CMU,44.773,1.0,Gas,2023.0,60.0,2023.0
SSEPG (Operations) Limited,CHI231,Yes,Existing Generating CMU,44.773,1.0,Gas,2023.0,60.0,2023.0
SEAGREEN WIND ENERGY LIMITED,SG5231,No,New Build Generating CMU,8.547,1.0,Offshore Wind,2023.0,60.0,2023.0
SEAGREEN WIND ENERGY LIMITED,SG1231,Yes,New Build Generating CMU,32.052,1.0,Offshore Wind,2023.0,60.0,2023.0
Dollymans Storage Limited,SEL110,Yes,New Build Generating CMU,18.563,1.0,Storage - Battery,2023.0,60.0,2023.0
Minety South Storage 2 LTD,SEL109,No,New Build Generating CMU,9.298,1.0,Storage - Battery,2023.0,60.0,2023.0
SW Mannington Limited,SWM023,Yes,Existing Generating CMU,10.289,1.0,Storage - Battery,2023.0,60.0,2023.0
SUSI EELPOWER FORDTOWN LIMITED,FORD23,Yes,New Build Generating CMU,9.298,1.0,Storage - Battery,2023.0,60.0,2023.0
SUSI Eelpower Dunsinane Limited,LYND23,Yes,New Build Generating CMU,9.281,1.0,Storage - Battery,2023.0,60.0,2023.0
SUSI EELPOWER HALESWORTH LIMITED,HALE23,Yes,New Build Generating CMU,9.3,1.0,Storage - Battery,2023.0,60.0,2023.0
Harmony CF Limited,HCFL23,Yes,New Build Generating CMU,18.325,1.0,Storage - Battery,2023.0,60.0,2023.0
Hawkers Hill Energy Park Limited,HHEP23,Yes,New Build Generating CMU,7.404,1.0,Storage - Battery,2023.0,60.0,2023.0
NORTHWICH POWER LIMITED,NORT_3,Yes,Existing Generating CMU,13.195,1.0,Gas,2023.0,60.0,2023.0
Limejump Ltd,BAT203,Yes,Existing Generating CMU,0.446,1.0,Storage - Battery,2023.0,60.0,2023.0
FEEDER GRID STORAGE LIMITED,FR2116,Yes,New Build Generating CMU,3.72,1.0,Storage - Battery,2023.0,60.0,2023.0
ALLIUM HELMSLEY LTD,ALLHM2,Yes,New Build Generating CMU,0.88,1.0,Waste,2023.0,60.0,2023.0
ALLIUM HELMSLEY LTD,ALLHM1,Yes,Existing Generating CMU,1.523,1.0,Gas,2023.0,60.0,2023.0
TOLLGATE ENERGY STORAGE LIMITED,TOL001,Yes,New Build Generating CMU,9.207,1.0,Storage - Battery,2023.0,60.0,2023.0
Uniper UK Limited,RTGT14,Yes,Existing Generating CMU,16.181,1.0,Diesel,2023.0,60.0,2023.0
Uniper UK Limited,HOLF01,Yes,Proven DSR CMU,5.659,1.0,DSR,2023.0,60.0,2023.0
Uniper UK Limited,RTGT12,Yes,Existing Generating CMU,16.181,1.0,Diesel,2023.0,60.0,2023.0
URBAN RESERVE (ASSETCO 2) LIMITED,UR0310,Yes,New Build Generating CMU,4.826,1.0,Gas,2023.0,60.0,2023.0
URBAN RESERVE (ASSETCO 2) LIMITED,UR0331,Yes,New Build Generating CMU,4.826,1.0,Gas,2023.0,60.0,2023.0
URBAN RESERVE (ASSETCO) LIMITED,UR9279,Yes,New Build Generating CMU,4.814,1.0,Gas,2023.0,60.0,2023.0
URBAN RESERVE (ASSETCO) LIMITED,UR0125,Yes,New Build Generating CMU,2.413,1.0,Gas,2023.0,60.0,2023.0
URBAN RESERVE (ASSETCO) LIMITED,UR0332,Yes,New Build Generating CMU,4.093,1.0,Gas,2023.0,60.0,2023.0
URBAN RESERVE (ASSETCO) LIMITED,URX141,Yes,Existing Generating CMU,3.736,1.0,Gas,2023.0,60.0,2023.0
URBAN RESERVE (ASSETCO) LIMITED,URX119,Yes,Existing Generating CMU,2.413,1.0,Gas,2023.0,60.0,2023.0
URBAN RESERVE (ASSETCO) LIMITED,URX132,Yes,Existing Generating CMU,4.759,1.0,Gas,2023.0,60.0,2023.0
URBAN RESERVE (ASSETCO) LIMITED,URX145,Yes,Existing Generating CMU,3.857,1.0,Gas,2023.0,60.0,2023.0
URBAN RESERVE (ASSETCO) LIMITED,URX197,Yes,Existing Generating CMU,4.341,1.0,Gas,2023.0,60.0,2023.0
URBAN RESERVE (ASSETCO) LIMITED,URX214,Yes,Existing Generating CMU,4.814,1.0,Gas,2023.0,60.0,2023.0
URBAN RESERVE (ASSETCO) LIMITED,URX217,Yes,Existing Generating CMU,4.814,1.0,Gas,2023.0,60.0,2023.0
URBAN RESERVE (ASSETCO) LIMITED,URX226,Yes,Existing Generating CMU,2.413,1.0,Gas,2023.0,60.0,2023.0
URBAN RESERVE (ASSETCO) LIMITED,UR9263,Yes,New Build Generating CMU,3.415,1.0,Gas,2023.0,60.0,2023.0
Vattenfall Wind Power Ltd,URB-03,Yes,New Build Generating CMU,7.404,1.0,Storage - Battery,2023.0,60.0,2023.0
Veolia UK Limited,TYSE07,Yes,Existing Generating CMU,23.939,1.0,Waste,2023.0,60.0,2023.0
RHODESIA POWER LIMITED,RhodCC,No,New Build Generating CMU,9.518,1.0,Gas,2023.0,60.0,2023.0
FIELD OLDHAM LTD,22OLD1,Yes,New Build Generating CMU,3.72,1.0,Storage - Battery,2023.0,60.0,2023.0
VITAL ENERGI SOLUTIONS LIMITED,VIT404,Yes,Existing Generating CMU,8.1,1.0,Gas,2023.0,60.0,2023.0
VITAL ENERGI SOLUTIONS LIMITED,VIT305,Yes,Existing Generating CMU,4.069,1.0,Gas,2023.0,60.0,2023.0
VITAL ENERGI SOLUTIONS LIMITED,VIT502,Yes,Existing Generating CMU,2.987,1.0,Gas,2023.0,60.0,2023.0
VITAL ENERGI SOLUTIONS LIMITED,VIT503,Yes,Existing Generating CMU,3.014,1.0,Gas,2023.0,60.0,2023.0
VPI Power Limited,VP22BM,Yes,Existing Generating CMU,54.804,1.0,Gas,2023.0,60.0,2023.0
WARRINGTON RENEWABLES (HULL) LIMITED,BILT02,Yes,Existing Generating CMU,3.448,1.0,Solar,2023.0,60.0,2023.0
Warrington Renewables (York) Ltd,BOSC01,Yes,Existing Generating CMU,2.959,1.0,Solar,2023.0,60.0,2023.0
Whitetower Energy Limited,THRN26,Yes,Existing Generating CMU,37.239,1.0,Gas,2023.0,60.0,2023.0
Whitetower Energy Limited,EXET26,Yes,Existing Generating CMU,41.909,1.0,Gas,2023.0,60.0,2023.0
CROSSDYKES WF LIMITED,CRDY23,Yes,Existing Generating CMU,3.772,1.0,Onshore Wind,2023.0,60.0,2023.0
Biogas Technology Limited,AXB023,Yes,New Build Generating CMU,6.567,1.0,Gas,2023.0,60.0,2023.0
Zenobe Energy Limited,DSRBS3,Yes,Unproven DSR CMU,2.066,1.0,DSR,2023.0,60.0,2023.0
BESS Holdco 8 Limited,DSRUU3,No,Unproven DSR CMU,1.35,1.0,DSR,2023.0,60.0,2023.0
BESS Holdco 14 Limited,DSWAL3,Yes,Unproven DSR CMU,0.9,1.0,DSR,2023.0,60.0,2023.0
ZENOBE EV FLEETCO LIMITED,EVLLS1,Yes,Unproven DSR CMU,0.714,1.0,DSR,2023.0,60.0,2023.0
ZENOBE BORROWER FLEETCO LIMITED,EVINC1,No,Unproven DSR CMU,0.715,1.0,DSR,2023.0,60.0,2023.0
Drax Power Limited,DX0417,No,Existing Generating CMU,0.0,0.0,Unknown,2018.0,6.0,2018.0
Eggborough Power Limited,EGGB18,No,Existing Generating CMU,0.0,0.0,Unknown,2018.0,6.0,2018.0
EnerNOC UK Limited,EDSR01,No,Unproven DSR CMU,0.0,0.0,Unknown,2018.0,6.0,2018.0
EnerNOC UK Limited,EDSR02,No,Unproven DSR CMU,0.0,0.0,Unknown,2018.0,6.0,2018.0
EnerNOC UK Limited,EDSR03,No,Unproven DSR CMU,0.0,0.0,Unknown,2018.0,6.0,2018.0
EnerNOC UK Limited,EDSR04,No,Unproven DSR CMU,0.0,0.0,Unknown,2018.0,6.0,2018.0
EnerNOC UK Limited,EDSR05,No,Unproven DSR CMU,0.0,0.0,Unknown,2018.0,6.0,2018.0
EnerNOC UK Limited,EDSR06,No,Unproven DSR CMU,0.0,0.0,Unknown,2018.0,6.0,2018.0
EnerNOC UK Limited,EDSR07,No,Unproven DSR CMU,0.0,0.0,Unknown,2018.0,6.0,2018.0
EnerNOC UK Limited,EDSR08,No,Unproven DSR CMU,0.0,0.0,Unknown,2018.0,6.0,2018.0
EnerNOC UK Limited,EDSR09,No,Unproven DSR CMU,0.0,0.0,Unknown,2018.0,6.0,2018.0
EnerNOC UK Limited,EDSR10,No,Unproven DSR CMU,0.0,0.0,Unknown,2018.0,6.0,2018.0
EnerNOC UK Limited,EDSR11,No,Unproven DSR CMU,0.0,0.0,Unknown,2018.0,6.0,2018.0
EnerNOC UK Limited,EDSR12,No,Unproven DSR CMU,0.0,0.0,Unknown,2018.0,6.0,2018.0
EnerNOC UK Limited,EDSR13,No,Unproven DSR CMU,0.0,0.0,Unknown,2018.0,6.0,2018.0
EnerNOC UK Limited,EDSR14,No,Unproven DSR CMU,0.0,0.0,Unknown,2018.0,6.0,2018.0
EnerNOC UK Limited,EDSR15,No,Unproven DSR CMU,0.0,0.0,Unknown,2018.0,6.0,2018.0
EnerNOC UK Limited,EDSR16,No,Unproven DSR CMU,0.0,0.0,Unknown,2018.0,6.0,2018.0
EnerNOC UK Limited,EDSR17,No,Unproven DSR CMU,0.0,0.0,Unknown,2018.0,6.0,2018.0
EnerNOC UK Limited,EDSR18,No,Unproven DSR CMU,0.0,0.0,Unknown,2018.0,6.0,2018.0
EnerNOC UK Limited,EDSR19,No,Unproven DSR CMU,0.0,0.0,Unknown,2018.0,6.0,2018.0
EnerNOC UK Limited,EDSR20,No,Unproven DSR CMU,0.0,0.0,Unknown,2018.0,6.0,2018.0
EnerNOC UK Limited,EGEN02,Yes,Existing Generating CMU,3.6,1.0,Unknown,2018.0,6.0,2018.0
EnerNOC UK Limited,EGEN03,Yes,Existing Generating CMU,3.6,1.0,Unknown,2018.0,6.0,2018.0
EnerNOC UK Limited,EGEN04,Yes,Existing Generating CMU,3.6,1.0,Unknown,2018.0,6.0,2018.0
EnerNOC UK Limited,EGEN21,Yes,Existing Generating CMU,7.2,1.0,Unknown,2018.0,6.0,2018.0
EnerNOC UK Limited,EGEN22,Yes,Existing Generating CMU,7.2,1.0,Unknown,2018.0,6.0,2018.0
EnerNOC UK Limited,EGEN17,Yes,Existing Generating CMU,6.03,1.0,Unknown,2018.0,6.0,2018.0
EnerNOC UK Limited,EGEN11,Yes,Existing Generating CMU,9.45,1.0,Unknown,2018.0,6.0,2018.0
EnerNOC UK Limited,EGEN16,Yes,Existing Generating CMU,7.2,1.0,Unknown,2018.0,6.0,2018.0
EnerNOC UK Limited,EGEN07,Yes,Existing Generating CMU,3.78,1.0,Unknown,2018.0,6.0,2018.0
EnerNOC UK Limited,EGEN06,Yes,Existing Generating CMU,3.96,1.0,Unknown,2018.0,6.0,2018.0
EnerNOC UK Limited,EGEN15,Yes,Existing Generating CMU,3.6,1.0,Unknown,2018.0,6.0,2018.0
Flexitricity Limited,FLXR19,No,Existing Generating CMU,0.0,0.0,Unknown,2018.0,6.0,2018.0
Flexitricity Limited,FLXR24,No,Existing Generating CMU,0.0,0.0,Unknown,2018.0,6.0,2018.0
Flexitricity Limited,FLXR23,No,Existing Generating CMU,0.0,0.0,Unknown,2018.0,6.0,2018.0
Flexitricity Limited,FLXR27,No,Existing Generating CMU,0.0,0.0,Unknown,2018.0,6.0,2018.0
Flexitricity Limited,FLXR29,No,Existing Generating CMU,0.0,0.0,Unknown,2018.0,6.0,2018.0
Flexitricity Limited,FLXR30,No,New Build Generating CMU,0.0,0.0,Unknown,2018.0,6.0,2018.0
Flexitricity Limited,FLXR32,No,Existing Generating CMU,0.0,0.0,Unknown,2018.0,6.0,2018.0
Flexitricity Limited,FLXR42,Yes,Proven DSR CMU,11.932,1.0,Unknown,2018.0,6.0,2018.0
Flexitricity Limited,FLXR43,Yes,Proven DSR CMU,11.965,1.0,Unknown,2018.0,6.0,2018.0
Flexitricity Limited,FLXR61,No,Proven DSR CMU,0.0,0.0,Unknown,2018.0,6.0,2018.0
Flexitricity Limited,FLXR62,No,Proven DSR CMU,0.0,0.0,Unknown,2018.0,6.0,2018.0
Flexitricity Limited,FLXR63,Yes,Proven DSR CMU,2.778,1.0,Unknown,2018.0,6.0,2018.0
Flexitricity Limited,FLXR64,No,Proven DSR CMU,0.0,0.0,Unknown,2018.0,6.0,2018.0
Flexitricity Limited,FLXR36,No,Existing Generating CMU,0.0,0.0,Unknown,2018.0,6.0,2018.0
Flexitricity Limited,FLXR22,No,Existing Generating CMU,0.0,0.0,Unknown,2018.0,6.0,2018.0
Flexitricity Limited,FLXR26,No,Existing Generating CMU,0.0,0.0,Unknown,2018.0,6.0,2018.0
Flexitricity Limited,FLXR50,No,Existing Generating CMU,0.0,0.0,Unknown,2018.0,6.0,2018.0
Flexitricity Limited,FLXR98,No,Unproven DSR CMU,0.0,0.0,Unknown,2018.0,6.0,2018.0
Flexitricity Limited,FLXR99,No,Unproven DSR CMU,0.0,0.0,Unknown,2018.0,6.0,2018.0
Grangemouth CHP Limited,GCHPLA,Yes,Existing Generating CMU,127.8,1.0,Unknown,2018.0,6.0,2018.0
RWE Generation UK plc,GRMA17,No,New Build Generating CMU,0.0,0.0,Unknown,2018.0,6.0,2018.0
UK Power Reserve Limited,17PR13,Yes,Refurbishing Generating CMU,4.741,1.0,Unknown,2018.0,6.0,2018.0
UK Power Reserve Limited,AGPR06,No,Unproven DSR CMU,0.0,0.0,Unknown,2018.0,6.0,2018.0
Viridis 178 Limited,VI1201,Yes,New Build Generating CMU,19.738,1.0,Unknown,2018.0,6.0,2018.0
Viridis 178 Limited,VI1202,Yes,New Build Generating CMU,12.688,1.0,Unknown,2018.0,6.0,2018.0
Viridis 178 Limited,VI1203,Yes,New Build Generating CMU,5.639,1.0,Unknown,2018.0,6.0,2018.0
Viridis 178 Limited,VI1204,Yes,Existing Generating CMU,9.189,1.0,Unknown,2018.0,6.0,2018.0
Viridis 178 Limited,VI1205,Yes,Existing Generating CMU,3.938,1.0,Unknown,2018.0,6.0,2018.0
Cadoxton Reserve Power Limited,CADO03,Yes,Existing Generating CMU,14.98,1.0,Unknown,2018.0,6.0,2018.0
Dafen Reserve Power Limited,DAFE03,Yes,Existing Generating CMU,9.291,1.0,Unknown,2018.0,6.0,2018.0
Harbourne Power Limited,HARB03,Yes,Existing Generating CMU,14.98,1.0,Unknown,2018.0,6.0,2018.0
Larigan Power Limited,LARI03,Yes,Existing Generating CMU,14.98,1.0,Unknown,2018.0,6.0,2018.0
Nevern Power Limited,NEVE03,Yes,New Build Generating CMU,14.98,1.0,Unknown,2018.0,6.0,2018.0
Redlake Power Limited,RED003,Yes,Existing Generating CMU,14.98,1.0,Unknown,2018.0,6.0,2018.0
Selby Power Limited,SELB03,Yes,Existing Generating CMU,14.98,1.0,Unknown,2018.0,6.0,2018.0
Tillingham Power Limited,TILL03,Yes,Existing Generating CMU,14.98,1.0,Unknown,2018.0,6.0,2018.0
Clyne Power Limited,CLYN03,Yes,Existing Generating CMU,14.98,1.0,Unknown,2018.0,6.0,2018.0
Ogmore Power Limited,OGMO03,Yes,Existing Generating CMU,15.17,1.0,Unknown,2018.0,6.0,2018.0
Culvery Power Limited,CULV04,No,Existing Generating CMU,0.0,0.0,Unknown,2018.0,6.0,2018.0
Centrica Barry Limited,EBRYP3,No,Existing Generating CMU,0.0,0.0,Unknown,2018.0,6.0,2018.0
Centrica Brigg Limited,EBRGG3,Yes,Existing Generating CMU,95.375,1.0,Unknown,2018.0,6.0,2018.0
Centrica PB Limited,PETEM3,Yes,Existing Generating CMU,235.175,1.0,Unknown,2018.0,6.0,2018.0
Distributed Energy Customer Solutions Limited,GOUK03,Yes,Existing Generating CMU,4.917,1.0,Unknown,2018.0,6.0,2018.0
Distributed Energy Customer Solutions Limited,GRND02,Yes,Existing Generating CMU,7.221,1.0,Unknown,2018.0,6.0,2018.0
Distributed Energy Customer Solutions Limited,GOUK01,Yes,Existing Generating CMU,2.076,1.0,Unknown,2018.0,6.0,2018.0
ENER-G Combined Power Limited,WUTH04,Yes,Existing Generating CMU,2.244,1.0,Unknown,2018.0,6.0,2018.0
Centrica Brigg Limited,EFRRO3,Yes,New Build Generating CMU,10.649,1.0,Unknown,2018.0,6.0,2018.0
Centrica Distributed Generation Limited,DGBRI3,Yes,New Build Generating CMU,45.983,1.0,Unknown,2018.0,6.0,2018.0
Centrica Distributed Generation Limited,DGPET3,Yes,New Build Generating CMU,45.509,1.0,Unknown,2018.0,6.0,2018.0
British Gas Trading Limited,GBUK01,Yes,New Build Generating CMU,1.164,1.0,Unknown,2018.0,6.0,2018.0
GB Gas Holdings Ltd,3CEES1,Yes,Proven DSR CMU,4.189,1.0,Unknown,2018.0,6.0,2018.0
British Gas Trading Limited,3BGT01,No,Proven DSR CMU,0.0,0.0,Unknown,2018.0,6.0,2018.0
Distributed Energy Customer Solutions Limited,GBUK02,Yes,New Build Generating CMU,4.775,1.0,Unknown,2018.0,6.0,2018.0
EDF Energy plc,WA3-17,Yes,Existing Generating CMU,437.812,1.0,Unknown,2018.0,6.0,2018.0
Peak Gen Power 27 Limited,PG1727,No,New Build Generating CMU,0.0,0.0,Unknown,2018.0,6.0,2018.0
Peak Gen Power 18 Limited,PG1718,No,Existing Generating CMU,0.0,0.0,Unknown,2018.0,6.0,2018.0
Alkane Energy UK Limited,AUKN28,Yes,New Build Generating CMU,5.689,1.0,Unknown,2018.0,6.0,2018.0
Regent Park Energy Limited,AUKN33,Yes,New Build Generating CMU,1.896,1.0,Unknown,2018.0,6.0,2018.0
Alkane Energy UK Limited,AUKN37,Yes,New Build Generating CMU,2.844,1.0,Unknown,2018.0,6.0,2018.0
Alkane Energy UK Limited,A11705,Yes,Existing Generating CMU,2.815,1.0,Unknown,2018.0,6.0,2018.0
Regent Park Energy Limited,A11708,Yes,Existing Generating CMU,10.606,1.0,Unknown,2018.0,6.0,2018.0
Alkane Energy UK Limited,A11701,Yes,Existing Generating CMU,3.699,1.0,Unknown,2018.0,6.0,2018.0
Alkane Energy CM Limited,A11706,Yes,Existing Generating CMU,7.71,1.0,Unknown,2018.0,6.0,2018.0
Alkane Energy UK Limited,A11703,Yes,Existing Generating CMU,2.411,1.0,Unknown,2018.0,6.0,2018.0
Alkane Energy UK Limited,A11704,Yes,Existing Generating CMU,3.517,1.0,Unknown,2018.0,6.0,2018.0
Regent Park Energy Limited,A11707,Yes,Existing Generating CMU,2.089,1.0,Unknown,2018.0,6.0,2018.0
Alkane Energy UK Limited,A11709,Yes,Existing Generating CMU,3.146,1.0,Unknown,2018.0,6.0,2018.0
Alkane Energy CM Limited,A11710,Yes,New Build Generating CMU,15.17,1.0,Unknown,2018.0,6.0,2018.0
Alkane Energy UK Limited,A11711,No,New Build Generating CMU,0.0,0.0,Unknown,2018.0,6.0,2018.0
Alkane Energy UK Limited,AUKN44,No,New Build Generating CMU,0.0,0.0,Unknown,2018.0,6.0,2018.0
Veolia UK Limited,BHRLH3,Yes,Existing Generating CMU,6.358,1.0,Unknown,2018.0,6.0,2018.0
Veolia UK Limited,SGH003,Yes,Existing Generating CMU,3.564,1.0,Unknown,2018.0,6.0,2018.0
Veolia UK Limited,ELIL01,Yes,Existing Generating CMU,8.694,1.0,Unknown,2018.0,6.0,2018.0
Veolia UK Limited,AVARA1,Yes,Existing Generating CMU,2.484,1.0,Unknown,2018.0,6.0,2018.0
SmartestEnergy Limited,SE1801,Yes,Unproven DSR CMU,40.0,1.0,Unknown,2018.0,6.0,2018.0
SmartestEnergy Limited,SE1802,Yes,Unproven DSR CMU,30.0,1.0,Unknown,2018.0,6.0,2018.0
SmartestEnergy Limited,SE1803,Yes,Unproven DSR CMU,30.0,1.0,Unknown,2018.0,6.0,2018.0
SmartestEnergy Limited,SE1804,Yes,Unproven DSR CMU,20.0,1.0,Unknown,2018.0,6.0,2018.0
SmartestEnergy Limited,SE1805,Yes,Unproven DSR CMU,20.0,1.0,Unknown,2018.0,6.0,2018.0
SmartestEnergy Limited,SE1806,Yes,Unproven DSR CMU,10.0,1.0,Unknown,2018.0,6.0,2018.0
SmartestEnergy Limited,SE1807,No,Unproven DSR CMU,0.0,0.0,Unknown,2018.0,6.0,2018.0
SmartestEnergy Limited,SE1808,No,Unproven DSR CMU,0.0,0.0,Unknown,2018.0,6.0,2018.0
SmartestEnergy Limited,SE1809,Yes,Unproven DSR CMU,5.0,1.0,Unknown,2018.0,6.0,2018.0
SmartestEnergy Limited,SE1810,Yes,Unproven DSR CMU,5.0,1.0,Unknown,2018.0,6.0,2018.0
SmartestEnergy Limited,SE1811,No,Unproven DSR CMU,0.0,0.0,Unknown,2018.0,6.0,2018.0
SmartestEnergy Limited,SE1812,No,Unproven DSR CMU,0.0,0.0,Unknown,2018.0,6.0,2018.0
SmartestEnergy Limited,SE1813,No,Unproven DSR CMU,0.0,0.0,Unknown,2018.0,6.0,2018.0
SmartestEnergy Limited,SE1814,No,Unproven DSR CMU,0.0,0.0,Unknown,2018.0,6.0,2018.0
Beaufort Power Ltd,Beau17,No,New Build Generating CMU,0.0,0.0,Unknown,2018.0,6.0,2018.0
Brecon Power Ltd,BREC17,Yes,New Build Generating CMU,19.758,1.0,Unknown,2018.0,6.0,2018.0
Brecon Power Ltd,PG1715,No,New Build Generating CMU,0.0,0.0,Unknown,2018.0,6.0,2018.0
Brecon Power Ltd,PG1722,No,New Build Generating CMU,0.0,0.0,Unknown,2018.0,6.0,2018.0
Brecon Power Ltd,PG1716,No,New Build Generating CMU,0.0,0.0,Unknown,2018.0,6.0,2018.0
Wednesbury Power Ltd,WEDN17,No,New Build Generating CMU,0.0,0.0,Unknown,2018.0,6.0,2018.0
Ashford Power Ltd,ASHFO3,Yes,New Build Generating CMU,20.024,1.0,Unknown,2018.0,6.0,2018.0
UK Strategic Reserve Limited,17SR11,No,New Build Generating CMU,0.0,0.0,Unknown,2018.0,6.0,2018.0
UK Strategic Reserve Limited,17SR12,No,New Build Generating CMU,0.0,0.0,Unknown,2018.0,6.0,2018.0
UK Strategic Reserve Limited,17SR20,No,New Build Generating CMU,0.0,0.0,Unknown,2018.0,6.0,2018.0
UK Strategic Reserve Limited,17SR24,No,New Build Generating CMU,0.0,0.0,Unknown,2018.0,6.0,2018.0
UK Strategic Reserve Limited,17SR26,No,New Build Generating CMU,0.0,0.0,Unknown,2018.0,6.0,2018.0
UK Strategic Reserve Limited,17SR27,No,New Build Generating CMU,0.0,0.0,Unknown,2018.0,6.0,2018.0
UK Strategic Reserve Limited,17SR23,Yes,New Build Generating CMU,18.962,1.0,Unknown,2018.0,6.0,2018.0
SUEZ RECYCLING AND RECOVERY TEES VALLEY LTD,SUEZ02,Yes,Existing Generating CMU,17.28,1.0,Unknown,2018.0,6.0,2018.0
SUEZ RECYCLING AND RECOVERY KIRKLEES LTD,SUEZ01,Yes,Existing Generating CMU,9.474,1.0,Unknown,2018.0,6.0,2018.0
SUEZ RECYCLING AND RECOVERY SUFFOLK LTD,SUEZ05,Yes,Existing Generating CMU,20.848,1.0,Unknown,2018.0,6.0,2018.0
Cornwall Energy Recovery Limited,SUEZ16,Yes,Existing Generating CMU,21.019,1.0,Unknown,2018.0,6.0,2018.0
West London Energy Recovery Limited,SUEZ17,Yes,Existing Generating CMU,28.814,1.0,Unknown,2018.0,6.0,2018.0
Harworth Power (Generation) Limited,Harwo2,Yes,Existing Generating CMU,3.799,1.0,Unknown,2018.0,6.0,2018.0
Harworth Power (Generation) Limited,Kelli2,Yes,Existing Generating CMU,6.283,1.0,Unknown,2018.0,6.0,2018.0
REstore Flexpond UK Limited,REST10,Yes,Existing Generating CMU,7.443,1.0,Unknown,2018.0,6.0,2018.0
REstore Flexpond UK Limited,REST13,Yes,Existing Generating CMU,35.987,1.0,Unknown,2018.0,6.0,2018.0
REstore Flexpond UK Limited,REST15,Yes,Existing Generating CMU,5.807,1.0,Unknown,2018.0,6.0,2018.0
REstore Flexpond UK Limited,REST18,Yes,Existing Generating CMU,4.411,1.0,Unknown,2018.0,6.0,2018.0
REstore Flexpond UK Limited,REST17,Yes,Existing Generating CMU,6.301,1.0,Unknown,2018.0,6.0,2018.0
REstore Flexpond UK Limited,REST24,Yes,Existing Generating CMU,2.146,1.0,Unknown,2018.0,6.0,2018.0
REstore Flexpond UK Limited,REST25,Yes,Existing Generating CMU,2.965,1.0,Unknown,2018.0,6.0,2018.0
REstore Flexpond UK Limited,REST20,Yes,Existing Generating CMU,6.318,1.0,Unknown,2018.0,6.0,2018.0
REstore Flexpond UK Limited,REST21,Yes,Existing Generating CMU,6.552,1.0,Unknown,2018.0,6.0,2018.0
REstore Flexpond UK Limited,REST22,Yes,Existing Generating CMU,10.8,1.0,Unknown,2018.0,6.0,2018.0
REstore Flexpond UK Limited,REST12,Yes,Existing Generating CMU,6.363,1.0,Unknown,2018.0,6.0,2018.0
REstore Flexpond UK Limited,REST19,Yes,Existing Generating CMU,33.206,1.0,Unknown,2018.0,6.0,2018.0
REstore Flexpond UK Limited,REST14,Yes,Existing Generating CMU,6.264,1.0,Unknown,2018.0,6.0,2018.0
EDF Energy Customers plc,DR181A,Yes,Unproven DSR CMU,5.338,1.0,Unknown,2018.0,6.0,2018.0
EDF Energy Customers plc,DR181B,Yes,Unproven DSR CMU,7.5,1.0,Unknown,2018.0,6.0,2018.0
EDF Energy Customers plc,DR181C,No,Unproven DSR CMU,0.0,0.0,Unknown,2018.0,6.0,2018.0
EDF Energy Customers plc,DR181D,No,Unproven DSR CMU,0.0,0.0,Unknown,2018.0,6.0,2018.0
EDF Energy Customers plc,DR181E,No,Unproven DSR CMU,0.0,0.0,Unknown,2018.0,6.0,2018.0
EDF Energy Customers plc,DR181F,No,Unproven DSR CMU,0.0,0.0,Unknown,2018.0,6.0,2018.0
EDF Energy Customers plc,DR181G,No,Unproven DSR CMU,0.0,0.0,Unknown,2018.0,6.0,2018.0
EDF Energy Customers plc,DR181H,No,Unproven DSR CMU,0.0,0.0,Unknown,2018.0,6.0,2018.0
EDF Energy Customers plc,DR181I,No,Unproven DSR CMU,0.0,0.0,Unknown,2018.0,6.0,2018.0
EDF Energy Customers plc,DR181J,No,Unproven DSR CMU,0.0,0.0,Unknown,2018.0,6.0,2018.0
Flexible Generation Limited,CRUM18,Yes,New Build Generating CMU,18.962,1.0,Unknown,2018.0,6.0,2018.0
Precise Energy Limited,STOW8A,Yes,New Build Generating CMU,18.962,1.0,Unknown,2018.0,6.0,2018.0
Valence Power Limited,STOW8B,Yes,New Build Generating CMU,18.962,1.0,Unknown,2018.0,6.0,2018.0
Northwick Power Generation No 1 Limited,NN1101,No,Existing Generating CMU,0.0,0.0,Unknown,2018.0,6.0,2018.0
Limejump Ltd.,NBHOM1,Yes,New Build Generating CMU,1.693,1.0,Unknown,2018.0,6.0,2018.0
Limejump Ltd.,DSRLJ1,Yes,Unproven DSR CMU,5.18,1.0,Unknown,2018.0,6.0,2018.0
Limejump Ltd.,DSRLJ2,Yes,Unproven DSR CMU,8.634,1.0,Unknown,2018.0,6.0,2018.0
Limejump Ltd.,DSRLJ3,Yes,Unproven DSR CMU,8.634,1.0,Unknown,2018.0,6.0,2018.0
Limejump Ltd.,DSRLJ4,Yes,Unproven DSR CMU,8.634,1.0,Unknown,2018.0,6.0,2018.0
Limejump Ltd.,DSRLJ8,Yes,Unproven DSR CMU,8.634,1.0,Unknown,2018.0,6.0,2018.0
Limejump Ltd.,DSRLJ9,Yes,Unproven DSR CMU,8.634,1.0,Unknown,2018.0,6.0,2018.0
Limejump Ltd.,DSRLJ5,Yes,Unproven DSR CMU,5.18,1.0,Unknown,2018.0,6.0,2018.0
Limejump Ltd.,DSRLJ7,Yes,Unproven DSR CMU,5.18,1.0,Unknown,2018.0,6.0,2018.0
Limejump Ltd.,EXLJ11,Yes,Existing Generating CMU,14.662,1.0,Unknown,2018.0,6.0,2018.0
Limejump Ltd.,EXSMU1,Yes,Existing Generating CMU,7.47,1.0,Unknown,2018.0,6.0,2018.0
Limejump Ltd.,EXLJ10,Yes,Existing Generating CMU,1.677,1.0,Unknown,2018.0,6.0,2018.0
Infinis Alternative Energies Limited,ADGS17,Yes,New Build Generating CMU,3.792,1.0,Unknown,2018.0,6.0,2018.0
Rounponds Energy Limited,ROUN18,No,New Build Generating CMU,0.0,0.0,Unknown,2018.0,6.0,2018.0
Rounponds Energy Limited,ROST18,No,New Build Generating CMU,0.0,0.0,Unknown,2018.0,6.0,2018.0
Tata Steel UK Limited,TS17_1,Yes,Proven DSR CMU,8.0,1.0,Unknown,2018.0,6.0,2018.0
Tata Steel UK Limited,TS17_3,Yes,Proven DSR CMU,7.0,1.0,Unknown,2018.0,6.0,2018.0
TP LEASECO LIMITED,GLAS17,Yes,Existing Generating CMU,9.742,1.0,Unknown,2018.0,6.0,2018.0
Riverside Resource Recovery Limited,RRRF11,Yes,Existing Generating CMU,65.765,1.0,Unknown,2018.0,6.0,2018.0
Uniper Global Commodities SE,KILH01,Yes,Existing Generating CMU,294.859,1.0,Unknown,2018.0,6.0,2018.0
Uniper Global Commodities SE,KILH02,Yes,Existing Generating CMU,294.859,1.0,Unknown,2018.0,6.0,2018.0
LondonEnergy Ltd,LWL_17,Yes,Existing Generating CMU,33.702,1.0,Unknown,2018.0,6.0,2018.0
ScottishPower Energy Retail Limited,SP1705,No,Unproven DSR CMU,0.0,0.0,Unknown,2018.0,6.0,2018.0
ScottishPower Energy Retail Limited,SP1706,No,Unproven DSR CMU,0.0,0.0,Unknown,2018.0,6.0,2018.0
ScottishPower Energy Retail Limited,SP1707,No,Unproven DSR CMU,0.0,0.0,Unknown,2018.0,6.0,2018.0
ScottishPower Energy Retail Limited,SP1708,Yes,Unproven DSR CMU,2.0,1.0,Unknown,2018.0,6.0,2018.0
ScottishPower Energy Retail Limited,SP1709,No,Unproven DSR CMU,0.0,0.0,Unknown,2018.0,6.0,2018.0
ScottishPower Energy Retail Limited,SP1710,No,Unproven DSR CMU,0.0,0.0,Unknown,2018.0,6.0,2018.0
ScottishPower Energy Retail Limited,SP1711,No,Unproven DSR CMU,0.0,0.0,Unknown,2018.0,6.0,2018.0
ScottishPower Energy Retail Limited,SP1712,No,Unproven DSR CMU,0.0,0.0,Unknown,2018.0,6.0,2018.0
ScottishPower Energy Retail Limited,SP1713,No,Unproven DSR CMU,0.0,0.0,Unknown,2018.0,6.0,2018.0
UK Energy Reserve Limited,17ER75,No,New Build Generating CMU,0.0,0.0,Unknown,2018.0,6.0,2018.0
UK Energy Reserve Limited,17ER77,No,New Build Generating CMU,0.0,0.0,Unknown,2018.0,6.0,2018.0
UK Energy Reserve Limited,17ER33,No,New Build Generating CMU,0.0,0.0,Unknown,2018.0,6.0,2018.0
UK Energy Reserve Limited,17ER48,No,New Build Generating CMU,0.0,0.0,Unknown,2018.0,6.0,2018.0
UK Energy Reserve Limited,17ER28,No,New Build Generating CMU,0.0,0.0,Unknown,2018.0,6.0,2018.0
UK Energy Reserve Limited,17ER30,No,New Build Generating CMU,0.0,0.0,Unknown,2018.0,6.0,2018.0
UK Energy Reserve Limited,17ER31,No,New Build Generating CMU,0.0,0.0,Unknown,2018.0,6.0,2018.0
UK Energy Reserve Limited,17ER80,No,New Build Generating CMU,0.0,0.0,Unknown,2018.0,6.0,2018.0
UK Energy Reserve Limited,17ER82,No,New Build Generating CMU,0.0,0.0,Unknown,2018.0,6.0,2018.0
UK Energy Reserve Limited,17ER83,No,New Build Generating CMU,0.0,0.0,Unknown,2018.0,6.0,2018.0
UK Energy Reserve Limited,17ER89,No,New Build Generating CMU,0.0,0.0,Unknown,2018.0,6.0,2018.0
UK Energy Reserve Limited,17ER76,No,New Build Generating CMU,0.0,0.0,Unknown,2018.0,6.0,2018.0
EDF Energy (Thermal Generation) Limited,WB4C17,Yes,New Build Generating CMU,10.457,1.0,Unknown,2018.0,6.0,2018.0
Walker & Son (Hauliers) Limited,BALB03,No,New Build Generating CMU,0.0,0.0,Unknown,2018.0,6.0,2018.0
Walker & Son (Hauliers) Limited,SNAP02,Yes,New Build Generating CMU,6.637,1.0,Unknown,2018.0,6.0,2018.0
Walker & Son (Hauliers) Limited,CARR17,Yes,New Build Generating CMU,18.962,1.0,Unknown,2018.0,6.0,2018.0
Sandwell Power Ltd,SAND17,No,New Build Generating CMU,0.0,0.0,Unknown,2018.0,6.0,2018.0
AMP Energy Services Limited,VILLA1,Yes,New Build Generating CMU,2.844,1.0,Unknown,2018.0,6.0,2018.0
RYDBERG DEVELOPMENT COMPANY LIMITED,ATTF03,No,New Build Generating CMU,0.0,0.0,Unknown,2018.0,6.0,2018.0
RYDBERG DEVELOPMENT COMPANY LIMITED,KEND03,No,New Build Generating CMU,0.0,0.0,Unknown,2018.0,6.0,2018.0
RYDBERG DEVELOPMENT COMPANY LIMITED,MERL03,No,New Build Generating CMU,0.0,0.0,Unknown,2018.0,6.0,2018.0
RYDBERG DEVELOPMENT COMPANY LIMITED,BOLC04,No,New Build Generating CMU,0.0,0.0,Unknown,2018.0,6.0,2018.0
RYDBERG DEVELOPMENT COMPANY LIMITED,HAVE04,Yes,New Build Generating CMU,5.689,1.0,Unknown,2018.0,6.0,2018.0
RYDBERG DEVELOPMENT COMPANY LIMITED,ATTF04,No,New Build Generating CMU,0.0,0.0,Unknown,2018.0,6.0,2018.0
RYDBERG DEVELOPMENT COMPANY LIMITED,ATTF05,No,New Build Generating CMU,0.0,0.0,Unknown,2018.0,6.0,2018.0
RYDBERG DEVELOPMENT COMPANY LIMITED,KEND04,No,New Build Generating CMU,0.0,0.0,Unknown,2018.0,6.0,2018.0
RYDBERG DEVELOPMENT COMPANY LIMITED,KEND05,No,New Build Generating CMU,0.0,0.0,Unknown,2018.0,6.0,2018.0
RYDBERG DEVELOPMENT COMPANY LIMITED,KEND06,No,New Build Generating CMU,0.0,0.0,Unknown,2018.0,6.0,2018.0
RYDBERG DEVELOPMENT COMPANY LIMITED,LOUT01,No,New Build Generating CMU,0.0,0.0,Unknown,2018.0,6.0,2018.0
RYDBERG DEVELOPMENT COMPANY LIMITED,LOUT02,No,New Build Generating CMU,0.0,0.0,Unknown,2018.0,6.0,2018.0
RYDBERG DEVELOPMENT COMPANY LIMITED,LOUT03,No,New Build Generating CMU,0.0,0.0,Unknown,2018.0,6.0,2018.0
Endeco Technologies Limited,END001,Yes,Unproven DSR CMU,34.536,1.0,Unknown,2018.0,6.0,2018.0
Endeco Technologies Limited,END004,Yes,Unproven DSR CMU,2.84,1.0,Unknown,2018.0,6.0,2018.0
Endeco Technologies Limited,END005,Yes,Unproven DSR CMU,3.298,1.0,Unknown,2018.0,6.0,2018.0
Endeco Technologies Limited,END006,Yes,Unproven DSR CMU,5.983,1.0,Unknown,2018.0,6.0,2018.0
Endeco Technologies Limited,END008,Yes,Unproven DSR CMU,4.317,1.0,Unknown,2018.0,6.0,2018.0
Endeco Technologies Limited,END009,Yes,Unproven DSR CMU,3.687,1.0,Unknown,2018.0,6.0,2018.0
Endeco Technologies Limited,END010,Yes,Unproven DSR CMU,3.385,1.0,Unknown,2018.0,6.0,2018.0
Endeco Technologies Limited,END013,Yes,Unproven DSR CMU,4.317,1.0,Unknown,2018.0,6.0,2018.0
Endeco Technologies Limited,END015,No,Unproven DSR CMU,0.0,0.0,Unknown,2018.0,6.0,2018.0
Endeco Technologies Limited,END016,No,Unproven DSR CMU,0.0,0.0,Unknown,2018.0,6.0,2018.0
Endeco Technologies Limited,END017,No,Unproven DSR CMU,0.0,0.0,Unknown,2018.0,6.0,2018.0
Endeco Technologies Limited,END018,No,Unproven DSR CMU,0.0,0.0,Unknown,2018.0,6.0,2018.0
Endeco Technologies Limited,END014,No,Unproven DSR CMU,0.0,0.0,Unknown,2018.0,6.0,2018.0
Kingsmoor Power Limited,KING04,No,New Build Generating CMU,0.0,0.0,Unknown,2018.0,6.0,2018.0
Kingsmoor Power Limited,King03,Yes,New Build Generating CMU,6.703,1.0,Unknown,2018.0,6.0,2018.0
LAKESIDE ENERGY FROM WASTE LIMITED,LAKE17,Yes,Existing Generating CMU,32.984,1.0,Unknown,2018.0,6.0,2018.0
Cleator Battery Storage Limited,CLEAT2,Yes,New Build Generating CMU,2.134,1.0,Unknown,2018.0,6.0,2018.0
Glassenbury Battery Storage Limited,GLASS3,Yes,New Build Generating CMU,8.536,1.0,Unknown,2018.0,6.0,2018.0
Glassenbury Battery Storage Limited,GLASS4,No,New Build Generating CMU,0.0,0.0,Unknown,2018.0,6.0,2018.0
Energi Generation 1 Limited,Biod18,No,New Build Generating CMU,0.0,0.0,Unknown,2018.0,6.0,2018.0
GCP Generation Ltd,GHGAS1,No,New Build Generating CMU,0.0,0.0,Unknown,2018.0,6.0,2018.0
Greenspan Contractors Limited,ABCN01,Yes,New Build Generating CMU,3.792,1.0,Unknown,2018.0,6.0,2018.0
NPOWER LIMITED,EHQ001,No,Unproven DSR CMU,0.0,0.0,Unknown,2018.0,6.0,2018.0
TYNEMOUTH ENERGY STORAGE LIMITED,ENEL01,Yes,New Build Generating CMU,5.335,1.0,Unknown,2018.0,6.0,2018.0
Aggreko UK Limited,AgEp02,Yes,New Build Generating CMU,12.515,1.0,Unknown,2018.0,6.0,2018.0
Aggreko UK Limited,AgEp01,Yes,Existing Generating CMU,6.087,1.0,Unknown,2018.0,6.0,2018.0
HC ESS2 Limited,ALPHA2,No,New Build Generating CMU,0.0,0.0,Unknown,2018.0,6.0,2018.0
UK Dynamic Reserve Limited,UKDR01,No,New Build Generating CMU,0.0,0.0,Unknown,2018.0,6.0,2018.0
UK Dynamic Reserve Limited,UKDR02,No,New Build Generating CMU,0.0,0.0,Unknown,2018.0,6.0,2018.0
UK Dynamic Reserve Limited,UKDR03,No,New Build Generating CMU,0.0,0.0,Unknown,2018.0,6.0,2018.0
UK Dynamic Reserve Limited,UKDR04,No,New Build Generating CMU,0.0,0.0,Unknown,2018.0,6.0,2018.0
UK Dynamic Reserve Limited,UKDR05,No,New Build Generating CMU,0.0,0.0,Unknown,2018.0,6.0,2018.0
UK Dynamic Reserve Limited,UKDR06,No,New Build Generating CMU,0.0,0.0,Unknown,2018.0,6.0,2018.0
UK Dynamic Reserve Limited,UKDR07,No,New Build Generating CMU,0.0,0.0,Unknown,2018.0,6.0,2018.0
UK Dynamic Reserve Limited,UKDR08,No,New Build Generating CMU,0.0,0.0,Unknown,2018.0,6.0,2018.0
UK Dynamic Reserve Limited,UKDR09,No,New Build Generating CMU,0.0,0.0,Unknown,2018.0,6.0,2018.0
UK Dynamic Reserve Limited,UKDR13,No,New Build Generating CMU,0.0,0.0,Unknown,2018.0,6.0,2018.0
UK Dynamic Reserve Limited,UKDR14,No,New Build Generating CMU,0.0,0.0,Unknown,2018.0,6.0,2018.0
UK Flexible Reserve Limited,UKFR01,No,New Build Generating CMU,0.0,0.0,Unknown,2018.0,6.0,2018.0
UK Flexible Reserve Limited,UKFR02,No,New Build Generating CMU,0.0,0.0,Unknown,2018.0,6.0,2018.0
UK Flexible Reserve Limited,UKFR03,No,New Build Generating CMU,0.0,0.0,Unknown,2018.0,6.0,2018.0
UK Flexible Reserve Limited,UKFR04,No,New Build Generating CMU,0.0,0.0,Unknown,2018.0,6.0,2018.0
UK Flexible Reserve Limited,UKFR05,No,New Build Generating CMU,0.0,0.0,Unknown,2018.0,6.0,2018.0
UK Flexible Reserve Limited,UKFR06,No,New Build Generating CMU,0.0,0.0,Unknown,2018.0,6.0,2018.0
UK Flexible Reserve Limited,UKFR07,No,New Build Generating CMU,0.0,0.0,Unknown,2018.0,6.0,2018.0
UK Flexible Reserve Limited,UKFR08,No,New Build Generating CMU,0.0,0.0,Unknown,2018.0,6.0,2018.0
UK Flexible Reserve Limited,UKFR13,No,New Build Generating CMU,0.0,0.0,Unknown,2018.0,6.0,2018.0
UK Flexible Reserve Limited,UKFR14,No,New Build Generating CMU,0.0,0.0,Unknown,2018.0,6.0,2018.0
UK Flexible Reserve Limited,UKFR15,No,New Build Generating CMU,0.0,0.0,Unknown,2018.0,6.0,2018.0
UK Flexible Reserve Limited,UKFR18,No,New Build Generating CMU,0.0,0.0,Unknown,2018.0,6.0,2018.0
UK Flexible Reserve Limited,UKFR19,No,New Build Generating CMU,0.0,0.0,Unknown,2018.0,6.0,2018.0
ENERGY STORE 2 LTD,GSSTAG,No,New Build Generating CMU,0.0,0.0,Unknown,2018.0,6.0,2018.0
ENERGY STORE 1 LTD,GSSLAM,No,New Build Generating CMU,0.0,0.0,Unknown,2018.0,6.0,2018.0
Suncredit Solutions Limited,ST-113,No,New Build Generating CMU,0.0,0.0,Unknown,2018.0,6.0,2018.0
Greenspan Nifty Fifty Limited,WPKB01,No,New Build Generating CMU,0.0,0.0,Unknown,2018.0,6.0,2018.0
Greenspan Nifty Fifty Limited,WPKA01,No,New Build Generating CMU,0.0,0.0,Unknown,2018.0,6.0,2018.0
Dep Duxford Ltd,DUXF18,Yes,New Build Generating CMU,3.792,1.0,Unknown,2018.0,6.0,2018.0
WG Energy Storage Limited,STAT18,No,New Build Generating CMU,0.0,0.0,Unknown,2018.0,6.0,2018.0
POWER UP GENERATION LIMITED,PUG001,No,New Build Generating CMU,0.0,0.0,Unknown,2018.0,6.0,2018.0
Hall Farm Energy Limited,HALL18,Yes,New Build Generating CMU,4.741,1.0,Unknown,2018.0,6.0,2018.0
Teesside Gas &amp; Liquids Processing,TGPP01,No,New Build Generating CMU,0.0,0.0,Unknown,2018.0,6.0,2018.0
Teesside Gas &amp; Liquids Processing,TGPP02,No,New Build Generating CMU,0.0,0.0,Unknown,2018.0,6.0,2018.0
FS Port of Tyne Limited,PTES35,Yes,New Build Generating CMU,7.469,1.0,Unknown,2018.0,6.0,2018.0
UK Energy Storage Services Limited,BRES20,Yes,New Build Generating CMU,4.268,1.0,Unknown,2018.0,6.0,2018.0
Wincham Lane Power Limited,WINC04,No,New Build Generating CMU,0.0,0.0,Unknown,2018.0,6.0,2018.0
West Midlands Grid Storage Two Ltd,WOLVS1,No,New Build Generating CMU,0.0,0.0,Unknown,2018.0,6.0,2018.0
Teesside Hire Limited,TEES17,Yes,Existing Generating CMU,6.066,1.0,Unknown,2018.0,6.0,2018.0
Energy Pool UK limited,EPO013,Yes,Existing Generating CMU,3.019,1.0,Unknown,2018.0,6.0,2018.0
Energy Pool UK limited,EPO014,Yes,Existing Generating CMU,12.6,1.0,Unknown,2018.0,6.0,2018.0
Energy Pool UK limited,EPO016,Yes,Proven DSR CMU,6.003,1.0,Unknown,2018.0,6.0,2018.0
Energy Pool UK limited,EPO015,No,Existing Generating CMU,0.0,0.0,Unknown,2018.0,6.0,2018.0
Energy Pool UK limited,EPO017,Yes,Proven DSR CMU,15.142,1.0,Unknown,2018.0,6.0,2018.0
Energy Pool UK limited,EPO020,Yes,Unproven DSR CMU,2.0,1.0,Unknown,2018.0,6.0,2018.0
Energy Pool UK limited,EPO021,No,Unproven DSR CMU,0.0,0.0,Unknown,2018.0,6.0,2018.0
Speciality Steel UK Limited,SS2017,Yes,Proven DSR CMU,18.0,1.0,Unknown,2018.0,6.0,2018.0
COGENERATION SOLUTIONS LIMITED,Cavrd3,No,New Build Generating CMU,0.0,0.0,Unknown,2018.0,6.0,2018.0
KiWi Power Ltd,KIWI70,No,Unproven DSR CMU,0.0,0.0,Unknown,2018.0,6.0,2018.0
KiWi Power Ltd,KIWI71,No,Unproven DSR CMU,0.0,0.0,Unknown,2018.0,6.0,2018.0
KiWi Power Ltd,KIWI73,No,Unproven DSR CMU,0.0,0.0,Unknown,2018.0,6.0,2018.0
KiWi Power Ltd,KIWI74,Yes,Unproven DSR CMU,29.813,1.0,Unknown,2018.0,6.0,2018.0
KiWi Power Ltd,KIWI75,No,Unproven DSR CMU,0.0,0.0,Unknown,2018.0,6.0,2018.0
KiWi Power Ltd,KIWI76,No,Unproven DSR CMU,0.0,0.0,Unknown,2018.0,6.0,2018.0
KiWi Power Ltd,KIWI78,No,Unproven DSR CMU,0.0,0.0,Unknown,2018.0,6.0,2018.0
KiWi Power Ltd,KIWI83,No,Unproven DSR CMU,0.0,0.0,Unknown,2018.0,6.0,2018.0
KiWi Power Ltd,KIWI84,No,Unproven DSR CMU,0.0,0.0,Unknown,2018.0,6.0,2018.0
KiWi Power Ltd,KIWI87,No,Unproven DSR CMU,0.0,0.0,Unknown,2018.0,6.0,2018.0
KiWi Power Ltd,KIWI88,No,Unproven DSR CMU,0.0,0.0,Unknown,2018.0,6.0,2018.0
KiWi Power Ltd,KPEG10,No,Existing Generating CMU,0.0,0.0,Unknown,2018.0,6.0,2018.0
KiWi Power Ltd,KPEG11,Yes,Existing Generating CMU,1.808,1.0,Unknown,2018.0,6.0,2018.0
KiWi Power Ltd,KPEG15,Yes,Existing Generating CMU,7.403,1.0,Unknown,2018.0,6.0,2018.0
KiWi Power Ltd,KPEG16,No,Existing Generating CMU,0.0,0.0,Unknown,2018.0,6.0,2018.0
KiWi Power Ltd,KPEG18,Yes,Existing Generating CMU,1.8,1.0,Unknown,2018.0,6.0,2018.0
KiWi Power Ltd,KPEG17,Yes,Existing Generating CMU,4.307,1.0,Unknown,2018.0,6.0,2018.0
KiWi Power Ltd,KPEG20,No,Existing Generating CMU,0.0,0.0,Unknown,2018.0,6.0,2018.0
KiWi Power Ltd,KPEG21,No,Existing Generating CMU,0.0,0.0,Unknown,2018.0,6.0,2018.0
KiWi Power Ltd,KPEG22,Yes,Existing Generating CMU,5.138,1.0,Unknown,2018.0,6.0,2018.0
KiWi Power Ltd,KPEG24,Yes,Existing Generating CMU,1.802,1.0,Unknown,2018.0,6.0,2018.0
KiWi Power Ltd,KPEG25,No,Existing Generating CMU,0.0,0.0,Unknown,2018.0,6.0,2018.0
Ecotricity (Next Generation) Limited,WBBSCM,No,New Build Generating CMU,0.0,0.0,Unknown,2018.0,6.0,2018.0
Morpheat Limited,Vent01,No,New Build Generating CMU,0.0,0.0,Unknown,2018.0,6.0,2018.0
GBSL DORKING LIMITED,GB2D17,Yes,New Build Generating CMU,2.425,1.0,Unknown,2018.0,6.0,2018.0
Cargill PLC,CarGe2,Yes,Existing Generating CMU,25.046,1.0,Unknown,2018.0,6.0,2018.0
Equivalence Energy Limited,IPSW-2,Yes,New Build Generating CMU,18.962,1.0,Unknown,2018.0,6.0,2018.0
Balance Power Limited,IPSW18,Yes,New Build Generating CMU,18.962,1.0,Unknown,2018.0,6.0,2018.0
Attune Energy Limited,ERNE18,Yes,Existing Generating CMU,19.172,1.0,Unknown,2018.0,6.0,2018.0
Imerys Minerals,IMERS1,No,Existing Generating CMU,0.0,0.0,Unknown,2018.0,6.0,2018.0
Imerys Minerals,IMERS2,No,Existing Generating CMU,0.0,0.0,Unknown,2018.0,6.0,2018.0
Imerys Minerals,IMERS3,Yes,Existing Generating CMU,6.55,1.0,Unknown,2018.0,6.0,2018.0
Imerys Minerals,IMERS4,Yes,Existing Generating CMU,7.635,1.0,Unknown,2018.0,6.0,2018.0
Imerys Minerals,IMERS5,Yes,Existing Generating CMU,6.115,1.0,Unknown,2018.0,6.0,2018.0
Imerys Minerals,IMERS6,Yes,Existing Generating CMU,6.951,1.0,Unknown,2018.0,6.0,2018.0
PUTNEY POWER LIMITED,Copse3,No,New Build Generating CMU,0.0,0.0,Unknown,2018.0,6.0,2018.0
Distributed Generators Limited,elms02,No,New Build Generating CMU,0.0,0.0,Unknown,2018.0,6.0,2018.0
APEX ENERGY LTD,PYE002,Yes,New Build Generating CMU,7.746,1.0,Unknown,2018.0,6.0,2018.0
South Tyne and Wear Energy Recovery Limited,SUEZ04,Yes,Existing Generating CMU,20.906,1.0,Unknown,2018.0,6.0,2018.0
Northumberland Energy Recovery Limited,SUEZ03,Yes,Existing Generating CMU,9.512,1.0,Unknown,2018.0,6.0,2018.0
Waterswallows Energy Limited,water2,Yes,Existing Generating CMU,13.199,1.0,Unknown,2018.0,6.0,2018.0
Industrial Energy Services Limited,CES003,Yes,Existing Generating CMU,5.38,1.0,Unknown,2018.0,6.0,2018.0
Carrington Power Limited,CARRI1,Yes,Existing Generating CMU,405.75,1.0,Unknown,2018.0,6.0,2018.0
Carrington Power Limited,CARRI2,Yes,Existing Generating CMU,404.451,1.0,Unknown,2018.0,6.0,2018.0
British Sugar plc,BSWI18,Yes,Existing Generating CMU,41.4,1.0,Unknown,2018.0,6.0,2018.0
ORIGAMI ENERGY LIMITED,OEL002,No,Unproven DSR CMU,0.0,0.0,Unknown,2018.0,6.0,2018.0
VITAL ENERGI SOLUTIONS LIMITED,VIT101,Yes,Existing Generating CMU,3.524,1.0,Unknown,2018.0,6.0,2018.0
VITAL ENERGI SOLUTIONS LIMITED,VIT105,Yes,Existing Generating CMU,3.461,1.0,Unknown,2018.0,6.0,2018.0
BOC Ltd,TLGUK3,No,Unproven DSR CMU,0.0,0.0,Unknown,2018.0,6.0,2018.0
Reserve Power Trading Limited,RPTGC2,Yes,New Build Generating CMU,5.569,1.0,Unknown,2018.0,6.0,2018.0
Mercia Power Response (Pontefract Road) Limited,MPRPR4,No,New Build Generating CMU,0.0,0.0,Unknown,2018.0,6.0,2018.0
First Renewable Alpha Limited,BYGEN3,Yes,Existing Generating CMU,3.887,1.0,Unknown,2018.0,6.0,2018.0
GREEN PEAK GENERATION LIMITED,Lilly4,No,New Build Generating CMU,0.0,0.0,Unknown,2018.0,6.0,2018.0
Buxton Power Limited,BUXT04,Yes,Existing Generating CMU,15.106,1.0,Unknown,2018.0,6.0,2018.0
Power Balancing Services (Sandy Lane) Limited,PBSSL2,Yes,New Build Generating CMU,6.478,1.0,Unknown,2018.0,6.0,2018.0
Power Balancing Services Limited,PBSHW2,No,New Build Generating CMU,0.0,0.0,Unknown,2018.0,6.0,2018.0
E.ON UK CHP Limited,POL001,Yes,Existing Generating CMU,29.344,1.0,Unknown,2018.0,6.0,2018.0
E.ON UK Plc,DS1801,Yes,Unproven DSR CMU,25.0,1.0,Unknown,2018.0,6.0,2018.0
E.ON UK Plc,DS1809,No,Unproven DSR CMU,0.0,0.0,Unknown,2018.0,6.0,2018.0
E.ON UK Plc,DS1818,No,Proven DSR CMU,0.0,0.0,Unknown,2018.0,6.0,2018.0
E.ON UK Plc,DS1807,No,Unproven DSR CMU,0.0,0.0,Unknown,2018.0,6.0,2018.0
E.ON UK Plc,DS1815,No,Unproven DSR CMU,0.0,0.0,Unknown,2018.0,6.0,2018.0
E.ON UK Plc,DS1817,Yes,Unproven DSR CMU,2.63,1.0,Unknown,2018.0,6.0,2018.0
E.ON UK Plc,DS1808,No,Unproven DSR CMU,0.0,0.0,Unknown,2018.0,6.0,2018.0
Citigen (London) Limited,DS1822,Yes,Existing Generating CMU,7.297,1.0,Unknown,2018.0,6.0,2018.0
E.ON UK Plc,DS1821,No,Existing Generating CMU,0.0,0.0,Unknown,2018.0,6.0,2018.0
E.ON UK Plc,DS1805,No,Proven DSR CMU,0.0,0.0,Unknown,2018.0,6.0,2018.0
E.ON Connecting Energies Limited,DS1826,Yes,Existing Generating CMU,4.11,1.0,Unknown,2018.0,6.0,2018.0
E.ON UK Plc,DS1823,Yes,Existing Generating CMU,2.982,1.0,Unknown,2018.0,6.0,2018.0
E.ON UK CHP Limited,BBM-17,Yes,New Build Generating CMU,2.134,1.0,Unknown,2018.0,6.0,2018.0
E.ON Connecting Energies Limited,DS1825,Yes,Existing Generating CMU,3.607,1.0,Unknown,2018.0,6.0,2018.0
SSE Generation Limited,PH1118,Yes,Existing Generating CMU,1044.772,1.0,Unknown,2018.0,6.0,2018.0
Keadby Generation Limited,FD1118,No,Existing Generating CMU,0.0,0.0,Unknown,2018.0,6.0,2018.0
Corby Power Limited,CORBY_,Yes,Existing Generating CMU,360.358,1.0,Unknown,2018.0,6.0,2018.0
CREYKE BECK STORAGE LIMITED,SEL026,No,New Build Generating CMU,0.0,0.0,Unknown,2018.0,6.0,2018.0
PELHAM STORAGE LIMITED,SEL027,Yes,New Build Generating CMU,10.668,1.0,Unknown,2018.0,6.0,2018.0
Mercia Power Response (Private Road No.5) Limited,FRPPR3,Yes,New Build Generating CMU,14.094,1.0,Unknown,2018.0,6.0,2018.0
Mercia Power Response (Private Road No.5) Limited,FRPPR1,Yes,New Build Generating CMU,4.812,1.0,Unknown,2018.0,6.0,2018.0
Mercia Power Response (Whittington Road ) Limited,FRPWR1,No,New Build Generating CMU,0.0,0.0,Unknown,2018.0,6.0,2018.0
Mercia Power Response (Asher Lane 2) Limited,FRPAL2,Yes,New Build Generating CMU,12.995,1.0,Unknown,2018.0,6.0,2018.0
Mercia Power Response (Chesterfield Road) Limited,FRPCR1,Yes,New Build Generating CMU,7.426,1.0,Unknown,2018.0,6.0,2018.0
Mercia Power Response (Common Lane) Limited,FRPCL1,Yes,New Build Generating CMU,7.426,1.0,Unknown,2018.0,6.0,2018.0
Mercia Power Response (Albion Close) Limited,FRPAC1,Yes,New Build Generating CMU,3.713,1.0,Unknown,2018.0,6.0,2018.0
Mercia Power Response (The Wood Yard) Limited,FRPWY1,Yes,New Build Generating CMU,6.668,1.0,Unknown,2018.0,6.0,2018.0
Mercia Power Response (Nottingham Road) Limited,FRPNR1,Yes,New Build Generating CMU,6.478,1.0,Unknown,2018.0,6.0,2018.0
Powertree (Sidings Road) Limited,PWTSR2,Yes,New Build Generating CMU,2.623,1.0,Unknown,2018.0,6.0,2018.0
Powertree (Foxwood Road) Limited,PWTFR2,Yes,New Build Generating CMU,4.622,1.0,Unknown,2018.0,6.0,2018.0
East London Energy Limited,CES006,Yes,Existing Generating CMU,2.666,1.0,Unknown,2018.0,6.0,2018.0
East London Energy Limited,CES007,Yes,Existing Generating CMU,5.254,1.0,Unknown,2018.0,6.0,2018.0
Leicester District Energy Company Limited,CES108,Yes,Existing Generating CMU,4.123,1.0,Unknown,2018.0,6.0,2018.0
Southampton Geothermal Heating Company Limited,CES109,Yes,Existing Generating CMU,6.061,1.0,Unknown,2018.0,6.0,2018.0
Birmingham District Energy Company Limited,CES110,Yes,Existing Generating CMU,2.58,1.0,Unknown,2018.0,6.0,2018.0
Birmingham District Energy Company Limited,CES210,Yes,Existing Generating CMU,1.881,1.0,Unknown,2018.0,6.0,2018.0
BESS Aylesford Limited,NBAYL1,Yes,New Build Generating CMU,11.719,1.0,Unknown,2018.0,6.0,2018.0
BESS Claredown Limited,NBCLD1,Yes,New Build Generating CMU,8.082,1.0,Unknown,2018.0,6.0,2018.0
Edge Power (Greys Hall) Limited,EDP014,Yes,New Build Generating CMU,12.942,1.0,Unknown,2018.0,6.0,2018.0
FS NEVENDON LIMITED,NEV460,Yes,New Build Generating CMU,2.134,1.0,Unknown,2018.0,6.0,2018.0
Veolia UK Limited,VES001,Yes,Unproven DSR CMU,3.0,1.0,Unknown,2018.0,6.0,2018.0
TWIN OAKS SOLAR FARM LIMITED,TWI222,Yes,New Build Generating CMU,4.71,1.0,Unknown,2018.0,6.0,2018.0
CREYKE BECK POWER LIMITED,SEL025,Yes,New Build Generating CMU,47.396,1.0,Unknown,2018.0,6.0,2018.0
Limejump Ltd.,NBGAY2,Yes,New Build Generating CMU,3.031,1.0,Unknown,2018.0,6.0,2018.0
Limejump Ltd.,NBFSC1,Yes,New Build Generating CMU,1.212,1.0,Unknown,2018.0,6.0,2018.0
Limejump Virtual 3 Limited,NBLEV1,Yes,New Build Generating CMU,3.96,1.0,Unknown,2018.0,6.0,2018.0
KiWi Power Ltd,KPB002,Yes,New Build Generating CMU,1.616,1.0,Unknown,2018.0,6.0,2018.0
KiWi Power Ltd,KPB001,Yes,New Build Generating CMU,0.808,1.0,Unknown,2018.0,6.0,2018.0
Vattenfall Wind Power Ltd,UPB-01,Yes,New Build Generating CMU,4.695,1.0,Unknown,2018.0,6.0,2018.0
UK Power Reserve Limited,AGPR01,Yes,Unproven DSR CMU,10.0,1.0,Unknown,2017.0,45.0,2017.0
Limejump Ltd.,DSR_04,Yes,Unproven DSR CMU,0.5,1.0,Unknown,2017.0,45.0,2017.0
Limejump Ltd.,DSR_05,Yes,Unproven DSR CMU,0.5,1.0,Unknown,2017.0,45.0,2017.0
Limejump Ltd.,DSR_06,Yes,Unproven DSR CMU,0.869,1.0,Unknown,2017.0,45.0,2017.0
Limejump Ltd.,DSR_07,Yes,Unproven DSR CMU,1.738,1.0,Unknown,2017.0,45.0,2017.0
Limejump Ltd.,DSR_08,Yes,Unproven DSR CMU,4.344,1.0,Unknown,2017.0,45.0,2017.0
Limejump Ltd.,DSR_09,Yes,Unproven DSR CMU,4.344,1.0,Unknown,2017.0,45.0,2017.0
Limejump Ltd.,DSR_10,Yes,Unproven DSR CMU,3.475,1.0,Unknown,2017.0,45.0,2017.0
Limejump Ltd.,DSR_11,Yes,Unproven DSR CMU,1.738,1.0,Unknown,2017.0,45.0,2017.0
E.ON UK Plc,DSR026,Yes,Unproven DSR CMU,20.0,1.0,Unknown,2017.0,45.0,2017.0
E.ON UK Plc,DSR027,Yes,Unproven DSR CMU,6.0,1.0,Unknown,2017.0,45.0,2017.0
E.ON UK Plc,DSR028,Yes,Unproven DSR CMU,6.0,1.0,Unknown,2017.0,45.0,2017.0
E.ON UK Plc,DSR029,Yes,Unproven DSR CMU,3.5,1.0,Unknown,2017.0,45.0,2017.0
E.ON UK Plc,DSR030,Yes,Unproven DSR CMU,0.5,1.0,Unknown,2017.0,45.0,2017.0
EnerNOC UK Limited,ECMU57,Yes,Unproven DSR CMU,21.72,1.0,Unknown,2017.0,45.0,2017.0
EnerNOC UK Limited,ECMU58,Yes,Unproven DSR CMU,21.72,1.0,Unknown,2017.0,45.0,2017.0
EnerNOC UK Limited,ECMU59,Yes,Unproven DSR CMU,21.72,1.0,Unknown,2017.0,45.0,2017.0
EnerNOC UK Limited,ECMU60,Yes,Unproven DSR CMU,21.72,1.0,Unknown,2017.0,45.0,2017.0
EDF Energy Customers plc,EDFSR5,Yes,Unproven DSR CMU,2.606,1.0,Unknown,2017.0,45.0,2017.0
EDF Energy Customers plc,EDFSR6,Yes,Unproven DSR CMU,3.475,1.0,Unknown,2017.0,45.0,2017.0
EDF Energy Customers plc,EDFSR7,Yes,Unproven DSR CMU,1.303,1.0,Unknown,2017.0,45.0,2017.0
EDF Energy Customers plc,EDFSR8,Yes,Unproven DSR CMU,1.303,1.0,Unknown,2017.0,45.0,2017.0
Energy Pool UK limited,EPO008,No,Unproven DSR CMU,0.0,0.0,Unknown,2017.0,45.0,2017.0
Energy Pool UK limited,EPO009,Yes,Unproven DSR CMU,4.344,1.0,Unknown,2017.0,45.0,2017.0
KiWi Power Ltd,KIWI90,Yes,Unproven DSR CMU,20.0,1.0,Unknown,2017.0,45.0,2017.0
KiWi Power Ltd,KIWI91,Yes,Unproven DSR CMU,20.0,1.0,Unknown,2017.0,45.0,2017.0
KiWi Power Ltd,KIWI93,Yes,Unproven DSR CMU,20.0,1.0,Unknown,2017.0,45.0,2017.0
SmartestEnergy Limited,SEL-1c,No,Unproven DSR CMU,0.0,0.0,Unknown,2017.0,45.0,2017.0
SmartestEnergy Limited,SEL-2c,No,Unproven DSR CMU,0.0,0.0,Unknown,2017.0,45.0,2017.0
SmartestEnergy Limited,SEL-3c,Yes,Unproven DSR CMU,17.376,1.0,Unknown,2017.0,45.0,2017.0
SmartestEnergy Limited,SEL-4c,Yes,Unproven DSR CMU,17.376,1.0,Unknown,2017.0,45.0,2017.0
BOC Ltd,TLGUK2,Yes,Proven DSR CMU,19.0,1.0,Unknown,2017.0,45.0,2017.0
Tata Steel UK Limited,TS16_1,Yes,Unproven DSR CMU,10.0,1.0,Unknown,2017.0,45.0,2017.0
Tata Steel UK Limited,TS16_2,Yes,Proven DSR CMU,18.0,1.0,Unknown,2017.0,45.0,2017.0
Tata Steel UK Limited,TS16_3,Yes,Unproven DSR CMU,7.0,1.0,Unknown,2017.0,45.0,2017.0
URBAN RESERVE (ASSETCO) LIMITED,UR0038,Yes,New Build Generating CMU,3.799,15.0,Gas,2022.0,6.44,2020.0
URBAN RESERVE (ASSETCO) LIMITED,UR0068,Yes,New Build Generating CMU,3.799,15.0,Gas,2022.0,6.44,2020.0
URBAN RESERVE (ASSETCO) LIMITED,UR2162,Yes,New Build Generating CMU,3.799,15.0,Gas,2022.0,6.44,2020.0
URBAN RESERVE (ASSETCO) LIMITED,UR2137,Yes,New Build Generating CMU,3.849,15.0,Gas,2022.0,6.44,2020.0
URBAN RESERVE (ASSETCO) LIMITED,UR2113,Yes,New Build Generating CMU,4.815,15.0,Gas,2022.0,6.44,2020.0
AMPIL 2 ASSET LIMITED,VILLA3,Yes,Existing Generating CMU,2.849,1.0,Gas,2022.0,6.44,2020.0
URBAN RESERVE (ASSETCO) LIMITED,UR0081,Yes,New Build Generating CMU,3.799,15.0,Gas,2022.0,6.44,2020.0
URBAN RESERVE (ASSETCO) LIMITED,UR0111,Yes,New Build Generating CMU,4.749,15.0,Gas,2022.0,6.44,2020.0
URBAN RESERVE (ASSETCO) LIMITED,UR0073,Yes,New Build Generating CMU,3.799,15.0,Gas,2022.0,6.44,2020.0
URBAN RESERVE (ASSETCO) LIMITED,UR0074,Yes,New Build Generating CMU,2.375,15.0,Gas,2022.0,6.44,2020.0
URBAN RESERVE (ASSETCO) LIMITED,UR0017,Yes,New Build Generating CMU,5.699,15.0,Gas,2022.0,6.44,2020.0
URBAN RESERVE (ASSETCO) LIMITED,UR0039,Yes,New Build Generating CMU,4.815,15.0,Gas,2022.0,6.44,2020.0
URBAN RESERVE (ASSETCO) LIMITED,UR0062,Yes,New Build Generating CMU,3.799,15.0,Gas,2022.0,6.44,2020.0
URBAN RESERVE (ASSETCO) LIMITED,UR0016,Yes,New Build Generating CMU,3.799,15.0,Gas,2022.0,6.44,2020.0
URBAN RESERVE (ASSETCO) LIMITED,UR0003,Yes,New Build Generating CMU,1.9,15.0,Gas,2022.0,6.44,2020.0
URBAN RESERVE (ASSETCO) LIMITED,UR0112,Yes,New Build Generating CMU,3.799,15.0,Gas,2022.0,6.44,2020.0
URBAN RESERVE (ASSETCO) LIMITED,UR0108,Yes,New Build Generating CMU,2.185,15.0,Gas,2022.0,6.44,2020.0
Northwich Power Limited,NORT19,Yes,Existing Generating CMU,5.509,1.0,Gas,2022.0,6.44,2020.0
Alkane Energy UK Limited,AUK022,Yes,Existing Generating CMU,6.224,1.0,Gas,2022.0,6.44,2020.0
Alkane Energy UK Limited,AUK024,Yes,Existing Generating CMU,3.561,1.0,Gas,2022.0,6.44,2020.0
Alkane Energy UK Limited,AUK029,Yes,Existing Generating CMU,9.6,1.0,Gas,2022.0,6.44,2020.0
Regent Park Energy Limited,ARP004,Yes,Existing Generating CMU,5.197,1.0,Gas,2022.0,6.44,2020.0
Regent Park Energy Limited,ARP002,No,Existing Generating CMU,4.381,1.0,Gas,2022.0,6.44,2020.0
Regent Park Energy Limited,ARP005,Yes,Existing Generating CMU,4.605,1.0,Gas,2022.0,6.44,2020.0
Regent Park Energy Limited,ARPMLT,Yes,Existing Generating CMU,4.046,1.0,Coal mine methane,2022.0,6.44,2020.0
Regent Park Energy Limited,ARPACH,Yes,Existing Generating CMU,2.023,1.0,Gas,2022.0,6.44,2020.0
Regent Park Energy Limited,ARPDC1,Yes,Existing Generating CMU,9.178,1.0,Gas,2022.0,6.44,2020.0
Regent Park Energy Limited,ARP023,Yes,Existing Generating CMU,5.042,1.0,Gas,2022.0,6.44,2020.0
Alkane Energy UK Limited,AUK003,No,Existing Generating CMU,2.129,1.0,Gas,2022.0,6.44,2020.0
Alkane Energy UK Limited,AUKWRS,No,Existing Generating CMU,2.07,1.0,Gas,2022.0,6.44,2020.0
Alkane Energy UK Limited,AUKWHT,Yes,Existing Generating CMU,2.066,1.0,Gas,2022.0,6.44,2020.0
Alkane Energy UK Limited,AUKCM2,Yes,Existing Generating CMU,2.023,1.0,Coal mine methane,2022.0,6.44,2020.0
Alkane Energy UK Limited,AUKCM3,Yes,Existing Generating CMU,4.047,1.0,Coal mine methane,2022.0,6.44,2020.0
Flexitricity Limited,F19003,Yes,Existing Generating CMU,4.893,1.0,Gas,2022.0,6.44,2020.0
Flexitricity Limited,F19004,Yes,Existing Generating CMU,6.134,1.0,Gas,2022.0,6.44,2020.0
Flexitricity Limited,F19019,Yes,Existing Generating CMU,3.083,1.0,Gas,2022.0,6.44,2020.0
Flexitricity Limited,F19029,Yes,Existing Generating CMU,3.077,1.0,Gas,2022.0,6.44,2020.0
Flexitricity Limited,F19039,Yes,Existing Generating CMU,3.012,1.0,Gas,2022.0,6.44,2020.0
Flexitricity Limited,F19109,Yes,Existing Generating CMU,2.817,1.0,Gas,2022.0,6.44,2020.0
Flexitricity Limited,F19110,Yes,Existing Generating CMU,2.7,1.0,Gas,2022.0,6.44,2020.0
Flexitricity Limited,F19008,No,Existing Generating CMU,5.85,1.0,Gas,2022.0,6.44,2020.0
Flexitricity Limited,F19108,Yes,Existing Generating CMU,3.51,1.0,Gas,2022.0,6.44,2020.0
Flexitricity Limited,F19040,Yes,Proven DSR CMU,3.446,1.0,DSR,2022.0,6.44,2020.0
Flexitricity Limited,F19042,Yes,Proven DSR CMU,11.905,1.0,DSR,2022.0,6.44,2020.0
Flexitricity Limited,F19043,Yes,Proven DSR CMU,11.937,1.0,DSR,2022.0,6.44,2020.0
Flexitricity Limited,F19072,Yes,Proven DSR CMU,2.584,1.0,DSR,2022.0,6.44,2020.0
Flexitricity Limited,F19073,Yes,Proven DSR CMU,3.876,1.0,DSR,2022.0,6.44,2020.0
Flexitricity Limited,F19076,No,Proven DSR CMU,5.4,1.0,DSR,2022.0,6.44,2020.0
Flexitricity Limited,F19077,No,Proven DSR CMU,10.206,1.0,DSR,2022.0,6.44,2020.0
Flexitricity Limited,F19081,No,Proven DSR CMU,5.816,1.0,DSR,2022.0,6.44,2020.0
Flexitricity Limited,F19086,Yes,Unproven DSR CMU,2.584,1.0,DSR,2022.0,6.44,2020.0
Flexitricity Limited,F18001,Yes,Existing Generating CMU,8.1,1.0,Gas,2022.0,6.44,2020.0
Flexitricity Limited,F18005,Yes,Existing Generating CMU,5.4,1.0,Gas,2022.0,6.44,2020.0
Flexitricity Limited,F18006,No,Existing Generating CMU,12.938,1.0,Gas,2022.0,6.44,2020.0
Flexitricity Limited,F18007,Yes,Existing Generating CMU,3.25,1.0,Gas,2022.0,6.44,2020.0
Flexitricity Limited,F18009,No,Existing Generating CMU,4.05,1.0,Gas,2022.0,6.44,2020.0
Flexitricity Limited,F18010,No,Existing Generating CMU,2.7,1.0,Gas,2022.0,6.44,2020.0
Flexitricity Limited,F18011,Yes,Existing Generating CMU,2.7,1.0,Gas,2022.0,6.44,2020.0
Flexitricity Limited,F18014,Yes,Existing Generating CMU,2.364,1.0,Gas,2022.0,6.44,2020.0
Flexitricity Limited,F18033,Yes,Existing Generating CMU,4.21,1.0,Gas,2022.0,6.44,2020.0
Flexitricity Limited,F18034,Yes,Existing Generating CMU,3.02,1.0,Gas,2022.0,6.44,2020.0
Flexitricity Limited,F18036,Yes,Existing Generating CMU,3.658,1.0,Gas,2022.0,6.44,2020.0
Flexitricity Limited,F18024,Yes,Existing Generating CMU,3.457,1.0,Gas,2022.0,6.44,2020.0
Flexitricity Limited,F19027,Yes,Existing Generating CMU,9.0,1.0,Gas,2022.0,6.44,2020.0
Flexitricity Limited,F19002,Yes,Existing Generating CMU,5.031,1.0,Gas,2022.0,6.44,2020.0
AMBER ENERGY STORAGE XL LIMITED,AMB019,No,New Build Generating CMU,21.222,15.0,Storage - Battery,2022.0,6.44,2020.0
Hulley Road Energy Storage Limited,ADSHU2,Yes,Unproven DSR CMU,17.228,1.0,DSR,2022.0,6.44,2020.0
Lascar Battery Storage Limited,ADSLS1,Yes,Unproven DSR CMU,17.228,1.0,DSR,2022.0,6.44,2020.0
Clayhill Solar Limited,ADSCHL,Yes,Unproven DSR CMU,5.168,1.0,DSR,2022.0,6.44,2020.0
Larport Energy Storage Limited,ADSLA2,Yes,Unproven DSR CMU,16.797,1.0,DSR,2022.0,6.44,2020.0
Anesco Battery Solutions Limited,ADABS2,Yes,Unproven DSR CMU,4.481,1.0,DSR,2022.0,6.44,2020.0
Anesco Battery Solutions Limited,ADABS1,Yes,Unproven DSR CMU,4.652,1.0,DSR,2022.0,6.44,2020.0
Kiln Power Limited,KILN19,Yes,Existing Generating CMU,15.006,1.0,Gas,2022.0,6.44,2020.0
Portsdown Power Limited,PORT19,No,New Build Generating CMU,18.806,15.0,Gas,2022.0,6.44,2020.0
Nursling Power Limited,NURS19,No,New Build Generating CMU,18.806,15.0,Gas,2022.0,6.44,2020.0
Farnborough Power Limited,FARN19,No,New Build Generating CMU,15.007,15.0,Gas,2022.0,6.44,2020.0
British Sugar plc,BSWI20,Yes,Existing Generating CMU,41.4,1.0,Gas,2022.0,6.44,2020.0
British Sugar plc,BSBU20,Yes,Existing Generating CMU,55.545,1.0,Gas,2022.0,6.44,2020.0
Baglan Operations Limited,22BG02,No,Existing Generating CMU,30.394,1.0,Gas,2022.0,6.44,2020.0
Baglan Operations Limited,22BG01,No,Refurbishing Generating CMU,495.0,15.0,Gas,2022.0,6.44,2020.0
BALANCE POWER PROJECTS LIMITED,EYRE23,Yes,New Build Generating CMU,6.649,15.0,Gas,2022.0,6.44,2020.0
FULSCOT POWER LTD,FULS23,No,New Build Generating CMU,7.18,15.0,Gas,2022.0,6.44,2020.0
INGS LANE POWER LTD,INGS23,No,New Build Generating CMU,6.649,15.0,Gas,2022.0,6.44,2020.0
SOUGH POWER LTD,SOUG23,No,New Build Generating CMU,6.649,15.0,Gas,2022.0,6.44,2020.0
Crookedstane Windfarm Limited ,CRO001,Yes,New Build Generating CMU,2.083,15.0,Onshore Wind,2022.0,6.44,2020.0
Inverclyde Renewables LLP,INV001,Yes,New Build Generating CMU,1.968,15.0,Onshore Wind,2022.0,6.44,2020.0
NOTTINGHAM ROAD ENERGY CENTRE LIMITED,SCE004,No,New Build Generating CMU,5.699,15.0,Gas,2022.0,6.44,2020.0
Loddon Power Limited,LODD19,Yes,Existing Generating CMU,15.007,1.0,Gas,2022.0,6.44,2020.0
Severn Power Limited,22SV10,Yes,Existing Generating CMU,382.0,1.0,Gas,2022.0,6.44,2020.0
Severn Power Limited,22SV20,Yes,Existing Generating CMU,382.0,1.0,Gas,2022.0,6.44,2020.0
Cargill PLC,CarGe4,Yes,Existing Generating CMU,27.39,1.0,Gas,2022.0,6.44,2020.0
Clyne Power Limited,CLYN19,Yes,Existing Generating CMU,15.007,1.0,Gas,2022.0,6.44,2020.0
Centrica Business Solutions UK Optimisation Limite,5RES31,Yes,Existing Generating CMU,38.7,1.0,Gas,2022.0,6.44,2020.0
Centrica Business Solutions UK Optimisation Limite,5RES38,Yes,Existing Generating CMU,2.043,1.0,Gas,2022.0,6.44,2020.0
Centrica Business Solutions UK Optimisation Limite,5RES-4,Yes,Existing Generating CMU,6.351,1.0,Gas,2022.0,6.44,2020.0
Centrica Business Solutions UK Optimisation Limite,5RES-3,No,Existing Generating CMU,1.997,1.0,Gas,2022.0,6.44,2020.0
Centrica PB Limited,5RES15,Yes,Existing Generating CMU,237.396,1.0,Gas,2022.0,6.44,2020.0
Centrica Brigg Limited,5RES-9,No,Existing Generating CMU,94.03,1.0,Gas,2022.0,6.44,2020.0
Centrica Business Solutions UK Optimisation Limite,5RES20,Yes,Existing Generating CMU,35.919,1.0,Gas,2022.0,6.44,2020.0
Centrica Business Solutions UK Optimisation Limite,5RES21,Yes,Existing Generating CMU,5.391,1.0,Gas,2022.0,6.44,2020.0
Centrica Business Solutions UK Optimisation Limite,5RES22,Yes,Existing Generating CMU,5.711,1.0,Gas,2022.0,6.44,2020.0
Centrica Business Solutions UK Optimisation Limite,5RES-8,Yes,Proven DSR CMU,2.988,1.0,DSR,2022.0,6.44,2020.0
Centrica Business Solutions UK Optimisation Limite,5RES39,Yes,Unproven DSR CMU,2.916,1.0,DSR,2022.0,6.44,2020.0
Centrica Business Solutions UK Optimisation Limite,5RES32,Yes,Unproven DSR CMU,10.337,1.0,DSR,2022.0,6.44,2020.0
Centrica Business Solutions UK Optimisation Limite,5RES17,Yes,Existing Generating CMU,7.399,1.0,Gas,2022.0,6.44,2020.0
Centrica Business Solutions UK Optimisation Limite,5RES-5,Yes,Existing Generating CMU,7.131,1.0,Gas,2022.0,6.44,2020.0
Centrica Business Solutions UK Optimisation Limite,5RES27,Yes,Existing Generating CMU,9.781,1.0,Gas,2022.0,6.44,2020.0
Centrica Business Solutions UK Optimisation Limite,5RES25,Yes,Existing Generating CMU,5.36,1.0,Gas,2022.0,6.44,2020.0
Centrica Business Solutions UK Optimisation Limite,5RES26,Yes,Existing Generating CMU,5.731,1.0,Gas,2022.0,6.44,2020.0
Ogmore Power Limited,OGMO19,Yes,Existing Generating CMU,15.007,1.0,Gas,2022.0,6.44,2020.0
CSE21 Limited,C21ST0,No,New Build Generating CMU,47.015,15.0,Gas,2022.0,6.44,2020.0
CS12 Limited,C12NT0,No,New Build Generating CMU,47.015,15.0,Gas,2022.0,6.44,2020.0
Hanford Waste Services Limited,Stok19,Yes,Existing Generating CMU,9.182,1.0,Waste,2022.0,6.44,2020.0
COGENERATION SOLUTIONS LIMITED,Cavrd5,Yes,Existing Generating CMU,7.598,1.0,Gas,2022.0,6.44,2020.0
CONRAD ENERGY (DEVELOPMENTS) LIMITED,CDWHI2,No,New Build Generating CMU,7.124,15.0,Gas,2022.0,6.44,2020.0
CONRAD ENERGY (DEVELOPMENTS) LIMITED,CDLOW2,No,New Build Generating CMU,7.124,15.0,Gas,2022.0,6.44,2020.0
CONRAD ENERGY (DEVELOPMENTS) LIMITED,CDFOR2,No,New Build Generating CMU,3.799,15.0,Gas,2022.0,6.44,2020.0
CONRAD ENERGY (DEVELOPMENTS) LIMITED,CDSUN2,No,New Build Generating CMU,4.749,15.0,Gas,2022.0,6.44,2020.0
CONRAD ENERGY (DEVELOPMENTS) LIMITED,CDNES2,No,New Build Generating CMU,1.9,15.0,Gas,2022.0,6.44,2020.0
CONRAD ENERGY (DEVELOPMENTS) LIMITED,CDHAW2,No,New Build Generating CMU,2.375,15.0,Gas,2022.0,6.44,2020.0
CONRAD ENERGY (DEVELOPMENTS) LIMITED,CDWRA2,No,New Build Generating CMU,4.749,15.0,Gas,2022.0,6.44,2020.0
CONRAD ENERGY (DEVELOPMENTS) LIMITED,CDWRB2,No,New Build Generating CMU,4.654,15.0,Gas,2022.0,6.44,2020.0
Blackwater Power Limited ,BL2019,No,New Build Generating CMU,13.107,15.0,Gas,2022.0,6.44,2020.0
Thundersley Power Limited ,TH2019,No,New Build Generating CMU,13.107,15.0,Gas,2022.0,6.44,2020.0
CONRAD ENERGY (DEVELOPMENTS) LIMITED,CDFLB2,No,New Build Generating CMU,2.375,15.0,Gas,2022.0,6.44,2020.0
CONRAD ENERGY (DEVELOPMENTS) LIMITED,CDCAE1,No,New Build Generating CMU,4.749,15.0,Gas,2022.0,6.44,2020.0
CONRAD ENERGY (DEVELOPMENTS) LIMITED,CDRUN1,No,New Build Generating CMU,4.274,15.0,Gas,2022.0,6.44,2020.0
CONRAD ENERGY (DEVELOPMENTS) LIMITED,CDAPP1,No,New Build Generating CMU,4.749,15.0,Gas,2022.0,6.44,2020.0
Conrad (Flint) Limited,CDFLI2,No,New Build Generating CMU,4.749,15.0,Gas,2022.0,6.44,2020.0
Sittingbourne Power Limited,SITTI2,No,New Build Generating CMU,11.398,15.0,Gas,2022.0,6.44,2020.0
Conrad (Sandycroft) Limited,CDSDC2,No,New Build Generating CMU,4.749,15.0,Gas,2022.0,6.44,2020.0
Conrad (Calne) Limited,CDCAL2,No,New Build Generating CMU,5.599,15.0,Gas,2022.0,6.44,2020.0
Conrad (Ampthill) Limited,CDAMP2,No,New Build Generating CMU,5.699,15.0,Gas,2022.0,6.44,2020.0
Conrad (Matching) Limited,CDMAT2,No,New Build Generating CMU,5.699,15.0,Gas,2022.0,6.44,2020.0
CONRAD ENERGY (DEVELOPMENTS) LIMITED,CDYEO2,No,New Build Generating CMU,14.247,15.0,Gas,2022.0,6.44,2020.0
Conrad (Dunkeswell) Limited,CDDUN2,No,New Build Generating CMU,1.783,15.0,Storage - Battery,2022.0,6.44,2020.0
Conrad (Dunkeswell) Limited,CDDKB2,No,New Build Generating CMU,1.189,15.0,Storage - Battery,2022.0,6.44,2020.0
CONRAD ENERGY (DEVELOPMENTS) LIMITED,CDWOO2,No,New Build Generating CMU,6.174,15.0,Gas,2022.0,6.44,2020.0
CONRAD ENERGY (DEVELOPMENTS) LIMITED,CDPLY2,No,New Build Generating CMU,4.749,15.0,Gas,2022.0,6.44,2020.0
CONRAD ENERGY (DEVELOPMENTS) LIMITED,CDLAG2,No,New Build Generating CMU,4.037,15.0,Gas,2022.0,6.44,2020.0
Tata Steel UK Limited,TS19_4,Yes,Existing Generating CMU,18.356,1.0,Gas,2022.0,6.44,2020.0
Riverside Resource Recovery Limited,RRRF21,Yes,Existing Generating CMU,62.979,1.0,Waste,2022.0,6.44,2020.0
Daisy No 2 Limited,LITT22,No,New Build Generating CMU,20.414,15.0,Storage - Battery,2022.0,6.44,2020.0
Distributed Generators Limited,elms03,Yes,Existing Generating CMU,4.749,1.0,Gas,2022.0,6.44,2020.0
Drax Generation Enterprise Limited,DX19RH,Yes,Existing Generating CMU,643.5,1.0,Gas,2022.0,6.44,2020.0
Drax Generation Enterprise Limited,DX19SH,Yes,Existing Generating CMU,382.5,1.0,Gas,2022.0,6.44,2020.0
Drax Generation Enterprise Limited,DX19KE,Yes,Existing Generating CMU,21.516,1.0,Hydro,2022.0,6.44,2020.0
Drax Generation Enterprise Limited,DX19GL,Yes,Existing Generating CMU,21.516,1.0,Hydro,2022.0,6.44,2020.0
Drax Generation Enterprise Limited,DX19TO,Yes,Existing Generating CMU,29.586,1.0,Hydro,2022.0,6.44,2020.0
Drax Generation Enterprise Limited,DX19BL,No,Existing Generating CMU,54.0,1.0,Gas,2022.0,6.44,2020.0
Drax Generation Enterprise Limited,19CRU1,Yes,Existing Generating CMU,114.096,1.0,Storage - Pumped,2022.0,6.44,2020.0
Drax Generation Enterprise Limited,19CRU2,Yes,Existing Generating CMU,114.096,1.0,Storage - Pumped,2022.0,6.44,2020.0
Drax Generation Enterprise Limited,19CRU3,Yes,Existing Generating CMU,95.08,1.0,Storage - Pumped,2022.0,6.44,2020.0
Drax Generation Enterprise Limited,19CRU4,Yes,Existing Generating CMU,95.08,1.0,Storage - Pumped,2022.0,6.44,2020.0
Drax Generation Enterprise Limited,DX19D2,No,New Build Generating CMU,1620.0,15.0,Gas,2022.0,6.44,2020.0
Drax Power Limited,DX0919,Yes,Existing Generating CMU,30.394,1.0,Distillate,2022.0,6.44,2020.0
Drax Power Limited,DX1019,Yes,Existing Generating CMU,30.394,1.0,Distillate,2022.0,6.44,2020.0
Drax Power Limited,DX1219,Yes,Existing Generating CMU,30.394,1.0,Distillate,2022.0,6.44,2020.0
Progress Power Limited,PPL_19,No,New Build Generating CMU,283.99,15.0,Gas,2022.0,6.44,2020.0
Hirwaun Power Limited,HPL_19,No,New Build Generating CMU,283.99,15.0,Gas,2022.0,6.44,2020.0
Drax Power Limited,DX0519,No,Existing Generating CMU,547.881,1.0,Coal,2022.0,6.44,2020.0
Drax Power Limited,DX0619,No,Existing Generating CMU,549.017,1.0,Coal,2022.0,6.44,2020.0
Millbrook Power Limited,MPL_19,No,New Build Generating CMU,283.99,15.0,Gas,2022.0,6.44,2020.0
Abergelli Power Limited,APL_19,No,New Build Generating CMU,283.99,15.0,Gas,2022.0,6.44,2020.0
Drax Generation Enterprise Limited,DX19DC,Yes,Existing Generating CMU,724.5,1.0,Gas,2022.0,6.44,2020.0
Citigen (London) Limited,CIT003,Yes,Existing Generating CMU,7.594,1.0,Gas,2022.0,6.44,2020.0
E.ON UK Plc,DSR053,No,Unproven DSR CMU,5.0,1.0,DSR,2022.0,6.44,2020.0
E.ON UK Plc,DSR054,No,Unproven DSR CMU,2.5,1.0,DSR,2022.0,6.44,2020.0
E.ON UK Plc,DSR055,Yes,Unproven DSR CMU,2.0,1.0,DSR,2022.0,6.44,2020.0
E.ON UK Plc,DSR056,No,Unproven DSR CMU,2.0,1.0,DSR,2022.0,6.44,2020.0
E.ON UK Plc,DSR057,No,Proven DSR CMU,3.5,1.0,DSR,2022.0,6.44,2020.0
E.ON UK Plc,DSR058,No,Proven DSR CMU,4.0,1.0,DSR,2022.0,6.44,2020.0
E.ON UK Plc,DSR059,No,Proven DSR CMU,8.0,1.0,DSR,2022.0,6.44,2020.0
E.ON UK CHP Limited,POL003,Yes,Existing Generating CMU,27.526,1.0,Gas,2022.0,6.44,2020.0
E.ON UK Plc,QMC002,Yes,Existing Generating CMU,4.26,1.0,Gas,2022.0,6.44,2020.0
E.ON UK Plc,CEN005,Yes,Existing Generating CMU,1.977,1.0,Gas,2022.0,6.44,2020.0
E.ON UK Plc,AGG001,Yes,Existing Generating CMU,2.598,1.0,Gas,2022.0,6.44,2020.0
E.ON UK Plc,OSG003,No,Existing Generating CMU,2.44,1.0,Gas,2022.0,6.44,2020.0
E.ON UK Plc,CEN006,Yes,Existing Generating CMU,2.487,1.0,Gas,2022.0,6.44,2020.0
E.ON UK Plc,BVC001,Yes,Existing Generating CMU,3.471,1.0,Gas,2022.0,6.44,2020.0
E.ON UK Plc,DSR032,No,Unproven DSR CMU,23.0,1.0,DSR,2022.0,6.44,2020.0
E.ON UK Plc,DSR035,No,Unproven DSR CMU,2.4,1.0,DSR,2022.0,6.44,2020.0
E.ON UK Plc,DSR036,No,Unproven DSR CMU,26.0,1.0,DSR,2022.0,6.44,2020.0
E.ON UK Plc,DSR037,No,Unproven DSR CMU,17.0,1.0,DSR,2022.0,6.44,2020.0
E.ON UK Plc,DSR038,No,Unproven DSR CMU,8.0,1.0,DSR,2022.0,6.44,2020.0
E.ON UK Plc,DSR040,No,Unproven DSR CMU,43.0,1.0,DSR,2022.0,6.44,2020.0
E.ON UK Plc,DSR041,No,Unproven DSR CMU,25.0,1.0,DSR,2022.0,6.44,2020.0
E.ON UK Plc,DSR042,Yes,Unproven DSR CMU,2.0,1.0,DSR,2022.0,6.44,2020.0
E.ON UK Plc,DSR043,No,Unproven DSR CMU,2.5,1.0,DSR,2022.0,6.44,2020.0
E.ON UK Plc,DSR044,No,Unproven DSR CMU,12.0,1.0,DSR,2022.0,6.44,2020.0
E.ON UK Plc,DSR045,Yes,Unproven DSR CMU,6.0,1.0,DSR,2022.0,6.44,2020.0
E.ON UK Plc,DSR046,No,Unproven DSR CMU,6.0,1.0,DSR,2022.0,6.44,2020.0
E.ON UK Plc,DSR047,No,Unproven DSR CMU,2.0,1.0,DSR,2022.0,6.44,2020.0
E.ON UK Plc,DSR049,No,Unproven DSR CMU,3.0,1.0,DSR,2022.0,6.44,2020.0
E.ON UK Plc,DSR050,No,Unproven DSR CMU,4.0,1.0,DSR,2022.0,6.44,2020.0
E.ON UK Plc,DSR051,No,Unproven DSR CMU,2.0,1.0,DSR,2022.0,6.44,2020.0
Johnsons Generators Limited,SHE22A,No,New Build Generating CMU,18.996,15.0,Gas,2022.0,6.44,2020.0
EDF Energy (Thermal Generation) Limited,WG1-19,No,Existing Generating CMU,18.996,1.0,Distillate,2022.0,6.44,2020.0
EDF Energy (Thermal Generation) Limited,WG4-19,No,Existing Generating CMU,18.996,1.0,Distillate,2022.0,6.44,2020.0
EDF Energy (Thermal Generation) Limited,WA4-19,No,Existing Generating CMU,429.05,1.0,Coal,2022.0,6.44,2020.0
EDF Energy (Thermal Generation) Limited,WA1-19,No,Existing Generating CMU,428.793,1.0,Coal,2022.0,6.44,2020.0
EDF Energy Nuclear Generation Limited,DN2119,Yes,Existing Generating CMU,445.922,1.0,Nuclear,2022.0,6.44,2020.0
EDF Energy Nuclear Generation Limited,DN2219,Yes,Existing Generating CMU,449.388,1.0,Nuclear,2022.0,6.44,2020.0
EDF Energy Nuclear Generation Limited,HR1-19,Yes,Existing Generating CMU,497.933,1.0,Nuclear,2022.0,6.44,2020.0
EDF Energy Nuclear Generation Limited,HR2-19,Yes,Existing Generating CMU,498.513,1.0,Nuclear,2022.0,6.44,2020.0
EDF Energy Nuclear Generation Limited,HY1119,Yes,Existing Generating CMU,483.259,1.0,Nuclear,2022.0,6.44,2020.0
EDF Energy Nuclear Generation Limited,HY1219,Yes,Existing Generating CMU,468.639,1.0,Nuclear,2022.0,6.44,2020.0
EDF Energy Nuclear Generation Limited,HY2719,Yes,Existing Generating CMU,522.884,1.0,Nuclear,2022.0,6.44,2020.0
EDF Energy Nuclear Generation Limited,HY2819,Yes,Existing Generating CMU,521.302,1.0,Nuclear,2022.0,6.44,2020.0
EDF Energy Nuclear Generation Limited,HP7-19,No,Existing Generating CMU,433.922,1.0,Nuclear,2022.0,6.44,2020.0
EDF Energy Nuclear Generation Limited,HP8-19,No,Existing Generating CMU,427.822,1.0,Nuclear,2022.0,6.44,2020.0
EDF Energy Nuclear Generation Limited,SZ1-19,Yes,Existing Generating CMU,500.315,1.0,Nuclear,2022.0,6.44,2020.0
EDF Energy Nuclear Generation Limited,SZ2-19,Yes,Existing Generating CMU,500.315,1.0,Nuclear,2022.0,6.44,2020.0
EDF Energy Nuclear Generation Limited,TN1-19,Yes,Existing Generating CMU,508.907,1.0,Nuclear,2022.0,6.44,2020.0
EDF Energy Nuclear Generation Limited,TN2-19,Yes,Existing Generating CMU,522.167,1.0,Nuclear,2022.0,6.44,2020.0
EDF Energy (Thermal Generation) Limited,WB1-19,Yes,Existing Generating CMU,415.35,1.0,Gas,2022.0,6.44,2020.0
EDF Energy (Thermal Generation) Limited,WB2-19,Yes,Existing Generating CMU,415.35,1.0,Gas,2022.0,6.44,2020.0
EDF Energy (Thermal Generation) Limited,WB3-19,Yes,Existing Generating CMU,415.35,1.0,Gas,2022.0,6.44,2020.0
EDF Energy (Thermal Generation) Limited,WA2-19,No,Existing Generating CMU,428.964,1.0,Coal,2022.0,6.44,2020.0
EDF Energy (Thermal Generation) Limited,WA3-19,No,Existing Generating CMU,428.964,1.0,Coal,2022.0,6.44,2020.0
EDF Energy Customers Limited,DR203E,No,Unproven DSR CMU,4.307,1.0,DSR,2022.0,6.44,2020.0
EDF Energy Customers Limited,DR203F,No,Unproven DSR CMU,4.307,1.0,DSR,2022.0,6.44,2020.0
EDF Energy Customers Limited,DR203G,No,Unproven DSR CMU,8.614,1.0,DSR,2022.0,6.44,2020.0
EDF Energy Customers Limited,DR203H,No,Unproven DSR CMU,8.614,1.0,DSR,2022.0,6.44,2020.0
EDF Energy Customers Limited,DR203A,No,Unproven DSR CMU,5.338,1.0,DSR,2022.0,6.44,2020.0
EDF Energy Customers Limited,DR203B,No,Unproven DSR CMU,7.5,1.0,DSR,2022.0,6.44,2020.0
EDF Energy Customers Limited,DR203C,No,Unproven DSR CMU,4.307,1.0,DSR,2022.0,6.44,2020.0
EDF Energy Customers Limited,DR203D,No,Unproven DSR CMU,4.307,1.0,DSR,2022.0,6.44,2020.0
Winchester Power Limited,WINP22,Yes,Unproven DSR CMU,8.614,1.0,DSR,2022.0,6.44,2020.0
Rock Energy Storage Limited,ROCK22,Yes,Proven DSR CMU,16.438,1.0,DSR,2022.0,6.44,2020.0
EELPOWER (OPCO6) LIMITED,WORM22,Yes,Unproven DSR CMU,6.891,1.0,DSR,2022.0,6.44,2020.0
EirGrid Interconnector Designated Activity Company,EWIC18,Yes,Existing Interconnector CMU,280.0,1.0,Interconnector,2022.0,6.44,2020.0
TYNEMOUTH ENERGY STORAGE LIMITED,ENEL02,No,Existing Generating CMU,2.648,1.0,Storage - Battery,2022.0,6.44,2020.0
Enel X UK Limited,NDSR13,No,Unproven DSR CMU,21.535,1.0,DSR,2022.0,6.44,2020.0
Enel X UK Limited,NDSR14,No,Unproven DSR CMU,21.535,1.0,DSR,2022.0,6.44,2020.0
Enel X UK Limited,NDSR15,No,Unproven DSR CMU,21.535,1.0,DSR,2022.0,6.44,2020.0
Enel X UK Limited,NDSR16,No,Unproven DSR CMU,21.535,1.0,DSR,2022.0,6.44,2020.0
Enel X UK Limited,NDSR17,No,Unproven DSR CMU,21.535,1.0,DSR,2022.0,6.44,2020.0
Enel X UK Limited,NDSR18,No,Unproven DSR CMU,21.535,1.0,DSR,2022.0,6.44,2020.0
Enel X UK Limited,NDSR19,No,Unproven DSR CMU,21.535,1.0,DSR,2022.0,6.44,2020.0
Enel X UK Limited,NDSR20,No,Unproven DSR CMU,21.535,1.0,DSR,2022.0,6.44,2020.0
Enel X UK Limited,NDSR21,No,Unproven DSR CMU,21.535,1.0,DSR,2022.0,6.44,2020.0
Enel X UK Limited,NDSR22,No,Unproven DSR CMU,21.535,1.0,DSR,2022.0,6.44,2020.0
Enel X UK Limited,NDSR23,No,Unproven DSR CMU,21.535,1.0,DSR,2022.0,6.44,2020.0
Enel X UK Limited,NDSR24,No,Unproven DSR CMU,21.535,1.0,DSR,2022.0,6.44,2020.0
Enel X UK Limited,NDSR25,No,Unproven DSR CMU,21.535,1.0,DSR,2022.0,6.44,2020.0
Enel X UK Limited,NDSR26,No,Unproven DSR CMU,21.535,1.0,DSR,2022.0,6.44,2020.0
Enel X UK Limited,NDSR27,No,Unproven DSR CMU,21.535,1.0,DSR,2022.0,6.44,2020.0
Enel X UK Limited,NDSR28,No,Unproven DSR CMU,21.535,1.0,DSR,2022.0,6.44,2020.0
Enel X UK Limited,NDSR29,No,Unproven DSR CMU,21.535,1.0,DSR,2022.0,6.44,2020.0
Enel X UK Limited,NDSR30,No,Unproven DSR CMU,21.535,1.0,DSR,2022.0,6.44,2020.0
Enel X UK Limited,NDSR31,No,Unproven DSR CMU,21.535,1.0,DSR,2022.0,6.44,2020.0
Enel X UK Limited,NDSR32,Yes,Unproven DSR CMU,21.535,1.0,DSR,2022.0,6.44,2020.0
Enel X UK Limited,NDSR33,Yes,Unproven DSR CMU,21.535,1.0,DSR,2022.0,6.44,2020.0
Enel X UK Limited,NDSR34,Yes,Unproven DSR CMU,21.535,1.0,DSR,2022.0,6.44,2020.0
Enel X UK Limited,NDSR41,Yes,Unproven DSR CMU,21.535,1.0,DSR,2022.0,6.44,2020.0
Enel X UK Limited,NDSR42,Yes,Unproven DSR CMU,21.535,1.0,DSR,2022.0,6.44,2020.0
Enel X UK Limited,NDSR43,Yes,Unproven DSR CMU,21.535,1.0,DSR,2022.0,6.44,2020.0
Enel X UK Limited,NDSR44,Yes,Unproven DSR CMU,21.535,1.0,DSR,2022.0,6.44,2020.0
Enel X UK Limited,NDSR45,Yes,Unproven DSR CMU,21.535,1.0,DSR,2022.0,6.44,2020.0
Enel X UK Limited,NDSR46,Yes,Unproven DSR CMU,21.535,1.0,DSR,2022.0,6.44,2020.0
Enel X UK Limited,NGEN34,No,Existing Generating CMU,3.6,1.0,Gas,2022.0,6.44,2020.0
Enel X UK Limited,NGEN22,No,Existing Generating CMU,10.001,1.0,Gas,2022.0,6.44,2020.0
Enel X UK Limited,NGEN21,No,Existing Generating CMU,8.003,1.0,Gas,2022.0,6.44,2020.0
Enel X UK Limited,NGEN20,No,Existing Generating CMU,6.535,1.0,Gas,2022.0,6.44,2020.0
Enel X UK Limited,NGEN17,No,Existing Generating CMU,6.201,1.0,Gas,2022.0,6.44,2020.0
Enel X UK Limited,NGEN24,No,Existing Generating CMU,5.261,1.0,Gas,2022.0,6.44,2020.0
Enel X UK Limited,NGEN25,No,Existing Generating CMU,5.208,1.0,Gas,2022.0,6.44,2020.0
Enel X UK Limited,NGEN32,No,Existing Generating CMU,5.5,1.0,Gas,2022.0,6.44,2020.0
Enel X UK Limited,NGEN33,No,Existing Generating CMU,3.997,1.0,Gas,2022.0,6.44,2020.0
East London Energy Limited ,CES106,Yes,Existing Generating CMU,2.603,1.0,Gas,2022.0,6.44,2020.0
Birmingham District Energy Company Limited,CES310,Yes,Existing Generating CMU,2.58,1.0,Gas,2022.0,6.44,2020.0
Birmingham District Energy Company Limited,CES410,Yes,Existing Generating CMU,1.881,1.0,Gas,2022.0,6.44,2020.0
Leicester District Energy Company Limited,CES208,Yes,Existing Generating CMU,4.123,1.0,Gas,2022.0,6.44,2020.0
East London Energy Limited ,CES107,Yes,Existing Generating CMU,3.744,1.0,Gas,2022.0,6.44,2020.0
Excel District Energy Company Limited,CES204,Yes,Existing Generating CMU,2.268,1.0,Gas,2022.0,6.44,2020.0
Southampton Geothermal Heating Company Limited,CES209,Yes,Existing Generating CMU,6.061,1.0,Gas,2022.0,6.44,2020.0
EP Langage Limited,EPLAGA,Yes,Existing Generating CMU,814.5,1.0,Gas,2022.0,6.44,2020.0
EP SHB Limited,EPSHBA,Yes,Existing Generating CMU,1260.0,1.0,Gas,2022.0,6.44,2020.0
CREAG RIABHACH WIND FARM LTD,CRWF01,No,New Build Generating CMU,6.355,15.0,Onshore Wind,2022.0,6.44,2020.0
ESB SOLAR (NORTHERN IRELAND) LIMITED,MFARM1,Yes,Existing Generating CMU,1.495,1.0,Storage - Battery,2022.0,6.44,2020.0
Carrington Power Limited,CGTN01,Yes,Existing Generating CMU,409.68,1.0,Gas,2022.0,6.44,2020.0
Carrington Power Limited,CGTN02,Yes,Existing Generating CMU,413.16,1.0,Gas,2022.0,6.44,2020.0
Corby Power Limited,CRBY-1,No,Existing Generating CMU,366.3,1.0,Gas,2022.0,6.44,2020.0
St Asaph Power Limited,STAS19,Yes,Existing Generating CMU,15.007,1.0,Gas,2022.0,6.44,2020.0
Fishpond Energy Limited,ASH019,No,New Build Generating CMU,9.0,15.0,Gas,2022.0,6.44,2020.0
FCC (E&M) Limited,FCCMI1,Yes,Existing Generating CMU,12.872,1.0,Waste,2022.0,6.44,2020.0
FCC Buckinghamshire Limited,FCCBU2,Yes,Existing Generating CMU,23.34,1.0,Waste,2022.0,6.44,2020.0
First Hydro Company,D4_193,Yes,Existing Generating CMU,273.989,1.0,Storage - Pumped,2022.0,6.44,2020.0
First Hydro Company,D5_193,Yes,Existing Generating CMU,273.989,1.0,Storage - Pumped,2022.0,6.44,2020.0
First Hydro Company,D6_193,Yes,Existing Generating CMU,273.989,1.0,Storage - Pumped,2022.0,6.44,2020.0
First Hydro Company,F3_193,Yes,Existing Generating CMU,85.572,1.0,Storage - Pumped,2022.0,6.44,2020.0
First Hydro Company,F4_193,No,Existing Generating CMU,85.572,1.0,Storage - Pumped,2022.0,6.44,2020.0
First Hydro Company,D1_193,Yes,Existing Generating CMU,274.021,1.0,Storage - Pumped,2022.0,6.44,2020.0
First Hydro Company,D2_193,Yes,Existing Generating CMU,274.021,1.0,Storage - Pumped,2022.0,6.44,2020.0
First Hydro Company,D3_193,Yes,Existing Generating CMU,273.989,1.0,Storage - Pumped,2022.0,6.44,2020.0
FLINT TO CELL LIMITED,Finwy3,Yes,Existing Generating CMU,4.749,1.0,Gas,2022.0,6.44,2020.0
FS NEVENDON LIMITED,NEV462,Yes,Existing Generating CMU,1.059,1.0,Storage - Battery,2022.0,6.44,2020.0
Drumcross Generation Limited ,SPWR53,No,New Build Generating CMU,18.901,15.0,Gas,2022.0,6.44,2020.0
Erskine Generation Limited ,SPWR76,No,New Build Generating CMU,18.901,15.0,Gas,2022.0,6.44,2020.0
Caledon Green Generation Limited ,SPWR61,No,New Build Generating CMU,18.901,15.0,Gas,2022.0,6.44,2020.0
Abercorn Road Generation Limited ,SPWR56,No,New Build Generating CMU,18.996,15.0,Gas,2022.0,6.44,2020.0
Hartmoor Holdings Limited,SPWR82,No,New Build Generating CMU,8.548,15.0,Gas,2022.0,6.44,2020.0
Carrington Generation Limited,SPWR74,No,New Build Generating CMU,37.992,15.0,Gas,2022.0,6.44,2020.0
Gas Generation Coatbridge Limited,COA004,No,New Build Generating CMU,18.996,15.0,Gas,2022.0,6.44,2020.0
Gas Generation Retford Road Limited,RET003,No,New Build Generating CMU,18.996,15.0,Gas,2022.0,6.44,2020.0
KiWi Power Ltd,KPEG49,Yes,Existing Generating CMU,3.013,1.0,Gas,2022.0,6.44,2020.0
KiWi Power Ltd,KPEG42,Yes,Existing Generating CMU,1.863,1.0,Gas,2022.0,6.44,2020.0
KiWi Power Ltd,KIWI73,No,Unproven DSR CMU,9.915,1.0,DSR,2022.0,6.44,2020.0
KiWi Power Ltd,KIWI75,No,Unproven DSR CMU,29.744,1.0,DSR,2022.0,6.44,2020.0
KiWi Power Ltd,KPB005,Yes,New Build Generating CMU,5.393,15.0,Storage - Battery,2022.0,6.44,2020.0
KiWi Power Ltd,KIWI78,No,Unproven DSR CMU,11.898,1.0,DSR,2022.0,6.44,2020.0
KiWi Power Ltd,KIWI83,No,Unproven DSR CMU,29.744,1.0,DSR,2022.0,6.44,2020.0
KiWi Power Ltd,KIWI84,No,Unproven DSR CMU,29.744,1.0,DSR,2022.0,6.44,2020.0
KiWi Power Ltd,KIWI87,No,Unproven DSR CMU,19.829,1.0,DSR,2022.0,6.44,2020.0
KiWi Power Ltd,KIWI88,No,Unproven DSR CMU,11.898,1.0,DSR,2022.0,6.44,2020.0
KiWi Power Ltd,KPDR04,No,Unproven DSR CMU,29.744,1.0,DSR,2022.0,6.44,2020.0
KiWi Power Ltd,KPDR06,No,Unproven DSR CMU,16.855,1.0,DSR,2022.0,6.44,2020.0
KiWi Power Ltd,KPDR12,No,Proven DSR CMU,26.703,1.0,DSR,2022.0,6.44,2020.0
KiWi Power Ltd,KPDR13,Yes,Proven DSR CMU,14.372,1.0,DSR,2022.0,6.44,2020.0
KiWi Power Ltd,KPEG47,Yes,Existing Generating CMU,3.638,1.0,Gas,2022.0,6.44,2020.0
KiWi Power Ltd,KPEG48,Yes,Existing Generating CMU,3.306,1.0,Gas,2022.0,6.44,2020.0
ElecLink Limited,ElecL3,Yes,New Build Interconnector CMU,750.0,1.0,Interconnector,2022.0,6.44,2020.0
Ornate Power Limited,VI5026,No,New Build Generating CMU,18.996,15.0,Gas,2022.0,6.44,2020.0
Glass Leaf Power Limited,BRAN19,Yes,Existing Generating CMU,3.0,1.0,Gas,2022.0,6.44,2020.0
Gloucestershire County Council,JAVP19,Yes,New Build Generating CMU,17.934,15.0,Waste,2022.0,6.44,2020.0
GREEN PEAK GENERATION LIMITED,Lilly5,Yes,Existing Generating CMU,7.124,1.0,Gas,2022.0,6.44,2020.0
Greenspan Nifty Fifty Limited,WPKB03,Yes,New Build Generating CMU,3.799,1.0,Gas,2022.0,6.44,2020.0
Greenspan Contractors Limited,ABCN03,Yes,Existing Generating CMU,3.799,1.0,Gas,2022.0,6.44,2020.0
Greenspan Nifty Fifty Limited,WPKA03,Yes,New Build Generating CMU,3.799,1.0,Gas,2022.0,6.44,2020.0
GridBeyond Limited,END029,Yes,Unproven DSR CMU,5.817,1.0,DSR,2022.0,6.44,2020.0
GridBeyond Limited,END030,Yes,Unproven DSR CMU,9.107,1.0,DSR,2022.0,6.44,2020.0
GridBeyond Limited,END031,Yes,Unproven DSR CMU,4.347,1.0,DSR,2022.0,6.44,2020.0
GridBeyond Limited,END032,Yes,Unproven DSR CMU,3.062,1.0,DSR,2022.0,6.44,2020.0
GridBeyond Limited,GBD009,No,Existing Generating CMU,15.3,1.0,Gas,2022.0,6.44,2020.0
GridBeyond Limited,GBD010,Yes,Existing Generating CMU,5.001,1.0,Gas,2022.0,6.44,2020.0
GridBeyond Limited,END005,No,Unproven DSR CMU,3.291,1.0,DSR,2022.0,6.44,2020.0
GridBeyond Limited,END006,No,Unproven DSR CMU,5.97,1.0,DSR,2022.0,6.44,2020.0
GridBeyond Limited,END008,No,Unproven DSR CMU,4.307,1.0,DSR,2022.0,6.44,2020.0
GridBeyond Limited,END009,No,Unproven DSR CMU,3.678,1.0,DSR,2022.0,6.44,2020.0
GridBeyond Limited,END010,No,Unproven DSR CMU,3.378,1.0,DSR,2022.0,6.44,2020.0
GridBeyond Limited,END013,No,Unproven DSR CMU,4.307,1.0,DSR,2022.0,6.44,2020.0
GridBeyond Limited,END015,Yes,Unproven DSR CMU,3.446,1.0,DSR,2022.0,6.44,2020.0
GridBeyond Limited,END016,Yes,Unproven DSR CMU,3.446,1.0,DSR,2022.0,6.44,2020.0
GridBeyond Limited,END017,Yes,Unproven DSR CMU,3.446,1.0,DSR,2022.0,6.44,2020.0
GridBeyond Limited,END018,Yes,Unproven DSR CMU,3.446,1.0,DSR,2022.0,6.44,2020.0
GridBeyond Limited,GBD001,Yes,Proven DSR CMU,2.84,1.0,DSR,2022.0,6.44,2020.0
GridBeyond Limited,END027,Yes,Unproven DSR CMU,4.947,1.0,DSR,2022.0,6.44,2020.0
GridBeyond Limited,END028,Yes,Unproven DSR CMU,6.017,1.0,DSR,2022.0,6.44,2020.0
GridReserve Ltd,BBBS19,No,New Build Generating CMU,6.387,15.0,Storage - Battery,2022.0,6.44,2020.0
Harmony BD Limited,BROA22,No,New Build Generating CMU,4.253,15.0,Storage - Battery,2022.0,6.44,2020.0
Harmony BF Limited,BUMP22,No,New Build Generating CMU,20.414,15.0,Storage - Battery,2022.0,6.44,2020.0
Harmony CF Limited,CHAP22,No,New Build Generating CMU,20.414,15.0,Storage - Battery,2022.0,6.44,2020.0
Harmony CS Limited,CONTSM,No,New Build Generating CMU,13.61,15.0,Storage - Battery,2022.0,6.44,2020.0
Harmony CTF 2 Limited,CTF222,No,New Build Generating CMU,20.414,15.0,Storage - Battery,2022.0,6.44,2020.0
Harmony CTF Limited,CLAYTS,No,New Build Generating CMU,20.414,15.0,Storage - Battery,2022.0,6.44,2020.0
Harmony HB Limited,HLBATS,No,New Build Generating CMU,2.977,15.0,Storage - Battery,2022.0,6.44,2020.0
RYDBERG DEVELOPMENT COMPANY LIMITED,KEND12,No,New Build Generating CMU,18.996,1.0,Gas,2022.0,6.44,2020.0
RYDBERG DEVELOPMENT COMPANY LIMITED,EXCA05,No,New Build Generating CMU,5.699,15.0,Gas,2022.0,6.44,2020.0
RYDBERG DEVELOPMENT COMPANY LIMITED,SUND05,No,New Build Generating CMU,5.699,15.0,Gas,2022.0,6.44,2020.0
RYDBERG DEVELOPMENT COMPANY LIMITED,SUTT15,No,New Build Generating CMU,3.799,15.0,Gas,2022.0,6.44,2020.0
RYDBERG DEVELOPMENT COMPANY LIMITED,SUTT16,No,New Build Generating CMU,7.598,15.0,Gas,2022.0,6.44,2020.0
RYDBERG DEVELOPMENT COMPANY LIMITED,MARY06,No,New Build Generating CMU,7.598,1.0,Gas,2022.0,6.44,2020.0
RYDBERG DEVELOPMENT COMPANY LIMITED,MERL08,No,New Build Generating CMU,9.498,15.0,Gas,2022.0,6.44,2020.0
RYDBERG DEVELOPMENT COMPANY LIMITED,PETE05,No,New Build Generating CMU,3.799,15.0,Gas,2022.0,6.44,2020.0
HC ESS4 Limited,LONG19,No,New Build Generating CMU,10.466,15.0,Storage - Battery,2022.0,6.44,2020.0
HC ESS6 Limited,WKMK19,No,New Build Generating CMU,10.68,15.0,Storage - Battery,2022.0,6.44,2020.0
HC ESS7 Limited,TH5C19,No,New Build Generating CMU,10.68,15.0,Storage - Battery,2022.0,6.44,2020.0
GH ESS7 LIMITED,TH2C19,No,New Build Generating CMU,4.272,15.0,Storage - Battery,2022.0,6.44,2020.0
HD001KIR LTD,KIRK22,No,New Build Generating CMU,47.015,15.0,Gas,2022.0,6.44,2020.0
HD888CAP LIMITED,CAPN22,No,New Build Generating CMU,47.015,15.0,Gas,2022.0,6.44,2020.0
Hooton Bio Power Limited,HoBPL3,Yes,New Build Generating CMU,23.169,15.0,Waste,2022.0,6.44,2020.0
Grangemouth CHP Limited,GCHPLB,Yes,Existing Generating CMU,127.8,1.0,Gas,2022.0,6.44,2020.0
Infinis Alternative Energies Limited,AIN006,Yes,New Build Generating CMU,2.901,3.0,Gas,2022.0,6.44,2020.0
Glen Kyllachy Wind Farm Limited ,GKWF02,Yes,New Build Generating CMU,4.059,15.0,Onshore Wind,2022.0,6.44,2020.0
NPOWER LIMITED ,EHQ015,No,Unproven DSR CMU,3.445,1.0,DSR,2022.0,6.44,2020.0
NPOWER LIMITED ,EHQ016,No,Unproven DSR CMU,7.753,1.0,DSR,2022.0,6.44,2020.0
NPOWER LIMITED ,EHQ017,No,Unproven DSR CMU,1.723,1.0,DSR,2022.0,6.44,2020.0
NPOWER LIMITED ,EHQ018,No,Unproven DSR CMU,1.723,1.0,DSR,2022.0,6.44,2020.0
NPOWER LIMITED ,EHQ019,No,Unproven DSR CMU,1.723,1.0,DSR,2022.0,6.44,2020.0
NPOWER LIMITED ,EHQ020,No,Unproven DSR CMU,1.723,1.0,DSR,2022.0,6.44,2020.0
NPOWER LIMITED ,EHQ021,No,Unproven DSR CMU,1.723,1.0,DSR,2022.0,6.44,2020.0
NPOWER LIMITED ,EHQ002,No,Unproven DSR CMU,8.614,1.0,DSR,2022.0,6.44,2020.0
NPOWER LIMITED ,EHQ003,No,Unproven DSR CMU,8.614,1.0,DSR,2022.0,6.44,2020.0
NPOWER LIMITED ,EHQ004,No,Unproven DSR CMU,8.614,1.0,DSR,2022.0,6.44,2020.0
NPOWER LIMITED ,EHQ013,Yes,Existing Generating CMU,0.854,1.0,Storage - Battery,2022.0,6.44,2020.0
NPOWER LIMITED ,EHQ005,No,Unproven DSR CMU,4.307,1.0,DSR,2022.0,6.44,2020.0
NPOWER LIMITED ,EHQ006,No,Unproven DSR CMU,4.307,1.0,DSR,2022.0,6.44,2020.0
NPOWER LIMITED ,EHQ007,No,Unproven DSR CMU,4.307,1.0,DSR,2022.0,6.44,2020.0
NPOWER LIMITED ,EHQ014,No,Unproven DSR CMU,4.307,1.0,DSR,2022.0,6.44,2020.0
INOVYN ChlorVinyls Limited,INV100,No,Existing Generating CMU,9.09,1.0,Gas,2022.0,6.44,2020.0
INOVYN ChlorVinyls Limited,VID100,Yes,Existing Generating CMU,40.331,1.0,Waste,2022.0,6.44,2020.0
INOVYN ChlorVinyls Limited,INO200,Yes,Unproven DSR CMU,43.07,1.0,DSR,2022.0,6.44,2020.0
"Coryton Energy Company, Ltd.",IGCE19,Yes,Existing Generating CMU,720.0,1.0,Gas,2022.0,6.44,2020.0
"Spalding Energy Company, Ltd.",IGSP19,Yes,Existing Generating CMU,855.0,1.0,Gas,2022.0,6.44,2020.0
"Rocksavage Power Company, Ltd.",IGRK19,Yes,Existing Generating CMU,747.0,1.0,Gas,2022.0,6.44,2020.0
AEROSPACE ENERGY UK LIMITED,AeroCM,Yes,Unproven DSR CMU,2.508,1.0,Gas,2022.0,6.44,2020.0
Indian Queens Power Limited,IQ_194,Yes,Existing Generating CMU,132.972,1.0,Diesel,2022.0,6.44,2020.0
Bury Power Limited,BURY19,Yes,Existing Generating CMU,18.711,1.0,Gas,2022.0,6.44,2020.0
Kent Enviropower Limited,FCCAL2,Yes,Existing Generating CMU,30.479,1.0,Waste,2022.0,6.44,2020.0
Keystone Power Limited,KEYDT3,No,New Build Generating CMU,4.272,15.0,Storage - Battery,2022.0,6.44,2020.0
Speciality Steel UK Limited,SS2019,Yes,Proven DSR CMU,33.469,1.0,DSR,2022.0,6.44,2020.0
LondonEnergy Ltd,LEL_19,Yes,Existing Generating CMU,32.44,1.0,Waste,2022.0,6.44,2020.0
Friars Gate Flexi Limited,FRIAR2,No,New Build Generating CMU,19.946,15.0,Gas,2022.0,6.44,2020.0
LOWER MINETY ENERGY LIMITED,LMES01,No,New Build Generating CMU,10.659,15.0,Storage - Battery,2022.0,6.44,2020.0
Keekle Power Limited,KeNurs,Yes,New Build Generating CMU,7.117,15.0,Storage - Battery,2022.0,6.44,2020.0
FRP MERCIA HOLDCO LIMITED,FRPWEL,No,New Build Generating CMU,8.37,15.0,Gas,2022.0,6.44,2020.0
FRP MERCIA HOLDCO LIMITED,FRPFUL,No,New Build Generating CMU,9.765,15.0,Gas,2022.0,6.44,2020.0
FRP MERCIA HOLDCO LIMITED,FRPLR3,No,New Build Generating CMU,9.3,15.0,Gas,2022.0,6.44,2020.0
FRP MERCIA HOLDCO LIMITED,FRPCSL,No,New Build Generating CMU,7.44,15.0,Gas,2022.0,6.44,2020.0
FRP MERCIA HOLDCO LIMITED,FRPODR,No,New Build Generating CMU,2.79,15.0,Gas,2022.0,6.44,2020.0
Mercia Waste Management Limited,MWM001,Yes,Existing Generating CMU,16.835,1.0,Waste,2022.0,6.44,2020.0
MINETY BATTERY STORAGE LIMITED,MBSS01,No,New Build Generating CMU,12.325,15.0,Storage - Battery,2022.0,6.44,2020.0
Shovel Ready 7 Limited,vent03,Yes,Existing Generating CMU,8.073,1.0,Gas,2022.0,6.44,2020.0
Moyle Interconnector Limited,Moyle5,Yes,Existing Interconnector CMU,280.0,1.0,Interconnector,2022.0,6.44,2020.0
Ferrybridge MFE 2 Limited,FM2-23,Yes,New Build Generating CMU,66.074,1.0,Waste,2022.0,6.44,2020.0
Ferrybridge MFE Limited,FM1-22,Yes,Existing Generating CMU,66.106,1.0,Waste,2022.0,6.44,2020.0
MWAT Limited,MWDE19,No,New Build Generating CMU,4.749,15.0,Gas,2022.0,6.44,2020.0
MWAT Limited,MWWG19,No,New Build Generating CMU,9.451,15.0,Gas,2022.0,6.44,2020.0
MWAT Limited,MWWG20,No,New Build Generating CMU,5.699,15.0,Gas,2022.0,6.44,2020.0
National Grid Interconnectors Limited,IFA_19,Yes,Existing Interconnector CMU,1380.0,1.0,Interconnector,2022.0,6.44,2020.0
National Grid North Sea Link Limited,NSL_19,Yes,New Build Interconnector CMU,1232.0,1.0,Interconnector,2022.0,6.44,2020.0
National Grid IFA2 Limited,IFA219,Yes,New Build Interconnector CMU,781.0,1.0,Interconnector,2022.0,6.44,2020.0
BRITNED DEVELOPMENT LIMITED,Brit19,Yes,Existing Interconnector CMU,660.0,1.0,Interconnector,2022.0,6.44,2020.0
NEMO LINK LIMITED,NEMO19,Yes,Existing Interconnector CMU,580.0,1.0,Interconnector,2022.0,6.44,2020.0
Northumberland Energy Recovery Limited,SUEZ23,Yes,Existing Generating CMU,9.207,1.0,Waste,2022.0,6.44,2020.0
Nuclear Decommissioning Authority,NDAMAN,Yes,Existing Generating CMU,25.47,1.0,Hydro,2022.0,6.44,2020.0
P3P Energy Management Limited,BREH19,Yes,Existing Generating CMU,13.5,1.0,Gas,2022.0,6.44,2020.0
P3P Energy Management AE Limited,CASQ19,Yes,Existing Generating CMU,3.038,1.0,Gas,2022.0,6.44,2020.0
Teesside Hire Limited,TEES19,Yes,Existing Generating CMU,5.94,1.0,Gas,2022.0,6.44,2020.0
PARC ADFER LIMITED ,PaAd19,Yes,New Build Generating CMU,14.588,1.0,Waste,2022.0,6.44,2020.0
Hull Reserve Power Limited,HULL19,No,Existing Generating CMU,19.756,1.0,Gas,2022.0,6.44,2020.0
PIVOT POWER BATTERY CO. LIMITED,PPBCOW,Yes,New Build Generating CMU,7.102,1.0,Storage - Battery,2022.0,6.44,2020.0
PIVOT POWER BATTERY CO. LIMITED,PPBKEM,Yes,New Build Generating CMU,7.102,1.0,Storage - Battery,2022.0,6.44,2020.0
POWER UP GENERATION LIMITED,PUG002,Yes,Existing Generating CMU,5.494,1.0,Gas,2022.0,6.44,2020.0
PUTNEY POWER LIMITED,Copse4,Yes,Existing Generating CMU,8.073,1.0,Gas,2022.0,6.44,2020.0
Hatton Farm Energy Limited,HOO222,No,New Build Generating CMU,4.749,15.0,Gas,2022.0,6.44,2020.0
Botley Energy Limited,BOT222,No,New Build Generating CMU,18.996,15.0,Gas,2022.0,6.44,2020.0
Wharf Power Limited,WHAR19,Yes,Existing Generating CMU,15.007,1.0,Gas,2022.0,6.44,2020.0
Harworth Power (Generation) Limited,HPGL19,Yes,Existing Generating CMU,3.8,1.0,Coal mine methane,2022.0,6.44,2020.0
Aberarder Wind Farm LLP,ABWF50,No,New Build Generating CMU,4.099,15.0,Onshore Wind,2022.0,6.44,2020.0
RWE Generation UK plc,P21821,Yes,Existing Generating CMU,427.5,1.0,Gas,2022.0,6.44,2020.0
RWE Generation UK plc,SEL218,No,Existing Generating CMU,54.0,1.0,Gas,2022.0,6.44,2020.0
RWE Generation UK plc,GYR218,Yes,Existing Generating CMU,369.0,1.0,Gas,2022.0,6.44,2020.0
RWE Generation UK plc,DB2185,Yes,Existing Generating CMU,720.0,1.0,Gas,2022.0,6.44,2020.0
RWE Generation UK plc,DB2186,Yes,Existing Generating CMU,675.0,1.0,Gas,2022.0,6.44,2020.0
RWE Generation UK plc,HYT218,Yes,Existing Generating CMU,44.91,1.0,Gas,2022.0,6.44,2020.0
RWE Generation UK plc,GRMB19,No,New Build Generating CMU,18.996,15.0,Gas,2022.0,6.44,2020.0
RWE Generation UK plc,CHEN19,No,New Build Generating CMU,18.996,15.0,Gas,2022.0,6.44,2020.0
RWE Generation UK plc,P21811,Yes,Existing Generating CMU,427.5,1.0,Gas,2022.0,6.44,2020.0
RWE Generation UK plc,P21831,Yes,Existing Generating CMU,427.5,1.0,Gas,2022.0,6.44,2020.0
RWE Generation UK plc,CHG218,No,Existing Generating CMU,43.186,1.0,Gas,2022.0,6.44,2020.0
RWE Generation UK plc,CW2181,Yes,Existing Generating CMU,66.486,1.0,Distillate,2022.0,6.44,2020.0
RWE Generation UK plc,CW2182,Yes,Existing Generating CMU,66.486,1.0,Distillate,2022.0,6.44,2020.0
RWE Generation UK plc,DD2181,Yes,Existing Generating CMU,23.745,1.0,Distillate,2022.0,6.44,2020.0
RWE Generation UK plc,DD2182,Yes,Existing Generating CMU,23.745,1.0,Distillate,2022.0,6.44,2020.0
RWE Generation UK plc,DD2183,Yes,Existing Generating CMU,23.745,1.0,Distillate,2022.0,6.44,2020.0
RWE Generation UK plc,DD2184,Yes,Existing Generating CMU,23.745,1.0,Distillate,2022.0,6.44,2020.0
RWE Generation UK plc,LBA218,Yes,Existing Generating CMU,698.745,1.0,Gas,2022.0,6.44,2020.0
RWE Generation UK plc,P21841,Yes,Existing Generating CMU,427.5,1.0,Gas,2022.0,6.44,2020.0
RWE Generation UK plc,P21851,Yes,Existing Generating CMU,427.5,1.0,Gas,2022.0,6.44,2020.0
RWE Generation UK plc,ST2181,Yes,Existing Generating CMU,417.6,1.0,Gas,2022.0,6.44,2020.0
RWE Generation UK plc,ST2182,Yes,Existing Generating CMU,417.6,1.0,Gas,2022.0,6.44,2020.0
RWE Generation UK plc,ST2183,Yes,Existing Generating CMU,417.6,1.0,Gas,2022.0,6.44,2020.0
RWE Generation UK plc,ST2184,Yes,Existing Generating CMU,417.6,1.0,Gas,2022.0,6.44,2020.0
Saltend Cogeneration Company Limited,S1_194,Yes,Existing Generating CMU,366.9,1.0,Gas,2022.0,6.44,2020.0
Saltend Cogeneration Company Limited,S2_194,Yes,Existing Generating CMU,367.65,1.0,Gas,2022.0,6.44,2020.0
Saltend Cogeneration Company Limited,S3_194,Yes,Existing Generating CMU,365.4,1.0,Gas,2022.0,6.44,2020.0
SCOTTISHPOWER RENEWABLES (UK) LIMITED,BAT3WF,Yes,New Build Generating CMU,4.1,15.0,Onshore Wind,2022.0,6.44,2020.0
SCOTTISHPOWER RENEWABLES (UK) LIMITED,HLYWF1,Yes,New Build Generating CMU,2.337,15.0,Onshore Wind,2022.0,6.44,2020.0
SCOTTISHPOWER RENEWABLES (UK) LIMITED,WLBAT1,No,New Build Generating CMU,10.68,15.0,Storage - Battery,2022.0,6.44,2020.0
Seabank Power Limited,SEA1_2,Yes,Existing Generating CMU,1132.2,1.0,Gas,2022.0,6.44,2020.0
SEDG (MINERS) LTD,MIN22A,No,New Build Generating CMU,18.996,15.0,Gas,2022.0,6.44,2020.0
UK Power Reserve Limited,T3PR01,Yes,Existing Generating CMU,9.498,1.0,Gas,2022.0,6.44,2020.0
UK Power Reserve Limited,T3PR02,Yes,Existing Generating CMU,9.498,1.0,Gas,2022.0,6.44,2020.0
UK Power Reserve Limited,T3PR03,Yes,Existing Generating CMU,9.498,1.0,Gas,2022.0,6.44,2020.0
UK Power Reserve Limited,T3PR04,Yes,Existing Generating CMU,9.498,1.0,Gas,2022.0,6.44,2020.0
UK Power Reserve Limited,T3PR05,Yes,Existing Generating CMU,8.867,1.0,Gas,2022.0,6.44,2020.0
UK Power Reserve Limited,T3PR06,Yes,Existing Generating CMU,9.498,1.0,Gas,2022.0,6.44,2020.0
UK Power Reserve Limited,T3PR07,No,Existing Generating CMU,3.63,1.0,Gas,2022.0,6.44,2020.0
UK Power Reserve Limited,T3PR08,Yes,Existing Generating CMU,9.213,1.0,Gas,2022.0,6.44,2020.0
UK Power Reserve Limited,T3PR09,Yes,Existing Generating CMU,8.144,1.0,Gas,2022.0,6.44,2020.0
UK Power Reserve Limited,T3PR10,Yes,Existing Generating CMU,9.036,1.0,Gas,2022.0,6.44,2020.0
UK Power Reserve Limited,T3PR11,Yes,Existing Generating CMU,9.413,1.0,Gas,2022.0,6.44,2020.0
Sembcorp Utilities (UK) Limited,S22GT2,Yes,Existing Generating CMU,37.242,1.0,Gas,2022.0,6.44,2020.0
Sembcorp Utilities (UK) Limited,S22ST1,Yes,Existing Generating CMU,19.828,1.0,Gas,2022.0,6.44,2020.0
Sembcorp Utilities (UK) Limited,S22GT3,No,New Build Generating CMU,44.91,15.0,Gas,2022.0,6.44,2020.0
Sembcorp Utilities (UK) Limited,S22GT1,Yes,Existing Generating CMU,37.8,1.0,Gas,2022.0,6.44,2020.0
Limejump Ltd,EXL101,Yes,Existing Generating CMU,13.239,1.0,Gas,2022.0,6.44,2020.0
Limejump Ltd,EXL102,Yes,Existing Generating CMU,7.47,1.0,Gas,2022.0,6.44,2020.0
Limejump Ltd,DSR305,No,Proven DSR CMU,3.101,1.0,DSR,2022.0,6.44,2020.0
Limejump Ltd,DSR303,Yes,Proven DSR CMU,16.367,1.0,DSR,2022.0,6.44,2020.0
Limejump Ltd,DSR304,Yes,Proven DSR CMU,2.585,1.0,DSR,2022.0,6.44,2020.0
Limejump Ltd,DSR320,No,Proven DSR CMU,3.446,1.0,DSR,2022.0,6.44,2020.0
Limejump Ltd,DSR306,No,Unproven DSR CMU,5.168,1.0,DSR,2022.0,6.44,2020.0
Limejump Ltd,DSR313,No,Unproven DSR CMU,1.723,1.0,DSR,2022.0,6.44,2020.0
Limejump Ltd,DSR314,Yes,Unproven DSR CMU,2.584,1.0,DSR,2022.0,6.44,2020.0
Limejump Ltd,DSR317,No,Unproven DSR CMU,5.168,1.0,DSR,2022.0,6.44,2020.0
Limejump Ltd,DSR318,No,Unproven DSR CMU,8.614,1.0,DSR,2022.0,6.44,2020.0
Limejump Ltd,DSR307,Yes,Unproven DSR CMU,3.446,1.0,DSR,2022.0,6.44,2020.0
Limejump Ltd,DSR308,Yes,Unproven DSR CMU,2.584,1.0,DSR,2022.0,6.44,2020.0
Limejump Ltd,DSR310,Yes,Unproven DSR CMU,3.446,1.0,DSR,2022.0,6.44,2020.0
Limejump Ltd,DSR319,No,Unproven DSR CMU,3.446,1.0,DSR,2022.0,6.44,2020.0
Limejump Ltd,DSR311,Yes,Unproven DSR CMU,1.723,1.0,DSR,2022.0,6.44,2020.0
Limejump Ltd,DSR312,Yes,Unproven DSR CMU,2.627,1.0,DSR,2022.0,6.44,2020.0
Limejump Ltd,DSR322,No,Unproven DSR CMU,16.367,1.0,DSR,2022.0,6.44,2020.0
Limejump Ltd,DSR321,No,Unproven DSR CMU,3.446,1.0,DSR,2022.0,6.44,2020.0
Limejump Ltd,EXL100,Yes,Existing Generating CMU,2.52,1.0,Gas,2022.0,6.44,2020.0
Limejump Ltd,EXL103,Yes,Existing Generating CMU,3.015,1.0,Gas,2022.0,6.44,2020.0
Culvery Power Limited,CULV19,Yes,Existing Generating CMU,13.107,1.0,Gas,2022.0,6.44,2020.0
SUEZ RECYCLING AND RECOVERY KIRKLEES LTD,SUEZ21,Yes,Existing Generating CMU,9.096,1.0,Waste,2022.0,6.44,2020.0
SIMEC Lochaber Hydropower 2 Limited,SLH2G3,Yes,Existing Generating CMU,13.506,1.0,Hydro,2022.0,6.44,2020.0
SIMEC Lochaber Hydropower 2 Limited,SLH2G4,Yes,Existing Generating CMU,14.554,1.0,Hydro,2022.0,6.44,2020.0
SIMEC Lochaber Hydropower 2 Limited,SLH2G5,Yes,Existing Generating CMU,14.553,1.0,Hydro,2022.0,6.44,2020.0
SIMEC Lochaber Hydropower 2 Limited,SLH2G1,Yes,Existing Generating CMU,14.553,1.0,Hydro,2022.0,6.44,2020.0
SIMEC Lochaber Hydropower 2 Limited,SLH2G2,Yes,Existing Generating CMU,14.554,1.0,Hydro,2022.0,6.44,2020.0
Siriusdev (Fylands) Ltd,FYLD22,No,New Build Generating CMU,9.498,15.0,Gas,2022.0,6.44,2020.0
Siriusdev (Fylands) Ltd,FYLD2B,No,New Build Generating CMU,18.996,15.0,Gas,2022.0,6.44,2020.0
SmartestEnergy Limited,SE2204,No,Unproven DSR CMU,15.0,1.0,DSR,2022.0,6.44,2020.0
SmartestEnergy Limited,SE2206,No,Unproven DSR CMU,10.0,1.0,DSR,2022.0,6.44,2020.0
SmartestEnergy Limited,SE2208,No,Unproven DSR CMU,7.0,1.0,DSR,2022.0,6.44,2020.0
SmartestEnergy Limited,SE2209,No,Unproven DSR CMU,5.0,1.0,DSR,2022.0,6.44,2020.0
SmartestEnergy Limited,SE2210,No,Unproven DSR CMU,5.0,1.0,DSR,2022.0,6.44,2020.0
SmartestEnergy Limited,SE2211,No,Unproven DSR CMU,3.0,1.0,DSR,2022.0,6.44,2020.0
SmartestEnergy Limited,SE2203,No,Unproven DSR CMU,15.0,1.0,DSR,2022.0,6.44,2020.0
South Tyne and Wear Energy Recovery Limited,SUEZ24,Yes,Existing Generating CMU,19.997,1.0,Waste,2022.0,6.44,2020.0
SpectrumReserve2 Ltd,DWBS19,No,New Build Generating CMU,6.387,15.0,Storage - Battery,2022.0,6.44,2020.0
SSEPG (Operations) Limited,CHP22D,Yes,Existing Generating CMU,9.498,1.0,Gas,2022.0,6.44,2020.0
SSEPG (Operations) Limited,BUR22D,No,Existing Generating CMU,44.679,1.0,Gas,2022.0,6.44,2020.0
SSEPG (Operations) Limited,CHC22D,No,Existing Generating CMU,44.679,1.0,Gas,2022.0,6.44,2020.0
Keadby Generation Limited,KEA22D,No,Existing Generating CMU,28.494,1.0,Gas,2022.0,6.44,2020.0
Medway Power Limited,MED22D,No,Existing Generating CMU,661.5,1.0,Gas,2022.0,6.44,2020.0
Keadby Generation Limited,KEA22D,No,Existing Generating CMU,687.6,1.0,Gas,2022.0,6.44,2020.0
Keadby Generation Limited,KD222D,No,New Build Generating CMU,803.7,15.0,Gas,2022.0,6.44,2020.0
SSE Energy Supply Limited,MWD22D,Yes,Existing Generating CMU,828.0,1.0,Gas,2022.0,6.44,2020.0
SSE Energy Supply Limited,SE222D,No,Unproven DSR CMU,8.614,1.0,DSR,2022.0,6.44,2020.0
SSE Energy Supply Limited,SE322D,No,Unproven DSR CMU,8.614,1.0,DSR,2022.0,6.44,2020.0
SSE Energy Supply Limited,SE422D,No,Unproven DSR CMU,8.614,1.0,DSR,2022.0,6.44,2020.0
SSE Generation Limited,FY122D,Yes,Existing Generating CMU,143.982,1.0,Storage - Pumped,2022.0,6.44,2020.0
SSE Generation Limited,FY222D,Yes,Existing Generating CMU,142.62,1.0,Storage - Pumped,2022.0,6.44,2020.0
SSE Generation Limited,CLA22D,Yes,Existing Generating CMU,37.219,1.0,Hydro,2022.0,6.44,2020.0
SSE Generation Limited,CLU22D,Yes,Existing Generating CMU,54.964,1.0,Hydro,2022.0,6.44,2020.0
SSE Generation Limited,DE122D,Yes,Existing Generating CMU,17.058,1.0,Hydro,2022.0,6.44,2020.0
SSE Generation Limited,DE222D,Yes,Existing Generating CMU,17.051,1.0,Hydro,2022.0,6.44,2020.0
SSE Generation Limited,ER122D,Yes,Existing Generating CMU,22.594,1.0,Hydro,2022.0,6.44,2020.0
SSE Generation Limited,ER222D,Yes,Existing Generating CMU,22.5,1.0,Hydro,2022.0,6.44,2020.0
SSE Generation Limited,ER322D,Yes,Existing Generating CMU,22.616,1.0,Hydro,2022.0,6.44,2020.0
SSE Generation Limited,FA122D,Yes,Existing Generating CMU,20.62,1.0,Hydro,2022.0,6.44,2020.0
SSE Generation Limited,FA222D,Yes,Existing Generating CMU,20.62,1.0,Hydro,2022.0,6.44,2020.0
SSE Generation Limited,FA322D,Yes,Existing Generating CMU,20.62,1.0,Hydro,2022.0,6.44,2020.0
SSE Generation Limited,GLN22D,Yes,Existing Generating CMU,35.6,1.0,Hydro,2022.0,6.44,2020.0
SSE Generation Limited,INW22D,Yes,Existing Generating CMU,24.206,1.0,Hydro,2022.0,6.44,2020.0
SSE Generation Limited,LUI22D,Yes,Existing Generating CMU,30.481,1.0,Hydro,2022.0,6.44,2020.0
SSE Generation Limited,LO122D,Yes,Existing Generating CMU,20.733,1.0,Hydro,2022.0,6.44,2020.0
SSE Generation Limited,LO222D,Yes,Existing Generating CMU,21.123,1.0,Hydro,2022.0,6.44,2020.0
SSE Generation Limited,RN122D,Yes,Existing Generating CMU,14.344,1.0,Hydro,2022.0,6.44,2020.0
SSE Generation Limited,RN222D,Yes,Existing Generating CMU,14.344,1.0,Hydro,2022.0,6.44,2020.0
SSE Generation Limited,RN322D,Yes,Existing Generating CMU,14.344,1.0,Hydro,2022.0,6.44,2020.0
SSE Generation Limited,SL122D,Yes,Existing Generating CMU,35.86,1.0,Hydro,2022.0,6.44,2020.0
SSE Generation Limited,SL222D,Yes,Existing Generating CMU,36.659,1.0,Hydro,2022.0,6.44,2020.0
SSE Generation Limited,SL322D,Yes,Existing Generating CMU,35.86,1.0,Hydro,2022.0,6.44,2020.0
SSE Generation Limited,SL422D,Yes,Existing Generating CMU,29.136,1.0,Hydro,2022.0,6.44,2020.0
SSE Generation Limited,TM122D,Yes,Existing Generating CMU,16.579,1.0,Hydro,2022.0,6.44,2020.0
SSE Generation Limited,TM222D,Yes,Existing Generating CMU,16.796,1.0,Hydro,2022.0,6.44,2020.0
SSE Energy Supply Limited,SE522D,No,Unproven DSR CMU,8.614,1.0,DSR,2022.0,6.44,2020.0
SSE Energy Supply Limited,SE622D,No,Unproven DSR CMU,8.614,1.0,DSR,2022.0,6.44,2020.0
SSE Generation Limited,PH122D,Yes,Existing Generating CMU,1064.037,1.0,Gas,2022.0,6.44,2020.0
Dollymans Storage Limited,SEL063,No,New Build Generating CMU,10.678,15.0,Storage - Battery,2022.0,6.44,2020.0
Dollymans Power Limited,SEL039,No,New Build Generating CMU,47.481,15.0,Gas,2022.0,6.44,2020.0
Melksham East Storage Limited,SEL047,No,New Build Generating CMU,21.261,15.0,Storage - Battery,2022.0,6.44,2020.0
Melksham West Storage Limited,SEL048,No,New Build Generating CMU,21.261,15.0,Storage - Battery,2022.0,6.44,2020.0
Minety North Storage Limited,SEL050,No,New Build Generating CMU,21.261,15.0,Storage - Battery,2022.0,6.44,2020.0
Ravensworth Power Limited,SEL040,No,New Build Generating CMU,47.481,15.0,Gas,2022.0,6.44,2020.0
Saltholme North Power Limited,SEL055,No,New Build Generating CMU,47.481,15.0,Gas,2022.0,6.44,2020.0
Saltholme South Power Limited,SEL056,No,New Build Generating CMU,47.481,15.0,Gas,2022.0,6.44,2020.0
Penwortham Storage Limited,SEL044,No,New Build Generating CMU,10.678,15.0,Storage - Battery,2022.0,6.44,2020.0
West Didsbury Storage Limited,SEL045,No,New Build Generating CMU,10.678,15.0,Storage - Battery,2022.0,6.44,2020.0
Abham Storage Limited,SEL041,No,New Build Generating CMU,33.513,15.0,Storage - Battery,2022.0,6.44,2020.0
Enderby Storage Limited,SEL042,No,New Build Generating CMU,33.513,15.0,Storage - Battery,2022.0,6.44,2020.0
Grendon Storage Limited,SEL043,No,New Build Generating CMU,33.513,15.0,Storage - Battery,2022.0,6.44,2020.0
Statkraft Markets GmbH,RHE3_5,Yes,Existing Generating CMU,19.759,1.0,Hydro,2022.0,6.44,2020.0
Statkraft Markets GmbH,RHE1_5,Yes,Existing Generating CMU,11.629,1.0,Hydro,2022.0,6.44,2020.0
Statkraft Markets GmbH,RHE2_5,Yes,Existing Generating CMU,19.486,1.0,Hydro,2022.0,6.44,2020.0
SUEZ RECYCLING AND RECOVERY UK LTD,SUEZ18,No,New Build Generating CMU,9.01,7.0,Waste,2022.0,6.44,2020.0
SUEZ RECYCLING AND RECOVERY TEES VALLEY LTD,SUEZ22,Yes,Existing Generating CMU,17.284,1.0,Waste,2022.0,6.44,2020.0
SUEZ RECYCLING AND RECOVERY SUFFOLK LTD,SUEZ25,Yes,Existing Generating CMU,20.01,1.0,Waste,2022.0,6.44,2020.0
GRANGE MILL ENERGY CENTRE LIMITED,GMEC01,No,New Build Generating CMU,5.699,15.0,Gas,2022.0,6.44,2020.0
CHESTON ROAD ENERGY CENTRE LIMITED,CREC01,No,New Build Generating CMU,5.699,15.0,Gas,2022.0,6.44,2020.0
BELVEDERE ENERGY CENTRE LIMITED,BECL01,No,New Build Generating CMU,5.699,15.0,Gas,2022.0,6.44,2020.0
SHAWHOUSE ENERGY CENTRE LIMITED,SHEC01,No,New Build Generating CMU,18.996,15.0,Gas,2022.0,6.44,2020.0
SHAWHOUSE ENERGY CENTRE LIMITED,SHEC02,No,New Build Generating CMU,3.799,15.0,Gas,2022.0,6.44,2020.0
Sutton Bridge Power Generation,22SB01,Yes,Existing Generating CMU,765.0,1.0,Gas,2022.0,6.44,2020.0
SWB Power Ltd,ROCH23,No,New Build Generating CMU,7.124,15.0,Gas,2022.0,6.44,2020.0
SWB Power Ltd,RECF23,Yes,New Build Generating CMU,7.18,15.0,Gas,2022.0,6.44,2020.0
Winnington CHP Limited,2CHPWN,Yes,Existing Generating CMU,85.934,1.0,Gas,2022.0,6.44,2020.0
Irwell Power Limited,IRWE19,Yes,Existing Generating CMU,14.912,1.0,Gas,2022.0,6.44,2020.0
Westwood Power Limited,WEST19,No,New Build Generating CMU,18.996,15.0,Gas,2022.0,6.44,2020.0
Dafen Reserve Power Limited,DAFE19,Yes,Existing Generating CMU,9.308,1.0,Gas,2022.0,6.44,2020.0
Shovel Ready 6 Limited,amyjn2,Yes,Existing Generating CMU,6.649,1.0,Gas,2022.0,6.44,2020.0
Uniper Global Commodities SE,CDCL21,Yes,Existing Generating CMU,405.0,1.0,Gas,2022.0,6.44,2020.0
Uniper UK Limited,CNQP15,Yes,Refurbishing Generating CMU,675.0,1.0,Gas,2022.0,6.44,2020.0
Uniper UK Limited,CNQP13,Yes,Refurbishing Generating CMU,337.0,1.0,Gas,2022.0,6.44,2020.0
Uniper UK Limited,CNQP14,Yes,Refurbishing Generating CMU,337.5,1.0,Gas,2022.0,6.44,2020.0
Uniper Global Commodities SE,KILH11,Yes,Existing Generating CMU,295.388,1.0,Gas,2022.0,6.44,2020.0
Uniper Global Commodities SE,KILH12,Yes,Existing Generating CMU,295.388,1.0,Gas,2022.0,6.44,2020.0
Uniper Global Commodities SE,RTGT02,No,Existing Generating CMU,16.147,1.0,Diesel,2022.0,6.44,2020.0
Uniper Global Commodities SE,RTGT04,No,Existing Generating CMU,16.147,1.0,Diesel,2022.0,6.44,2020.0
Uniper Global Commodities SE,GRGT11,Yes,Existing Generating CMU,26.308,1.0,Diesel,2022.0,6.44,2020.0
Uniper Global Commodities SE,GRGT14,Yes,Existing Generating CMU,25.358,1.0,Diesel,2022.0,6.44,2020.0
Uniper Global Commodities SE,TAYL52,Yes,Existing Generating CMU,70.166,1.0,Diesel,2022.0,6.44,2020.0
Uniper Global Commodities SE,TAYL53,Yes,Existing Generating CMU,62.567,1.0,Diesel,2022.0,6.44,2020.0
Uniper Global Commodities SE,EECL21,Yes,Existing Generating CMU,405.0,1.0,Gas,2022.0,6.44,2020.0
Uniper Global Commodities SE,RATS34,No,Existing Generating CMU,440.325,1.0,Coal,2022.0,6.44,2020.0
Uniper Global Commodities SE,GRAI16,Yes,Existing Generating CMU,421.2,1.0,Gas,2022.0,6.44,2020.0
Uniper Global Commodities SE,GRAI17,Yes,Existing Generating CMU,421.2,1.0,Gas,2022.0,6.44,2020.0
Uniper Global Commodities SE,GRAI18,Yes,Existing Generating CMU,421.2,1.0,Gas,2022.0,6.44,2020.0
Uniper Global Commodities SE,RATS31,No,Existing Generating CMU,440.325,1.0,Coal,2022.0,6.44,2020.0
Uniper Global Commodities SE,RATS32,Yes,Existing Generating CMU,440.325,1.0,Coal,2022.0,6.44,2020.0
Uniper Global Commodities SE,RATS33,Yes,Existing Generating CMU,440.325,1.0,Coal,2022.0,6.44,2020.0
Utility I Ltd,LhoH19,Yes,New Build Generating CMU,1.804,1.0,Gas,2022.0,6.44,2020.0
Marden Power Limited,MARD19,Yes,Existing Generating CMU,18.711,1.0,Gas,2022.0,6.44,2020.0
Immingham Power Limited ,IM2019,Yes,Existing Generating CMU,15.007,1.0,Gas,2022.0,6.44,2020.0
Veolia UK Limited,CHERF5,Yes,Existing Generating CMU,6.217,1.0,Waste,2022.0,6.44,2020.0
Veolia UK Limited,NEWH05,Yes,Existing Generating CMU,15.03,1.0,Waste,2022.0,6.44,2020.0
Veolia UK Limited,STAF05,Yes,Existing Generating CMU,23.186,1.0,Waste,2022.0,6.44,2020.0
Veolia UK Limited,POERF5,Yes,Existing Generating CMU,12.357,1.0,Waste,2022.0,6.44,2020.0
Veolia UK Limited,MAERF5,Yes,Existing Generating CMU,10.366,1.0,Waste,2022.0,6.44,2020.0
Veolia UK Limited,BHRLH5,Yes,Existing Generating CMU,6.508,1.0,Gas,2022.0,6.44,2020.0
Veolia UK Limited,ELIL03,Yes,Existing Generating CMU,6.126,1.0,Gas,2022.0,6.44,2020.0
Veolia UK Limited,SGH005,Yes,Existing Generating CMU,3.558,1.0,Gas,2022.0,6.44,2020.0
Veolia UK Limited,VES005,Yes,Proven DSR CMU,2.0,1.0,DSR,2022.0,6.44,2020.0
 Viridor Waste Management Limited ,HEAT19,Yes,Refurbishing Generating CMU,4.749,1.0,Gas,2022.0,6.44,2020.0
 Viridor Waste Management Limited ,CARD18,Yes,Existing Generating CMU,26.97,1.0,Waste,2022.0,6.44,2020.0
 Viridor Waste Management Limited ,AVON19,No,New Build Generating CMU,32.608,15.0,Waste,2022.0,6.44,2020.0
 Viridor Waste Management Limited ,EXET19,Yes,Existing Generating CMU,3.349,1.0,Waste,2022.0,6.44,2020.0
VITAL ENERGI SOLUTIONS LIMITED,VIT207,Yes,Existing Generating CMU,3.339,1.0,Gas,2022.0,6.44,2020.0
VITAL ENERGI SOLUTIONS LIMITED,VIT201,Yes,New Build Generating CMU,3.969,12.0,Gas,2022.0,6.44,2020.0
VITAL ENERGI SOLUTIONS LIMITED,VIT208,Yes,Existing Generating CMU,3.506,1.0,Gas,2022.0,6.44,2020.0
VPI Immingham Energy Park A Limited,VDG002,No,New Build Generating CMU,47.49,15.0,Gas,2022.0,6.44,2020.0
VPI Immingham LLP,ICHP07,Yes,Existing Generating CMU,1188.0,1.0,Gas,2022.0,6.44,2020.0
VP Flexgen Limited,HUL22B,Yes,New Build Generating CMU,46.54,15.0,Gas,2022.0,6.44,2020.0
VP Flexgen Limited,ALDE22,No,New Build Generating CMU,18.996,15.0,Gas,2022.0,6.44,2020.0
VP Flexgen Limited,WARN22,No,New Build Generating CMU,18.996,15.0,Gas,2022.0,6.44,2020.0
VP Flexgen Limited,KIL22A,No,New Build Generating CMU,18.996,15.0,Gas,2022.0,6.44,2020.0
VP Flexgen Limited,HUL22A,Yes,New Build Generating CMU,18.806,15.0,Gas,2022.0,6.44,2020.0
Walker & Son (Hauliers) Limited,DIN22B,No,New Build Generating CMU,9.498,15.0,Gas,2022.0,6.44,2020.0
Whitetower Energy Limited,VKING4,Yes,Existing Generating CMU,39.936,1.0,Gas,2022.0,6.44,2020.0
Whitetower Energy Limited,CROYD4,Yes,Existing Generating CMU,41.088,1.0,Gas,2022.0,6.44,2020.0
Whitetower Energy Limited,HEAR4a,Yes,Existing Generating CMU,39.974,1.0,Gas,2022.0,6.44,2020.0
Whitetower Energy Limited,HEAR4b,Yes,Existing Generating CMU,39.974,1.0,Gas,2022.0,6.44,2020.0
Whitetower Energy Limited,DERBY4,Yes,Existing Generating CMU,44.964,1.0,Gas,2022.0,6.44,2020.0
Warrington Power Limited,WARR19,Yes,Existing Generating CMU,15.007,1.0,Gas,2022.0,6.44,2020.0
Wolverhampton Power Ltd,WOLV19,Yes,Existing Generating CMU,15.007,1.0,Gas,2022.0,6.44,2020.0
Biogas Technology Limited,BLAU19,No,New Build Generating CMU,6.269,15.0,Gas,2022.0,6.44,2020.0
Biogas Technology Limited,LANG23,No,New Build Generating CMU,5.699,15.0,Gas,2022.0,6.44,2020.0
Biogas Technology Limited,SUTT22,No,New Build Generating CMU,2.849,3.0,Gas,2022.0,6.44,2020.0
RWE Generation UK plc,SEAL19,No,Existing Generating CMU,54.0,1.0,Gas,2020.0,1.0,2020.0
AEROSPACE ENERGY UK LIMITED,AeroCM,Yes,Unproven DSR CMU,2.508,1.0,Gas,2020.0,1.0,2020.0
Alkane Energy UK Limited,AUKCM2,No,Existing Generating CMU,2.023,1.0,Coal mine methane,2020.0,1.0,2020.0
Alkane Energy UK Limited,AUKWHT,No,Existing Generating CMU,2.066,1.0,Gas,2020.0,1.0,2020.0
AMPIL 2 ASSET LIMITED,VILLA3,Yes,Existing Generating CMU,2.849,1.0,Gas,2020.0,1.0,2020.0
Anesco Battery Solutions Limited,ADABS2,Yes,Unproven DSR CMU,4.481,1.0,DSR,2020.0,1.0,2020.0
Anesco Battery Solutions Limited,ADABS1,Yes,Unproven DSR CMU,4.652,1.0,DSR,2020.0,1.0,2020.0
APEX ENERGY LTD,PB2019,No,Existing Generating CMU,7.745,1.0,Gas,2020.0,1.0,2020.0
BESS Aylesford Limited,DSRA19,No,Proven DSR CMU,24.981,1.0,DSR,2020.0,1.0,2020.0
BESS Claredown Limited,DSRC19,No,Proven DSR CMU,17.228,1.0,DSR,2020.0,1.0,2020.0
British Sugar plc,BSWI20,No,Existing Generating CMU,41.4,1.0,Gas,2020.0,1.0,2020.0
Bury Power Limited,BURY19,No,Existing Generating CMU,18.711,1.0,Gas,2020.0,1.0,2020.0
Centrica Business Solutions UK Optimisation Limite,5RES31,No,Existing Generating CMU,38.7,1.0,Gas,2020.0,1.0,2020.0
Centrica Business Solutions UK Optimisation Limite,5RES-2,No,Existing Generating CMU,4.693,1.0,Gas,2020.0,1.0,2020.0
Centrica Business Solutions UK Optimisation Limite,5RES-4,No,Existing Generating CMU,6.351,1.0,Gas,2020.0,1.0,2020.0
Centrica Business Solutions UK Optimisation Limite,5RES-3,No,Existing Generating CMU,1.997,1.0,Gas,2020.0,1.0,2020.0
Centrica Business Solutions UK Optimisation Limite,5RES-5,No,Existing Generating CMU,7.131,1.0,Gas,2020.0,1.0,2020.0
Centrica Business Solutions UK Optimisation Limite,5RES17,No,Existing Generating CMU,7.399,1.0,Gas,2020.0,1.0,2020.0
Centrica Business Solutions UK Optimisation Limite,5RES20,No,Existing Generating CMU,35.919,1.0,Gas,2020.0,1.0,2020.0
Centrica Business Solutions UK Optimisation Limite,5RES-8,No,Proven DSR CMU,2.988,1.0,DSR,2020.0,1.0,2020.0
Centrica Business Solutions UK Optimisation Limite,5RES32,No,Unproven DSR CMU,10.337,1.0,DSR,2020.0,1.0,2020.0
Centrica Business Solutions UK Optimisation Limite,5RES22,No,Existing Generating CMU,5.711,1.0,Gas,2020.0,1.0,2020.0
Centrica Business Solutions UK Optimisation Limite,5RES21,No,Existing Generating CMU,5.391,1.0,Gas,2020.0,1.0,2020.0
Centrica Business Solutions UK Optimisation Limite,5RES25,No,Existing Generating CMU,5.36,1.0,Gas,2020.0,1.0,2020.0
Centrica Business Solutions UK Optimisation Limite,5RES26,No,Existing Generating CMU,5.731,1.0,Gas,2020.0,1.0,2020.0
Centrica Business Solutions UK Optimisation Limite,5RES27,No,Existing Generating CMU,9.781,1.0,Gas,2020.0,1.0,2020.0
Centrica PB Limited,5RES15,No,Existing Generating CMU,237.396,1.0,Gas,2020.0,1.0,2020.0
Clayhill Solar Limited,ADSCHL,Yes,Unproven DSR CMU,5.168,1.0,DSR,2020.0,1.0,2020.0
Clyne Power Limited,CLYN19,No,Existing Generating CMU,15.007,1.0,Gas,2020.0,1.0,2020.0
COGENERATION SOLUTIONS LIMITED,Cavrd5,No,Existing Generating CMU,7.598,1.0,Gas,2020.0,1.0,2020.0
Conrad (Ampthill) Limited,CDAMP2,Yes,New Build Generating CMU,5.699,1.0,Gas,2020.0,1.0,2020.0
Conrad (Calne) Limited,CDCAL2,Yes,New Build Generating CMU,5.699,1.0,Gas,2020.0,1.0,2020.0
Conrad (Flint) Limited,CDFLI2,Yes,New Build Generating CMU,4.749,1.0,Gas,2020.0,1.0,2020.0
Conrad (Matching) Limited,CDMAT2,Yes,New Build Generating CMU,5.699,1.0,Gas,2020.0,1.0,2020.0
Conrad (Sandycroft) Limited,CDSDC2,Yes,New Build Generating CMU,4.749,1.0,Gas,2020.0,1.0,2020.0
CONRAD ENERGY (DEVELOPMENTS) LIMITED,CDFLB2,Yes,New Build Generating CMU,2.375,1.0,Gas,2020.0,1.0,2020.0
CONRAD ENERGY (DEVELOPMENTS) LIMITED,CDHAW2,Yes,New Build Generating CMU,2.375,1.0,Gas,2020.0,1.0,2020.0
CONRAD ENERGY (DEVELOPMENTS) LIMITED,CDLAG2,Yes,New Build Generating CMU,4.037,1.0,Gas,2020.0,1.0,2020.0
CONRAD ENERGY (DEVELOPMENTS) LIMITED,CDPLY2,Yes,New Build Generating CMU,4.749,1.0,Gas,2020.0,1.0,2020.0
Culvery Power Limited,CULV19,No,Existing Generating CMU,13.107,1.0,Gas,2020.0,1.0,2020.0
Distributed Generators Limited,elms03,No,Existing Generating CMU,4.749,1.0,Gas,2020.0,1.0,2020.0
E.ON UK Plc,BVC001,No,Existing Generating CMU,3.471,1.0,Gas,2020.0,1.0,2020.0
E.ON UK Plc,CEN007,No,Existing Generating CMU,2.241,1.0,Gas,2020.0,1.0,2020.0
E.ON UK Plc,AGG001,No,Existing Generating CMU,2.598,1.0,Gas,2020.0,1.0,2020.0
EDF Energy Customers Limited,DR201A,No,Proven DSR CMU,5.338,1.0,DSR,2020.0,1.0,2020.0
EDF Energy Customers Limited,DR201B,No,Proven DSR CMU,7.5,1.0,DSR,2020.0,1.0,2020.0
EELPOWER (OPCO6) LIMITED,WORM20,No,Unproven DSR CMU,6.891,1.0,DSR,2020.0,1.0,2020.0
Enel X UK Limited,NDSR03,No,Unproven DSR CMU,21.535,1.0,DSR,2020.0,1.0,2020.0
Enel X UK Limited,NDSR04,No,Unproven DSR CMU,21.535,1.0,DSR,2020.0,1.0,2020.0
Enel X UK Limited,NDSR05,No,Unproven DSR CMU,21.535,1.0,DSR,2020.0,1.0,2020.0
Enel X UK Limited,NDSR06,No,Unproven DSR CMU,21.535,1.0,DSR,2020.0,1.0,2020.0
Enel X UK Limited,NDSR07,No,Unproven DSR CMU,21.535,1.0,DSR,2020.0,1.0,2020.0
Enel X UK Limited,NDSR08,No,Unproven DSR CMU,21.535,1.0,DSR,2020.0,1.0,2020.0
Enel X UK Limited,NDSR09,No,Unproven DSR CMU,21.535,1.0,DSR,2020.0,1.0,2020.0
Enel X UK Limited,NDSR10,No,Unproven DSR CMU,21.535,1.0,DSR,2020.0,1.0,2020.0
Enel X UK Limited,NDSR11,No,Unproven DSR CMU,21.535,1.0,DSR,2020.0,1.0,2020.0
Enel X UK Limited,NDSR12,No,Unproven DSR CMU,21.535,1.0,DSR,2020.0,1.0,2020.0
Enel X UK Limited,NDSR35,No,Proven DSR CMU,10.752,1.0,DSR,2020.0,1.0,2020.0
Enel X UK Limited,NDSR36,No,Proven DSR CMU,10.752,1.0,DSR,2020.0,1.0,2020.0
Enel X UK Limited,NDSR37,No,Proven DSR CMU,10.766,1.0,DSR,2020.0,1.0,2020.0
Enel X UK Limited,NDSR38,No,Proven DSR CMU,6.404,1.0,DSR,2020.0,1.0,2020.0
Enel X UK Limited,NDSR39,No,Proven DSR CMU,6.405,1.0,DSR,2020.0,1.0,2020.0
Enel X UK Limited,NDSR40,No,Proven DSR CMU,4.104,1.0,DSR,2020.0,1.0,2020.0
Enel X UK Limited,NGEN18,No,Existing Generating CMU,6.991,1.0,Gas,2020.0,1.0,2020.0
Enel X UK Limited,NGEN31,No,Existing Generating CMU,22.789,1.0,Waste,2020.0,1.0,2020.0
Enel X UK Limited,NGEN20,No,Existing Generating CMU,6.535,1.0,Gas,2020.0,1.0,2020.0
Enel X UK Limited,NGEN30,No,Existing Generating CMU,5.022,1.0,Gas,2020.0,1.0,2020.0
Enel X UK Limited,NGEN32,No,Existing Generating CMU,5.5,1.0,Gas,2020.0,1.0,2020.0
Enel X UK Limited,NGEN33,No,Existing Generating CMU,3.997,1.0,Gas,2020.0,1.0,2020.0
Enel X UK Limited,NGEN34,No,Existing Generating CMU,3.6,1.0,Gas,2020.0,1.0,2020.0
Enel X UK Limited,NGEN24,No,Existing Generating CMU,5.261,1.0,Gas,2020.0,1.0,2020.0
Enel X UK Limited,NGEN25,No,Existing Generating CMU,5.208,1.0,Gas,2020.0,1.0,2020.0
Enel X UK Limited,NGEN21,No,Existing Generating CMU,8.003,1.0,Gas,2020.0,1.0,2020.0
Enel X UK Limited,NGEN22,No,Existing Generating CMU,10.001,1.0,Gas,2020.0,1.0,2020.0
Enel X UK Limited,NGEN02,No,Existing Generating CMU,4.506,1.0,Gas,2020.0,1.0,2020.0
Enel X UK Limited,NGEN03,No,Existing Generating CMU,4.916,1.0,Gas,2020.0,1.0,2020.0
Enel X UK Limited,NGEN04,No,Existing Generating CMU,4.401,1.0,Gas,2020.0,1.0,2020.0
Enel X UK Limited,NGEN06,No,Existing Generating CMU,4.008,1.0,Gas,2020.0,1.0,2020.0
Enel X UK Limited,NGEN07,No,Existing Generating CMU,4.001,1.0,Gas,2020.0,1.0,2020.0
Enel X UK Limited,NGEN11,No,Existing Generating CMU,11.003,1.0,Gas,2020.0,1.0,2020.0
Enel X UK Limited,NGEN16,No,Existing Generating CMU,8.023,1.0,Gas,2020.0,1.0,2020.0
Enel X UK Limited,NGEN17,No,Existing Generating CMU,6.201,1.0,Gas,2020.0,1.0,2020.0
Enel X UK Limited,NDSR01,No,Unproven DSR CMU,21.535,1.0,DSR,2020.0,1.0,2020.0
Enel X UK Limited,NDSR02,No,Unproven DSR CMU,21.535,1.0,DSR,2020.0,1.0,2020.0
ESB SOLAR (NORTHERN IRELAND) LIMITED,MFARM1,No,Existing Generating CMU,1.729,1.0,Storage - Battery,2020.0,1.0,2020.0
"ESSO PETROLEUM COMPANY,LIMITED",EMD-19,No,Existing Generating CMU,71.816,1.0,Gas,2020.0,1.0,2020.0
FCC (E&M) Limited,FCCMI1,Yes,Existing Generating CMU,12.872,1.0,Waste,2020.0,1.0,2020.0
Ferrybridge MFE 2 Limited,FM2-23,No,New Build Generating CMU,66.074,1.0,Waste,2020.0,1.0,2020.0
Flexitricity Limited,F18033,No,Existing Generating CMU,4.21,1.0,Gas,2020.0,1.0,2020.0
Flexitricity Limited,F18034,No,Existing Generating CMU,3.02,1.0,Gas,2020.0,1.0,2020.0
Flexitricity Limited,F18036,No,Existing Generating CMU,3.658,1.0,Gas,2020.0,1.0,2020.0
Flexitricity Limited,F19039,No,Existing Generating CMU,3.012,1.0,Gas,2020.0,1.0,2020.0
Flexitricity Limited,F18007,No,Existing Generating CMU,3.25,1.0,Gas,2020.0,1.0,2020.0
Flexitricity Limited,F19108,No,Existing Generating CMU,3.51,1.0,Gas,2020.0,1.0,2020.0
Flexitricity Limited,F18025,No,Existing Generating CMU,15.111,1.0,Gas,2020.0,1.0,2020.0
Flexitricity Limited,F19029,No,Existing Generating CMU,3.077,1.0,Gas,2020.0,1.0,2020.0
FLINT TO CELL LIMITED,Finwy3,No,Existing Generating CMU,4.749,1.0,Gas,2020.0,1.0,2020.0
FS NEVENDON LIMITED,NEV462,Yes,Existing Generating CMU,1.226,1.0,Storage - Battery,2020.0,1.0,2020.0
Glass Leaf Power Limited,BRAN19,Yes,Existing Generating CMU,3.0,1.0,Gas,2020.0,1.0,2020.0
Gloucestershire County Council,JAVP19,No,New Build Generating CMU,17.934,1.0,Waste,2020.0,1.0,2020.0
GREEN PEAK GENERATION LIMITED,Lilly5,No,Existing Generating CMU,7.124,1.0,Gas,2020.0,1.0,2020.0
Greenspan Contractors Limited,ABCN03,Yes,Existing Generating CMU,3.799,1.0,Gas,2020.0,1.0,2020.0
Greenspan Nifty Fifty Limited,WPKB03,Yes,New Build Generating CMU,3.799,1.0,Gas,2020.0,1.0,2020.0
Greenspan Nifty Fifty Limited,WPKA03,Yes,New Build Generating CMU,3.799,1.0,Gas,2020.0,1.0,2020.0
GridBeyond Limited,END027,No,Unproven DSR CMU,4.947,1.0,DSR,2020.0,1.0,2020.0
GridBeyond Limited,END028,No,Unproven DSR CMU,6.017,1.0,DSR,2020.0,1.0,2020.0
GridBeyond Limited,END029,No,Unproven DSR CMU,5.817,1.0,DSR,2020.0,1.0,2020.0
GridBeyond Limited,END030,No,Unproven DSR CMU,9.107,1.0,DSR,2020.0,1.0,2020.0
GridBeyond Limited,END031,No,Unproven DSR CMU,4.347,1.0,DSR,2020.0,1.0,2020.0
GridBeyond Limited,END032,No,Unproven DSR CMU,3.062,1.0,DSR,2020.0,1.0,2020.0
GridBeyond Limited,GBD001,No,Proven DSR CMU,2.84,1.0,DSR,2020.0,1.0,2020.0
GridBeyond Limited,END014,No,Unproven DSR CMU,3.446,1.0,DSR,2020.0,1.0,2020.0
GridBeyond Limited,END015,No,Unproven DSR CMU,3.446,1.0,DSR,2020.0,1.0,2020.0
GridBeyond Limited,GBD010,No,Existing Generating CMU,5.001,1.0,Gas,2020.0,1.0,2020.0
Hull Reserve Power Limited,HULL19,No,Existing Generating CMU,19.756,1.0,Gas,2020.0,1.0,2020.0
Hulley Road Energy Storage Limited,ADSHU2,Yes,Unproven DSR CMU,17.228,1.0,DSR,2020.0,1.0,2020.0
Huthwaite Solar Farm Limited,HUT019,No,Unproven DSR CMU,4.135,1.0,DSR,2020.0,1.0,2020.0
Immingham Power Limited ,IM2019,No,Existing Generating CMU,15.007,1.0,Gas,2020.0,1.0,2020.0
Industrial Energy Services Limited ,CES0C3,No,Existing Generating CMU,5.38,1.0,Gas,2020.0,1.0,2020.0
Infinis Alternative Energies Limited,AVELEN,No,Existing Generating CMU,4.329,1.0,Gas,2020.0,1.0,2020.0
Infinis Alternative Energies Limited,AVELEF,No,Existing Generating CMU,3.818,1.0,Gas,2020.0,1.0,2020.0
Infinis Alternative Energies Limited,OTGS19,No,Existing Generating CMU,3.299,1.0,Gas,2020.0,1.0,2020.0
Infinis Alternative Energies Limited,ADGS18,No,Existing Generating CMU,3.455,1.0,Gas,2020.0,1.0,2020.0
Irwell Power Limited,IRWE19,No,Existing Generating CMU,14.912,1.0,Gas,2020.0,1.0,2020.0
Keekle Power Limited,KeNur2,No,New Build Generating CMU,11.935,1.0,Storage - Battery,2020.0,1.0,2020.0
Kemsley CHP Limited,DSK102,No,Existing Generating CMU,54.391,1.0,Gas,2020.0,1.0,2020.0
Kiln Power Limited,KILN19,No,Existing Generating CMU,15.006,1.0,Gas,2020.0,1.0,2020.0
KiWi Power Ltd,KPEG35,No,Existing Generating CMU,1.8,1.0,Gas,2020.0,1.0,2020.0
KiWi Power Ltd,KPEG36,No,Existing Generating CMU,1.8,1.0,Gas,2020.0,1.0,2020.0
KiWi Power Ltd,KPEG45,No,Existing Generating CMU,9.765,1.0,Gas,2020.0,1.0,2020.0
KiWi Power Ltd,KPEG46,No,Existing Generating CMU,1.8,1.0,Gas,2020.0,1.0,2020.0
KiWi Power Ltd,KPEG47,No,Existing Generating CMU,3.638,1.0,Gas,2020.0,1.0,2020.0
KiWi Power Ltd,KPEG48,No,Existing Generating CMU,3.306,1.0,Gas,2020.0,1.0,2020.0
KiWi Power Ltd,KPEG49,No,Existing Generating CMU,3.013,1.0,Gas,2020.0,1.0,2020.0
KiWi Power Ltd,KPEG42,No,Existing Generating CMU,1.863,1.0,Gas,2020.0,1.0,2020.0
KiWi Power Ltd,KPEG29,No,Existing Generating CMU,5.137,1.0,Gas,2020.0,1.0,2020.0
KiWi Power Ltd,KPEG38,No,Existing Generating CMU,5.378,1.0,Gas,2020.0,1.0,2020.0
KiWi Power Ltd,KPEG44,No,Existing Generating CMU,2.696,1.0,Gas,2020.0,1.0,2020.0
KiWi Power Ltd,KPB104,No,Existing Generating CMU,0.517,1.0,Storage - Battery,2020.0,1.0,2020.0
KiWi Power Ltd,KPB005,No,New Build Generating CMU,6.237,1.0,Storage - Battery,2020.0,1.0,2020.0
Larport Energy Storage Limited,ADSLA2,Yes,Unproven DSR CMU,16.797,1.0,DSR,2020.0,1.0,2020.0
Lascar Battery Storage Limited,ADSLS1,Yes,Unproven DSR CMU,17.228,1.0,DSR,2020.0,1.0,2020.0
Limejump Ltd,DSR319,No,Unproven DSR CMU,3.446,1.0,DSR,2020.0,1.0,2020.0
Limejump Ltd,DSR321,No,Unproven DSR CMU,3.446,1.0,DSR,2020.0,1.0,2020.0
Limejump Ltd,DSR322,No,Unproven DSR CMU,16.367,1.0,DSR,2020.0,1.0,2020.0
Limejump Ltd,DSR304,No,Proven DSR CMU,2.585,1.0,DSR,2020.0,1.0,2020.0
Limejump Ltd,DSR300,No,Proven DSR CMU,2.584,1.0,DSR,2020.0,1.0,2020.0
Limejump Ltd,DSR301,No,Unproven DSR CMU,3.455,1.0,DSR,2020.0,1.0,2020.0
Limejump Ltd,EXL101,No,Existing Generating CMU,13.239,1.0,Gas,2020.0,1.0,2020.0
Limejump Ltd,EXL103,No,Existing Generating CMU,3.015,1.0,Gas,2020.0,1.0,2020.0
Limejump Ltd,EXL102,No,Existing Generating CMU,7.47,1.0,Gas,2020.0,1.0,2020.0
Limejump Ltd,EXL100,No,Existing Generating CMU,2.52,1.0,Gas,2020.0,1.0,2020.0
Limejump Ltd,DSR306,No,Unproven DSR CMU,5.168,1.0,DSR,2020.0,1.0,2020.0
Limejump Ltd,DSR310,No,Unproven DSR CMU,3.446,1.0,DSR,2020.0,1.0,2020.0
Limejump Ltd,DSR311,No,Unproven DSR CMU,1.723,1.0,DSR,2020.0,1.0,2020.0
Limejump Ltd,DSR313,No,Unproven DSR CMU,1.723,1.0,DSR,2020.0,1.0,2020.0
Limejump Ltd,DSR314,No,Unproven DSR CMU,2.584,1.0,DSR,2020.0,1.0,2020.0
Limejump Ltd,DSR317,No,Unproven DSR CMU,5.168,1.0,DSR,2020.0,1.0,2020.0
Limejump Ltd,DSR318,No,Unproven DSR CMU,8.614,1.0,DSR,2020.0,1.0,2020.0
Loddon Power Limited,LODD19,No,Existing Generating CMU,15.007,1.0,Gas,2020.0,1.0,2020.0
LOWER MINETY ENERGY LIMITED,LMES01,No,New Build Generating CMU,12.325,1.0,Storage - Battery,2020.0,1.0,2020.0
Marden Power Limited,MARD19,No,Existing Generating CMU,18.711,1.0,Gas,2020.0,1.0,2020.0
MINETY BATTERY STORAGE LIMITED,MBSS01,No,New Build Generating CMU,12.325,1.0,Storage - Battery,2020.0,1.0,2020.0
NEMO LINK LIMITED,NEMO19,Yes,Existing Interconnector CMU,820.0,1.0,Interconnector,2020.0,1.0,2020.0
Northwich Power Limited,NORT19,No,Existing Generating CMU,5.509,1.0,Gas,2020.0,1.0,2020.0
Ogmore Power Limited,OGMO19,No,Existing Generating CMU,15.007,1.0,Gas,2020.0,1.0,2020.0
PARC ADFER LIMITED ,PaAd19,Yes,New Build Generating CMU,14.588,1.0,Waste,2020.0,1.0,2020.0
POWER UP GENERATION LIMITED,PUG002,No,Existing Generating CMU,5.494,1.0,Gas,2020.0,1.0,2020.0
PUTNEY POWER LIMITED,Copse4,No,Existing Generating CMU,8.073,1.0,Gas,2020.0,1.0,2020.0
Regent Park Energy Limited,ARPMLT,No,Existing Generating CMU,4.046,1.0,Coal mine methane,2020.0,1.0,2020.0
Regent Park Energy Limited,ARPDC1,No,Existing Generating CMU,9.178,1.0,Gas,2020.0,1.0,2020.0
Regent Park Energy Limited,ARP023,No,Existing Generating CMU,5.042,1.0,Gas,2020.0,1.0,2020.0
Rock Energy Storage Limited,ROCK20,Yes,Proven DSR CMU,16.438,1.0,DSR,2020.0,1.0,2020.0
Rossington Power Limited,ST-114,No,Existing Generating CMU,3.799,1.0,Gas,2020.0,1.0,2020.0
Saltholme North Power Limited,SEL055,No,New Build Generating CMU,47.481,1.0,Gas,2020.0,1.0,2020.0
Saltholme South Power Limited,SEL056,No,New Build Generating CMU,47.481,1.0,Gas,2020.0,1.0,2020.0
Shovel Ready 6 Limited,amyjn2,No,Existing Generating CMU,6.649,1.0,Gas,2020.0,1.0,2020.0
Shovel Ready 7 Limited,vent03,No,Existing Generating CMU,8.073,1.0,Gas,2020.0,1.0,2020.0
Sittingbourne Power Limited,SITTI2,Yes,New Build Generating CMU,11.398,1.0,Gas,2020.0,1.0,2020.0
Speciality Steel UK Limited,SS2019,No,Proven DSR CMU,33.469,1.0,DSR,2020.0,1.0,2020.0
St Asaph Power Limited,STAS19,No,Existing Generating CMU,15.007,1.0,Gas,2020.0,1.0,2020.0
Tata Steel UK Limited,TS19_3,No,Proven DSR CMU,7.0,1.0,DSR,2020.0,1.0,2020.0
Tata Steel UK Limited,TS19_1,No,Proven DSR CMU,8.0,1.0,DSR,2020.0,1.0,2020.0
Tata Steel UK Limited,TS19_4,No,Existing Generating CMU,18.356,1.0,Gas,2020.0,1.0,2020.0
Teesside Hire Limited,TEES19,No,Existing Generating CMU,5.94,1.0,Gas,2020.0,1.0,2020.0
TYNEMOUTH ENERGY STORAGE LIMITED,ENEL02,No,Existing Generating CMU,3.065,1.0,Storage - Battery,2020.0,1.0,2020.0
UK Energy Storage Services Limited,BRES2X,Yes,Existing Generating CMU,2.452,1.0,Storage - Battery,2020.0,1.0,2020.0
Utility I Ltd,LhoH19,Yes,New Build Generating CMU,1.804,1.0,Gas,2020.0,1.0,2020.0
Veolia UK Limited,VES005,Yes,Proven DSR CMU,2.0,1.0,DSR,2020.0,1.0,2020.0
Veolia UK Limited,ELIL03,Yes,Existing Generating CMU,6.126,1.0,Gas,2020.0,1.0,2020.0
Veolia UK Limited,BHRLH5,Yes,Existing Generating CMU,6.508,1.0,Gas,2020.0,1.0,2020.0
Veolia UK Limited,SGH005,Yes,Existing Generating CMU,3.558,1.0,Gas,2020.0,1.0,2020.0
VITAL ENERGI SOLUTIONS LIMITED,VIT201,No,New Build Generating CMU,3.969,1.0,Gas,2020.0,1.0,2020.0
VITAL ENERGI SOLUTIONS LIMITED,VIT207,No,Existing Generating CMU,3.339,1.0,Gas,2020.0,1.0,2020.0
VITAL ENERGI SOLUTIONS LIMITED,VIT208,No,Existing Generating CMU,3.506,1.0,Gas,2020.0,1.0,2020.0
Warrington Power Limited,WARR19,No,Existing Generating CMU,15.007,1.0,Gas,2020.0,1.0,2020.0
Westwood Power Limited,WEST19,No,New Build Generating CMU,18.996,1.0,Gas,2020.0,1.0,2020.0
Wharf Power Limited,WHAR19,No,Existing Generating CMU,15.007,1.0,Gas,2020.0,1.0,2020.0
Winchester Power Limited,WINP20,No,Unproven DSR CMU,8.614,1.0,DSR,2020.0,1.0,2020.0
Wolverhampton Power Ltd,WOLV19,No,Existing Generating CMU,15.007,1.0,Gas,2020.0,1.0,2020.0
UK Capacity Reserve Ltd,16CR05,Yes,New Build Generating CMU,18.834,1.0,Unknown,2017.0,6.95,2017.0
UK Capacity Reserve Ltd,16CR10,Yes,New Build Generating CMU,16.951,1.0,Unknown,2017.0,6.95,2017.0
UK Capacity Reserve Ltd,16CR12,Yes,New Build Generating CMU,5.65,1.0,Unknown,2017.0,6.95,2017.0
UK Capacity Reserve Ltd,16CR13,Yes,New Build Generating CMU,7.534,1.0,Unknown,2017.0,6.95,2017.0
UK Capacity Reserve Ltd,16CR15,Yes,New Build Generating CMU,5.65,1.0,Unknown,2017.0,6.95,2017.0
UK Capacity Reserve Ltd,16CR21,Yes,New Build Generating CMU,18.834,1.0,Unknown,2017.0,6.95,2017.0
UK Capacity Reserve Ltd,16CR24,Yes,New Build Generating CMU,7.534,1.0,Unknown,2017.0,6.95,2017.0
UK Capacity Reserve Ltd,16CR28,Yes,New Build Generating CMU,22.601,1.0,Unknown,2017.0,6.95,2017.0
UK Capacity Reserve Ltd,16CR29,Yes,New Build Generating CMU,22.601,1.0,Unknown,2017.0,6.95,2017.0
UK Capacity Reserve Ltd,16CR35,Yes,New Build Generating CMU,18.834,1.0,Unknown,2017.0,6.95,2017.0
UK Capacity Reserve Ltd,16CR47,Yes,New Build Generating CMU,18.834,1.0,Unknown,2017.0,6.95,2017.0
UK Capacity Reserve Ltd,16CR48,No,New Build Generating CMU,0.0,0.0,Unknown,2017.0,6.95,2017.0
UK Capacity Reserve Ltd,16CR50,Yes,New Build Generating CMU,18.834,1.0,Unknown,2017.0,6.95,2017.0
UK Capacity Reserve Ltd,16CR53,Yes,New Build Generating CMU,16.951,1.0,Unknown,2017.0,6.95,2017.0
UK Capacity Reserve Ltd,16CR55,Yes,New Build Generating CMU,18.834,1.0,Unknown,2017.0,6.95,2017.0
UK Capacity Reserve Ltd,16CR57,Yes,New Build Generating CMU,18.834,1.0,Unknown,2017.0,6.95,2017.0
UK Capacity Reserve Ltd,16CR58,Yes,New Build Generating CMU,7.534,1.0,Unknown,2017.0,6.95,2017.0
UK Capacity Reserve Ltd,16CR64,Yes,New Build Generating CMU,18.834,1.0,Unknown,2017.0,6.95,2017.0
UK Capacity Reserve Ltd,16CR72,Yes,New Build Generating CMU,18.834,1.0,Unknown,2017.0,6.95,2017.0
UK Capacity Reserve Ltd,16CR79,Yes,New Build Generating CMU,18.834,1.0,Unknown,2017.0,6.95,2017.0
UK Capacity Reserve Ltd,16CR82,No,New Build Generating CMU,0.0,0.0,Unknown,2017.0,6.95,2017.0
UK Capacity Reserve Ltd,16CR84,Yes,New Build Generating CMU,4.332,1.0,Unknown,2017.0,6.95,2017.0
UK Power Reserve Limited,16PR01,Yes,Existing Generating CMU,9.417,1.0,Unknown,2017.0,6.95,2017.0
UK Power Reserve Limited,16PR02,Yes,Existing Generating CMU,9.417,1.0,Unknown,2017.0,6.95,2017.0
UK Power Reserve Limited,16PR03,Yes,Existing Generating CMU,9.417,1.0,Unknown,2017.0,6.95,2017.0
UK Power Reserve Limited,16PR04,Yes,Existing Generating CMU,9.417,1.0,Unknown,2017.0,6.95,2017.0
UK Power Reserve Limited,16PR05,Yes,Existing Generating CMU,9.417,1.0,Unknown,2017.0,6.95,2017.0
UK Power Reserve Limited,16PR06,Yes,Existing Generating CMU,9.916,1.0,Unknown,2017.0,6.95,2017.0
UK Power Reserve Limited,16PR07,Yes,Existing Generating CMU,3.767,1.0,Unknown,2017.0,6.95,2017.0
UK Power Reserve Limited,16PR08,Yes,Existing Generating CMU,9.134,1.0,Unknown,2017.0,6.95,2017.0
UK Power Reserve Limited,16PR09,Yes,Existing Generating CMU,9.417,1.0,Unknown,2017.0,6.95,2017.0
UK Power Reserve Limited,16PR10,Yes,Existing Generating CMU,9.417,1.0,Unknown,2017.0,6.95,2017.0
UK Power Reserve Limited,16PR11,Yes,Existing Generating CMU,9.417,1.0,Unknown,2017.0,6.95,2017.0
UK Power Reserve Limited,16PR13,Yes,Existing Generating CMU,4.713,1.0,Unknown,2017.0,6.95,2017.0
UK Strategic Reserve Limited,16SR11,No,New Build Generating CMU,0.0,0.0,Unknown,2017.0,6.95,2017.0
UK Strategic Reserve Limited,16SR12,No,New Build Generating CMU,0.0,0.0,Unknown,2017.0,6.95,2017.0
UK Strategic Reserve Limited,16SR20,No,New Build Generating CMU,0.0,0.0,Unknown,2017.0,6.95,2017.0
UK Strategic Reserve Limited,16SR23,No,New Build Generating CMU,0.0,0.0,Unknown,2017.0,6.95,2017.0
UK Strategic Reserve Limited,16SR24,No,New Build Generating CMU,0.0,0.0,Unknown,2017.0,6.95,2017.0
UK Strategic Reserve Limited,16SR26,No,New Build Generating CMU,0.0,0.0,Unknown,2017.0,6.95,2017.0
UK Strategic Reserve Limited,16SR27,No,New Build Generating CMU,0.0,0.0,Unknown,2017.0,6.95,2017.0
UK Strategic Reserve Limited,16SR28,No,New Build Generating CMU,0.0,0.0,Unknown,2017.0,6.95,2017.0
RWE Generation UK plc,ABTH7C,Yes,Existing Generating CMU,491.606,1.0,Unknown,2017.0,6.95,2017.0
RWE Generation UK plc,ABTH8C,Yes,Existing Generating CMU,491.606,1.0,Unknown,2017.0,6.95,2017.0
RWE Generation UK plc,ABTH9C,Yes,Existing Generating CMU,491.606,1.0,Unknown,2017.0,6.95,2017.0
Green Frog Power Limited,AD3177,Yes,Existing Generating CMU,18.834,1.0,Unknown,2017.0,6.95,2017.0
Darent Power Limited,ADPPR2,Yes,Existing Generating CMU,12.755,1.0,Unknown,2017.0,6.95,2017.0
Barton Hill Way Limited,AF3001,No,New Build Generating CMU,0.0,0.0,Unknown,2017.0,6.95,2017.0
Aggreko UK Limited,AggEpo,No,New Build Generating CMU,0.0,0.0,Unknown,2017.0,6.95,2017.0
Aggreko UK Limited,AggLom,No,Existing Generating CMU,0.0,0.0,Unknown,2017.0,6.95,2017.0
UK Power Reserve Limited,AGPR03,No,Unproven DSR CMU,0.0,0.0,Unknown,2017.0,6.95,2017.0
Alkane Energy UK Limited,ALKE08,Yes,Existing Generating CMU,3.442,1.0,Unknown,2017.0,6.95,2017.0
Alkane Energy UK Limited,ALKE09,Yes,Existing Generating CMU,2.364,1.0,Unknown,2017.0,6.95,2017.0
Alkane Energy UK Limited,ALKE10,Yes,Existing Generating CMU,2.73,1.0,Unknown,2017.0,6.95,2017.0
FCC Recycling (UK) Ltd,ALL001,Yes,Existing Generating CMU,30.51,1.0,Unknown,2017.0,6.95,2017.0
Ameresco Limited,AMER07,No,Unproven DSR CMU,0.0,0.0,Unknown,2017.0,6.95,2017.0
Ameresco Limited,AMER08,No,Unproven DSR CMU,0.0,0.0,Unknown,2017.0,6.95,2017.0
Anglian Water Services Limited,ANGEA1,Yes,Existing Generating CMU,34.033,1.0,Unknown,2017.0,6.95,2017.0
 Viridor Waste Management Limited ,ARDerf,Yes,Existing Generating CMU,22.599,1.0,Unknown,2017.0,6.95,2017.0
Regent Park Energy Limited,ARPNNa,Yes,New Build Generating CMU,5.283,1.0,Unknown,2017.0,6.95,2017.0
Regent Park Energy Limited,ARPPR6,Yes,Existing Generating CMU,2.871,1.0,Unknown,2017.0,6.95,2017.0
Regent Park Energy Limited,ARPPR7,Yes,Existing Generating CMU,2.722,1.0,Unknown,2017.0,6.95,2017.0
Regent Park Energy Limited,ARPPRc,Yes,Existing Generating CMU,5.141,1.0,Unknown,2017.0,6.95,2017.0
Regent Park Energy Limited,ARPPRd,Yes,Existing Generating CMU,4.121,1.0,Unknown,2017.0,6.95,2017.0
Regent Park Energy Limited,ARPR8A,Yes,Existing Generating CMU,11.432,1.0,Unknown,2017.0,6.95,2017.0
Ashford Power Ltd,ASHFO2,Yes,New Build Generating CMU,19.889,1.0,Unknown,2017.0,6.95,2017.0
Alkane Energy UK Limited,AUKANb,Yes,New Build Generating CMU,2.731,1.0,Unknown,2017.0,6.95,2017.0
Alkane Energy UK Limited,AUKANc,Yes,New Build Generating CMU,2.383,1.0,Unknown,2017.0,6.95,2017.0
Alkane Energy UK Limited,AUKANd,Yes,New Build Generating CMU,3.522,1.0,Unknown,2017.0,6.95,2017.0
Alkane Energy CM ltd,AUKNN7,Yes,New Build Generating CMU,7.534,1.0,Unknown,2017.0,6.95,2017.0
Alkane Energy CM ltd,AUKNNa,Yes,New Build Generating CMU,5.292,1.0,Unknown,2017.0,6.95,2017.0
Alkane Energy UK Limited,AUKNNd,Yes,New Build Generating CMU,4.059,1.0,Unknown,2017.0,6.95,2017.0
Alkane Energy UK Limited,AUKPR6,Yes,Existing Generating CMU,2.205,1.0,Unknown,2017.0,6.95,2017.0
Alkane Energy UK Limited,AUKPR7,Yes,Existing Generating CMU,8.164,1.0,Unknown,2017.0,6.95,2017.0
Alkane Energy UK Limited,AUKPR8,Yes,Existing Generating CMU,3.517,1.0,Unknown,2017.0,6.95,2017.0
Alkane Energy UK Limited,AUKPR9,Yes,Existing Generating CMU,9.22,1.0,Unknown,2017.0,6.95,2017.0
Calon Energy Limited,BAGE1Z,Yes,Existing Generating CMU,455.52,1.0,Unknown,2017.0,6.95,2017.0
Calon Energy Limited,BAGE2b,Yes,Existing Generating CMU,30.417,1.0,Unknown,2017.0,6.95,2017.0
BALBY POWER LIMITED,BALB02,No,New Build Generating CMU,0.0,0.0,Unknown,2017.0,6.95,2017.0
Barking Power Limited,BARKB1,No,Existing Generating CMU,0.0,0.0,Unknown,2017.0,6.95,2017.0
Barking Power Limited,BARKB2,No,Existing Generating CMU,0.0,0.0,Unknown,2017.0,6.95,2017.0
GF Power Peaking Limited,BE3152,Yes,Existing Generating CMU,3.315,1.0,Unknown,2017.0,6.95,2017.0
British Gas Trading Limited,BGTL01,Yes,Unproven DSR CMU,1.946,1.0,Unknown,2017.0,6.95,2017.0
British Gas Trading Limited,BGTL02,No,Unproven DSR CMU,0.0,0.0,Unknown,2017.0,6.95,2017.0
British Gas Trading Limited,BGTL03,Yes,Unproven DSR CMU,1.848,1.0,Unknown,2017.0,6.95,2017.0
Veolia UK Limited,BHRLH2,Yes,Existing Generating CMU,3.22,1.0,Unknown,2017.0,6.95,2017.0
RYDBERG DEVELOPMENT COMPANY LIMITED,BOLC02,No,New Build Generating CMU,0.0,0.0,Unknown,2017.0,6.95,2017.0
E.ON UK Cogeneration Ltd,BRD001,Yes,Existing Generating CMU,2.133,1.0,Unknown,2017.0,6.95,2017.0
P3P Energy Management Limited,BREH14,Yes,Existing Generating CMU,13.485,1.0,Unknown,2017.0,6.95,2017.0
Rolls-Royce Power Development Limited,BRIST2,Yes,Existing Generating CMU,39.908,1.0,Unknown,2017.0,6.95,2017.0
BritNed Development Limited,Brit16,Yes,Existing Interconnector CMU,888.0,1.0,Unknown,2017.0,6.95,2017.0
Infinis Alternative Energies Limited,BRST1A,Yes,Existing Generating CMU,5.694,1.0,Unknown,2017.0,6.95,2017.0
Infinis Alternative Energies Limited,BRST2B,Yes,Existing Generating CMU,5.661,1.0,Unknown,2017.0,6.95,2017.0
British Sugar plc,BSBU17,Yes,Existing Generating CMU,55.549,1.0,Unknown,2017.0,6.95,2017.0
FCC Buckinghamshire Ltd,BUCK02,Yes,New Build Generating CMU,23.642,1.0,Unknown,2017.0,6.95,2017.0
SSEPG (Operations) Limited,BURG01,Yes,Existing Generating CMU,44.298,1.0,Unknown,2017.0,6.95,2017.0
Buxton Power Limited,BUXT01,Yes,New Build Generating CMU,15.94,1.0,Unknown,2017.0,6.95,2017.0
BYGEN POWER (TREGEEN) LIMITED,BYGEN2,Yes,New Build Generating CMU,18.834,1.0,Unknown,2017.0,6.95,2017.0
Cadoxton Reserve Power Limited,CADO02,Yes,Existing Generating CMU,15.067,1.0,Unknown,2017.0,6.95,2017.0
 Viridor Waste Management Limited ,CARerf,Yes,Existing Generating CMU,27.319,1.0,Unknown,2017.0,6.95,2017.0
Cargill PLC,CarGe1,Yes,Existing Generating CMU,25.11,1.0,Unknown,2017.0,6.95,2017.0
Carrington Power Limited,CARR01,Yes,New Build Generating CMU,398.58,1.0,Unknown,2017.0,6.95,2017.0
Carrington Power Limited,CARR02,Yes,New Build Generating CMU,398.58,1.0,Unknown,2017.0,6.95,2017.0
CARRHILL POWER LIMITED,CARR13,No,New Build Generating CMU,0.0,0.0,Unknown,2017.0,6.95,2017.0
P3P Energy Management AE Limited,CASQ14,Yes,Existing Generating CMU,3.038,1.0,Unknown,2017.0,6.95,2017.0
E.ON UK Cogeneration Ltd,CAST01,Yes,Existing Generating CMU,43.799,1.0,Unknown,2017.0,6.95,2017.0
Uniper Global Commodities SE,CDCL01,Yes,Existing Generating CMU,385.44,1.0,Unknown,2017.0,6.95,2017.0
E.ON UK Plc,CEN002,Yes,Existing Generating CMU,2.656,1.0,Unknown,2017.0,6.95,2017.0
GB Gas Holdings Ltd,CENES1,Yes,Unproven DSR CMU,4.215,1.0,Unknown,2017.0,6.95,2017.0
GB Gas Holdings Ltd,CENES2,Yes,Unproven DSR CMU,1.867,1.0,Unknown,2017.0,6.95,2017.0
Industrial Energy Services Limited ,CES003,Yes,Existing Generating CMU,5.382,1.0,Unknown,2017.0,6.95,2017.0
Excel District Energy Company Limited,CES004,Yes,Existing Generating CMU,7.354,1.0,Unknown,2017.0,6.95,2017.0
East London Energy Limited ,CES006,Yes,Existing Generating CMU,2.851,1.0,Unknown,2017.0,6.95,2017.0
East London Energy Limited ,CES007,Yes,Existing Generating CMU,5.09,1.0,Unknown,2017.0,6.95,2017.0
Leicester District Energy Company Limited,CES008,Yes,Existing Generating CMU,4.123,1.0,Unknown,2017.0,6.95,2017.0
Southampton Geothermal Heating Company Limited,CES009,Yes,Existing Generating CMU,6.061,1.0,Unknown,2017.0,6.95,2017.0
Birmingham District Energy Company Limited,CES010,Yes,Existing Generating CMU,5.169,1.0,Unknown,2017.0,6.95,2017.0
RWE Cogen UK Ltd,CHEGT2,Yes,Existing Generating CMU,42.837,1.0,Unknown,2017.0,6.95,2017.0
SSEPG (Operations) Limited,CHIC01,Yes,Existing Generating CMU,44.298,1.0,Unknown,2017.0,6.95,2017.0
SSEPG (Operations) Limited,CHIP01,Yes,Existing Generating CMU,9.614,1.0,Unknown,2017.0,6.95,2017.0
Winnington CHP Limited,CHPWIN,Yes,Existing Generating CMU,83.626,1.0,Unknown,2017.0,6.95,2017.0
Citigen (London) Limited,CIT001,Yes,Existing Generating CMU,7.586,1.0,Unknown,2017.0,6.95,2017.0
SSE Generation Ltd.,CLAC-1,Yes,Existing Generating CMU,34.464,1.0,Unknown,2017.0,6.95,2017.0
Cleator Battery Storage Limited,CLEAT1,No,New Build Generating CMU,0.0,0.0,Unknown,2017.0,6.95,2017.0
SSE Generation Ltd.,CLUNIE,Yes,Existing Generating CMU,52.73,1.0,Unknown,2017.0,6.95,2017.0
Uniper Global Commodities SE,CNQPS1,Yes,Existing Generating CMU,328.5,1.0,Unknown,2017.0,6.95,2017.0
Uniper Global Commodities SE,CNQPS2,Yes,Existing Generating CMU,328.5,1.0,Unknown,2017.0,6.95,2017.0
Uniper Global Commodities SE,CNQPS3,Yes,Existing Generating CMU,328.5,1.0,Unknown,2017.0,6.95,2017.0
Uniper Global Commodities SE,CNQPS4,Yes,Existing Generating CMU,328.5,1.0,Unknown,2017.0,6.95,2017.0
Corby Power Limited,CORBY1,Yes,Existing Generating CMU,356.532,1.0,Unknown,2017.0,6.95,2017.0
RWE Generation UK plc,COW161,Yes,Existing Generating CMU,46.613,1.0,Unknown,2017.0,6.95,2017.0
RWE Generation UK plc,COW162,Yes,Existing Generating CMU,46.562,1.0,Unknown,2017.0,6.95,2017.0
Arjowiggins Chartham Limited,CPM001,No,Existing Generating CMU,0.0,0.0,Unknown,2017.0,6.95,2017.0
Rolls-Royce Power Development Limited,CROYD2,Yes,Existing Generating CMU,47.264,1.0,Unknown,2017.0,6.95,2017.0
EDF Energy plc,CT1-16,Yes,Existing Generating CMU,430.53,1.0,Unknown,2017.0,6.95,2017.0
EDF Energy plc,CT2-16,Yes,Existing Generating CMU,438.975,1.0,Unknown,2017.0,6.95,2017.0
EDF Energy plc,CT3-16,Yes,Existing Generating CMU,440.013,1.0,Unknown,2017.0,6.95,2017.0
EDF Energy plc,CT4-16,Yes,Existing Generating CMU,430.094,1.0,Unknown,2017.0,6.95,2017.0
Cynon Power Limited,CYNO02,Yes,Existing Generating CMU,15.067,1.0,Unknown,2017.0,6.95,2017.0
Dafen Reserve Power Limited,DAFE02,Yes,Existing Generating CMU,9.417,1.0,Unknown,2017.0,6.95,2017.0
Veolia UK Limited,DCPS02,Yes,Existing Generating CMU,3.27,1.0,Unknown,2017.0,6.95,2017.0
Deeside Power (UK) Limited,DEEP_1,No,Existing Generating CMU,0.0,0.0,Unknown,2017.0,6.95,2017.0
Rolls-Royce Power Development Limited,DERBY2,Yes,Existing Generating CMU,51.652,1.0,Unknown,2017.0,6.95,2017.0
RWE Generation UK plc,DID161,Yes,Existing Generating CMU,23.543,1.0,Unknown,2017.0,6.95,2017.0
RWE Generation UK plc,DID162,Yes,Existing Generating CMU,23.543,1.0,Unknown,2017.0,6.95,2017.0
RWE Generation UK plc,DID163,Yes,Existing Generating CMU,23.543,1.0,Unknown,2017.0,6.95,2017.0
RWE Generation UK plc,DID164,Yes,Existing Generating CMU,23.543,1.0,Unknown,2017.0,6.95,2017.0
RWE Generation UK plc,DIDCB5,Yes,Existing Generating CMU,700.8,1.0,Unknown,2017.0,6.95,2017.0
RWE Generation UK plc,DIDCB6,Yes,Existing Generating CMU,657.0,1.0,Unknown,2017.0,6.95,2017.0
First Hydro Company,DINO_1,Yes,Existing Generating CMU,263.835,1.0,Unknown,2017.0,6.95,2017.0
First Hydro Company,DINO_2,Yes,Existing Generating CMU,263.835,1.0,Unknown,2017.0,6.95,2017.0
First Hydro Company,DINO_3,Yes,Existing Generating CMU,290.764,1.0,Unknown,2017.0,6.95,2017.0
First Hydro Company,DINO_4,Yes,Existing Generating CMU,289.672,1.0,Unknown,2017.0,6.95,2017.0
First Hydro Company,DINO_5,Yes,Existing Generating CMU,263.835,1.0,Unknown,2017.0,6.95,2017.0
First Hydro Company,DINO_6,Yes,Existing Generating CMU,263.835,1.0,Unknown,2017.0,6.95,2017.0
EDF Energy Nuclear Generation Limited,DN2116,Yes,Existing Generating CMU,462.215,1.0,Unknown,2017.0,6.95,2017.0
EDF Energy Nuclear Generation Limited,DN2216,Yes,Existing Generating CMU,465.864,1.0,Unknown,2017.0,6.95,2017.0
Limejump Ltd.,DSR_01,Yes,Unproven DSR CMU,6.95,1.0,Unknown,2017.0,6.95,2017.0
Limejump Ltd.,DSR_02,Yes,Unproven DSR CMU,4.344,1.0,Unknown,2017.0,6.95,2017.0
E.ON UK Plc,DSR009,Yes,Unproven DSR CMU,20.0,1.0,Unknown,2017.0,6.95,2017.0
E.ON UK Plc,DSR010,No,Unproven DSR CMU,0.0,0.0,Unknown,2017.0,6.95,2017.0
E.ON UK Plc,DSR011,Yes,Unproven DSR CMU,10.0,1.0,Unknown,2017.0,6.95,2017.0
E.ON UK Plc,DSR013,No,Unproven DSR CMU,0.0,0.0,Unknown,2017.0,6.95,2017.0
E.ON UK Plc,DSR020,Yes,Unproven DSR CMU,4.0,1.0,Unknown,2017.0,6.95,2017.0
E.ON UK Plc,DSR024,Yes,Unproven DSR CMU,2.25,1.0,Unknown,2017.0,6.95,2017.0
Drax Power Limited,DX0516,Yes,Existing Generating CMU,557.843,1.0,Unknown,2017.0,6.95,2017.0
Drax Power Limited,DX0616,Yes,Existing Generating CMU,556.588,1.0,Unknown,2017.0,6.95,2017.0
Drax Power Limited,DX0916,Yes,Existing Generating CMU,28.752,1.0,Unknown,2017.0,6.95,2017.0
Drax Power Limited,DX1016,Yes,Existing Generating CMU,29.786,1.0,Unknown,2017.0,6.95,2017.0
Drax Power Limited,DX1216,Yes,Existing Generating CMU,29.786,1.0,Unknown,2017.0,6.95,2017.0
Centrica Brigg Limited,EBRGG2,Yes,Existing Generating CMU,93.228,1.0,Unknown,2017.0,6.95,2017.0
Centrica Barry Limited,EBRYP2,Yes,Existing Generating CMU,197.525,1.0,Unknown,2017.0,6.95,2017.0
EnerNOC UK Limited,ECMU13,No,Unproven DSR CMU,0.0,0.0,Unknown,2017.0,6.95,2017.0
EnerNOC UK Limited,ECMU14,No,Unproven DSR CMU,0.0,0.0,Unknown,2017.0,6.95,2017.0
EnerNOC UK Limited,ECMU15,No,Unproven DSR CMU,0.0,0.0,Unknown,2017.0,6.95,2017.0
EnerNOC UK Limited,ECMU16,No,Unproven DSR CMU,0.0,0.0,Unknown,2017.0,6.95,2017.0
EnerNOC UK Limited,ECMU17,No,Unproven DSR CMU,0.0,0.0,Unknown,2017.0,6.95,2017.0
EnerNOC UK Limited,ECMU18,No,Unproven DSR CMU,0.0,0.0,Unknown,2017.0,6.95,2017.0
EnerNOC UK Limited,ECMU19,No,Unproven DSR CMU,0.0,0.0,Unknown,2017.0,6.95,2017.0
EnerNOC UK Limited,ECMU20,No,Unproven DSR CMU,0.0,0.0,Unknown,2017.0,6.95,2017.0
EnerNOC UK Limited,ECMU21,No,Unproven DSR CMU,0.0,0.0,Unknown,2017.0,6.95,2017.0
EnerNOC UK Limited,ECMU22,No,Unproven DSR CMU,0.0,0.0,Unknown,2017.0,6.95,2017.0
EnerNOC UK Limited,ECMU23,No,Unproven DSR CMU,0.0,0.0,Unknown,2017.0,6.95,2017.0
EnerNOC UK Limited,ECMU24,No,Unproven DSR CMU,0.0,0.0,Unknown,2017.0,6.95,2017.0
EDF Energy Customers plc,EDFSR1,No,Unproven DSR CMU,0.0,0.0,Unknown,2017.0,6.95,2017.0
EDF Energy Customers plc,EDFSR2,Yes,Unproven DSR CMU,6.95,1.0,Unknown,2017.0,6.95,2017.0
EDF Energy Customers plc,EDFSR3,Yes,Unproven DSR CMU,2.606,1.0,Unknown,2017.0,6.95,2017.0
EDF Energy Customers plc,EDFSR4,No,Unproven DSR CMU,0.0,0.0,Unknown,2017.0,6.95,2017.0
Uniper Global Commodities SE,EECL01,Yes,Existing Generating CMU,357.408,1.0,Unknown,2017.0,6.95,2017.0
Eggborough Power Limited,EGGBGH,Yes,Existing Generating CMU,1820.104,1.0,Unknown,2017.0,6.95,2017.0
Esso Petroleum Company Limited,EM5-T4,Yes,Existing Generating CMU,124.34,1.0,Unknown,2017.0,6.95,2017.0
Endeco Technologies Limited,END003,No,Unproven DSR CMU,0.0,0.0,Unknown,2017.0,6.95,2017.0
Endeco Technologies Limited,END004,Yes,Unproven DSR CMU,2.84,1.0,Unknown,2017.0,6.95,2017.0
Energy Pool UK limited,EPO001,Yes,Unproven DSR CMU,6.954,1.0,Unknown,2017.0,6.95,2017.0
Energy Pool UK limited,EPO002,Yes,Unproven DSR CMU,17.542,1.0,Unknown,2017.0,6.95,2017.0
Energy Pool UK limited,EPO004,Yes,Existing Generating CMU,8.1,1.0,Unknown,2017.0,6.95,2017.0
Attune Energy Limited,ERNESA,Yes,New Build Generating CMU,18.834,1.0,Unknown,2017.0,6.95,2017.0
Exeter RP Limited,ERPAL1,Yes,New Build Generating CMU,4.591,1.0,Unknown,2017.0,6.95,2017.0
Exeter RP Limited,ERPMA1,Yes,New Build Generating CMU,6.441,1.0,Unknown,2017.0,6.95,2017.0
SSE Generation Ltd.,ERRO01,Yes,Existing Generating CMU,21.739,1.0,Unknown,2017.0,6.95,2017.0
SSE Generation Ltd.,ERRO02,Yes,Existing Generating CMU,21.801,1.0,Unknown,2017.0,6.95,2017.0
SSE Generation Ltd.,ERRO03,Yes,Existing Generating CMU,21.805,1.0,Unknown,2017.0,6.95,2017.0
EirGrid Interconnector Limited,EWIC15,Yes,Existing Interconnector CMU,151.5,1.0,Unknown,2017.0,6.95,2017.0
Limejump Ltd.,EXC_02,Yes,Existing Generating CMU,3.014,1.0,Unknown,2017.0,6.95,2017.0
Limejump Ltd.,EXC_03,Yes,Existing Generating CMU,1.8,1.0,Unknown,2017.0,6.95,2017.0
Limejump Ltd.,EXC_04,Yes,Existing Generating CMU,7.459,1.0,Unknown,2017.0,6.95,2017.0
Limejump Ltd.,EXC_05,Yes,Existing Generating CMU,13.236,1.0,Unknown,2017.0,6.95,2017.0
 Viridor Waste Management Limited ,EXEerf,Yes,Existing Generating CMU,3.067,1.0,Unknown,2017.0,6.95,2017.0
Rolls-Royce Power Development Limited,EXETR2,Yes,Existing Generating CMU,45.21,1.0,Unknown,2017.0,6.95,2017.0
SSE Generation Ltd.,FAS117,Yes,Existing Generating CMU,19.817,1.0,Unknown,2017.0,6.95,2017.0
SSE Generation Ltd.,FAS217,Yes,Existing Generating CMU,19.817,1.0,Unknown,2017.0,6.95,2017.0
SSE Generation Ltd.,FAS317,Yes,Existing Generating CMU,19.817,1.0,Unknown,2017.0,6.95,2017.0
First Hydro Company,FFES_1,Yes,Existing Generating CMU,86.661,1.0,Unknown,2017.0,6.95,2017.0
First Hydro Company,FFES_2,Yes,Existing Generating CMU,86.661,1.0,Unknown,2017.0,6.95,2017.0
First Hydro Company,FFES_3,Yes,Existing Generating CMU,86.661,1.0,Unknown,2017.0,6.95,2017.0
First Hydro Company,FFES_4,Yes,Existing Generating CMU,86.661,1.0,Unknown,2017.0,6.95,2017.0
Keadby Generation Limited,FID02G,Yes,Existing Generating CMU,16.009,1.0,Unknown,2017.0,6.95,2017.0
Keadby Generation Limited,FID03G,Yes,Existing Generating CMU,16.009,1.0,Unknown,2017.0,6.95,2017.0
Keadby Generation Limited,FID117,No,Existing Generating CMU,0.0,0.0,Unknown,2017.0,6.95,2017.0
Keadby Generation Limited,FIDL02,Yes,Existing Generating CMU,422.582,1.0,Unknown,2017.0,6.95,2017.0
Keadby Generation Limited,FIDL03,Yes,Existing Generating CMU,424.32,1.0,Unknown,2017.0,6.95,2017.0
Keadby Generation Limited,FIDL04,Yes,Existing Generating CMU,432.862,1.0,Unknown,2017.0,6.95,2017.0
Flexitricity Limited,FLXT01,Yes,Existing Generating CMU,8.148,1.0,Unknown,2017.0,6.95,2017.0
Flexitricity Limited,FLXT02,Yes,Existing Generating CMU,4.982,1.0,Unknown,2017.0,6.95,2017.0
Flexitricity Limited,FLXT03,Yes,Existing Generating CMU,4.85,1.0,Unknown,2017.0,6.95,2017.0
Flexitricity Limited,FLXT04,Yes,Existing Generating CMU,6.075,1.0,Unknown,2017.0,6.95,2017.0
Flexitricity Limited,FLXT05,Yes,Existing Generating CMU,5.362,1.0,Unknown,2017.0,6.95,2017.0
Flexitricity Limited,FLXT06,Yes,Existing Generating CMU,10.264,1.0,Unknown,2017.0,6.95,2017.0
Flexitricity Limited,FLXT08,Yes,Existing Generating CMU,4.414,1.0,Unknown,2017.0,6.95,2017.0
Flexitricity Limited,FLXT09,Yes,Existing Generating CMU,4.05,1.0,Unknown,2017.0,6.95,2017.0
Flexitricity Limited,FLXT10,Yes,Existing Generating CMU,2.708,1.0,Unknown,2017.0,6.95,2017.0
Flexitricity Limited,FLXT11,Yes,Existing Generating CMU,2.744,1.0,Unknown,2017.0,6.95,2017.0
Flexitricity Limited,FLXT12,Yes,Existing Generating CMU,2.673,1.0,Unknown,2017.0,6.95,2017.0
Flexitricity Limited,FLXT13,Yes,Existing Generating CMU,2.664,1.0,Unknown,2017.0,6.95,2017.0
Flexitricity Limited,FLXT14,Yes,Existing Generating CMU,2.355,1.0,Unknown,2017.0,6.95,2017.0
Flexitricity Limited,FLXT15,No,Existing Generating CMU,0.0,0.0,Unknown,2017.0,6.95,2017.0
Flexitricity Limited,FLXT16,No,Existing Generating CMU,0.0,0.0,Unknown,2017.0,6.95,2017.0
Flexitricity Limited,FLXT18,Yes,Existing Generating CMU,3.083,1.0,Unknown,2017.0,6.95,2017.0
Flexitricity Limited,FLXT19,Yes,Existing Generating CMU,3.063,1.0,Unknown,2017.0,6.95,2017.0
Flexitricity Limited,FLXT20,Yes,Existing Generating CMU,4.655,1.0,Unknown,2017.0,6.95,2017.0
Flexitricity Limited,FLXT21,Yes,Existing Generating CMU,2.953,1.0,Unknown,2017.0,6.95,2017.0
Flexitricity Limited,FLXT22,Yes,Existing Generating CMU,3.769,1.0,Unknown,2017.0,6.95,2017.0
Flexitricity Limited,FLXT24,Yes,Existing Generating CMU,3.413,1.0,Unknown,2017.0,6.95,2017.0
Flexitricity Limited,FLXT25,Yes,Existing Generating CMU,15.36,1.0,Unknown,2017.0,6.95,2017.0
Flexitricity Limited,FLXT26,Yes,New Build Generating CMU,3.6,1.0,Unknown,2017.0,6.95,2017.0
Flexitricity Limited,FLXT27,Yes,Existing Generating CMU,7.129,1.0,Unknown,2017.0,6.95,2017.0
Flexitricity Limited,FLXT40,Yes,Proven DSR CMU,3.475,1.0,Unknown,2017.0,6.95,2017.0
Flexitricity Limited,FLXT41,Yes,Proven DSR CMU,4.492,1.0,Unknown,2017.0,6.95,2017.0
Flexitricity Limited,FLXT42,Yes,Proven DSR CMU,10.8,1.0,Unknown,2017.0,6.95,2017.0
Flexitricity Limited,FLXT43,Yes,Proven DSR CMU,12.04,1.0,Unknown,2017.0,6.95,2017.0
Flexitricity Limited,FLXT61,Yes,Proven DSR CMU,2.581,1.0,Unknown,2017.0,6.95,2017.0
Flexitricity Limited,FLXT62,Yes,Proven DSR CMU,3.323,1.0,Unknown,2017.0,6.95,2017.0
Flexitricity Limited,FLXT63,Yes,Proven DSR CMU,3.372,1.0,Unknown,2017.0,6.95,2017.0
Flexitricity Limited,FLXT64,Yes,Proven DSR CMU,2.778,1.0,Unknown,2017.0,6.95,2017.0
Flexitricity Limited,FLXT71,Yes,Unproven DSR CMU,17.376,1.0,Unknown,2017.0,6.95,2017.0
Flexitricity Limited,FLXT72,No,Unproven DSR CMU,0.0,0.0,Unknown,2017.0,6.95,2017.0
Flexitricity Limited,FLXT74,Yes,Unproven DSR CMU,5.213,1.0,Unknown,2017.0,6.95,2017.0
Flexitricity Limited,FLXT75,Yes,Unproven DSR CMU,17.376,1.0,Unknown,2017.0,6.95,2017.0
Flexitricity Limited,FLXT76,No,Unproven DSR CMU,0.0,0.0,Unknown,2017.0,6.95,2017.0
Flexitricity Limited,FLXT77,Yes,Unproven DSR CMU,11.0,1.0,Unknown,2017.0,6.95,2017.0
Flexitricity Limited,FLXT81,Yes,Unproven DSR CMU,6.8,1.0,Unknown,2017.0,6.95,2017.0
Ferrybridge MFE Limited,FMFE17,Yes,New Build Generating CMU,66.687,1.0,Unknown,2017.0,6.95,2017.0
SSEPG (Operations) Limited,FOAK01,Yes,Existing Generating CMU,6.136,1.0,Unknown,2017.0,6.95,2017.0
SSE Generation Ltd.,FOYE01,Yes,Existing Generating CMU,149.538,1.0,Unknown,2017.0,6.95,2017.0
SSE Generation Ltd.,FOYE02,Yes,Existing Generating CMU,144.435,1.0,Unknown,2017.0,6.95,2017.0
Fulcrum Power Ltd,fulcru,Yes,Existing Generating CMU,6.203,1.0,Unknown,2017.0,6.95,2017.0
Grangemouth CHP Limited,GCHPL1,Yes,Existing Generating CMU,128.208,1.0,Unknown,2017.0,6.95,2017.0
EnerNOC UK Limited,GCMU02,Yes,Existing Generating CMU,3.6,1.0,Unknown,2017.0,6.95,2017.0
EnerNOC UK Limited,GCMU03,Yes,Existing Generating CMU,3.6,1.0,Unknown,2017.0,6.95,2017.0
EnerNOC UK Limited,GCMU04,Yes,Existing Generating CMU,3.78,1.0,Unknown,2017.0,6.95,2017.0
EnerNOC UK Limited,GCMU05,Yes,Existing Generating CMU,3.24,1.0,Unknown,2017.0,6.95,2017.0
EnerNOC UK Limited,GCMU06,Yes,Existing Generating CMU,3.96,1.0,Unknown,2017.0,6.95,2017.0
EnerNOC UK Limited,GCMU07,Yes,Existing Generating CMU,3.96,1.0,Unknown,2017.0,6.95,2017.0
EnerNOC UK Limited,GCMU08,Yes,Existing Generating CMU,2.61,1.0,Unknown,2017.0,6.95,2017.0
EnerNOC UK Limited,GCMU09,Yes,Existing Generating CMU,2.61,1.0,Unknown,2017.0,6.95,2017.0
EnerNOC UK Limited,GCMU10,Yes,Existing Generating CMU,2.61,1.0,Unknown,2017.0,6.95,2017.0
EnerNOC UK Limited,GCMU11,Yes,Existing Generating CMU,9.45,1.0,Unknown,2017.0,6.95,2017.0
EnerNOC UK Limited,GCMU14,Yes,Existing Generating CMU,2.025,1.0,Unknown,2017.0,6.95,2017.0
EnerNOC UK Limited,GCMU15,Yes,Existing Generating CMU,3.6,1.0,Unknown,2017.0,6.95,2017.0
EnerNOC UK Limited,GCMU17,Yes,Existing Generating CMU,6.03,1.0,Unknown,2017.0,6.95,2017.0
EnerNOC UK Limited,GCMU18,Yes,Existing Generating CMU,7.02,1.0,Unknown,2017.0,6.95,2017.0
 TP LEASECO LIMITED,GLAS16,Yes,Existing Generating CMU,9.9,1.0,Unknown,2017.0,6.95,2017.0
Glassenbury Battery Storage Limited,GLASS2,No,New Build Generating CMU,0.0,0.0,Unknown,2017.0,6.95,2017.0
SSE Generation Ltd.,GLENMS,Yes,Existing Generating CMU,34.214,1.0,Unknown,2017.0,6.95,2017.0
Uniper Global Commodities SE,GRAI06,Yes,Existing Generating CMU,421.2,1.0,Unknown,2017.0,6.95,2017.0
Uniper Global Commodities SE,GRAI07,Yes,Existing Generating CMU,421.2,1.0,Unknown,2017.0,6.95,2017.0
Uniper Global Commodities SE,GRAI08,Yes,Existing Generating CMU,421.2,1.0,Unknown,2017.0,6.95,2017.0
Uniper Global Commodities SE,GRG101,Yes,Existing Generating CMU,23.785,1.0,Unknown,2017.0,6.95,2017.0
Uniper Global Commodities SE,GRG40C,Yes,Existing Generating CMU,25.897,1.0,Unknown,2017.0,6.95,2017.0
RWE Generation UK plc,GYAR01,Yes,Existing Generating CMU,359.16,1.0,Unknown,2017.0,6.95,2017.0
Veolia UK Limited,HAMP02,Yes,Existing Generating CMU,28.413,1.0,Unknown,2017.0,6.95,2017.0
Harbourne Power Limited,HARB02,Yes,New Build Generating CMU,15.067,1.0,Unknown,2017.0,6.95,2017.0
 TP LEASECO LIMITED,HARV16,Yes,Existing Generating CMU,9.9,1.0,Unknown,2017.0,6.95,2017.0
Harworth Power Generation Limited,Harwo1,Yes,Existing Generating CMU,3.168,1.0,Unknown,2017.0,6.95,2017.0
RYDBERG DEVELOPMENT COMPANY LIMITED,HAVE02,No,New Build Generating CMU,0.0,0.0,Unknown,2017.0,6.95,2017.0
Rolls-Royce Power Development Limited,HEAR2a,Yes,Existing Generating CMU,46.021,1.0,Unknown,2017.0,6.95,2017.0
Rolls-Royce Power Development Limited,HEAR2b,Yes,Existing Generating CMU,47.085,1.0,Unknown,2017.0,6.95,2017.0
EDF Energy Nuclear Generation Limited,HP7-16,Yes,Existing Generating CMU,450.698,1.0,Unknown,2017.0,6.95,2017.0
EDF Energy Nuclear Generation Limited,HP8-16,Yes,Existing Generating CMU,444.362,1.0,Unknown,2017.0,6.95,2017.0
EDF Energy Nuclear Generation Limited,HR1-16,Yes,Existing Generating CMU,510.44,1.0,Unknown,2017.0,6.95,2017.0
EDF Energy Nuclear Generation Limited,HR2-16,Yes,Existing Generating CMU,510.908,1.0,Unknown,2017.0,6.95,2017.0
EDF Energy Nuclear Generation Limited,HU7-16,Yes,Existing Generating CMU,452.563,1.0,Unknown,2017.0,6.95,2017.0
EDF Energy Nuclear Generation Limited,HU8-16,Yes,Existing Generating CMU,453.464,1.0,Unknown,2017.0,6.95,2017.0
EDF Energy Nuclear Generation Limited,HY1116,Yes,Existing Generating CMU,433.301,1.0,Unknown,2017.0,6.95,2017.0
EDF Energy Nuclear Generation Limited,HY1216,Yes,Existing Generating CMU,502.543,1.0,Unknown,2017.0,6.95,2017.0
EDF Energy Nuclear Generation Limited,HY2716,Yes,Existing Generating CMU,545.803,1.0,Unknown,2017.0,6.95,2017.0
EDF Energy Nuclear Generation Limited,HY2816,Yes,Existing Generating CMU,546.171,1.0,Unknown,2017.0,6.95,2017.0
RWE Cogen UK (Hythe) Ltd,HYTHE2,Yes,Existing Generating CMU,43.712,1.0,Unknown,2017.0,6.95,2017.0
VPI Immingham LLP,ICHP02,Yes,Existing Generating CMU,1188.0,1.0,Unknown,2017.0,6.95,2017.0
National Grid Interconnectors Limited,IFA_16,Yes,Existing Interconnector CMU,1172.92,1.0,Unknown,2017.0,6.95,2017.0
Coryton Energy Company Ltd,IGCOSX,Yes,Existing Generating CMU,700.8,1.0,Unknown,2017.0,6.95,2017.0
Rocksavage Power Company Ltd,IGROCK,Yes,Existing Generating CMU,727.08,1.0,Unknown,2017.0,6.95,2017.0
Spalding Energy Company Ltd,IGSPLN,Yes,Existing Generating CMU,791.028,1.0,Unknown,2017.0,6.95,2017.0
GF Power Peaking Limited,IL3159,Yes,New Build Generating CMU,6.027,1.0,Unknown,2017.0,6.95,2017.0
Imerys Minerals,IMERS1,Yes,Existing Generating CMU,4.372,1.0,Unknown,2017.0,6.95,2017.0
Imerys Minerals,IMERS2,Yes,Existing Generating CMU,5.713,1.0,Unknown,2017.0,6.95,2017.0
Imerys Minerals,IMERS3,Yes,Existing Generating CMU,6.69,1.0,Unknown,2017.0,6.95,2017.0
Imerys Minerals,IMERS4,Yes,Existing Generating CMU,3.683,1.0,Unknown,2017.0,6.95,2017.0
Imerys Minerals,IMERS5,Yes,Existing Generating CMU,3.052,1.0,Unknown,2017.0,6.95,2017.0
Imerys Minerals,IMERS6,Yes,Existing Generating CMU,3.635,1.0,Unknown,2017.0,6.95,2017.0
Indian Queens Power Limited,INDQ_1,Yes,Existing Generating CMU,131.838,1.0,Unknown,2017.0,6.95,2017.0
INEOS Nitriles (UK) Ltd,INEOS1,Yes,Existing Generating CMU,45.9,1.0,Unknown,2017.0,6.95,2017.0
SSE Generation Ltd.,INV117,Yes,Existing Generating CMU,21.54,1.0,Unknown,2017.0,6.95,2017.0
Keadby Generation Limited,KEADBY,Yes,Existing Generating CMU,697.515,1.0,Unknown,2017.0,6.95,2017.0
Harworth Power Generation Limited,Kelli1,Yes,Existing Generating CMU,4.979,1.0,Unknown,2017.0,6.95,2017.0
Keystone Power Limited,Keyst1,Yes,Existing Generating CMU,19.501,1.0,Unknown,2017.0,6.95,2017.0
Uniper Global Commodities SE,KILHM1,Yes,Existing Generating CMU,292.869,1.0,Unknown,2017.0,6.95,2017.0
Uniper Global Commodities SE,KILHM2,Yes,Existing Generating CMU,292.869,1.0,Unknown,2017.0,6.95,2017.0
KiWi Power Ltd,KIWI70,No,Unproven DSR CMU,0.0,0.0,Unknown,2017.0,6.95,2017.0
KiWi Power Ltd,KIWI71,No,Unproven DSR CMU,0.0,0.0,Unknown,2017.0,6.95,2017.0
KiWi Power Ltd,KIWI73,No,Unproven DSR CMU,0.0,0.0,Unknown,2017.0,6.95,2017.0
KiWi Power Ltd,KIWI74,No,Unproven DSR CMU,0.0,0.0,Unknown,2017.0,6.95,2017.0
KiWi Power Ltd,KIWI75,No,Unproven DSR CMU,0.0,0.0,Unknown,2017.0,6.95,2017.0
KiWi Power Ltd,KIWI76,No,Unproven DSR CMU,0.0,0.0,Unknown,2017.0,6.95,2017.0
KiWi Power Ltd,KIWI78,No,Unproven DSR CMU,0.0,0.0,Unknown,2017.0,6.95,2017.0
KiWi Power Ltd,KIWI96,No,Proven DSR CMU,0.0,0.0,Unknown,2017.0,6.95,2017.0
KIWI POWER BATTERY LIMITED,KPBL01,Yes,New Build Generating CMU,5.777,1.0,Unknown,2017.0,6.95,2017.0
KiWi Power Ltd,KPEG01,No,Existing Generating CMU,0.0,0.0,Unknown,2017.0,6.95,2017.0
KiWi Power Ltd,KPEG03,Yes,Existing Generating CMU,7.501,1.0,Unknown,2017.0,6.95,2017.0
KiWi Power Ltd,KPEG06,No,Existing Generating CMU,0.0,0.0,Unknown,2017.0,6.95,2017.0
Goose House Limited,KR3010,No,New Build Generating CMU,0.0,0.0,Unknown,2017.0,6.95,2017.0
LAKESIDE ENERGY FROM WASTE LIMITED,LAKefw,Yes,Existing Generating CMU,32.096,1.0,Unknown,2017.0,6.95,2017.0
Larigan Power Limited,LARI02,Yes,New Build Generating CMU,15.067,1.0,Unknown,2017.0,6.95,2017.0
RWE Generation UK plc,LBA161,Yes,Existing Generating CMU,680.543,1.0,Unknown,2017.0,6.95,2017.0
SSE Generation Ltd.,LCHART,Yes,Existing Generating CMU,29.294,1.0,Unknown,2017.0,6.95,2017.0
Veolia UK Limited,LEED02,No,Existing Generating CMU,0.0,0.0,Unknown,2017.0,6.95,2017.0
FCC Recycling (UK) Ltd,LINC01,Yes,Existing Generating CMU,11.27,1.0,Unknown,2017.0,6.95,2017.0
SSE Generation Ltd.,LOC117,Yes,Existing Generating CMU,40.495,1.0,Unknown,2017.0,6.95,2017.0
Goose House Limited,LP3011,No,New Build Generating CMU,0.0,0.0,Unknown,2017.0,6.95,2017.0
LondonWaste Limited,LWL100,Yes,Existing Generating CMU,33.446,1.0,Unknown,2017.0,6.95,2017.0
The Isle of Wight Energy Company Limited,MAIN16,Yes,Existing Generating CMU,4.98,1.0,Unknown,2017.0,6.95,2017.0
Medway Power Limited,MEDP01,Yes,Existing Generating CMU,648.532,1.0,Unknown,2017.0,6.95,2017.0
Mercia Waste Management Ltd,MERC02,Yes,New Build Generating CMU,21.73,1.0,Unknown,2017.0,6.95,2017.0
Goose House Limited,MN3012,No,New Build Generating CMU,0.0,0.0,Unknown,2017.0,6.95,2017.0
Moyle Interconnector Ltd,Moyle2,Yes,Existing Interconnector CMU,150.0,1.0,Unknown,2017.0,6.95,2017.0
SSE Energy Supply Ltd.,MRWD-1,Yes,Existing Generating CMU,805.92,1.0,Unknown,2017.0,6.95,2017.0
Limejump Ltd.,NBB_02,Yes,New Build Generating CMU,4.622,1.0,Unknown,2017.0,6.95,2017.0
Nuclear Decommissioning Authority,NDAFLS,No,Existing Generating CMU,0.0,0.0,Unknown,2017.0,6.95,2017.0
Nuclear Decommissioning Authority,NDAMAN,Yes,Existing Generating CMU,24.478,1.0,Unknown,2017.0,6.95,2017.0
Nevern Power Limited,NEVE02,Yes,New Build Generating CMU,15.067,1.0,Unknown,2017.0,6.95,2017.0
Veolia UK Limited,NEWH02,Yes,Existing Generating CMU,15.582,1.0,Unknown,2017.0,6.95,2017.0
NG 1 Power Ltd,NG1POW,Yes,New Build Generating CMU,19.925,1.0,Unknown,2017.0,6.95,2017.0
ORIGAMI ENERGY LIMITED,OEL001,Yes,Unproven DSR CMU,9.991,1.0,Unknown,2017.0,6.95,2017.0
New Power Generation N04 Limited,OR3165,Yes,New Build Generating CMU,7.458,1.0,Unknown,2017.0,6.95,2017.0
SSE Generation Ltd.,PEH117,No,Existing Generating CMU,0.0,0.0,Unknown,2017.0,6.95,2017.0
RWE Generation UK plc,PEMB11,Yes,Existing Generating CMU,416.1,1.0,Unknown,2017.0,6.95,2017.0
RWE Generation UK plc,PEMB21,Yes,Existing Generating CMU,416.1,1.0,Unknown,2017.0,6.95,2017.0
RWE Generation UK plc,PEMB31,Yes,Existing Generating CMU,416.1,1.0,Unknown,2017.0,6.95,2017.0
RWE Generation UK plc,PEMB41,Yes,Existing Generating CMU,416.1,1.0,Unknown,2017.0,6.95,2017.0
RWE Generation UK plc,PEMB51,Yes,Existing Generating CMU,416.1,1.0,Unknown,2017.0,6.95,2017.0
Centrica PB Limited,PETEM2,Yes,Existing Generating CMU,230.87,1.0,Unknown,2017.0,6.95,2017.0
Peak Gen Power 11 Limited,PGP11B,Yes,New Build Generating CMU,18.834,1.0,Unknown,2017.0,6.95,2017.0
Peak Gen Power 13 Limited,PGP13F,Yes,Existing Generating CMU,18.834,1.0,Unknown,2017.0,6.95,2017.0
Peak Gen Power 14 Limited,PGP14E,Yes,New Build Generating CMU,18.834,1.0,Unknown,2017.0,6.95,2017.0
Peak Gen Power 18 Limited,PGP18H,Yes,New Build Generating CMU,18.834,1.0,Unknown,2017.0,6.95,2017.0
Peak Gen Power 2 Limited,PGP2PB,Yes,Existing Generating CMU,18.834,1.0,Unknown,2017.0,6.95,2017.0
Peak Gen Power 5 Limited,PGP5LL,Yes,Existing Generating CMU,18.834,1.0,Unknown,2017.0,6.95,2017.0
Peak Gen Power 6 Limited,PGP6BA,Yes,Existing Generating CMU,18.834,1.0,Unknown,2017.0,6.95,2017.0
W4B Renewable Energy Limited,PGPSOT,Yes,Existing Generating CMU,3.767,1.0,Unknown,2017.0,6.95,2017.0
E.ON UK CHP Limited,POL001,Yes,Existing Generating CMU,29.344,1.0,Unknown,2017.0,6.95,2017.0
Trinity Power Limited,PR_ALF,No,New Build Generating CMU,0.0,0.0,Unknown,2017.0,6.95,2017.0
Prime Energy Limited,PRIM02,Yes,Existing Generating CMU,5.707,1.0,Unknown,2017.0,6.95,2017.0
Green Frog Power Limited,PS3116,No,Existing Generating CMU,0.0,0.0,Unknown,2017.0,6.95,2017.0
Powertree (Foxwood Road) Limited,PWTFR1,Yes,New Build Generating CMU,4.591,1.0,Unknown,2017.0,6.95,2017.0
Powertree (Sidings Road) Limited,PWTSR1,Yes,New Build Generating CMU,2.825,1.0,Unknown,2017.0,6.95,2017.0
Powertree (Taylor Lane) Limited,PWTTL3,Yes,New Build Generating CMU,6.441,1.0,Unknown,2017.0,6.95,2017.0
Powertree (Taylor Lane) Limited,PWTTL4,No,New Build Generating CMU,0.0,0.0,Unknown,2017.0,6.95,2017.0
E.ON Connecting Energies Limited,QMC001,Yes,Existing Generating CMU,3.969,1.0,Unknown,2017.0,6.95,2017.0
Green Frog Power Limited,QT3167,No,Existing Generating CMU,0.0,0.0,Unknown,2017.0,6.95,2017.0
G2 Energy Limited,R092BE,No,New Build Generating CMU,0.0,0.0,Unknown,2017.0,6.95,2017.0
SSE Generation Ltd.,RANN-1,Yes,Existing Generating CMU,13.786,1.0,Unknown,2017.0,6.95,2017.0
SSE Generation Ltd.,RANN-2,Yes,Existing Generating CMU,13.786,1.0,Unknown,2017.0,6.95,2017.0
SSE Generation Ltd.,RANN-3,Yes,Existing Generating CMU,13.786,1.0,Unknown,2017.0,6.95,2017.0
Uniper Global Commodities SE,RATS01,No,Existing Generating CMU,0.0,0.0,Unknown,2017.0,6.95,2017.0
Uniper Global Commodities SE,RATS02,Yes,Existing Generating CMU,447.638,1.0,Unknown,2017.0,6.95,2017.0
Uniper Global Commodities SE,RATS03,No,Existing Generating CMU,0.0,0.0,Unknown,2017.0,6.95,2017.0
Uniper Global Commodities SE,RATSU4,Yes,Existing Generating CMU,463.647,1.0,Unknown,2017.0,6.95,2017.0
Redlake Power Limited,RED002,Yes,New Build Generating CMU,15.067,1.0,Unknown,2017.0,6.95,2017.0
REstore Flexpond UK Limited,REST01,Yes,Existing Generating CMU,4.454,1.0,Unknown,2017.0,6.95,2017.0
REstore Flexpond UK Limited,REST02,Yes,Existing Generating CMU,6.08,1.0,Unknown,2017.0,6.95,2017.0
REstore Flexpond UK Limited,REST03,Yes,Existing Generating CMU,4.279,1.0,Unknown,2017.0,6.95,2017.0
REstore Flexpond UK Limited,REST04,Yes,Existing Generating CMU,7.205,1.0,Unknown,2017.0,6.95,2017.0
REstore Flexpond UK Limited,REST05,Yes,Existing Generating CMU,33.206,1.0,Unknown,2017.0,6.95,2017.0
REstore Flexpond UK Limited,REST07,Yes,Existing Generating CMU,35.904,1.0,Unknown,2017.0,6.95,2017.0
REstore Flexpond UK Limited,REST08,Yes,Existing Generating CMU,6.123,1.0,Unknown,2017.0,6.95,2017.0
REstore Flexpond UK Limited,REST09,Yes,Existing Generating CMU,6.027,1.0,Unknown,2017.0,6.95,2017.0
Statkraft Markets GmbH,RHE2_1,Yes,Existing Generating CMU,18.402,1.0,Unknown,2017.0,6.95,2017.0
Statkraft Markets GmbH,RHE3_1,Yes,Existing Generating CMU,18.367,1.0,Unknown,2017.0,6.95,2017.0
Reserve Power Trading Limited,RPTGC1,Yes,New Build Generating CMU,12.907,1.0,Unknown,2017.0,6.95,2017.0
Riverside Resource Recovery Limited,RRRF01,Yes,Existing Generating CMU,67.249,1.0,Unknown,2017.0,6.95,2017.0
Uniper Global Commodities SE,RTG20C,Yes,Existing Generating CMU,16.009,1.0,Unknown,2017.0,6.95,2017.0
Green Frog Power Limited,RU3168,No,Existing Generating CMU,0.0,0.0,Unknown,2017.0,6.95,2017.0
Sembcorp Utilities (UK) Limited,S17G01,Yes,Existing Generating CMU,37.539,1.0,Unknown,2017.0,6.95,2017.0
Sembcorp Utilities (UK) Limited,S17G02,Yes,Existing Generating CMU,37.571,1.0,Unknown,2017.0,6.95,2017.0
Sembcorp Utilities (UK) Limited,S17S11,Yes,Existing Generating CMU,21.738,1.0,Unknown,2017.0,6.95,2017.0
Saltend Cogeneration Company Limited,SALTPS,Yes,Existing Generating CMU,1080.0,1.0,Unknown,2017.0,6.95,2017.0
E.ON UK Cogeneration Ltd,SAND01,Yes,Existing Generating CMU,43.799,1.0,Unknown,2017.0,6.95,2017.0
Seabank Power Limited,SEA1_2,Yes,Existing Generating CMU,1102.008,1.0,Unknown,2017.0,6.95,2017.0
RWE Cogen UK Ltd,SEALS2,Yes,Existing Generating CMU,48.161,1.0,Unknown,2017.0,6.95,2017.0
SmartestEnergy Limited,SEL-1b,No,Unproven DSR CMU,0.0,0.0,Unknown,2017.0,6.95,2017.0
SmartestEnergy Limited,SEL-2b,No,Unproven DSR CMU,0.0,0.0,Unknown,2017.0,6.95,2017.0
SmartestEnergy Limited,SEL-3b,No,Unproven DSR CMU,0.0,0.0,Unknown,2017.0,6.95,2017.0
SmartestEnergy Limited,SEL-4b,No,Unproven DSR CMU,0.0,0.0,Unknown,2017.0,6.95,2017.0
Selby Power Limited,SELB02,Yes,New Build Generating CMU,15.067,1.0,Unknown,2017.0,6.95,2017.0
Veolia UK Limited,SGH002,Yes,Existing Generating CMU,1.926,1.0,Unknown,2017.0,6.95,2017.0
Centrica SHB Limited,SHB1_2,Yes,Existing Generating CMU,1226.4,1.0,Unknown,2017.0,6.95,2017.0
Veolia UK Limited,SHRO02,Yes,Existing Generating CMU,7.412,1.0,Unknown,2017.0,6.95,2017.0
SSE Generation Ltd.,SLOY01,Yes,Existing Generating CMU,35.104,1.0,Unknown,2017.0,6.95,2017.0
SSE Generation Ltd.,SLOY02,Yes,Existing Generating CMU,35.252,1.0,Unknown,2017.0,6.95,2017.0
SSE Generation Ltd.,SLOY03,Yes,Existing Generating CMU,34.464,1.0,Unknown,2017.0,6.95,2017.0
SSE Generation Ltd.,SLOY04,Yes,Existing Generating CMU,29.352,1.0,Unknown,2017.0,6.95,2017.0
ScottishPower Generation Limited,SP16BL,Yes,Existing Generating CMU,52.56,1.0,Unknown,2017.0,6.95,2017.0
ScottishPower Generation Limited,SP16CR,Yes,Existing Generating CMU,423.676,1.0,Unknown,2017.0,6.95,2017.0
ScottishPower Generation Limited,SP16DC,Yes,Existing Generating CMU,705.18,1.0,Unknown,2017.0,6.95,2017.0
ScottishPower Generation Limited,SP16GL,Yes,Existing Generating CMU,20.8,1.0,Unknown,2017.0,6.95,2017.0
ScottishPower Generation Limited,SP16KE,Yes,Existing Generating CMU,20.82,1.0,Unknown,2017.0,6.95,2017.0
ScottishPower Generation Limited,SP16RH,Yes,Existing Generating CMU,626.34,1.0,Unknown,2017.0,6.95,2017.0
ScottishPower Generation Limited,SP16SH,Yes,Existing Generating CMU,372.3,1.0,Unknown,2017.0,6.95,2017.0
ScottishPower Generation Limited,SP16TO,Yes,Existing Generating CMU,29.761,1.0,Unknown,2017.0,6.95,2017.0
ScottishPower Energy Retail Limited,SPDR01,Yes,Unproven DSR CMU,4.242,1.0,Unknown,2017.0,6.95,2017.0
ScottishPower Energy Retail Limited,SPDR02,No,Unproven DSR CMU,0.0,0.0,Unknown,2017.0,6.95,2017.0
ScottishPower Energy Retail Limited,SPDR03,No,Unproven DSR CMU,0.0,0.0,Unknown,2017.0,6.95,2017.0
ScottishPower Energy Retail Limited,SPDR04,No,Unproven DSR CMU,0.0,0.0,Unknown,2017.0,6.95,2017.0
Veolia UK Limited,STAF02,No,Existing Generating CMU,0.0,0.0,Unknown,2017.0,6.95,2017.0
RWE Generation UK plc,STAY01,Yes,Existing Generating CMU,406.464,1.0,Unknown,2017.0,6.95,2017.0
RWE Generation UK plc,STAY02,Yes,Existing Generating CMU,406.464,1.0,Unknown,2017.0,6.95,2017.0
RWE Generation UK plc,STAY03,Yes,Existing Generating CMU,406.464,1.0,Unknown,2017.0,6.95,2017.0
RWE Generation UK plc,STAY04,Yes,Existing Generating CMU,406.464,1.0,Unknown,2017.0,6.95,2017.0
SUEZ RECYCLING AND RECOVERY KIRKLEES LTD,SUEZ01,Yes,Existing Generating CMU,9.429,1.0,Unknown,2017.0,6.95,2017.0
SUEZ RECYCLING AND RECOVERY TEES VALLEY LTD,SUEZ02,Yes,Existing Generating CMU,17.02,1.0,Unknown,2017.0,6.95,2017.0
SITA Northumberland Limited,SUEZ03,Yes,Existing Generating CMU,9.435,1.0,Unknown,2017.0,6.95,2017.0
SITA South Tyne and Wear Limited,SUEZ04,Yes,Existing Generating CMU,20.876,1.0,Unknown,2017.0,6.95,2017.0
SUEZ RECYCLING AND RECOVERY SUFFOLK LTD,SUEZ05,Yes,Existing Generating CMU,20.846,1.0,Unknown,2017.0,6.95,2017.0
Cornwall Energy Recovery Limited,SUEZ06,Yes,New Build Generating CMU,18.0,1.0,Unknown,2017.0,6.95,2017.0
West London Energy Recovery Limited,SUEZ07,Yes,New Build Generating CMU,28.597,1.0,Unknown,2017.0,6.95,2017.0
Calon Energy Limited,SUTB1Z,Yes,Existing Generating CMU,717.444,1.0,Unknown,2017.0,6.95,2017.0
Green Frog Power Limited,SV3169,No,Existing Generating CMU,0.0,0.0,Unknown,2017.0,6.95,2017.0
Calon Energy Limited,SVR10Z,Yes,Existing Generating CMU,372.3,1.0,Unknown,2017.0,6.95,2017.0
Calon Energy Limited,SVR20Z,Yes,Existing Generating CMU,372.3,1.0,Unknown,2017.0,6.95,2017.0
EDF Energy Nuclear Generation Limited,SZ1-16,Yes,Existing Generating CMU,519.658,1.0,Unknown,2017.0,6.95,2017.0
EDF Energy Nuclear Generation Limited,SZ2-16,Yes,Existing Generating CMU,519.658,1.0,Unknown,2017.0,6.95,2017.0
Uniper Global Commodities SE,TAYL12,Yes,Existing Generating CMU,46.614,1.0,Unknown,2017.0,6.95,2017.0
Uniper Global Commodities SE,TAYL13,Yes,Existing Generating CMU,46.148,1.0,Unknown,2017.0,6.95,2017.0
SSEPG (Operations) Limited,THAT01,Yes,Existing Generating CMU,8.266,1.0,Unknown,2017.0,6.95,2017.0
E.ON UK Cogeneration Ltd,THRN01,Yes,Existing Generating CMU,43.8,1.0,Unknown,2017.0,6.95,2017.0
Tillingham Power Limited,TILL02,Yes,New Build Generating CMU,15.067,1.0,Unknown,2017.0,6.95,2017.0
Centrica Langage Limited,TLAGA1,Yes,Existing Generating CMU,792.78,1.0,Unknown,2017.0,6.95,2017.0
EDF Energy Nuclear Generation Limited,TN1-16,Yes,Existing Generating CMU,525.93,1.0,Unknown,2017.0,6.95,2017.0
EDF Energy Nuclear Generation Limited,TN2-16,Yes,Existing Generating CMU,534.788,1.0,Unknown,2017.0,6.95,2017.0
SSE Generation Ltd.,TUM117,Yes,Existing Generating CMU,16.468,1.0,Unknown,2017.0,6.95,2017.0
SSE Generation Ltd.,TUM217,Yes,Existing Generating CMU,16.512,1.0,Unknown,2017.0,6.95,2017.0
Green Frog Power Limited,TW3170,No,Existing Generating CMU,0.0,0.0,Unknown,2017.0,6.95,2017.0
Veolia UK Limited,TYSE02,Yes,Existing Generating CMU,24.737,1.0,Unknown,2017.0,6.95,2017.0
Simec Uskmouth Power Limited,Uskone,No,Existing Generating CMU,0.0,0.0,Unknown,2017.0,6.95,2017.0
Simec Uskmouth Power Limited,Usktwo,No,Existing Generating CMU,0.0,0.0,Unknown,2017.0,6.95,2017.0
Green Frog Power Limited,UX3171,No,Existing Generating CMU,0.0,0.0,Unknown,2017.0,6.95,2017.0
Viridis 178 Ltd,VIR101,Yes,Existing Generating CMU,5.65,1.0,Unknown,2017.0,6.95,2017.0
Viridis 178 Ltd,VIR102,Yes,Existing Generating CMU,11.3,1.0,Unknown,2017.0,6.95,2017.0
Viridis 178 Ltd,VIR103,Yes,Existing Generating CMU,14.126,1.0,Unknown,2017.0,6.95,2017.0
Viridis 178 Ltd,VIR104,Yes,Existing Generating CMU,19.663,1.0,Unknown,2017.0,6.95,2017.0
Viridis 178 Ltd,VIR105,Yes,New Build Generating CMU,19.604,1.0,Unknown,2017.0,6.95,2017.0
Viridis 178 Ltd,VIR107,Yes,New Build Generating CMU,18.948,1.0,Unknown,2017.0,6.95,2017.0
Viridis 178 Ltd,VIR109,Yes,New Build Generating CMU,18.204,1.0,Unknown,2017.0,6.95,2017.0
Viridis 178 Ltd,VIR110,Yes,New Build Generating CMU,14.126,1.0,Unknown,2017.0,6.95,2017.0
Viridis 178 Ltd,VIR201,Yes,New Build Generating CMU,19.604,1.0,Unknown,2017.0,6.95,2017.0
Viridis 178 Ltd,VIR202,Yes,New Build Generating CMU,12.603,1.0,Unknown,2017.0,6.95,2017.0
Viridis 178 Ltd,VIR203,Yes,New Build Generating CMU,5.601,1.0,Unknown,2017.0,6.95,2017.0
Viridis 178 Ltd,VIR204,Yes,New Build Generating CMU,9.229,1.0,Unknown,2017.0,6.95,2017.0
Viridis 178 Ltd,VIR205,Yes,New Build Generating CMU,3.955,1.0,Unknown,2017.0,6.95,2017.0
Rolls-Royce Power Development Limited,VKING2,Yes,Existing Generating CMU,44.782,1.0,Unknown,2017.0,6.95,2017.0
Moorfield Way Limited,VW3021,No,New Build Generating CMU,0.0,0.0,Unknown,2017.0,6.95,2017.0
Green Frog Power Limited,VY3172,No,Existing Generating CMU,0.0,0.0,Unknown,2017.0,6.95,2017.0
EDF Energy plc,WA1-16,Yes,Existing Generating CMU,434.339,1.0,Unknown,2017.0,6.95,2017.0
EDF Energy plc,WA2-16,Yes,Existing Generating CMU,434.513,1.0,Unknown,2017.0,6.95,2017.0
EDF Energy plc,WA3-16,Yes,Existing Generating CMU,434.513,1.0,Unknown,2017.0,6.95,2017.0
EDF Energy plc,WA4-16,Yes,Existing Generating CMU,434.6,1.0,Unknown,2017.0,6.95,2017.0
Waterswallows Energy Limited,water1,Yes,New Build Generating CMU,13.956,1.0,Unknown,2017.0,6.95,2017.0
EDF Energy plc,WB1-16,Yes,Existing Generating CMU,404.274,1.0,Unknown,2017.0,6.95,2017.0
EDF Energy plc,WB2-16,Yes,Existing Generating CMU,404.274,1.0,Unknown,2017.0,6.95,2017.0
EDF Energy plc,WB3-16,Yes,Existing Generating CMU,404.274,1.0,Unknown,2017.0,6.95,2017.0
EDF Energy plc,WG1-16,Yes,Existing Generating CMU,18.834,1.0,Unknown,2017.0,6.95,2017.0
EDF Energy plc,WG4-16,Yes,Existing Generating CMU,18.834,1.0,Unknown,2017.0,6.95,2017.0
SSE Energy Supply Ltd.,WSTNPT,Yes,Existing Generating CMU,34.784,1.0,Unknown,2017.0,6.95,2017.0
Green Frog Power Limited,WZ3173,No,Existing Generating CMU,0.0,0.0,Unknown,2017.0,6.95,2017.0
Green Frog Power Limited,XA3174,No,Existing Generating CMU,0.0,0.0,Unknown,2017.0,6.95,2017.0
Green Frog Power Limited,YB3175,No,Existing Generating CMU,0.0,0.0,Unknown,2017.0,6.95,2017.0
Green Frog Power Limited,ZC3176,No,Existing Generating CMU,0.0,0.0,Unknown,2017.0,6.95,2017.0
EPR ELY LIMITED,EPRELY,No,Existing Generating CMU,29.495,1.0,Biomass,2027.0,65.0,2024.0
AGR SOLAR 2 LIMITED,BFPV23,No,New Build Generating CMU,1.905,15.0,Solar,2027.0,65.0,2024.0
AGR SOLAR 2 LIMITED,BFEN23,Yes,New Build Generating CMU,4.617,15.0,Storage - Battery,2027.0,65.0,2024.0
BRAMLEY BESS LIMITED,BR2023,Yes,New Build Generating CMU,4.617,15.0,Storage - Battery,2027.0,65.0,2024.0
AIK2A SUSTAINABLE ENERGY LTD,AK2a01,Yes,Existing Generating CMU,5.744,1.0,Onshore Wind,2027.0,65.0,2024.0
AIK2A SUSTAINABLE ENERGY LTD,AK2a03,Yes,New Build Generating CMU,6.695,15.0,Storage - Battery,2027.0,65.0,2024.0
ALCEMI STORAGE DEVELOPMENTS 3 LIMITED,DEVI27,Yes,New Build Generating CMU,46.17,15.0,Storage - Battery,2027.0,65.0,2024.0
ALCEMI STORAGE DEVELOPMENTS 6 LIMITED,COA227,Yes,New Build Generating CMU,46.17,15.0,Storage - Battery,2027.0,65.0,2024.0
Alkane Energy UK Limited,A1AVEL,Yes,New Build Generating CMU,0.944,1.0,Gas,2027.0,65.0,2024.0
Alkane Energy UK Limited,R1MANV,Yes,Existing Generating CMU,2.646,1.0,Gas,2027.0,65.0,2024.0
Alkane Energy UK Limited,R1RHYM,Yes,Existing Generating CMU,6.605,1.0,Gas,2027.0,65.0,2024.0
Alkane Energy UK Limited,R1GRIM,Yes,Existing Generating CMU,5.156,1.0,Gas,2027.0,65.0,2024.0
Alkane Energy UK Limited,R1SHRB,Yes,Existing Generating CMU,8.02,1.0,Gas,2027.0,65.0,2024.0
Alkane Energy UK Limited,R1HOUT,Yes,Existing Generating CMU,5.048,1.0,Gas,2027.0,65.0,2024.0
Alkane Energy UK Limited,R1MARK,Yes,Existing Generating CMU,1.896,1.0,Gas,2027.0,65.0,2024.0
Alkane Energy UK Limited,R1WHIT,Yes,Existing Generating CMU,2.002,1.0,Gas,2027.0,65.0,2024.0
Alkane Energy UK Limited,R1HEMH,Yes,Existing Generating CMU,3.477,1.0,Gas,2027.0,65.0,2024.0
Regent Park Energy Limited,A1LING,Yes,Existing Generating CMU,0.327,1.0,Solar,2027.0,65.0,2024.0
Alkane Energy UK Limited,A2OFFH,Yes,New Build Generating CMU,0.536,15.0,Solar,2027.0,65.0,2024.0
Alkane Energy UK Limited,A2BOST,Yes,New Build Generating CMU,0.476,15.0,Solar,2027.0,65.0,2024.0
Alkane Energy UK Limited,A3ARLS,Yes,Existing Generating CMU,1.912,1.0,Gas,2027.0,65.0,2024.0
Alkane Energy UK Limited,A1BALB,Yes,New Build Generating CMU,4.838,15.0,Storage - Battery,2027.0,65.0,2024.0
Alkane Energy UK Limited,A1SHOR,Yes,New Build Generating CMU,0.806,15.0,Storage - Battery,2027.0,65.0,2024.0
Alkane Energy UK Limited,A3DOGS,Yes,Existing Generating CMU,3.801,1.0,Gas,2027.0,65.0,2024.0
Alkane Energy UK Limited,A3HICK,Yes,Existing Generating CMU,3.623,1.0,Gas,2027.0,65.0,2024.0
Alkane Energy UK Limited,A1BLCH,Yes,Existing Generating CMU,1.739,1.0,Gas,2027.0,65.0,2024.0
Alkane Energy UK Limited,A3WHEL,Yes,Existing Generating CMU,6.321,1.0,Gas,2027.0,65.0,2024.0
Alkane Energy UK Limited,A5AVAR,Yes,Existing Generating CMU,1.981,1.0,Gas,2027.0,65.0,2024.0
AMPIL 2 ASSET LIMITED,VILLA4,Yes,Existing Generating CMU,2.642,1.0,Gas,2027.0,65.0,2024.0
URBAN RESERVE STORAGE LIMITED,US3H18,Yes,New Build Generating CMU,1.099,15.0,Storage - Battery,2027.0,65.0,2024.0
URBAN RESERVE STORAGE LIMITED,US3H21,Yes,New Build Generating CMU,1.099,15.0,Storage - Battery,2027.0,65.0,2024.0
URBAN RESERVE STORAGE LIMITED,US3H54,Yes,New Build Generating CMU,1.099,15.0,Storage - Battery,2027.0,65.0,2024.0
URBAN RESERVE STORAGE LIMITED,US3H61,Yes,New Build Generating CMU,1.649,15.0,Storage - Battery,2027.0,65.0,2024.0
ANGLESEY LAND HOLDINGS LIMITED,AngPen,No,New Build Generating CMU,32.319,15.0,Storage - Battery,2027.0,65.0,2024.0
ADV 005 LIMITED,CG2704,Yes,New Build Generating CMU,4.617,15.0,Storage - Battery,2027.0,65.0,2024.0
ADV 005 LIMITED,CG2703,Yes,New Build Generating CMU,4.617,15.0,Storage - Battery,2027.0,65.0,2024.0
British Sugar plc,BSWI24,Yes,Existing Generating CMU,42.131,1.0,Gas,2027.0,65.0,2024.0
British Sugar plc,BSBU24,Yes,Existing Generating CMU,55.79,1.0,Gas,2027.0,65.0,2024.0
BALANCE POWER PROJECTS LIMITED,CHEA27,Yes,New Build Generating CMU,4.608,15.0,Storage - Battery,2027.0,65.0,2024.0
BALANCE POWER PROJECTS LIMITED,STAU27,Yes,New Build Generating CMU,5.702,15.0,Storage - Battery,2027.0,65.0,2024.0
ROCHDALE (BES) LTD ,23ROC4,Yes,New Build Generating CMU,8.824,15.0,Storage - Battery,2027.0,65.0,2024.0
BOAT OF GARTEN BESS LIMITED,BOATOF,Yes,New Build Generating CMU,4.617,15.0,Storage - Battery,2027.0,65.0,2024.0
BOTLEY ENERGY RESERVE LIMITED,SHESS1,Yes,New Build Generating CMU,7.68,15.0,Storage - Battery,2027.0,65.0,2024.0
BRACO ENERGY STORAGE LIMITED,BRACO7,Yes,New Build Generating CMU,5.387,15.0,Storage - Battery,2027.0,65.0,2024.0
BROXBURN ENERGY STORAGE LIMITED,BB_234,Yes,New Build Generating CMU,6.578,15.0,Storage - Battery,2027.0,65.0,2024.0
BRITISH SOLAR RENEWABLES LIMITED,BSR004,Yes,New Build Generating CMU,1.231,15.0,Storage - Battery,2027.0,65.0,2024.0
BRITISH SOLAR RENEWABLES LIMITED,BSR003,Yes,New Build Generating CMU,0.762,15.0,Solar,2027.0,65.0,2024.0
BRAMLEY BATTERY STORAGE LIMITED,BRAM27,Yes,New Build Generating CMU,19.067,15.0,Storage - Battery,2027.0,65.0,2024.0
C & S ENERGY LIMITED,CEL002,Yes,New Build Generating CMU,31.539,15.0,Storage - Battery,2027.0,65.0,2024.0
Severn Power Limited,27SV00,Yes,Existing Generating CMU,778.515,1.0,Gas,2027.0,65.0,2024.0
Cargill PLC,CarGe7,Yes,Existing Generating CMU,27.153,1.0,Gas,2027.0,65.0,2024.0
LANGAGE GREEN HYDROGEN LIMITED,LGH001,No,Unproven DSR CMU,4.741,15.0,DSR,2027.0,65.0,2024.0
Wainstones Energy Limited,TRAGRT,Yes,New Build Generating CMU,46.703,15.0,Gas,2027.0,65.0,2024.0
JAN BEZEMER & SONS LIMITED,CNCHP2,Yes,New Build Generating CMU,4.246,15.0,Gas,2027.0,65.0,2024.0
Wainstones Energy Limited,TRBES1,Yes,New Build Generating CMU,28.512,15.0,Storage - Battery,2027.0,65.0,2024.0
Wainstones Energy Limited,TRBES2,Yes,New Build Generating CMU,28.512,15.0,Storage - Battery,2027.0,65.0,2024.0
Wainstones Energy Limited,TRBES3,Yes,New Build Generating CMU,28.512,15.0,Storage - Battery,2027.0,65.0,2024.0
Wainstones Energy Limited,TRBES4,Yes,New Build Generating CMU,28.512,15.0,Storage - Battery,2027.0,65.0,2024.0
TRAFFORD GREEN HYDROGEN LIMITED,TGH001,No,Unproven DSR CMU,13.778,15.0,DSR,2027.0,65.0,2024.0
BARROW GREEN HYDROGEN LIMITED,BGH001,No,Unproven DSR CMU,28.5,15.0,DSR,2027.0,65.0,2024.0
Sambar Power Limited,IQBES1,Yes,New Build Generating CMU,5.472,15.0,Storage - Battery,2027.0,65.0,2024.0
Langage Solar Park Limited,LSBES1,Yes,New Build Generating CMU,0.575,15.0,Storage - Battery,2027.0,65.0,2024.0
CATHKIN ENERGY STORAGE LIMITED,CK_234,Yes,New Build Generating CMU,6.578,15.0,Storage - Battery,2027.0,65.0,2024.0
ALCEMI STORAGE DEVELOPMENTS 4 LIMITED,COA127,Yes,New Build Generating CMU,46.17,15.0,Storage - Battery,2027.0,65.0,2024.0
CONRAD (LILLYHALL) LIMITED,Lilly6,Yes,Existing Generating CMU,7.076,1.0,Gas,2027.0,65.0,2024.0
CONRAD (REDBOURN) LIMITED,Finwy4,Yes,Existing Generating CMU,4.718,1.0,Gas,2027.0,65.0,2024.0
Conrad Energy (Developments) II Limited,CDLDH3,Yes,New Build Generating CMU,5.341,15.0,Storage - Battery,2027.0,65.0,2024.0
Conrad Energy (Developments) II Limited,CDTHX2,Yes,New Build Generating CMU,5.353,15.0,Storage - Battery,2027.0,65.0,2024.0
CONRAD (BASINGSTOKE) LIMITED,CDBSK5,Yes,New Build Generating CMU,1.788,15.0,Storage - Battery,2027.0,65.0,2024.0
CONRAD (SWINDON) LIMITED,CDSWI2,Yes,New Build Generating CMU,2.057,15.0,Storage - Battery,2027.0,65.0,2024.0
CONRAD (PUTNOE) LIMITED,elms04,Yes,Existing Generating CMU,4.718,1.0,Gas,2027.0,65.0,2024.0
CONRAD (BLETCHLEY) LIMITED,PUG002,Yes,Existing Generating CMU,5.457,1.0,Gas,2027.0,65.0,2024.0
CONRAD (LARPORT) LIMITED,CDLAR3,Yes,New Build Generating CMU,2.223,15.0,Solar,2027.0,65.0,2024.0
CONRAD (STEVENAGE B) LIMITED,Cavrd6,Yes,Existing Generating CMU,7.548,1.0,Gas,2027.0,65.0,2024.0
CONRAD (CASTLE BROMWICH) LIMITED,CDCBH4,Yes,New Build Generating CMU,11.982,15.0,Gas,2027.0,65.0,2024.0
CONRAD (FLITWICK) LIMITED,CDFLW4,Yes,Existing Generating CMU,2.466,1.0,Storage - Battery,2027.0,65.0,2024.0
CONRAD (SANDON) LIMITED,CDSNN4,Yes,New Build Generating CMU,7.548,15.0,Gas,2027.0,65.0,2024.0
CONRAD ENERGY (DEVELOPMENTS) LIMITED,CDWAT3,Yes,New Build Generating CMU,1.636,15.0,Storage - Battery,2027.0,65.0,2024.0
CONRAD (LYTHAM) LIMITED,amyjn3,Yes,Existing Generating CMU,6.605,1.0,Gas,2027.0,65.0,2024.0
Riverside Resource Recovery Limited,RRRF51,Yes,Existing Generating CMU,69.134,1.0,Waste,2027.0,65.0,2024.0
Kiwi Power Ltd,EDRU01,Yes,Unproven DSR CMU,40.005,1.0,DSR,2027.0,65.0,2024.0
Drax River Hydro Limited,DX23ST,Yes,Existing Generating CMU,5.836,1.0,Hydro,2027.0,65.0,2024.0
Drax River Hydro Limited,DX23GL,Yes,Existing Generating CMU,21.888,1.0,Hydro,2027.0,65.0,2024.0
Drax River Hydro Limited,DX23KE,Yes,Existing Generating CMU,21.888,1.0,Hydro,2027.0,65.0,2024.0
Drax River Hydro Limited,DX23TO,Yes,Existing Generating CMU,30.096,1.0,Hydro,2027.0,65.0,2024.0
Drax River Hydro Limited,DX23CA,Yes,Existing Generating CMU,10.944,1.0,Hydro,2027.0,65.0,2024.0
Drax River Hydro Limited,DX23DJ,Yes,Existing Generating CMU,1.459,1.0,Hydro,2027.0,65.0,2024.0
Drax River Hydro Limited,DX23EA,Yes,Existing Generating CMU,12.768,1.0,Hydro,2027.0,65.0,2024.0
Drax River Hydro Limited,DX23BN,Yes,Existing Generating CMU,10.032,1.0,Hydro,2027.0,65.0,2024.0
Drax Pumped Storage Limited,23CRU1,Yes,Existing Generating CMU,113.244,1.0,Storage - Pumped,2027.0,65.0,2024.0
Drax Pumped Storage Limited,23CRU2,Yes,Existing Generating CMU,113.244,1.0,Storage - Pumped,2027.0,65.0,2024.0
Drax Pumped Storage Limited,23CR3R,Yes,Refurbishing Generating CMU,113.244,15.0,Storage - Pumped,2027.0,65.0,2024.0
Drax Pumped Storage Limited,23CR4R,Yes,Refurbishing Generating CMU,113.244,15.0,Storage - Pumped,2027.0,65.0,2024.0
Drax Power Limited,DX1223,Yes,Existing Generating CMU,30.444,1.0,Distillate,2027.0,65.0,2024.0
Drax Power Limited,DX0923,Yes,Existing Generating CMU,29.595,1.0,Distillate,2027.0,65.0,2024.0
Drax Power Limited,DX1023,Yes,Existing Generating CMU,30.434,1.0,Distillate,2027.0,65.0,2024.0
Citigen (London) Limited,CIT006,Yes,Existing Generating CMU,7.365,1.0,Gas,2027.0,65.0,2024.0
E.ON UK Plc,DSR147,Yes,Proven DSR CMU,4.0,1.0,DSR,2027.0,65.0,2024.0
E.ON UK Plc,DSR148,Yes,Proven DSR CMU,8.0,1.0,DSR,2027.0,65.0,2024.0
E.ON UK Plc,DSR149,Yes,Unproven DSR CMU,1.0,1.0,DSR,2027.0,65.0,2024.0
E.ON UK Plc,CEN018,Yes,Existing Generating CMU,2.643,1.0,Gas,2027.0,65.0,2024.0
E.ON UK Plc,CEN019,Yes,Existing Generating CMU,2.694,1.0,Gas,2027.0,65.0,2024.0
E.ON UK Plc,CEN020,Yes,Existing Generating CMU,2.543,1.0,Gas,2027.0,65.0,2024.0
E.ON UK Plc,CEN021,Yes,Existing Generating CMU,1.45,1.0,Gas,2027.0,65.0,2024.0
E.ON UK Plc,HM2AGG,Yes,Existing Generating CMU,2.255,1.0,Gas,2027.0,65.0,2024.0
E.ON UK Plc,QMC005,Yes,Existing Generating CMU,4.089,1.0,Gas,2027.0,65.0,2024.0
E.ON UK Plc,BVC003,Yes,Existing Generating CMU,3.993,1.0,Gas,2027.0,65.0,2024.0
E.ON UK Plc,DSR144,Yes,Proven DSR CMU,19.086,1.0,DSR,2027.0,65.0,2024.0
E.ON UK Plc,DSR145,Yes,Proven DSR CMU,3.547,1.0,DSR,2027.0,65.0,2024.0
E.ON UK Plc,DSR146,Yes,Proven DSR CMU,2.4,1.0,DSR,2027.0,65.0,2024.0
E.ON UK Plc,WSCC02,Yes,Existing Generating CMU,0.309,1.0,Storage - Battery,2027.0,65.0,2024.0
EDF Energy Nuclear Generation Limited,SZ2-23,Yes,Existing Generating CMU,479.7,1.0,Nuclear,2027.0,65.0,2024.0
EDF Energy Nuclear Generation Limited,SZ1-23,Yes,Existing Generating CMU,479.7,1.0,Nuclear,2027.0,65.0,2024.0
ROWAN ONSHORE WINDFARMS LIMITED,BFTE23,Yes,Existing Generating CMU,0.759,1.0,Onshore Wind,2027.0,65.0,2024.0
ROWAN ONSHORE WINDFARMS LIMITED,WWAY23,Yes,Existing Generating CMU,0.938,1.0,Onshore Wind,2027.0,65.0,2024.0
ASHGREEN ENERGYFARM LIMITED,PPNY23,Yes,New Build Generating CMU,7.251,15.0,Storage - Battery,2027.0,65.0,2024.0
ROWAN ONSHORE WINDFARMS LIMITED,LNFN23,Yes,Existing Generating CMU,0.657,1.0,Onshore Wind,2027.0,65.0,2024.0
ASHGREEN ENERGYFARM LIMITED,BLOG23,Yes,New Build Generating CMU,2.655,15.0,Solar,2027.0,65.0,2024.0
EirGrid Interconnector Designated Activity Company,EWIC18,Yes,Existing Interconnector CMU,270.0,1.0,Interconnector,2027.0,65.0,2024.0
EL (SLH) Limited,EL0073,Yes,New Build Generating CMU,46.703,15.0,Gas,2027.0,65.0,2024.0
ENCYCLIS (WALSALL) LIMITED,WALL01,Yes,New Build Generating CMU,44.171,15.0,Waste,2027.0,65.0,2024.0
Enel X UK Limited,U24406,Yes,Unproven DSR CMU,20.0,1.0,DSR,2027.0,65.0,2024.0
Enel X UK Limited,U24429,Yes,Unproven DSR CMU,20.0,1.0,DSR,2027.0,65.0,2024.0
Enel X UK Limited,U24403,Yes,Unproven DSR CMU,20.0,1.0,DSR,2027.0,65.0,2024.0
Enel X UK Limited,U24426,Yes,Unproven DSR CMU,20.0,1.0,DSR,2027.0,65.0,2024.0
Enel X UK Limited,U24424,Yes,Unproven DSR CMU,20.0,1.0,DSR,2027.0,65.0,2024.0
Enel X UK Limited,U24401,Yes,Unproven DSR CMU,20.0,1.0,DSR,2027.0,65.0,2024.0
Enel X UK Limited,U24418,Yes,Unproven DSR CMU,20.0,1.0,DSR,2027.0,65.0,2024.0
Enel X UK Limited,U24415,Yes,Unproven DSR CMU,20.0,1.0,DSR,2027.0,65.0,2024.0
Enel X UK Limited,U24412,Yes,Unproven DSR CMU,20.0,1.0,DSR,2027.0,65.0,2024.0
Enel X UK Limited,U24427,Yes,Unproven DSR CMU,20.0,1.0,DSR,2027.0,65.0,2024.0
Enel X UK Limited,U24404,Yes,Unproven DSR CMU,20.0,1.0,DSR,2027.0,65.0,2024.0
Enel X UK Limited,U24410,Yes,Unproven DSR CMU,20.0,1.0,DSR,2027.0,65.0,2024.0
Enel X UK Limited,U24430,Yes,Unproven DSR CMU,20.0,1.0,DSR,2027.0,65.0,2024.0
Enel X UK Limited,U24407,Yes,Unproven DSR CMU,20.0,1.0,DSR,2027.0,65.0,2024.0
Enel X UK Limited,U24416,Yes,Unproven DSR CMU,20.0,1.0,DSR,2027.0,65.0,2024.0
Enel X UK Limited,U24413,Yes,Unproven DSR CMU,20.0,1.0,DSR,2027.0,65.0,2024.0
Enel X UK Limited,U24425,Yes,Unproven DSR CMU,20.0,1.0,DSR,2027.0,65.0,2024.0
Enel X UK Limited,U24402,Yes,Unproven DSR CMU,20.0,1.0,DSR,2027.0,65.0,2024.0
Enel X UK Limited,U24408,Yes,Unproven DSR CMU,20.0,1.0,DSR,2027.0,65.0,2024.0
Enel X UK Limited,U24405,Yes,Unproven DSR CMU,20.0,1.0,DSR,2027.0,65.0,2024.0
Enel X UK Limited,U24428,Yes,Unproven DSR CMU,20.0,1.0,DSR,2027.0,65.0,2024.0
Enel X UK Limited,U24414,Yes,Unproven DSR CMU,20.0,1.0,DSR,2027.0,65.0,2024.0
Enel X UK Limited,U24411,Yes,Unproven DSR CMU,20.0,1.0,DSR,2027.0,65.0,2024.0
Enel X UK Limited,U24409,Yes,Unproven DSR CMU,20.0,1.0,DSR,2027.0,65.0,2024.0
Enel X UK Limited,U24417,Yes,Unproven DSR CMU,20.0,1.0,DSR,2027.0,65.0,2024.0
EPR GLANFORD LIMITED,EPRGLA,No,Existing Generating CMU,10.814,1.0,Biomass,2027.0,65.0,2024.0
EPR SCOTLAND LIMITED,EPRSCO,No,Existing Generating CMU,7.219,1.0,Biomass,2027.0,65.0,2024.0
EPR THETFORD LIMITED,EPRTHT,No,Existing Generating CMU,34.08,1.0,Biomass,2027.0,65.0,2024.0
EPR EYE LIMITED,EPREYE,No,Existing Generating CMU,12.039,1.0,Biomass,2027.0,65.0,2024.0
ENFINIUM FERRYBRIDGE 2 LIMITED,F2--27,Yes,Existing Generating CMU,68.16,1.0,Waste,2027.0,65.0,2024.0
ENFINIUM KELVIN LIMITED,KL--27,Yes,New Build Generating CMU,30.982,1.0,Waste,2027.0,65.0,2024.0
ENFINIUM FERRYBRIDGE 1 LIMITED,F1--27,Yes,Existing Generating CMU,69.931,1.0,Waste,2027.0,65.0,2024.0
ENFINIUM SKELTON GRANGE LIMITED,SG--27,Yes,New Build Generating CMU,39.834,1.0,Waste,2027.0,65.0,2024.0
ENFINIUM PARC ADFER LIMITED ,PA--27,Yes,Existing Generating CMU,15.768,1.0,Waste,2027.0,65.0,2024.0
Eggborough Power Limited,EGOC27,No,New Build Generating CMU,282.107,15.0,Gas,2027.0,65.0,2024.0
EP SHB Limited,EPSHU1,Yes,Existing Generating CMU,732.262,1.0,Gas,2027.0,65.0,2024.0
EP SHB Limited,EPSHU2,Yes,Existing Generating CMU,517.941,1.0,Gas,2027.0,65.0,2024.0
EP Langage Limited,EPLAGA,Yes,Existing Generating CMU,828.89,1.0,Gas,2027.0,65.0,2024.0
Excel District Energy Company Limited,CES204,Yes,Existing Generating CMU,2.308,1.0,Gas,2027.0,65.0,2024.0
East London Energy Limited ,CES106,Yes,Existing Generating CMU,2.649,1.0,Gas,2027.0,65.0,2024.0
Birmingham District Energy Company Limited,CES310,Yes,Existing Generating CMU,2.625,1.0,Gas,2027.0,65.0,2024.0
Leicester District Energy Company Limited,CES208,Yes,Existing Generating CMU,4.196,1.0,Gas,2027.0,65.0,2024.0
East London Energy Limited ,CES107,Yes,Existing Generating CMU,5.348,1.0,Gas,2027.0,65.0,2024.0
EQUANS URBAN ENERGY LIMITED,BPS001,Yes,Existing Generating CMU,3.258,1.0,Gas,2027.0,65.0,2024.0
Birmingham District Energy Company Limited,CES810,Yes,Existing Generating CMU,1.914,1.0,Gas,2027.0,65.0,2024.0
ESB SOLAR (NORTHERN IRELAND) LIMITED,MLFR-1,Yes,Existing Generating CMU,0.387,1.0,Storage - Battery,2027.0,65.0,2024.0
Carrington Power Limited,CART-1,Yes,Existing Generating CMU,416.735,1.0,Gas,2027.0,65.0,2024.0
Carrington Power Limited,CART-2,Yes,Existing Generating CMU,416.735,1.0,Gas,2027.0,65.0,2024.0
Capella Bess Ltd,NCAS_0,No,New Build Generating CMU,12.004,15.0,Storage - Battery,2027.0,65.0,2024.0
"ESSO PETROLEUM COMPANY,LIMITED",EMD-23,Yes,Existing Generating CMU,73.084,1.0,Gas,2027.0,65.0,2024.0
"ESSO PETROLEUM COMPANY,LIMITED",EMG-23,Yes,Existing Generating CMU,126.8,1.0,Gas,2027.0,65.0,2024.0
FCC (E&M) Limited,FCCMI3,Yes,Existing Generating CMU,13.278,1.0,Waste,2027.0,65.0,2024.0
FCC Buckinghamshire Limited,FCCBU3,Yes,Existing Generating CMU,24.077,1.0,Waste,2027.0,65.0,2024.0
First Hydro Company,9D4234,Yes,Existing Generating CMU,284.274,1.0,Storage - Pumped,2027.0,65.0,2024.0
First Hydro Company,9D5234,Yes,Existing Generating CMU,283.299,1.0,Storage - Pumped,2027.0,65.0,2024.0
First Hydro Company,9D6234,Yes,Existing Generating CMU,286.854,1.0,Storage - Pumped,2027.0,65.0,2024.0
First Hydro Company,9D3234,Yes,Existing Generating CMU,283.771,1.0,Storage - Pumped,2027.0,65.0,2024.0
FLEXION ENERGY HOLDINGS UK LTD,iV018D,Yes,New Build Generating CMU,5.233,15.0,Storage - Battery,2027.0,65.0,2024.0
FLEXION ENERGY HOLDINGS UK LTD,iV019F,Yes,New Build Generating CMU,4.617,15.0,Storage - Battery,2027.0,65.0,2024.0
Lunanhead Energy Storage Limited,LUNA27,Yes,New Build Generating CMU,5.387,15.0,Storage - Battery,2027.0,65.0,2024.0
WARLEY BATTERY STORAGE LIMITED,WARL27,Yes,New Build Generating CMU,5.387,15.0,Storage - Battery,2027.0,65.0,2024.0
GLENDEVON ENERGY STORAGE LIMITED,GLEN_1,Yes,New Build Generating CMU,5.387,15.0,Storage - Battery,2027.0,65.0,2024.0
SPANGO GENERATION LIMITED,SHAP23,Yes,New Build Generating CMU,21.229,15.0,Gas,2027.0,65.0,2024.0
SPANGO GENERATION LIMITED,FELL23,Yes,New Build Generating CMU,21.229,15.0,Gas,2027.0,65.0,2024.0
Forsa Energy (Beryl Street) Holdings Limited,AVON23,Yes,New Build Generating CMU,4.246,15.0,Gas,2027.0,65.0,2024.0
FORSA ENERGY (DRUMCROSS) HOLDINGS LIMITED,NORD23,No,New Build Generating CMU,21.229,15.0,Gas,2027.0,65.0,2024.0
Fishcross Generation Limited,FINT01,No,New Build Generating CMU,18.776,15.0,Gas,2027.0,65.0,2024.0
FP LUX SCURF DYKE SOLAR LIMITED,SCU003,Yes,New Build Generating CMU,0.906,15.0,Storage - Battery,2027.0,65.0,2024.0
FRASERBURGH ENERGY LTD,FRSRBR,Yes,New Build Generating CMU,4.155,15.0,Storage - Battery,2027.0,65.0,2024.0
HARRINGTON FRANKLIN LIMITED,HFL001,Yes,New Build Generating CMU,4.781,15.0,Storage - Battery,2027.0,65.0,2024.0
KiWi Power Ltd,KPST57,Yes,Existing Generating CMU,6.796,1.0,Gas,2027.0,65.0,2024.0
KiWi Power Ltd,KEG009,Yes,Existing Generating CMU,2.531,1.0,Onshore Wind,2027.0,65.0,2024.0
ELECLINK LIMITED,ElecL8,Yes,Existing Interconnector CMU,640.0,1.0,Interconnector,2027.0,65.0,2024.0
Glass Leaf Power Limited,BRAN23,Yes,Existing Generating CMU,3.145,1.0,Gas,2027.0,65.0,2024.0
GSES 1 LIMITED,ANC1B1,Yes,Existing Generating CMU,0.24,1.0,Storage - Battery,2027.0,65.0,2024.0
GSES 1 LIMITED,ANC2B1,Yes,Existing Generating CMU,0.24,1.0,Storage - Battery,2027.0,65.0,2024.0
OSSPV001 LIMITED,GSF006,Yes,Proven DSR CMU,7.112,1.0,DSR,2027.0,65.0,2024.0
GSES 1 LIMITED,AGLAR5,Yes,Existing Generating CMU,0.975,1.0,Storage - Battery,2027.0,65.0,2024.0
GSES 1 LIMITED,ADSLS5,Yes,Existing Generating CMU,1.076,1.0,Storage - Battery,2027.0,65.0,2024.0
GSES 1 LIMITED,AGHUL5,Yes,Existing Generating CMU,1.084,1.0,Storage - Battery,2027.0,65.0,2024.0
FCC Environment (Lincolnshire) Limited,FCCLI5,Yes,Existing Generating CMU,11.596,1.0,Waste,2027.0,65.0,2024.0
Douglas West Wind Farm Ltd,DGWES3,Yes,Existing Generating CMU,3.164,1.0,Onshore Wind,2027.0,65.0,2024.0
TWENTYSHILLING LIMITED,TWESH1,Yes,Existing Generating CMU,2.657,1.0,Onshore Wind,2027.0,65.0,2024.0
WINDY RIG WIND FARM LIMITED,WINDY1,Yes,Existing Generating CMU,3.009,1.0,Onshore Wind,2027.0,65.0,2024.0
Greenlink Interconnector Limited,GILIC1,Yes,New Build Interconnector CMU,272.16,1.0,Interconnector,2027.0,65.0,2024.0
Greenspan Nifty Fifty Limited,WPKA07,Yes,Existing Generating CMU,3.774,1.0,Gas,2027.0,65.0,2024.0
Greenspan Nifty Fifty Limited,WPKB07,Yes,Existing Generating CMU,3.774,1.0,Gas,2027.0,65.0,2024.0
Bolshan Renewables Limited,SRHA06,Yes,Existing Generating CMU,0.791,1.0,Storage - Battery,2027.0,65.0,2024.0
Greenspan Contractors Limited,ABCN07,Yes,Existing Generating CMU,3.774,1.0,Gas,2027.0,65.0,2024.0
WORCESTERSHIRE SOLAR 1 LIMITED,WORC27,Yes,New Build Generating CMU,5.079,15.0,Storage - Battery,2027.0,65.0,2024.0
GridBeyond Limited,GBD026,Yes,Proven DSR CMU,5.654,1.0,DSR,2027.0,65.0,2024.0
GridBeyond Limited,GBD023,Yes,Proven DSR CMU,25.697,1.0,DSR,2027.0,65.0,2024.0
GridBeyond Limited,GBD039,Yes,Proven DSR CMU,2.49,1.0,DSR,2027.0,65.0,2024.0
GridBeyond Limited,GBD040,Yes,Proven DSR CMU,3.06,1.0,DSR,2027.0,65.0,2024.0
GridBeyond Limited,GBD024,Yes,Proven DSR CMU,5.855,1.0,DSR,2027.0,65.0,2024.0
GridBeyond Limited,UEN038,Yes,Unproven DSR CMU,10.273,1.0,DSR,2027.0,65.0,2024.0
GridBeyond Limited,UEN039,Yes,Unproven DSR CMU,8.692,1.0,DSR,2027.0,65.0,2024.0
GridBeyond Limited,UEN051,Yes,Unproven DSR CMU,3.951,1.0,DSR,2027.0,65.0,2024.0
GridBeyond Limited,UEN052,Yes,Unproven DSR CMU,5.927,1.0,DSR,2027.0,65.0,2024.0
GridBeyond Limited,UEN055,Yes,Unproven DSR CMU,46.622,1.0,DSR,2027.0,65.0,2024.0
GridBeyond Limited,UEN056,Yes,Unproven DSR CMU,9.482,1.0,DSR,2027.0,65.0,2024.0
GridBeyond Limited,GBD047,Yes,Existing Generating CMU,9.088,1.0,Gas,2027.0,65.0,2024.0
GridBeyond Limited,BEHB01,Yes,New Build Generating CMU,9.875,15.0,Waste,2027.0,65.0,2024.0
GridBeyond Limited,GBD012,Yes,Existing Generating CMU,1.339,1.0,Gas,2027.0,65.0,2024.0
GridBeyond Limited,OSEG01,Yes,New Build Generating CMU,1.374,6.0,Gas,2027.0,65.0,2024.0
GridBeyond Limited,OSEG02,Yes,New Build Generating CMU,0.916,6.0,Gas,2027.0,65.0,2024.0
GridBeyond Limited,GBD022,Yes,Existing Generating CMU,1.801,1.0,Gas,2027.0,65.0,2024.0
GridBeyond Limited,GBD009,Yes,Existing Generating CMU,30.278,1.0,Gas,2027.0,65.0,2024.0
GridBeyond Limited,GBD013,Yes,Existing Generating CMU,6.063,1.0,Gas,2027.0,65.0,2024.0
GridBeyond Limited,GBD030,Yes,Proven DSR CMU,7.191,1.0,DSR,2027.0,65.0,2024.0
GridBeyond Limited,GBD031,Yes,Proven DSR CMU,3.332,1.0,DSR,2027.0,65.0,2024.0
GridBeyond Limited,GBD029,Yes,Proven DSR CMU,5.414,1.0,DSR,2027.0,65.0,2024.0
GridBeyond Limited,GBD028,Yes,Proven DSR CMU,5.798,1.0,DSR,2027.0,65.0,2024.0
GridBeyond Limited,GBD027,Yes,Proven DSR CMU,3.97,1.0,DSR,2027.0,65.0,2024.0
GridBeyond Limited,GBD014,Yes,Proven DSR CMU,3.071,1.0,DSR,2027.0,65.0,2024.0
GridBeyond Limited,GBD002,Yes,Proven DSR CMU,2.999,1.0,DSR,2027.0,65.0,2024.0
GridBeyond Limited,GBD035,Yes,Proven DSR CMU,1.936,1.0,DSR,2027.0,65.0,2024.0
GridBeyond Limited,GBD044,Yes,Proven DSR CMU,25.286,1.0,DSR,2027.0,65.0,2024.0
GridBeyond Limited,GBD033,Yes,Proven DSR CMU,5.737,1.0,DSR,2027.0,65.0,2024.0
GridBeyond Limited,GBD032,Yes,Proven DSR CMU,3.16,1.0,DSR,2027.0,65.0,2024.0
GridBeyond Limited,GBD025,Yes,Proven DSR CMU,7.582,1.0,DSR,2027.0,65.0,2024.0
CLAYHILL SOLAR LIMITED,AGCLHS,Yes,Existing Generating CMU,0.403,1.0,Storage - Battery,2027.0,65.0,2024.0
GRIDSOURCE (WOBURN RD) LIMITED,WBN005,Yes,New Build Generating CMU,1.2,15.0,Storage - Battery,2027.0,65.0,2024.0
Harmony HB Limited,HHBL27,Yes,Existing Generating CMU,0.77,1.0,Storage - Battery,2027.0,65.0,2024.0
HARMONY HS (JV) LIMITED,HHSL27,Yes,New Build Generating CMU,3.078,15.0,Storage - Battery,2027.0,65.0,2024.0
HARMONY KB LIMITED,HKBL27,Yes,New Build Generating CMU,12.312,15.0,Storage - Battery,2027.0,65.0,2024.0
HARMONY SK LIMITED,HLSK27,Yes,New Build Generating CMU,4.155,15.0,Storage - Battery,2027.0,65.0,2024.0
Grangemouth CHP Limited,GCHPLB,Yes,Existing Generating CMU,130.058,1.0,Gas,2027.0,65.0,2024.0
INOVYN ChlorVinyls Limited,INO201,Yes,Proven DSR CMU,28.123,1.0,DSR,2027.0,65.0,2024.0
INOVYN ChlorVinyls Limited,INO101,Yes,Existing Generating CMU,8.887,1.0,Gas,2027.0,65.0,2024.0
INOVYN ChlorVinyls Limited,VID201,Yes,Existing Generating CMU,41.604,1.0,Waste,2027.0,65.0,2024.0
BALNACRAIG BATTERY STORAGE LIMITED,BAL001,Yes,New Build Generating CMU,4.781,15.0,Storage - Battery,2027.0,65.0,2024.0
"Rocksavage Power Company, Ltd.",IGRK23,Yes,Existing Generating CMU,741.879,1.0,Gas,2027.0,65.0,2024.0
"Spalding Energy Company, Ltd.",IGSP23,Yes,Existing Generating CMU,870.105,1.0,Gas,2027.0,65.0,2024.0
"Coryton Energy Company, Ltd.",IGCE23,Yes,Existing Generating CMU,732.72,1.0,Gas,2027.0,65.0,2024.0
NEWBOLD PACEY SOLAR LIMITED,ELMS00,Yes,New Build Generating CMU,1.267,15.0,Solar,2027.0,65.0,2024.0
JBM SOLAR PROJECTS 14 LTD,MINE23,Yes,New Build Generating CMU,4.386,15.0,Storage - Battery,2027.0,65.0,2024.0
JBM SOLAR PROJECTS 2 LTD,LANF23,Yes,New Build Generating CMU,3.232,15.0,Storage - Battery,2027.0,65.0,2024.0
JBM SOLAR PROJECTS 17 LTD,CLAD23,Yes,New Build Generating CMU,0.923,15.0,Storage - Battery,2027.0,65.0,2024.0
JBM SOLAR PROJECTS 13 LIMITED,WICK23,Yes,New Build Generating CMU,4.608,15.0,Storage - Battery,2027.0,65.0,2024.0
Kent Enviropower Limited,FCCAL3,Yes,Existing Generating CMU,32.644,1.0,Waste,2027.0,65.0,2024.0
KXP WINTERTON LIMITED,SCUN27,Yes,New Build Generating CMU,14.621,15.0,Storage - Battery,2027.0,65.0,2024.0
LAKESIDE ENERGY FROM WASTE LIMITED,LAKE27,Yes,Existing Generating CMU,31.999,1.0,Waste,2027.0,65.0,2024.0
LIGHTSOURCE SPV 216 LIMITED,TILN02,Yes,New Build Generating CMU,3.386,1.0,Storage - Battery,2027.0,65.0,2024.0
LOW CARBON UK SOLAR INVESTMENT COMPANY LIMITED,LCB005,Yes,New Build Generating CMU,3.096,15.0,Storage - Battery,2027.0,65.0,2024.0
LOW CARBON UK SOLAR INVESTMENT COMPANY LIMITED,LCB006,Yes,New Build Generating CMU,3.721,15.0,Storage - Battery,2027.0,65.0,2024.0
LOW CARBON UK SOLAR INVESTMENT COMPANY LIMITED,LCB001,Yes,New Build Generating CMU,0.817,15.0,Storage - Battery,2027.0,65.0,2024.0
LOW CARBON UK SOLAR INVESTMENT COMPANY LIMITED,LCB002,Yes,New Build Generating CMU,0.826,15.0,Storage - Battery,2027.0,65.0,2024.0
LOW CARBON UK SOLAR INVESTMENT COMPANY LIMITED,LCB004,Yes,New Build Generating CMU,2.064,15.0,Storage - Battery,2027.0,65.0,2024.0
FRP MERCIA HOLDCO 2 LIMITED,F2GE23,Yes,Existing Generating CMU,4.62,1.0,Gas,2027.0,65.0,2024.0
FRP MERCIA HOLDCO 2 LIMITED,F2FB23,Yes,New Build Generating CMU,6.929,15.0,Gas,2027.0,65.0,2024.0
FRP MERCIA HOLDCO 2 LIMITED,F2HV23,Yes,New Build Generating CMU,2.772,15.0,Gas,2027.0,65.0,2024.0
FRP MERCIA HOLDCO 2 LIMITED,F2SO23,Yes,New Build Generating CMU,4.62,15.0,Gas,2027.0,65.0,2024.0
FRP MERCIA HOLDCO 2 LIMITED,F2HA23,Yes,New Build Generating CMU,3.696,15.0,Gas,2027.0,65.0,2024.0
FRP MERCIA HOLDCO LIMITED,DRPKR4,Yes,Existing Generating CMU,3.695,1.0,Gas,2027.0,65.0,2024.0
FRP MERCIA HOLDCO LIMITED,ASMUS4,Yes,Existing Generating CMU,7.389,1.0,Gas,2027.0,65.0,2024.0
Mercia Waste Management Limited,MWM001,Yes,Existing Generating CMU,17.367,1.0,Waste,2027.0,65.0,2024.0
Moyle Interconnector Limited,Moyle8,Yes,Existing Interconnector CMU,270.0,1.0,Interconnector,2027.0,65.0,2024.0
National Grid IFA2 Limited,IFA223,Yes,Existing Interconnector CMU,660.0,1.0,Interconnector,2027.0,65.0,2024.0
National Grid Interconnectors Limited,IFA_23,Yes,Existing Interconnector CMU,1172.92,1.0,Interconnector,2027.0,65.0,2024.0
BRITNED DEVELOPMENT LIMITED,Brit23,Yes,Existing Interconnector CMU,732.0,1.0,Interconnector,2027.0,65.0,2024.0
NEMO LINK LIMITED,NEMO23,Yes,Existing Interconnector CMU,640.0,1.0,Interconnector,2027.0,65.0,2024.0
National Grid North Sea Link Limited,NSL_23,Yes,Existing Interconnector CMU,1162.0,1.0,Interconnector,2027.0,65.0,2024.0
NATIONAL GRID VIKING LINK LIMITED,VIK_23,Yes,New Build Interconnector CMU,770.0,1.0,Interconnector,2027.0,65.0,2024.0
Nuclear Decommissioning Authority,NDAMAN,Yes,Existing Generating CMU,25.717,1.0,Hydro,2027.0,65.0,2024.0
OCTOPUS ENERGY LIMITED,OCTO24,Yes,Unproven DSR CMU,39.51,1.0,DSR,2027.0,65.0,2024.0
OCTOPUS ENERGY LIMITED,OCTO26,Yes,Unproven DSR CMU,39.51,1.0,DSR,2027.0,65.0,2024.0
OCTOPUS ENERGY LIMITED,OCTO27,Yes,Unproven DSR CMU,39.51,1.0,DSR,2027.0,65.0,2024.0
OCTOPUS ENERGY LIMITED,OCTO29,Yes,Unproven DSR CMU,39.51,1.0,DSR,2027.0,65.0,2024.0
OCTOPUS ENERGY LIMITED,OCTO30,Yes,Unproven DSR CMU,39.51,1.0,DSR,2027.0,65.0,2024.0
The Isle of Wight Energy Company Limited,ARRE23,No,New Build Generating CMU,0.195,15.0,Storage - Battery,2027.0,65.0,2024.0
The Isle of Wight Energy Company Limited,IWTSLI,Yes,Unproven DSR CMU,2.524,1.0,DSR,2027.0,65.0,2024.0
The Isle of Wight Energy Company Limited,IWHALI,Yes,Unproven DSR CMU,1.452,1.0,DSR,2027.0,65.0,2024.0
P3P Energy Management Limited,BREH23,Yes,Existing Generating CMU,14.153,1.0,Gas,2027.0,65.0,2024.0
P3P Energy Management AE Limited,CASQ23,Yes,Existing Generating CMU,3.112,1.0,Gas,2027.0,65.0,2024.0
SPARK STEAM LIMITED,TEES23,Yes,Existing Generating CMU,6.227,1.0,Gas,2027.0,65.0,2024.0
W4B Renewable Energy Limited,W42023,Yes,Existing Generating CMU,18.624,1.0,Diesel,2027.0,65.0,2024.0
Peak Gen Power Limited,COVT23,Yes,Existing Generating CMU,5.603,1.0,Diesel,2027.0,65.0,2024.0
Peak Gen Power Limited,DID-23,Yes,Existing Generating CMU,3.114,1.0,Diesel,2027.0,65.0,2024.0
Peak Gen Power Limited,HAT-23,Yes,Existing Generating CMU,5.017,1.0,Diesel,2027.0,65.0,2024.0
Peak Gen Power Limited,HAY-23,Yes,Existing Generating CMU,5.115,1.0,Diesel,2027.0,65.0,2024.0
Peak Gen Power 2 Limited,PB2023,Yes,Refurbishing Generating CMU,18.87,15.0,Biomass,2027.0,65.0,2024.0
HD192RAY LTD,RAYL27,Yes,New Build Generating CMU,15.359,15.0,Storage - Battery,2027.0,65.0,2024.0
HB411MIN Ltd,MIN27B,Yes,New Build Generating CMU,7.31,15.0,Storage - Battery,2027.0,65.0,2024.0
HB333MIL LTD,MIL027,Yes,New Build Generating CMU,8.772,15.0,Storage - Battery,2027.0,65.0,2024.0
PENSO POWER LIMITED,BERK27,Yes,New Build Generating CMU,38.52,15.0,Storage - Battery,2027.0,65.0,2024.0
Pivoted Power LLP,PPBT23,Yes,New Build Generating CMU,7.912,15.0,Storage - Battery,2027.0,65.0,2024.0
Pivoted Power LLP,PPNP23,Yes,New Build Generating CMU,7.912,15.0,Storage - Battery,2027.0,65.0,2024.0
Pivoted Power LLP,PPCW23,Yes,Existing Generating CMU,3.487,1.0,Storage - Battery,2027.0,65.0,2024.0
Pivoted Power LLP,PPKM23,Yes,Existing Generating CMU,3.487,1.0,Storage - Battery,2027.0,65.0,2024.0
Pivoted Power LLP,PPBB23,Yes,New Build Generating CMU,6.039,15.0,Storage - Battery,2027.0,65.0,2024.0
PULSE CLEAN ENERGY SPV WATT LIMITED,OV2027,Yes,New Build Generating CMU,6.772,15.0,Storage - Battery,2027.0,65.0,2024.0
Pulse Clean Energy UK Limited,HI2027,Yes,New Build Generating CMU,2.309,15.0,Storage - Battery,2027.0,65.0,2024.0
PULSE CLEAN ENERGY SPV ANNING LIMITED,TL2027,Yes,New Build Generating CMU,4.001,15.0,Storage - Battery,2027.0,65.0,2024.0
Sa Calobra Power Limited,WRLANE,Yes,New Build Generating CMU,5.54,15.0,Storage - Battery,2027.0,65.0,2024.0
DRUM FARM ENERGY STORAGE LIMITED,23DRU4,Yes,New Build Generating CMU,9.06,15.0,Storage - Battery,2027.0,65.0,2024.0
Flexitricity Limited,F23159,No,Existing Generating CMU,1.777,1.0,Gas,2027.0,65.0,2024.0
Flexitricity Limited,F23014,No,Existing Generating CMU,1.047,1.0,Gas,2027.0,65.0,2024.0
Flexitricity Limited,F23001,Yes,Existing Generating CMU,6.718,1.0,Gas,2027.0,65.0,2024.0
Flexitricity Limited,F18036,Yes,Existing Generating CMU,3.518,1.0,Gas,2027.0,65.0,2024.0
Flexitricity Limited,F18024,No,Existing Generating CMU,4.341,1.0,Gas,2027.0,65.0,2024.0
Flexitricity Limited,F20111,Yes,Existing Generating CMU,6.868,1.0,Gas,2027.0,65.0,2024.0
Flexitricity Limited,F20008,Yes,Existing Generating CMU,2.84,1.0,Gas,2027.0,65.0,2024.0
Flexitricity Limited,F20030,Yes,Existing Generating CMU,2.29,1.0,Gas,2027.0,65.0,2024.0
Flexitricity Limited,F21144,Yes,Existing Generating CMU,0.916,1.0,Gas,2027.0,65.0,2024.0
Flexitricity Limited,F21148,Yes,Existing Generating CMU,1.035,1.0,Gas,2027.0,65.0,2024.0
Flexitricity Limited,F21149,Yes,Existing Generating CMU,1.81,1.0,Gas,2027.0,65.0,2024.0
Flexitricity Limited,F21150,Yes,Existing Generating CMU,1.82,1.0,Gas,2027.0,65.0,2024.0
Flexitricity Limited,F23042,Yes,Proven DSR CMU,10.921,1.0,DSR,2027.0,65.0,2024.0
Flexitricity Limited,F23043,Yes,Proven DSR CMU,10.951,1.0,DSR,2027.0,65.0,2024.0
Flexitricity Limited,F23077,Yes,Proven DSR CMU,4.7,1.0,DSR,2027.0,65.0,2024.0
Flexitricity Limited,F23081,Yes,Proven DSR CMU,5.335,1.0,DSR,2027.0,65.0,2024.0
Flexitricity Limited,F23123,Yes,Unproven DSR CMU,4.978,1.0,DSR,2027.0,65.0,2024.0
Flexitricity Limited,F23124,Yes,Unproven DSR CMU,4.978,1.0,DSR,2027.0,65.0,2024.0
Flexitricity Limited,F23125,Yes,Unproven DSR CMU,4.978,1.0,DSR,2027.0,65.0,2024.0
Flexitricity Limited,F23126,Yes,Unproven DSR CMU,4.978,1.0,DSR,2027.0,65.0,2024.0
Flexitricity Limited,F23127,Yes,Unproven DSR CMU,4.978,1.0,DSR,2027.0,65.0,2024.0
Flexitricity Limited,F23128,Yes,Unproven DSR CMU,4.978,1.0,DSR,2027.0,65.0,2024.0
Flexitricity Limited,F23129,Yes,Unproven DSR CMU,4.978,1.0,DSR,2027.0,65.0,2024.0
Flexitricity Limited,F23130,Yes,Unproven DSR CMU,4.978,1.0,DSR,2027.0,65.0,2024.0
Flexitricity Limited,F23131,Yes,Unproven DSR CMU,4.978,1.0,DSR,2027.0,65.0,2024.0
Flexitricity Limited,F23132,Yes,Unproven DSR CMU,4.978,1.0,DSR,2027.0,65.0,2024.0
Flexitricity Limited,F23133,Yes,Unproven DSR CMU,4.978,1.0,DSR,2027.0,65.0,2024.0
Flexitricity Limited,F23112,Yes,Proven DSR CMU,2.173,1.0,DSR,2027.0,65.0,2024.0
Flexitricity Limited,F23113,Yes,Proven DSR CMU,1.4,1.0,DSR,2027.0,65.0,2024.0
Flexitricity Limited,F23162,Yes,Unproven DSR CMU,1.976,1.0,DSR,2027.0,65.0,2024.0
Flexitricity Limited,F23073,Yes,Proven DSR CMU,3.0,1.0,DSR,2027.0,65.0,2024.0
Flexitricity Limited,F23116,No,Proven DSR CMU,0.96,1.0,DSR,2027.0,65.0,2024.0
Flexitricity Limited,F23158,Yes,Existing Generating CMU,0.248,1.0,Storage - Battery,2027.0,65.0,2024.0
Flexitricity Limited,F21018,Yes,Existing Generating CMU,1.74,1.0,Gas,2027.0,65.0,2024.0
Flexitricity Limited,F22153,Yes,Existing Generating CMU,2.748,1.0,Gas,2027.0,65.0,2024.0
RIVERSIDE ENERGY PARK LIMITED,REPP21,Yes,New Build Generating CMU,62.299,15.0,Waste,2027.0,65.0,2024.0
RWE Generation UK plc,LBAR23,Yes,Existing Generating CMU,678.425,1.0,Gas,2027.0,65.0,2024.0
RWE Generation UK plc,PM1123,Yes,Existing Generating CMU,402.813,1.0,Gas,2027.0,65.0,2024.0
RWE Generation UK plc,PM2123,Yes,Existing Generating CMU,402.813,1.0,Gas,2027.0,65.0,2024.0
RWE Generation UK plc,PM3123,Yes,Existing Generating CMU,402.813,1.0,Gas,2027.0,65.0,2024.0
RWE Generation UK plc,PM4123,Yes,Existing Generating CMU,402.813,1.0,Gas,2027.0,65.0,2024.0
RWE Generation UK plc,PM5123,Yes,Existing Generating CMU,402.813,1.0,Gas,2027.0,65.0,2024.0
RWE Generation UK plc,STA123,Yes,Existing Generating CMU,401.164,1.0,Gas,2027.0,65.0,2024.0
RWE Generation UK plc,STA223,Yes,Existing Generating CMU,401.164,1.0,Gas,2027.0,65.0,2024.0
RWE Generation UK plc,STA323,Yes,Existing Generating CMU,401.164,1.0,Gas,2027.0,65.0,2024.0
RWE Generation UK plc,STA423,Yes,Existing Generating CMU,401.164,1.0,Gas,2027.0,65.0,2024.0
RWE Generation UK plc,BRAE23,Yes,Existing Generating CMU,1.74,1.0,Hydro,2027.0,65.0,2024.0
RWE Generation UK plc,HDAG23,Yes,Existing Generating CMU,0.991,1.0,Hydro,2027.0,65.0,2024.0
RWE Generation UK plc,DGHH23,Yes,Existing Generating CMU,15.277,1.0,Hydro,2027.0,65.0,2024.0
RWE Generation UK plc,DGLH23,Yes,Existing Generating CMU,13.538,1.0,Hydro,2027.0,65.0,2024.0
RWE Generation UK plc,GROG23,Yes,Existing Generating CMU,2.056,1.0,Hydro,2027.0,65.0,2024.0
RWE Generation UK plc,CWMD23,Yes,Existing Generating CMU,8.857,1.0,Hydro,2027.0,65.0,2024.0
RWE Generation UK plc,HDDI23,Yes,Existing Generating CMU,1.297,1.0,Hydro,2027.0,65.0,2024.0
RWE Generation UK plc,DIB523,Yes,Existing Generating CMU,697.266,1.0,Gas,2027.0,65.0,2024.0
RWE Generation UK plc,COW123,Yes,Existing Generating CMU,66.045,1.0,Distillate,2027.0,65.0,2024.0
RWE Generation UK plc,COW223,Yes,Existing Generating CMU,66.045,1.0,Distillate,2027.0,65.0,2024.0
RWE Generation UK plc,DID123,Yes,Existing Generating CMU,23.588,1.0,Distillate,2027.0,65.0,2024.0
RWE Generation UK plc,DID223,Yes,Existing Generating CMU,23.588,1.0,Distillate,2027.0,65.0,2024.0
RWE Generation UK plc,DID323,Yes,Existing Generating CMU,23.588,1.0,Distillate,2027.0,65.0,2024.0
RWE Generation UK plc,DID423,Yes,Existing Generating CMU,23.588,1.0,Distillate,2027.0,65.0,2024.0
RWE Generation UK plc,DIB623,Yes,Existing Generating CMU,653.687,1.0,Gas,2027.0,65.0,2024.0
RWE Generation UK plc,GYAR23,Yes,Existing Generating CMU,375.519,1.0,Gas,2027.0,65.0,2024.0
RWE Generation UK plc,HYTH23,Yes,Existing Generating CMU,45.703,1.0,Gas,2027.0,65.0,2024.0
Indian Queens Power Limited,IQ_234,Yes,Existing Generating CMU,132.09,1.0,Diesel,2027.0,65.0,2024.0
Saltend Cogeneration Company Limited,S1_234,Yes,Existing Generating CMU,335.829,1.0,Gas,2027.0,65.0,2024.0
Saltend Cogeneration Company Limited,S2_234,Yes,Existing Generating CMU,335.829,1.0,Gas,2027.0,65.0,2024.0
Saltend Cogeneration Company Limited,S3_234,Yes,Existing Generating CMU,335.829,1.0,Gas,2027.0,65.0,2024.0
Seabank Power Limited,SPL1_2,Yes,Existing Generating CMU,1130.221,1.0,Gas,2027.0,65.0,2024.0
SECURE GENERATION LIMITED,SEC027,Yes,Existing Generating CMU,3.073,1.0,Gas,2027.0,65.0,2024.0
EFFICIENT GENERATION LIMITED,EFF027,Yes,Existing Generating CMU,4.285,1.0,Gas,2027.0,65.0,2024.0
UK Power Reserve Limited,23PR04,Yes,Existing Generating CMU,9.435,1.0,Gas,2027.0,65.0,2024.0
UK Power Reserve Limited,23PR05,Yes,Existing Generating CMU,9.435,1.0,Gas,2027.0,65.0,2024.0
UK Power Reserve Limited,23PR06,Yes,Existing Generating CMU,9.401,1.0,Gas,2027.0,65.0,2024.0
UK Power Reserve Limited,23PR08,Yes,Existing Generating CMU,9.152,1.0,Gas,2027.0,65.0,2024.0
UK Power Reserve Limited,23PR09,Yes,Existing Generating CMU,7.272,1.0,Gas,2027.0,65.0,2024.0
UK Power Reserve Limited,23PR10,Yes,Existing Generating CMU,8.877,1.0,Gas,2027.0,65.0,2024.0
UK Power Reserve Limited,23PR11,Yes,Existing Generating CMU,9.435,1.0,Gas,2027.0,65.0,2024.0
Sembcorp Utilities (UK) Limited,S27G1S,Yes,Existing Generating CMU,61.709,1.0,Gas,2027.0,65.0,2024.0
Sembcorp Utilities (UK) Limited,S27G02,Yes,Existing Generating CMU,38.926,1.0,Gas,2027.0,65.0,2024.0
UK Power Reserve Limited,23PR01,Yes,Existing Generating CMU,9.435,1.0,Gas,2027.0,65.0,2024.0
UK Power Reserve Limited,23PR02,Yes,Existing Generating CMU,9.435,1.0,Gas,2027.0,65.0,2024.0
Impact Power Limited,EMIST2,Yes,Proven DSR CMU,2.088,1.0,DSR,2027.0,65.0,2024.0
SUEZ RECYCLING AND RECOVERY KIRKLEES LTD,SUEZ21,Yes,Existing Generating CMU,9.268,1.0,Waste,2027.0,65.0,2024.0
SIMEC Lochaber Hydropower 2 Limited,G22023,Yes,Existing Generating CMU,14.93,1.0,Hydro,2027.0,65.0,2024.0
SIMEC Lochaber Hydropower 2 Limited,G32023,Yes,Existing Generating CMU,12.601,1.0,Hydro,2027.0,65.0,2024.0
SIMEC Lochaber Hydropower 2 Limited,G42023,Yes,Existing Generating CMU,15.372,1.0,Hydro,2027.0,65.0,2024.0
SIMEC Lochaber Hydropower 2 Limited,G52023,Yes,Existing Generating CMU,15.077,1.0,Hydro,2027.0,65.0,2024.0
SIMEC Lochaber Hydropower 2 Limited,G12023,Yes,Existing Generating CMU,15.162,1.0,Hydro,2027.0,65.0,2024.0
PYEBRIDGE POWER LTD,MAPB23,Yes,Existing Generating CMU,5.095,1.0,Gas,2027.0,65.0,2024.0
South Tyne and Wear Energy Recovery Limited,SUEZ24,Yes,Existing Generating CMU,20.629,1.0,Waste,2027.0,65.0,2024.0
SSE Generation Limited,FAS327,Yes,Existing Generating CMU,20.976,1.0,Hydro,2027.0,65.0,2024.0
SSE Generation Limited,GLEN27,Yes,Existing Generating CMU,47.424,1.0,Hydro,2027.0,65.0,2024.0
SSE Generation Limited,INAW27,Yes,Existing Generating CMU,22.8,1.0,Hydro,2027.0,65.0,2024.0
SSE Generation Limited,LUIC27,Yes,Existing Generating CMU,31.008,1.0,Hydro,2027.0,65.0,2024.0
SSE Generation Limited,LOC127,Yes,Existing Generating CMU,20.52,1.0,Hydro,2027.0,65.0,2024.0
SSE Generation Limited,LOC227,Yes,Existing Generating CMU,20.52,1.0,Hydro,2027.0,65.0,2024.0
SSE Generation Limited,RAN127,Yes,Existing Generating CMU,13.375,1.0,Hydro,2027.0,65.0,2024.0
SSE Generation Limited,RAN227,Yes,Existing Generating CMU,13.375,1.0,Hydro,2027.0,65.0,2024.0
SSE Generation Limited,RAN327,Yes,Existing Generating CMU,13.375,1.0,Hydro,2027.0,65.0,2024.0
SSEPG (Operations) Limited,BURG27,Yes,Existing Generating CMU,44.382,1.0,Gas,2027.0,65.0,2024.0
SSEPG (Operations) Limited,CHIC27,Yes,Existing Generating CMU,44.382,1.0,Gas,2027.0,65.0,2024.0
Keadby Generation Limited,KEAD27,Yes,Existing Generating CMU,692.292,1.0,Gas,2027.0,65.0,2024.0
SSE Utility Solutions Limited,FERB27,Yes,New Build Generating CMU,15.005,15.0,Storage - Battery,2027.0,65.0,2024.0
SSE Utility Solutions Limited,FIDB27,Yes,New Build Generating CMU,15.005,15.0,Storage - Battery,2027.0,65.0,2024.0
SSE Utility Solutions Limited,MFRB27,Yes,New Build Generating CMU,32.011,15.0,Storage - Battery,2027.0,65.0,2024.0
SSE Generation Limited,SLO227,Yes,Existing Generating CMU,36.48,1.0,Hydro,2027.0,65.0,2024.0
SSE Generation Limited,TUM127,Yes,Existing Generating CMU,15.504,1.0,Hydro,2027.0,65.0,2024.0
SSE Generation Limited,TUM227,Yes,Existing Generating CMU,15.504,1.0,Hydro,2027.0,65.0,2024.0
SSE Generation Limited,NANT27,Yes,Existing Generating CMU,13.68,1.0,Hydro,2027.0,65.0,2024.0
SSE Generation Limited,STFL27,Yes,Existing Generating CMU,15.349,1.0,Hydro,2027.0,65.0,2024.0
SSE Generation Limited,CULL27,Yes,Existing Generating CMU,12.411,1.0,Hydro,2027.0,65.0,2024.0
SSE Generation Limited,BEAU27,Yes,Existing Generating CMU,36.48,1.0,Hydro,2027.0,65.0,2024.0
SSE Generation Limited,MOSS27,Yes,Existing Generating CMU,17.054,1.0,Hydro,2027.0,65.0,2024.0
SSE Generation Limited,ORRI27,Yes,Existing Generating CMU,16.416,1.0,Hydro,2027.0,65.0,2024.0
SSE Generation Limited,INVG27,Yes,Existing Generating CMU,18.24,1.0,Hydro,2027.0,65.0,2024.0
SSE Generation Limited,QUOI27,Yes,Existing Generating CMU,16.462,1.0,Hydro,2027.0,65.0,2024.0
SSE Generation Limited,KILL27,Yes,Existing Generating CMU,13.872,1.0,Hydro,2027.0,65.0,2024.0
SSE Generation Limited,CNCR27,Yes,Existing Generating CMU,18.24,1.0,Hydro,2027.0,65.0,2024.0
SSE Generation Limited,GRD227,Yes,Existing Generating CMU,19.881,1.0,Hydro,2027.0,65.0,2024.0
SSE Generation Limited,SHIN27,Yes,Existing Generating CMU,20.173,1.0,Hydro,2027.0,65.0,2024.0
SSE Generation Limited,TORR27,Yes,Existing Generating CMU,13.68,1.0,Hydro,2027.0,65.0,2024.0
SSE Generation Limited,GAUR27,Yes,Existing Generating CMU,6.84,1.0,Hydro,2027.0,65.0,2024.0
SSE Generation Limited,FASC27,Yes,Existing Generating CMU,6.84,1.0,Hydro,2027.0,65.0,2024.0
SSE Generation Limited,CASS27,Yes,Existing Generating CMU,9.149,1.0,Hydro,2027.0,65.0,2024.0
SSE Generation Limited,FIN27R,Yes,Existing Generating CMU,15.048,1.0,Hydro,2027.0,65.0,2024.0
SSE Generation Limited,FOY127,Yes,Existing Generating CMU,141.555,1.0,Storage - Pumped,2027.0,65.0,2024.0
SSE Generation Limited,FOY227,Yes,Existing Generating CMU,141.555,1.0,Storage - Pumped,2027.0,65.0,2024.0
SSE Energy Supply Limited,MRWD27,Yes,Existing Generating CMU,842.628,1.0,Gas,2027.0,65.0,2024.0
SSE THERMAL GENERATION (SCOTLAND) LIMITED,PEH127,Yes,Existing Generating CMU,1080.762,1.0,Gas,2027.0,65.0,2024.0
Medway Power Limited,MEDP27,Yes,Existing Generating CMU,673.187,1.0,Gas,2027.0,65.0,2024.0
SSE Generation Limited,CLAC27,Yes,Existing Generating CMU,36.48,1.0,Hydro,2027.0,65.0,2024.0
SSE Generation Limited,CLUN27,Yes,Existing Generating CMU,69.494,1.0,Hydro,2027.0,65.0,2024.0
SSE Generation Limited,DEA127,Yes,Existing Generating CMU,17.328,1.0,Hydro,2027.0,65.0,2024.0
SSE Generation Limited,DEA227,Yes,Existing Generating CMU,17.328,1.0,Hydro,2027.0,65.0,2024.0
SSE Generation Limited,ERR127,Yes,Existing Generating CMU,22.8,1.0,Hydro,2027.0,65.0,2024.0
SSE Generation Limited,ERR227,Yes,Existing Generating CMU,22.8,1.0,Hydro,2027.0,65.0,2024.0
SSE RENEWABLES WIND FARMS (UK) LIMITED,HAHI27,Yes,Existing Generating CMU,7.023,1.0,Onshore Wind,2027.0,65.0,2024.0
SSE Generation Limited,ARTF27,Yes,Existing Generating CMU,2.011,1.0,Onshore Wind,2027.0,65.0,2024.0
SSE Generation Limited,DRUM27,Yes,Existing Generating CMU,2.25,1.0,Onshore Wind,2027.0,65.0,2024.0
SSE Generation Limited,ERR327,Yes,Existing Generating CMU,22.8,1.0,Hydro,2027.0,65.0,2024.0
SSE Generation Limited,FAS127,Yes,Existing Generating CMU,20.976,1.0,Hydro,2027.0,65.0,2024.0
SSE Generation Limited,FAS227,Yes,Existing Generating CMU,20.976,1.0,Hydro,2027.0,65.0,2024.0
Saltholme South Power Limited,SEL131,Yes,Existing Generating CMU,47.166,1.0,Gas,2027.0,65.0,2024.0
EXETER STORAGE LIMITED,SEL139,Yes,New Build Generating CMU,44.631,15.0,Storage - Battery,2027.0,65.0,2024.0
THURROCK STORAGE LIMITED,SEL136,Yes,New Build Generating CMU,7.695,15.0,Storage - Battery,2027.0,65.0,2024.0
THURROCK STORAGE LIMITED,SEL137,Yes,New Build Generating CMU,15.39,15.0,Storage - Battery,2027.0,65.0,2024.0
THURROCK STORAGE 2 LIMITED,SEL135,Yes,New Build Generating CMU,169.83,15.0,Gas,2027.0,65.0,2024.0
STATKRAFT UK LTD,NINB-1,Yes,New Build Generating CMU,19.458,15.0,Storage - Battery,2027.0,65.0,2024.0
BALWEN LIMITED,THOR-2,Yes,New Build Generating CMU,31.134,15.0,Storage - Battery,2027.0,65.0,2024.0
STOR 149 Ltd,STOR49,Yes,New Build Generating CMU,15.375,15.0,Storage - Battery,2027.0,65.0,2024.0
STOR 107 Ltd,STOR07,No,New Build Generating CMU,3.078,15.0,Storage - Battery,2027.0,65.0,2024.0
STOR 136 Ltd,STOR36,No,New Build Generating CMU,15.375,15.0,Storage - Battery,2027.0,65.0,2024.0
SUEZ RECYCLING AND RECOVERY SUFFOLK LTD,SUEZ25,Yes,Existing Generating CMU,20.642,1.0,Waste,2027.0,65.0,2024.0
SUNCROP PRODUCE LIMITED,BRST27,Yes,New Build Generating CMU,5.037,15.0,Gas,2027.0,65.0,2024.0
SUSI Eelpower Winchester Limited,WINP27,Yes,Existing Generating CMU,0.653,1.0,Storage - Battery,2027.0,65.0,2024.0
SUSI Eelpower Rock Farm Limited,ROCK27,Yes,Existing Generating CMU,1.34,1.0,Storage - Battery,2027.0,65.0,2024.0
Sutton Bridge Power Generation,27SBRF,Yes,Existing Generating CMU,778.515,1.0,Gas,2027.0,65.0,2024.0
PITKEVEY BATTERY STORAGE LIMITED,PITK27,Yes,New Build Generating CMU,7.899,15.0,Storage - Battery,2027.0,65.0,2024.0
Winnington CHP Limited,W2NCPH,Yes,Existing Generating CMU,48.884,1.0,Gas,2027.0,65.0,2024.0
ARL 021 LIMITED,HERE27,Yes,New Build Generating CMU,19.53,15.0,Gas,2027.0,65.0,2024.0
ARL 021 LIMITED,WING27,Yes,New Build Generating CMU,47.081,15.0,Gas,2027.0,65.0,2024.0
MARDEN POWER LIMITED,MARD23,Yes,Existing Generating CMU,18.587,1.0,Gas,2027.0,65.0,2024.0
NORTHWICH POWER LIMITED,NORT23,Yes,Existing Generating CMU,18.681,1.0,Gas,2027.0,65.0,2024.0
OGMORE POWER LIMITED,OGMO23,Yes,Existing Generating CMU,14.813,1.0,Gas,2027.0,65.0,2024.0
ST ASAPH POWER LIMITED,STAS23,Yes,Existing Generating CMU,14.907,1.0,Gas,2027.0,65.0,2024.0
WARRINGTON POWER LIMITED,WARR23,Yes,Existing Generating CMU,14.907,1.0,Gas,2027.0,65.0,2024.0
WHARF POWER LIMITED,WHAR23,Yes,Existing Generating CMU,14.907,1.0,Gas,2027.0,65.0,2024.0
WOLVERHAMPTON POWER LTD,WO2023,Yes,Existing Generating CMU,14.907,1.0,Gas,2027.0,65.0,2024.0
IMMINGHAM POWER LIMITED,IMMI23,Yes,Existing Generating CMU,14.907,1.0,Gas,2027.0,65.0,2024.0
BURY POWER LIMITED,BURY23,Yes,Existing Generating CMU,18.398,1.0,Gas,2027.0,65.0,2024.0
CLYNE POWER LIMITED,CLYN23,Yes,Existing Generating CMU,14.907,1.0,Gas,2027.0,65.0,2024.0
CULVERY POWER LIMITED,CULV23,Yes,Existing Generating CMU,13.02,1.0,Gas,2027.0,65.0,2024.0
DAFEN RESERVE POWER LIMITED,DAFE23,Yes,Existing Generating CMU,9.246,1.0,Gas,2027.0,65.0,2024.0
HULL RESERVE POWER LIMITED,HULL23,Yes,Existing Generating CMU,19.625,1.0,Gas,2027.0,65.0,2024.0
IRWELL POWER LIMITED,IRWE23,Yes,Existing Generating CMU,14.766,1.0,Gas,2027.0,65.0,2024.0
KILN POWER LIMITED,KILN23,Yes,Existing Generating CMU,14.908,1.0,Gas,2027.0,65.0,2024.0
LODDON POWER LIMITED,LODD23,Yes,Existing Generating CMU,14.813,1.0,Gas,2027.0,65.0,2024.0
WEST BURTON B LIMITED,WB2-23,Yes,Existing Generating CMU,392.005,1.0,Gas,2027.0,65.0,2024.0
WEST BURTON B LIMITED,WB3-23,Yes,Existing Generating CMU,392.005,1.0,Gas,2027.0,65.0,2024.0
WEST BURTON B LIMITED,WB1-23,Yes,Existing Generating CMU,392.005,1.0,Gas,2027.0,65.0,2024.0
Uniper UK Limited,GRGT51,Yes,Existing Generating CMU,26.297,1.0,Diesel,2027.0,65.0,2024.0
Uniper UK Limited,GRGT54,Yes,Existing Generating CMU,25.354,1.0,Diesel,2027.0,65.0,2024.0
Uniper UK Limited,TAYL92,Yes,Existing Generating CMU,67.823,1.0,Diesel,2027.0,65.0,2024.0
Uniper UK Limited,TAYL93,Yes,Existing Generating CMU,64.049,1.0,Diesel,2027.0,65.0,2024.0
Uniper UK Limited,GRAI27,Yes,Existing Generating CMU,428.641,1.0,Gas,2027.0,65.0,2024.0
Uniper UK Limited,GRAI28,Yes,Existing Generating CMU,428.641,1.0,Gas,2027.0,65.0,2024.0
Uniper UK Limited,EECL31,Yes,Existing Generating CMU,404.828,1.0,Gas,2027.0,65.0,2024.0
Uniper UK Limited,CNQP51,Yes,Existing Generating CMU,315.986,1.0,Gas,2027.0,65.0,2024.0
Uniper UK Limited,CNQP52,Yes,Existing Generating CMU,315.986,1.0,Gas,2027.0,65.0,2024.0
Uniper UK Limited,CDCL31,Yes,Existing Generating CMU,407.576,1.0,Gas,2027.0,65.0,2024.0
Uniper UK Limited,CNQP53,Yes,Existing Generating CMU,315.986,1.0,Gas,2027.0,65.0,2024.0
Uniper UK Limited,CNQP54,Yes,Existing Generating CMU,315.986,1.0,Gas,2027.0,65.0,2024.0
Uniper UK Limited,GRAI26,Yes,Existing Generating CMU,428.641,1.0,Gas,2027.0,65.0,2024.0
Uniper UK Limited,KILH41,Yes,Existing Generating CMU,290.2,1.0,Gas,2027.0,65.0,2024.0
Uniper UK Limited,KILH42,Yes,Existing Generating CMU,293.827,1.0,Gas,2027.0,65.0,2024.0
SIZING JOHN LIMITED,VAR006,Yes,New Build Generating CMU,6.566,15.0,Storage - Battery,2027.0,65.0,2024.0
MINSCA WINDFARM (SCOTLAND) LIMITED,MinWF1,Yes,Existing Generating CMU,2.587,1.0,Onshore Wind,2027.0,65.0,2024.0
DALSWINTON WINDFARM (SCOTLAND) LIMITED,DlsWF1,Yes,Existing Generating CMU,2.109,1.0,Onshore Wind,2027.0,65.0,2024.0
FARR WINDFARM LIMITED,FarWF1,Yes,Existing Generating CMU,6.468,1.0,Onshore Wind,2027.0,65.0,2024.0
Veolia UK Limited,TYSE08,Yes,Existing Generating CMU,24.486,1.0,Waste,2027.0,65.0,2024.0
Veolia UK Limited,SGH007,Yes,Existing Generating CMU,3.261,1.0,Gas,2027.0,65.0,2024.0
Veolia UK Limited,CHERF9,Yes,Existing Generating CMU,6.464,1.0,Waste,2027.0,65.0,2024.0
Veolia UK Limited,MAERF9,Yes,Existing Generating CMU,13.367,1.0,Waste,2027.0,65.0,2024.0
Veolia UK Limited,NEWH09,Yes,Existing Generating CMU,14.594,1.0,Waste,2027.0,65.0,2024.0
Veolia UK Limited,POERF9,Yes,Existing Generating CMU,12.486,1.0,Waste,2027.0,65.0,2024.0
Veolia UK Limited,STAF09,Yes,Existing Generating CMU,23.464,1.0,Waste,2027.0,65.0,2024.0
MELKSHAM CALNE GREEN LIMITED,MELKSA,Yes,New Build Generating CMU,7.852,15.0,Storage - Battery,2027.0,65.0,2024.0
Viridor Energy Limited,EXET23,Yes,Existing Generating CMU,3.3,1.0,Waste,2027.0,65.0,2024.0
Viridor Energy Limited,CARD23,Yes,Existing Generating CMU,32.597,1.0,Waste,2027.0,65.0,2024.0
FIELD HOLMSTON LTD,23HOL4,Yes,New Build Generating CMU,9.06,15.0,Storage - Battery,2027.0,65.0,2024.0
VPI Immingham LLP,ICHP12,Yes,Existing Generating CMU,1115.566,1.0,Gas,2027.0,65.0,2024.0
VPI Power Limited,VP23SP,Yes,Existing Generating CMU,384.678,1.0,Gas,2027.0,65.0,2024.0
VPI Power Limited,VP23RH,Yes,Existing Generating CMU,654.869,1.0,Gas,2027.0,65.0,2024.0
VPI Power Limited,VP23DC,Yes,Existing Generating CMU,743.711,1.0,Gas,2027.0,65.0,2024.0
ROBIN HOOD AIRPORT DEVELOPMENTS LIMITED,BEN27A,Yes,New Build Generating CMU,4.246,15.0,Gas,2027.0,65.0,2024.0
Walker & Son (Hauliers) Limited,DAVM27,Yes,New Build Generating CMU,4.246,15.0,Gas,2027.0,65.0,2024.0
Whitetower Energy Limited,DERB27,Yes,Existing Generating CMU,51.012,1.0,Gas,2027.0,65.0,2024.0
Whitetower Energy Limited,EXET27,Yes,Existing Generating CMU,43.26,1.0,Gas,2027.0,65.0,2024.0
Whitetower Energy Limited,HEA27a,Yes,Existing Generating CMU,44.019,1.0,Gas,2027.0,65.0,2024.0
Whitetower Energy Limited,HEA27b,Yes,Existing Generating CMU,45.875,1.0,Gas,2027.0,65.0,2024.0
Whitetower Energy Limited,THRN27,Yes,Existing Generating CMU,38.194,1.0,Gas,2027.0,65.0,2024.0
Whitetower Energy Limited,VKIN27,Yes,Existing Generating CMU,39.926,1.0,Gas,2027.0,65.0,2024.0
RIVER NENE POWER LIMITED,PETE27,Yes,Existing Generating CMU,230.245,1.0,Gas,2027.0,65.0,2024.0
Whitetower Energy Limited,CROY27,Yes,Existing Generating CMU,45.563,1.0,Gas,2027.0,65.0,2024.0
PORT CLARENCE ENERGY LIMITED,PCEL02,Yes,New Build Generating CMU,25.582,15.0,Waste,2027.0,65.0,2024.0
SUTTON POWER LIMITED,SUTT27,Yes,Existing Generating CMU,2.831,1.0,Gas,2027.0,65.0,2024.0
CORRINGHAM POWER LIMITED,CORR27,Yes,New Build Generating CMU,0.851,15.0,Storage - Battery,2027.0,65.0,2024.0
Zenobe Blackhillock Limited,NBBLX1,Yes,New Build Generating CMU,15.39,15.0,Storage - Battery,2027.0,65.0,2024.0
ZENOBE RENTAL 12 LIMITED,EVINC2,Yes,Unproven DSR CMU,1.185,1.0,DSR,2027.0,65.0,2024.0
ZENOBE RENTAL 12 LIMITED,DSRBS4,Yes,Unproven DSR CMU,2.331,1.0,DSR,2027.0,65.0,2024.0
ZENOBE RENTAL 12 LIMITED,EVNEW1,Yes,Unproven DSR CMU,1.422,1.0,DSR,2027.0,65.0,2024.0
ZENOBE RENTAL 12 LIMITED,EVZEN1,Yes,Unproven DSR CMU,1.343,1.0,DSR,2027.0,65.0,2024.0
ZENOBE RENTAL 12 LIMITED,EVZEN2,Yes,Unproven DSR CMU,2.331,1.0,DSR,2027.0,65.0,2024.0
ZENOBE RENTAL 12 LIMITED,EVZEN3,Yes,Unproven DSR CMU,1.185,1.0,DSR,2027.0,65.0,2024.0
ZENOBE RENTAL 12 LIMITED,EVZEN4,Yes,Unproven DSR CMU,1.185,1.0,DSR,2027.0,65.0,2024.0
ZENOBE RENTAL 12 LIMITED,DSWAL4,Yes,Unproven DSR CMU,1.343,1.0,DSR,2027.0,65.0,2024.0
ZENOBE RENTAL 12 LIMITED,EVLLS2,Yes,Unproven DSR CMU,2.149,1.0,DSR,2027.0,65.0,2024.0
Zenobe Kilmarnock South Limited,NBKIS4,Yes,New Build Generating CMU,15.39,15.0,Storage - Battery,2027.0,65.0,2024.0
Zenobe Kilmarnock South Limited,NBKIS3,Yes,New Build Generating CMU,15.39,15.0,Storage - Battery,2027.0,65.0,2024.0
Zenobe Kilmarnock South Limited,NBKIS2,Yes,New Build Generating CMU,15.39,15.0,Storage - Battery,2027.0,65.0,2024.0
Zenobe Eccles Limited,NBECL2,Yes,New Build Generating CMU,15.39,15.0,Storage - Battery,2027.0,65.0,2024.0
Zenobe Eccles Limited,NBECL3,Yes,New Build Generating CMU,15.39,15.0,Storage - Battery,2027.0,65.0,2024.0
Zenobe Eccles Limited,NBECL4,Yes,New Build Generating CMU,15.39,15.0,Storage - Battery,2027.0,65.0,2024.0
Zenobe Eccles Limited,NBECL5,Yes,New Build Generating CMU,15.39,15.0,Storage - Battery,2027.0,65.0,2024.0
CBS ENERGY STORAGE ASSETS UK LIMITED,11RE02,No,New Build Generating CMU,9.548,1.0,Storage - Battery,2026.0,5.0,2026.0
AGR SOLAR 2 LIMITED,BFEN25,Yes,New Build Generating CMU,17.048,1.0,Storage - Battery,2026.0,5.0,2026.0
AIK2A SUSTAINABLE ENERGY LTD,AK2a01,Yes,Existing Generating CMU,6.025,1.0,Onshore Wind,2026.0,5.0,2026.0
ALKANE ENERGY UK LIMITED,BOST25,Yes,Existing Generating CMU,0.425,1.0,Solar,2026.0,5.0,2026.0
ALKANE ENERGY UK LIMITED,OFFH25,Yes,Existing Generating CMU,0.477,1.0,Solar,2026.0,5.0,2026.0
ALKANE ENERGY UK LIMITED,RHYM25,No,Existing Generating CMU,6.794,1.0,Gas,2026.0,5.0,2026.0
ALLIUM HELMSLEY LTD,ALLHM7,No,Existing Generating CMU,1.487,1.0,Gas,2026.0,5.0,2026.0
AMPIL 2 ASSET LIMITED,VILLA5,No,Existing Generating CMU,2.68,1.0,Gas,2026.0,5.0,2026.0
BATTERY BOX LIMITED,BBT1U8,Yes,New Build Generating CMU,0.476,1.0,Storage - Battery,2026.0,5.0,2026.0
BATTERY BOX LIMITED,BT1U10,Yes,New Build Generating CMU,0.567,1.0,Storage - Battery,2026.0,5.0,2026.0
BATTERY BOX LIMITED,BT1U11,Yes,New Build Generating CMU,0.476,1.0,Storage - Battery,2026.0,5.0,2026.0
BATTERY BOX LIMITED,BT1U12,Yes,New Build Generating CMU,0.476,1.0,Storage - Battery,2026.0,5.0,2026.0
BATTERY BOX LIMITED,BT1U13,No,New Build Generating CMU,0.476,1.0,Storage - Battery,2026.0,5.0,2026.0
BATTERY BOX LIMITED,BT1U16,No,New Build Generating CMU,0.569,1.0,Storage - Battery,2026.0,5.0,2026.0
BATTERY BOX LIMITED,BBT1U6,Yes,New Build Generating CMU,0.476,1.0,Storage - Battery,2026.0,5.0,2026.0
BATTERY BOX LIMITED,BBT1U9,Yes,New Build Generating CMU,0.476,1.0,Storage - Battery,2026.0,5.0,2026.0
URBAN RESERVE STORAGE LIMITED,URS054,Yes,New Build Generating CMU,2.351,1.0,Storage - Battery,2026.0,5.0,2026.0
URBAN RESERVE STORAGE LIMITED,URS021,Yes,New Build Generating CMU,2.351,1.0,Storage - Battery,2026.0,5.0,2026.0
LEEMING SOLAR FARM LIMITED,LSFL03,Yes,New Build Generating CMU,4.9,1.0,Storage - Battery,2026.0,5.0,2026.0
BURTON TOP SOLAR LIMITED,BTSL04,No,New Build Generating CMU,3.266,1.0,Storage - Battery,2026.0,5.0,2026.0
FIELD HOLMSTON LTD,25HOL1,No,New Build Generating CMU,13.583,1.0,Storage - Battery,2026.0,5.0,2026.0
AXLE ENERGY LIMITED,AX0002,No,Unproven DSR CMU,3.0,1.0,DSR,2026.0,5.0,2026.0
AXLE ENERGY LIMITED,AX0003,No,Unproven DSR CMU,5.0,1.0,DSR,2026.0,5.0,2026.0
AXLE ENERGY LIMITED,AX0004,No,Unproven DSR CMU,5.0,1.0,DSR,2026.0,5.0,2026.0
AXLE ENERGY LIMITED,AX0304,No,Unproven DSR CMU,4.0,1.0,DSR,2026.0,5.0,2026.0
AXLE ENERGY LIMITED,AX0403,No,Unproven DSR CMU,14.8,1.0,DSR,2026.0,5.0,2026.0
AXLE ENERGY LIMITED,AX0501,No,Unproven DSR CMU,12.06,1.0,DSR,2026.0,5.0,2026.0
AXLE ENERGY LIMITED,AX0701,No,Unproven DSR CMU,10.0,1.0,DSR,2026.0,5.0,2026.0
AXLE ENERGY LIMITED,AX0001,No,Unproven DSR CMU,2.0,1.0,DSR,2026.0,5.0,2026.0
AXLE ENERGY LIMITED,AXP300,No,Proven DSR CMU,7.658,1.0,DSR,2026.0,5.0,2026.0
AXLE ENERGY LIMITED,AXP301,No,Proven DSR CMU,8.642,1.0,DSR,2026.0,5.0,2026.0
AXLE ENERGY LIMITED,AXP500,No,Proven DSR CMU,1.62,1.0,DSR,2026.0,5.0,2026.0
AXLE ENERGY LIMITED,AXP700,No,Proven DSR CMU,1.0,1.0,DSR,2026.0,5.0,2026.0
BLACKCRAIG WIND FARM (SCOTLAND) LIMITED,BWFL-1,No,Existing Generating CMU,3.925,1.0,Onshore Wind,2026.0,5.0,2026.0
BOAT OF GARTEN BESS LIMITED,BOAT26,Yes,New Build Generating CMU,13.583,1.0,Storage - Battery,2026.0,5.0,2026.0
BOC LIMITED,TLGUK5,Yes,Proven DSR CMU,13.0,1.0,DSR,2026.0,5.0,2026.0
EAST LONDON ENERGY LIMITED,ELEK02,Yes,Existing Generating CMU,2.653,1.0,Gas,2026.0,5.0,2026.0
EAST LONDON ENERGY LIMITED,ELES02,Yes,Existing Generating CMU,5.595,1.0,Gas,2026.0,5.0,2026.0
EXCEL DISTRICT ENERGY COMPANY LIMITED,EXC002,Yes,Existing Generating CMU,2.542,1.0,Gas,2026.0,5.0,2026.0
LEICESTER DISTRICT ENERGY COMPANY LIMITED,LDEC02,Yes,Existing Generating CMU,4.016,1.0,Gas,2026.0,5.0,2026.0
BIRMINGHAM DISTRICT ENERGY COMPANY LIMITED,BDECA2,Yes,Existing Generating CMU,2.625,1.0,Gas,2026.0,5.0,2026.0
BIRMINGHAM DISTRICT ENERGY COMPANY LIMITED,BDECB2,Yes,Existing Generating CMU,1.849,1.0,Gas,2026.0,5.0,2026.0
BRING ENERGY LIMITED,BTS002,Yes,Existing Generating CMU,3.504,1.0,Gas,2026.0,5.0,2026.0
BRING ENERGY LIMITED,EJNH01,Yes,Existing Generating CMU,1.007,1.0,Gas,2026.0,5.0,2026.0
BRITISH SOLAR RENEWABLES LIMITED,BSR008,Yes,New Build Generating CMU,1.361,1.0,Storage - Battery,2026.0,5.0,2026.0
BRAMLEY BATTERY STORAGE LIMITED,BRAM29,Yes,Existing Generating CMU,38.38,1.0,Storage - Battery,2026.0,5.0,2026.0
SEVERN POWER LIMITED,SV2620,Yes,Existing Generating CMU,385.858,1.0,Gas,2026.0,5.0,2026.0
SEVERN POWER LIMITED,SV2610,Yes,Existing Generating CMU,385.858,1.0,Gas,2026.0,5.0,2026.0
CARGILL PLC,POL004,Yes,Existing Generating CMU,27.904,1.0,Gas,2026.0,5.0,2026.0
CENTRICA HIVE LIMITED,HIVE01,No,Unproven DSR CMU,20.539,1.0,DSR,2026.0,5.0,2026.0
CENTRICA BUSINESS SOLUTIONS (GENERATION) LIMITED,11REAA,No,Existing Generating CMU,3.677,1.0,Gas,2026.0,5.0,2026.0
ALCEMI STORAGE DEVELOPMENTS 4 LIMITED,COAL26,Yes,New Build Generating CMU,136.1,1.0,Storage - Battery,2026.0,5.0,2026.0
CLEVE HILL SOLAR PARK LIMITED,CHBMU2,No,Existing Generating CMU,6.792,1.0,Solar,2026.0,5.0,2026.0
E.ON UK PLC,GREN03,No,Existing Generating CMU,8.512,1.0,Biomass,2026.0,5.0,2026.0
DALMARNOCK BESS LTD,DALM26,Yes,New Build Generating CMU,14.699,1.0,Storage - Battery,2026.0,5.0,2026.0
POD POINT LIMITED,PODP07,Yes,Unproven DSR CMU,18.584,1.0,DSR,2026.0,5.0,2026.0
POD POINT LIMITED,PODP08,Yes,Unproven DSR CMU,18.585,1.0,DSR,2026.0,5.0,2026.0
POD POINT LIMITED,PODP04,No,Unproven DSR CMU,6.0,1.0,DSR,2026.0,5.0,2026.0
POD POINT LIMITED,PODP05,Yes,Unproven DSR CMU,18.584,1.0,DSR,2026.0,5.0,2026.0
POD POINT LIMITED,PODP06,Yes,Unproven DSR CMU,18.584,1.0,DSR,2026.0,5.0,2026.0
EDF ENERGY NUCLEAR GENERATION LIMITED,HR1-25,Yes,Existing Generating CMU,452.936,1.0,Nuclear,2026.0,5.0,2026.0
EDF ENERGY NUCLEAR GENERATION LIMITED,HR2-25,Yes,Existing Generating CMU,451.278,1.0,Nuclear,2026.0,5.0,2026.0
EDF ENERGY NUCLEAR GENERATION LIMITED,HY1125,Yes,Existing Generating CMU,440.844,1.0,Nuclear,2026.0,5.0,2026.0
EDF ENERGY NUCLEAR GENERATION LIMITED,HY1225,Yes,Existing Generating CMU,428.026,1.0,Nuclear,2026.0,5.0,2026.0
EDF ENERGY NUCLEAR GENERATION LIMITED,HY2725,Yes,Existing Generating CMU,456.774,1.0,Nuclear,2026.0,5.0,2026.0
EDF ENERGY NUCLEAR GENERATION LIMITED,HY2825,Yes,Existing Generating CMU,459.367,1.0,Nuclear,2026.0,5.0,2026.0
EDF ENERGY NUCLEAR GENERATION LIMITED,TN1-25,Yes,Existing Generating CMU,469.419,1.0,Nuclear,2026.0,5.0,2026.0
EDF ENERGY NUCLEAR GENERATION LIMITED,TN2-25,Yes,Existing Generating CMU,474.831,1.0,Nuclear,2026.0,5.0,2026.0
EDF ENERGY CUSTOMERS LIMITED,EDF001,No,Unproven DSR CMU,2.089,1.0,DSR,2026.0,5.0,2026.0
ASHGREEN ENERGYFARM LIMITED,PPNY25,No,New Build Generating CMU,13.712,1.0,Storage - Battery,2026.0,5.0,2026.0
ASHGREEN ENERGYFARM LIMITED,BLOG25,No,New Build Generating CMU,1.651,1.0,Solar,2026.0,5.0,2026.0
DAMSONGREEN ENERGYFARM LIMITED,TYEL25,Yes,New Build Generating CMU,1.075,1.0,Solar,2026.0,5.0,2026.0
HARRINGTON FRANKLIN LIMITED,HFL002,No,New Build Generating CMU,12.74,1.0,Storage - Battery,2026.0,5.0,2026.0
EARLS GATE ENERGY CENTRE LIMITED,EGECL2,No,Existing Generating CMU,15.904,1.0,Waste,2026.0,5.0,2026.0
ENFINIUM SKELTON GRANGE LIMITED,SG--26,No,Existing Generating CMU,39.947,1.0,Waste,2026.0,5.0,2026.0
ENGIE POWER LIMITED,UPDSR1,Yes,Unproven DSR CMU,40.0,1.0,DSR,2026.0,5.0,2026.0
ENGIE POWER LIMITED,UPDSR2,Yes,Unproven DSR CMU,20.0,1.0,DSR,2026.0,5.0,2026.0
ENGIE POWER LIMITED,MXDSR1,No,Unproven DSR CMU,15.0,1.0,DSR,2026.0,5.0,2026.0
ENGIE POWER LIMITED,MXDSR2,No,Unproven DSR CMU,8.904,1.0,DSR,2026.0,5.0,2026.0
ENGIE POWER LIMITED,UPDSR3,No,Unproven DSR CMU,30.0,1.0,DSR,2026.0,5.0,2026.0
ENGIE POWER LIMITED,UPDSR4,No,Unproven DSR CMU,30.0,1.0,DSR,2026.0,5.0,2026.0
ENGIE POWER LIMITED,UPDSR5,Yes,Unproven DSR CMU,30.0,1.0,DSR,2026.0,5.0,2026.0
ENGIE POWER LIMITED,UPDSR6,Yes,Unproven DSR CMU,30.0,1.0,DSR,2026.0,5.0,2026.0
ENGIE POWER LIMITED,UPDSR8,No,Unproven DSR CMU,16.1,1.0,DSR,2026.0,5.0,2026.0
ENGIE POWER LIMITED,EGENMX,Yes,Existing Generating CMU,79.314,1.0,Gas,2026.0,5.0,2026.0
BROXBURN ENERGY STORAGE LIMITED,BB_251,No,New Build Generating CMU,12.657,1.0,Storage - Battery,2026.0,5.0,2026.0
CATHKIN ENERGY STORAGE LIMITED,CK_251,No,New Build Generating CMU,12.657,1.0,Storage - Battery,2026.0,5.0,2026.0
CAMBLESFORTH SOLAR FARM LIMITED,CAMBPV,No,New Build Generating CMU,2.258,1.0,Solar,2026.0,5.0,2026.0
UES ASSET 1 LIMITED,UESQT1,No,New Build Generating CMU,31.303,1.0,Storage - Battery,2026.0,5.0,2026.0
HUMBLY GROVE ENERGY LIMITED,HUM026,Yes,Proven DSR CMU,3.908,1.0,Gas,2026.0,5.0,2026.0
FP LUX SCURF DYKE SOLAR LIMITED,SCU005,Yes,Existing Generating CMU,2.012,1.0,Storage - Battery,2026.0,5.0,2026.0
GFI TREGARON LTD,GFIH04,No,Existing Generating CMU,6.06,1.0,Diesel,2026.0,5.0,2026.0
GLENDEVON ENERGY STORAGE LIMITED,GLENT1,No,New Build Generating CMU,12.249,1.0,Storage - Battery,2026.0,5.0,2026.0
SG GRI TILN BESS LIMITED,TILN26,Yes,Existing Generating CMU,6.095,1.0,Storage - Battery,2026.0,5.0,2026.0
SOUTH KYLE WIND FARM LIMITED,SKYL01,Yes,Existing Generating CMU,17.437,1.0,Onshore Wind,2026.0,5.0,2026.0
STAIRFOOT GENERATION LTD,STAR26,No,Existing Generating CMU,2.178,1.0,Storage - Battery,2026.0,5.0,2026.0
GREENGRIDPOWER1 LTD,SHL226,No,Existing Generating CMU,2.178,1.0,Storage - Battery,2026.0,5.0,2026.0
UK BATTERY STORAGE LTD,YORK26,No,Existing Generating CMU,4.508,1.0,Storage - Battery,2026.0,5.0,2026.0
UK BATTERY STORAGE LTD,ELLA26,No,Existing Generating CMU,5.444,1.0,Storage - Battery,2026.0,5.0,2026.0
NEVENDON ENERGY STORAGE LTD,NEVN26,Yes,Existing Generating CMU,1.361,1.0,Storage - Battery,2026.0,5.0,2026.0
BLOXWICH ENERGY STORAGE LIMITED,BLOX26,Yes,Existing Generating CMU,4.491,1.0,Storage - Battery,2026.0,5.0,2026.0
GRENDON STORAGE LIMITED,GRN226,No,Existing Generating CMU,2.45,1.0,Storage - Battery,2026.0,5.0,2026.0
GRIDBEYOND LIMITED,GB2611,Yes,Existing Generating CMU,2.041,1.0,Gas,2026.0,5.0,2026.0
GRIDBEYOND LIMITED,GB2632,Yes,Existing Generating CMU,2.707,1.0,Gas,2026.0,5.0,2026.0
GRIDBEYOND LIMITED,GBD012,Yes,Existing Generating CMU,1.331,1.0,Gas,2026.0,5.0,2026.0
GRIDBEYOND LIMITED,GB2401,Yes,Existing Generating CMU,3.722,1.0,Gas,2026.0,5.0,2026.0
GRIDBEYOND LIMITED,GB2405,Yes,Existing Generating CMU,3.722,1.0,Gas,2026.0,5.0,2026.0
GRIDBEYOND LIMITED,GB2406,Yes,Existing Generating CMU,2.317,1.0,Waste,2026.0,5.0,2026.0
GRIDBEYOND LIMITED,GB2414,Yes,Existing Generating CMU,1.344,1.0,Gas,2026.0,5.0,2026.0
GRIDBEYOND LIMITED,GB2416,Yes,Proven DSR CMU,10.789,1.0,DSR,2026.0,5.0,2026.0
GRIDBEYOND LIMITED,GB2501,Yes,Existing Generating CMU,1.634,1.0,Gas,2026.0,5.0,2026.0
GRIDBEYOND LIMITED,GB2503,Yes,Existing Generating CMU,1.371,1.0,Gas,2026.0,5.0,2026.0
GRIDBEYOND LIMITED,GB2504,Yes,Existing Generating CMU,1.387,1.0,Gas,2026.0,5.0,2026.0
GRIDBEYOND LIMITED,GB2509,Yes,Existing Generating CMU,1.856,1.0,Gas,2026.0,5.0,2026.0
GRIDBEYOND LIMITED,GB2510,Yes,Existing Generating CMU,2.798,1.0,Gas,2026.0,5.0,2026.0
GRIDBEYOND LIMITED,GB2527,Yes,Existing Generating CMU,1.391,1.0,Gas,2026.0,5.0,2026.0
GRIDBEYOND LIMITED,GB2531,Yes,Existing Generating CMU,2.179,1.0,Gas,2026.0,5.0,2026.0
GRIDBEYOND LIMITED,GB2539,Yes,Proven DSR CMU,10.105,1.0,DSR,2026.0,5.0,2026.0
GRIDBEYOND LIMITED,GB2542,Yes,Existing Generating CMU,1.253,1.0,Gas,2026.0,5.0,2026.0
GRIDBEYOND LIMITED,GB2547,Yes,Existing Generating CMU,3.849,1.0,Gas,2026.0,5.0,2026.0
GRIDBEYOND LIMITED,GB2548,Yes,Existing Generating CMU,1.119,1.0,Gas,2026.0,5.0,2026.0
GRIDBEYOND LIMITED,GB2552,Yes,Proven DSR CMU,7.708,1.0,DSR,2026.0,5.0,2026.0
GRIDBEYOND LIMITED,GB2553,Yes,Proven DSR CMU,7.27,1.0,DSR,2026.0,5.0,2026.0
GRIDBEYOND LIMITED,GB2554,Yes,Existing Generating CMU,4.565,1.0,Gas,2026.0,5.0,2026.0
GRIDBEYOND LIMITED,GB2602,Yes,Existing Generating CMU,3.539,1.0,Gas,2026.0,5.0,2026.0
GRIDBEYOND LIMITED,GB2610,Yes,Existing Generating CMU,1.326,1.0,Gas,2026.0,5.0,2026.0
GRIDBEYOND LIMITED,GBD020,Yes,Existing Generating CMU,14.127,1.0,Gas,2026.0,5.0,2026.0
GRIDBEYOND LIMITED,GBD022,Yes,Existing Generating CMU,1.785,1.0,Gas,2026.0,5.0,2026.0
GRIDBEYOND LIMITED,GBD038,Yes,Existing Generating CMU,9.433,1.0,Gas,2026.0,5.0,2026.0
GRIDBEYOND LIMITED,GX2603,No,Unproven DSR CMU,20.539,1.0,DSR,2026.0,5.0,2026.0
GRIDBEYOND LIMITED,GX2604,No,Unproven DSR CMU,20.539,1.0,DSR,2026.0,5.0,2026.0
GRIDBEYOND LIMITED,GX2605,No,Unproven DSR CMU,20.539,1.0,DSR,2026.0,5.0,2026.0
GRIDBEYOND LIMITED,GX2607,No,Unproven DSR CMU,20.539,1.0,DSR,2026.0,5.0,2026.0
GRIDBEYOND LIMITED,GX2608,Yes,Unproven DSR CMU,8.558,1.0,DSR,2026.0,5.0,2026.0
GRIDBEYOND LIMITED,GX2609,Yes,Unproven DSR CMU,6.846,1.0,DSR,2026.0,5.0,2026.0
GRIDBEYOND LIMITED,GX2610,Yes,Unproven DSR CMU,10.27,1.0,DSR,2026.0,5.0,2026.0
GRIDBEYOND LIMITED,GX2611,No,Unproven DSR CMU,5.135,1.0,DSR,2026.0,5.0,2026.0
GRIDBEYOND LIMITED,GX2612,Yes,Unproven DSR CMU,2.567,1.0,DSR,2026.0,5.0,2026.0
GRIDSOURCE (WOBURN RD) LIMITED,WBN007,Yes,New Build Generating CMU,3.266,1.0,Storage - Battery,2026.0,5.0,2026.0
HALL FARM ENERGY LIMITED,HALL26,No,Existing Generating CMU,4.648,1.0,Diesel,2026.0,5.0,2026.0
HARMONY SK LIMITED,HSKL26,Yes,New Build Generating CMU,9.378,1.0,Storage - Battery,2026.0,5.0,2026.0
INDAVER RIVENHALL LIMITED,RIVE25,Yes,New Build Generating CMU,48.824,1.0,Waste,2026.0,5.0,2026.0
INOVYN CHLORVINYLS LIMITED,VID201,Yes,Existing Generating CMU,39.059,1.0,Waste,2026.0,5.0,2026.0
LEVELISE LIMITED,LEVC07,Yes,Unproven DSR CMU,2.337,1.0,Storage - Battery,2026.0,5.0,2026.0
LEVELISE LIMITED,LEVC04,Yes,Proven DSR CMU,8.788,1.0,Storage - Battery,2026.0,5.0,2026.0
LEVELISE LIMITED,LEVC05,Yes,Existing Generating CMU,1.453,1.0,Gas,2026.0,5.0,2026.0
LEVELISE LIMITED,LEVC06,Yes,Unproven DSR CMU,2.0,1.0,DSR,2026.0,5.0,2026.0
LOW CARBON UK SOLAR OPERATIONS LIMITED,LCB204,Yes,New Build Generating CMU,4.986,1.0,Storage - Battery,2026.0,5.0,2026.0
LOW CARBON UK SOLAR OPERATIONS LIMITED,LCB205,Yes,New Build Generating CMU,6.131,1.0,Storage - Battery,2026.0,5.0,2026.0
LOW CARBON UK SOLAR OPERATIONS LIMITED,LCB106,Yes,New Build Generating CMU,8.887,1.0,Storage - Battery,2026.0,5.0,2026.0
LOW CARBON UK SOLAR OPERATIONS LIMITED,LCB201,Yes,New Build Generating CMU,2.479,1.0,Storage - Battery,2026.0,5.0,2026.0
LOWER 48 BARTON BESS LTD,LoBA25,No,New Build Generating CMU,12.249,1.0,Storage - Battery,2026.0,5.0,2026.0
MAUXHALL FARM ENERGY PARK LIMITED,MAUX26,No,New Build Generating CMU,6.805,1.0,Storage - Battery,2026.0,5.0,2026.0
FRP MERCIA HOLDCO LIMITED,F1B22E,No,Existing Generating CMU,0.49,1.0,Storage - Battery,2026.0,5.0,2026.0
FRP MERCIA HOLDCO 2 LIMITED,F2B12E,No,Existing Generating CMU,0.98,1.0,Storage - Battery,2026.0,5.0,2026.0
FRP MERCIA HOLDCO 2 LIMITED,F2FB25,Yes,New Build Generating CMU,6.228,1.0,Gas,2026.0,5.0,2026.0
FRP MERCIA HOLDCO 2 LIMITED,F2GE25,Yes,Existing Generating CMU,4.648,1.0,Gas,2026.0,5.0,2026.0
FRP MERCIA HOLDCO 2 LIMITED,F2HA25,Yes,New Build Generating CMU,5.578,1.0,Gas,2026.0,5.0,2026.0
FRP MERCIA HOLDCO 2 LIMITED,FHV25E,Yes,Existing Generating CMU,2.789,1.0,Gas,2026.0,5.0,2026.0
FRP MERCIA HOLDCO 2 LIMITED,FSO25E,Yes,Existing Generating CMU,5.578,1.0,Gas,2026.0,5.0,2026.0
FRP MERCIA HOLDCO LIMITED,F1B12E,No,Existing Generating CMU,0.272,1.0,Storage - Battery,2026.0,5.0,2026.0
NEXTPOWER BOSWORTH LIMITED,NESF05,Yes,Existing Generating CMU,0.281,1.0,Solar,2026.0,5.0,2026.0
LITTLE STAUGHTON AIRFIELD SOLAR LIMITED,NESF01,Yes,Existing Generating CMU,2.253,1.0,Solar,2026.0,5.0,2026.0
NEXTPOWER HIGH GARRETT LIMITED,NESF04,Yes,Existing Generating CMU,0.331,1.0,Solar,2026.0,5.0,2026.0
NEXTPOWER BINDWELL LIMITED,NPUK02,Yes,New Build Generating CMU,0.507,1.0,Solar,2026.0,5.0,2026.0
NEXTPOWER LOWER STRENSHAM LIMITED,NPUK03,Yes,Existing Generating CMU,1.409,1.0,Solar,2026.0,5.0,2026.0
GWENT FARMERS' COMMUNITY SOLAR PARTNERSHIP LIMITED,NPUK01,Yes,Existing Generating CMU,2.825,1.0,Solar,2026.0,5.0,2026.0
LONDONENERGY LTD,LEL_25,Yes,Existing Generating CMU,17.754,1.0,Waste,2026.0,5.0,2026.0
NURSLING ENERGY TWO LIMITED,Nurse7,Yes,Existing Generating CMU,1.225,1.0,Storage - Battery,2026.0,5.0,2026.0
OAKTREE POWER LIMITED,OPL064,No,Proven DSR CMU,3.467,1.0,DSR,2026.0,5.0,2026.0
OAKTREE POWER LIMITED,OPL060,No,Proven DSR CMU,5.143,1.0,DSR,2026.0,5.0,2026.0
OAKTREE POWER LIMITED,OPL062,No,Proven DSR CMU,2.481,1.0,DSR,2026.0,5.0,2026.0
OAKTREE POWER LIMITED,OPL066,No,Proven DSR CMU,10.859,1.0,DSR,2026.0,5.0,2026.0
OAKTREE POWER LIMITED,OPL067,No,Proven DSR CMU,1.393,1.0,DSR,2026.0,5.0,2026.0
OAKTREE POWER LIMITED,OPL068,No,Proven DSR CMU,1.487,1.0,DSR,2026.0,5.0,2026.0
OAKTREE POWER LIMITED,OPL069,No,Proven DSR CMU,1.754,1.0,DSR,2026.0,5.0,2026.0
OAKTREE POWER LIMITED,OPL071,No,Unproven DSR CMU,10.0,1.0,DSR,2026.0,5.0,2026.0
OCTOPUS ENERGY LIMITED,OCT099,Yes,Unproven DSR CMU,8.0,1.0,DSR,2026.0,5.0,2026.0
OCTOPUS ENERGY LIMITED,OCT100,Yes,Unproven DSR CMU,10.0,1.0,DSR,2026.0,5.0,2026.0
OCTOPUS ENERGY LIMITED,OCT101,Yes,Unproven DSR CMU,5.0,1.0,DSR,2026.0,5.0,2026.0
OCTOPUS ENERGY LIMITED,OCT090,Yes,Unproven DSR CMU,40.0,1.0,DSR,2026.0,5.0,2026.0
OCTOPUS ENERGY LIMITED,OCT091,Yes,Unproven DSR CMU,40.0,1.0,DSR,2026.0,5.0,2026.0
OCTOPUS ENERGY LIMITED,OCT092,Yes,Unproven DSR CMU,40.0,1.0,DSR,2026.0,5.0,2026.0
OCTOPUS ENERGY LIMITED,OCT093,Yes,Unproven DSR CMU,40.0,1.0,DSR,2026.0,5.0,2026.0
OCTOPUS ENERGY LIMITED,OCT094,Yes,Unproven DSR CMU,40.0,1.0,DSR,2026.0,5.0,2026.0
OCTOPUS ENERGY LIMITED,OCT095,Yes,Unproven DSR CMU,40.0,1.0,DSR,2026.0,5.0,2026.0
OCTOPUS ENERGY LIMITED,OCT096,Yes,Unproven DSR CMU,40.0,1.0,DSR,2026.0,5.0,2026.0
OCTOPUS ENERGY LIMITED,OCT097,No,Unproven DSR CMU,31.27,1.0,DSR,2026.0,5.0,2026.0
OCTOPUS ENERGY LIMITED,OCT102,Yes,Unproven DSR CMU,5.0,1.0,DSR,2026.0,5.0,2026.0
OCTOPUS ENERGY LIMITED,OCT103,Yes,Unproven DSR CMU,2.0,1.0,DSR,2026.0,5.0,2026.0
OCTOPUS ENERGY LIMITED,OCT104,No,Unproven DSR CMU,2.0,1.0,DSR,2026.0,5.0,2026.0
OCTOPUS ENERGY LIMITED,OCT109,Yes,Unproven DSR CMU,10.0,1.0,DSR,2026.0,5.0,2026.0
OCTOPUS ENERGY LIMITED,OCT110,Yes,Unproven DSR CMU,10.0,1.0,DSR,2026.0,5.0,2026.0
OCTOPUS ENERGY LIMITED,OCT111,No,Unproven DSR CMU,8.0,1.0,DSR,2026.0,5.0,2026.0
OHME OPERATIONS UK LIMITED,Ohme-5,No,Unproven DSR CMU,42.79,1.0,DSR,2026.0,5.0,2026.0
OHME OPERATIONS UK LIMITED,Ohme-6,No,Unproven DSR CMU,42.79,1.0,DSR,2026.0,5.0,2026.0
OHME OPERATIONS UK LIMITED,Ohme-7,No,Unproven DSR CMU,42.79,1.0,DSR,2026.0,5.0,2026.0
OHME OPERATIONS UK LIMITED,Ohme-9,No,Unproven DSR CMU,21.395,1.0,DSR,2026.0,5.0,2026.0
OHME OPERATIONS UK LIMITED,Ohme11,No,Unproven DSR CMU,10.698,1.0,DSR,2026.0,5.0,2026.0
ORSTED ESS MERSEY LIMITED,ORS004,Yes,Existing Generating CMU,1.376,1.0,Storage - Battery,2026.0,5.0,2026.0
NEWLINCS DEVELOPMENT LIMITED,NDL001,Yes,Existing Generating CMU,2.786,1.0,Waste,2026.0,5.0,2026.0
PEAK GEN POWER 2 LIMITED,PG2025,Yes,New Build Generating CMU,18.592,1.0,Biomass,2026.0,5.0,2026.0
HD000ACT LTD,MIN26B,Yes,New Build Generating CMU,16.198,1.0,Storage - Battery,2026.0,5.0,2026.0
HD192RAY LTD,RAY026,Yes,New Build Generating CMU,34.032,1.0,Storage - Battery,2026.0,5.0,2026.0
HB333MIL LTD,MILH26,Yes,New Build Generating CMU,19.437,1.0,Storage - Battery,2026.0,5.0,2026.0
HD000ACT LTD,IACT26,Yes,New Build Generating CMU,8.525,1.0,Storage - Battery,2026.0,5.0,2026.0
PIVOTED POWER LLP,PPNP25,No,New Build Generating CMU,14.987,1.0,Storage - Battery,2026.0,5.0,2026.0
PIVOTED POWER LLP,PPBB25,Yes,Existing Generating CMU,12.331,1.0,Storage - Battery,2026.0,5.0,2026.0
POWER ON TECHNOLOGIES LTD,TSCSW3,Yes,Unproven DSR CMU,1.28,1.0,Storage - Battery,2026.0,5.0,2026.0
POWER ON TECHNOLOGIES LTD,JOUL19,Yes,Unproven DSR CMU,2.225,1.0,Storage - Battery,2026.0,5.0,2026.0
POWERTREE (HOLDINGS) LIMITED,ADV001,Yes,New Build Generating CMU,6.693,1.0,Gas,2026.0,5.0,2026.0
PULSE CLEAN ENERGY SPV ANNING LIMITED,TL2026,Yes,New Build Generating CMU,9.037,1.0,Storage - Battery,2026.0,5.0,2026.0
PULSE CLEAN ENERGY UK LIMITED,HI2026,Yes,Existing Generating CMU,6.309,1.0,Storage - Battery,2026.0,5.0,2026.0
FLEXITRICITY LIMITED,F25004,Yes,Existing Generating CMU,5.811,1.0,Gas,2026.0,5.0,2026.0
FLEXITRICITY LIMITED,F25007,No,Existing Generating CMU,3.248,1.0,Gas,2026.0,5.0,2026.0
FLEXITRICITY LIMITED,F25010,No,Existing Generating CMU,2.594,1.0,Gas,2026.0,5.0,2026.0
FLEXITRICITY LIMITED,F25012,No,Existing Generating CMU,1.435,1.0,Gas,2026.0,5.0,2026.0
FLEXITRICITY LIMITED,F25013,No,Existing Generating CMU,2.724,1.0,Gas,2026.0,5.0,2026.0
FLEXITRICITY LIMITED,F25019,Yes,Existing Generating CMU,2.98,1.0,Gas,2026.0,5.0,2026.0
FLEXITRICITY LIMITED,F25024,Yes,Existing Generating CMU,3.891,1.0,Gas,2026.0,5.0,2026.0
FLEXITRICITY LIMITED,F25025,Yes,Existing Generating CMU,12.687,1.0,Gas,2026.0,5.0,2026.0
FLEXITRICITY LIMITED,F25027,No,Existing Generating CMU,9.079,1.0,Gas,2026.0,5.0,2026.0
FLEXITRICITY LIMITED,F25029,Yes,Existing Generating CMU,2.978,1.0,Gas,2026.0,5.0,2026.0
FLEXITRICITY LIMITED,F25030,Yes,Existing Generating CMU,2.555,1.0,Gas,2026.0,5.0,2026.0
FLEXITRICITY LIMITED,F25036,No,Existing Generating CMU,3.485,1.0,Gas,2026.0,5.0,2026.0
FLEXITRICITY LIMITED,F25039,Yes,Existing Generating CMU,2.994,1.0,Gas,2026.0,5.0,2026.0
FLEXITRICITY LIMITED,F25001,Yes,Existing Generating CMU,6.71,1.0,Gas,2026.0,5.0,2026.0
FLEXITRICITY LIMITED,F25002,Yes,Existing Generating CMU,4.901,1.0,Gas,2026.0,5.0,2026.0
FLEXITRICITY LIMITED,F25003,Yes,Existing Generating CMU,4.834,1.0,Gas,2026.0,5.0,2026.0
FLEXITRICITY LIMITED,F25080,Yes,Proven DSR CMU,6.827,1.0,DSR,2026.0,5.0,2026.0
FLEXITRICITY LIMITED,F25082,Yes,Proven DSR CMU,5.139,1.0,DSR,2026.0,5.0,2026.0
FLEXITRICITY LIMITED,F25091,Yes,Proven DSR CMU,9.085,1.0,DSR,2026.0,5.0,2026.0
FLEXITRICITY LIMITED,F25111,No,Existing Generating CMU,6.875,1.0,Gas,2026.0,5.0,2026.0
FLEXITRICITY LIMITED,F25148,No,Existing Generating CMU,1.026,1.0,Gas,2026.0,5.0,2026.0
FLEXITRICITY LIMITED,F25149,No,Existing Generating CMU,1.73,1.0,Gas,2026.0,5.0,2026.0
FLEXITRICITY LIMITED,F25158,Yes,Existing Generating CMU,0.436,1.0,Storage - Battery,2026.0,5.0,2026.0
FLEXITRICITY LIMITED,F25162,Yes,Proven DSR CMU,2.47,1.0,DSR,2026.0,5.0,2026.0
FLEXITRICITY LIMITED,F25165,No,Existing Generating CMU,1.379,1.0,Gas,2026.0,5.0,2026.0
FLEXITRICITY LIMITED,F25166,Yes,Existing Generating CMU,1.089,1.0,Gas,2026.0,5.0,2026.0
FLEXITRICITY LIMITED,F25167,No,Existing Generating CMU,2.35,1.0,Gas,2026.0,5.0,2026.0
FLEXITRICITY LIMITED,F25168,No,Existing Generating CMU,0.966,1.0,Gas,2026.0,5.0,2026.0
FLEXITRICITY LIMITED,F25169,Yes,Existing Generating CMU,1.85,1.0,Gas,2026.0,5.0,2026.0
FLEXITRICITY LIMITED,F25194,Yes,Unproven DSR CMU,6.675,1.0,DSR,2026.0,5.0,2026.0
FLEXITRICITY LIMITED,F25196,No,Unproven DSR CMU,2.32,1.0,DSR,2026.0,5.0,2026.0
FLEXITRICITY LIMITED,F25197,No,Unproven DSR CMU,3.8,1.0,DSR,2026.0,5.0,2026.0
FLEXITRICITY LIMITED,F25198,No,Unproven DSR CMU,3.166,1.0,DSR,2026.0,5.0,2026.0
FLEXITRICITY LIMITED,F25199,No,Unproven DSR CMU,2.32,1.0,DSR,2026.0,5.0,2026.0
FLEXITRICITY LIMITED,F25203,Yes,Unproven DSR CMU,2.14,1.0,DSR,2026.0,5.0,2026.0
NEXTPOWER SOUTH LOWFIELD LIMITED,NESF03,Yes,Existing Generating CMU,2.24,1.0,Solar,2026.0,5.0,2026.0
NEXTPOWER GRANGE LIMITED,NESF02,Yes,Existing Generating CMU,2.229,1.0,Solar,2026.0,5.0,2026.0
RWE GENERATION UK PLC,CHWE25,Yes,New Build Generating CMU,20.916,1.0,Gas,2026.0,5.0,2026.0
RWE GENERATION UK PLC,CHEG25,Yes,Existing Generating CMU,40.546,1.0,Gas,2026.0,5.0,2026.0
RWE RENEWABLES UK SOLAR AND STORAGE LIMITED,LANB25,Yes,New Build Generating CMU,8.232,1.0,Storage - Battery,2026.0,5.0,2026.0
RWE RENEWABLES UK SOLAR AND STORAGE LIMITED,CLAB25,No,New Build Generating CMU,2.744,1.0,Storage - Battery,2026.0,5.0,2026.0
RWE RENEWABLES UK SOLAR AND STORAGE LIMITED,ASHB25,No,New Build Generating CMU,2.427,1.0,Storage - Battery,2026.0,5.0,2026.0
DEESIDE POWER (UK) LIMITED,D2_251,No,New Build Generating CMU,46.387,1.0,Gas,2026.0,5.0,2026.0
UK POWER RESERVE LIMITED,25PR02,No,Existing Generating CMU,9.296,1.0,Gas,2026.0,5.0,2026.0
IMPACT POWER LIMITED,EMIST3,Yes,Proven DSR CMU,2.262,1.0,DSR,2026.0,5.0,2026.0
SIMEC LOCHABER HYDROPOWER 2 LIMITED,G12023,Yes,Existing Generating CMU,15.374,1.0,Hydro,2026.0,5.0,2026.0
SHEAF ENERGY LIMITED,SEL2T1,Yes,New Build Generating CMU,66.359,1.0,Storage - Battery,2026.0,5.0,2026.0
SEAGREEN WIND ENERGY LIMITED,SG1261,Yes,Existing Generating CMU,25.404,1.0,Offshore Wind,2026.0,5.0,2026.0
SEAGREEN WIND ENERGY LIMITED,SG6261,Yes,Existing Generating CMU,32.178,1.0,Offshore Wind,2026.0,5.0,2026.0
SSE RENEWABLES SOLAR & BATTERY HOLDINGS LIMITED,LIT261,No,New Build Generating CMU,1.245,1.0,Solar,2026.0,5.0,2026.0
SSE FERRYBRIDGE BATTERY LIMITED,FER261,No,New Build Generating CMU,37.645,1.0,Storage - Battery,2026.0,5.0,2026.0
ST FERGUS ENERGY LIMITED,StFerg,Yes,Existing Generating CMU,0.445,1.0,Onshore Wind,2026.0,5.0,2026.0
THURROCK STORAGE LIMITED,SEL159,Yes,New Build Generating CMU,27.22,1.0,Storage - Battery,2026.0,5.0,2026.0
THURROCK POWER LIMITED,SEL160,Yes,New Build Generating CMU,167.328,1.0,Gas,2026.0,5.0,2026.0
THURROCK STORAGE LIMITED,SEL158,Yes,New Build Generating CMU,13.61,1.0,Storage - Battery,2026.0,5.0,2026.0
BRYT ENERGY LIMITED,BEPCC1,Yes,Unproven DSR CMU,0.856,1.0,Storage - Battery,2026.0,5.0,2026.0
BRYT ENERGY LIMITED,BPCC-2,Yes,Unproven DSR CMU,1.712,1.0,Storage - Battery,2026.0,5.0,2026.0
SUNCROP GENERATION LIMITED,BRST26,No,Existing Generating CMU,4.993,1.0,Gas,2026.0,5.0,2026.0
SUTTON BRIDGE POWER GENERATION,26SB01,Yes,Existing Generating CMU,771.715,1.0,Gas,2026.0,5.0,2026.0
PITKEVEY BATTERY STORAGE LIMITED,PITK26,Yes,Existing Generating CMU,12.857,1.0,Storage - Battery,2026.0,5.0,2026.0
TULLYMURDOCH LIMITED,TULLY1,No,Existing Generating CMU,1.065,1.0,Onshore Wind,2026.0,5.0,2026.0
BERNARD MATTHEWS GREEN ENERGY HALESWORTH LIMITED,BMGEH1,No,Existing Generating CMU,0.742,1.0,Onshore Wind,2026.0,5.0,2026.0
WHITE MILL WINDFARM LIMITED,WMWF25,No,Existing Generating CMU,1.094,1.0,Onshore Wind,2026.0,5.0,2026.0
BIGGLESWADE WIND FARM LIMITED,BWFL25,No,Existing Generating CMU,1.521,1.0,Onshore Wind,2026.0,5.0,2026.0
CAPBAL (FORFAR) LIMITED,FORF25,Yes,Existing Generating CMU,2.049,1.0,Storage - Battery,2026.0,5.0,2026.0
CAPBAL (BRACO) LIMITED,BRAC26,Yes,Existing Generating CMU,2.049,1.0,Storage - Battery,2026.0,5.0,2026.0
SAMBAR POWER LIMITED,VAR014,Yes,New Build Generating CMU,12.93,1.0,Storage - Battery,2026.0,5.0,2026.0
SIZING JOHN LIMITED,VAR013,Yes,New Build Generating CMU,19.437,1.0,Storage - Battery,2026.0,5.0,2026.0
VEOLIA UK LIMITED,VEOH25,No,Existing Generating CMU,7.191,1.0,Gas,2026.0,5.0,2026.0
VEOLIA UK LIMITED,VEOI25,Yes,Existing Generating CMU,2.413,1.0,Gas,2026.0,5.0,2026.0
VEOLIA UK LIMITED,VEOJ25,Yes,Existing Generating CMU,2.35,1.0,Gas,2026.0,5.0,2026.0
VEOLIA UK LIMITED,VEOK25,Yes,Existing Generating CMU,1.269,1.0,Gas,2026.0,5.0,2026.0
VEOLIA UK LIMITED,SEAF03,Yes,Proven DSR CMU,2.147,1.0,Diesel,2026.0,5.0,2026.0
VEOLIA UK LIMITED,VEOL25,Yes,Existing Generating CMU,4.531,1.0,Gas,2026.0,5.0,2026.0
VEOLIA UK LIMITED,VEOM25,Yes,Existing Generating CMU,1.362,1.0,Gas,2026.0,5.0,2026.0
VEOLIA UK LIMITED,VEON25,Yes,Existing Generating CMU,2.27,1.0,Gas,2026.0,5.0,2026.0
VEOLIA UK LIMITED,VEOP25,Yes,Existing Generating CMU,2.299,1.0,Gas,2026.0,5.0,2026.0
VEOLIA UK LIMITED,VEOQ25,Yes,Existing Generating CMU,0.912,1.0,Gas,2026.0,5.0,2026.0
VEOLIA UK LIMITED,VEOB25,Yes,Existing Generating CMU,3.536,1.0,Gas,2026.0,5.0,2026.0
VEOLIA UK LIMITED,VEOC25,Yes,Existing Generating CMU,3.617,1.0,Gas,2026.0,5.0,2026.0
VEOLIA UK LIMITED,VEOE25,Yes,Existing Generating CMU,7.883,1.0,Gas,2026.0,5.0,2026.0
VEOLIA UK LIMITED,VEOF25,Yes,Existing Generating CMU,1.814,1.0,Gas,2026.0,5.0,2026.0
Hallen Energy Ltd,AVON26,No,Existing Generating CMU,1.361,1.0,Storage - Battery,2026.0,5.0,2026.0
VOLTALIS UK LIMITED,V26_01,Yes,Unproven DSR CMU,0.856,1.0,DSR,2026.0,5.0,2026.0
CARE POWER (WOLVERHAMPTON) LIMITED,WOLVE2,No,New Build Generating CMU,13.583,1.0,Storage - Battery,2026.0,5.0,2026.0
VPI POWER LIMITED,VP25BB,No,Existing Generating CMU,55.698,1.0,Gas,2026.0,5.0,2026.0
ROBIN HOOD AIRPORT DEVELOPMENTS LIMITED,BEN26A,Yes,New Build Generating CMU,4.183,1.0,Gas,2026.0,5.0,2026.0
CORRINGHAM POWER LIMITED,CORR26,Yes,New Build Generating CMU,2.994,1.0,Storage - Battery,2026.0,5.0,2026.0
ZENOBE RENTAL 12 LIMITED,EVZE70,No,Unproven DSR CMU,1.712,1.0,DSR,2026.0,5.0,2026.0
ZENOBE RENTAL 12 LIMITED,EVZE71,No,Unproven DSR CMU,1.712,1.0,DSR,2026.0,5.0,2026.0
ZENOBE RENTAL 12 LIMITED,EVZE72,No,Unproven DSR CMU,1.712,1.0,DSR,2026.0,5.0,2026.0
ZENOBE RENTAL 12 LIMITED,EVZE73,No,Unproven DSR CMU,1.3,1.0,DSR,2026.0,5.0,2026.0
ZENOBE RENTAL 12 LIMITED,EVZE45,No,Unproven DSR CMU,2.205,1.0,DSR,2026.0,5.0,2026.0
ZENOBE RENTAL 12 LIMITED,EVZE46,No,Unproven DSR CMU,0.92,1.0,DSR,2026.0,5.0,2026.0
ZENOBE RENTAL 12 LIMITED,EVZE47,No,Unproven DSR CMU,0.92,1.0,DSR,2026.0,5.0,2026.0
ZENOBE RENTAL 12 LIMITED,EVZE67,No,Unproven DSR CMU,1.749,1.0,DSR,2026.0,5.0,2026.0
ZENOBE RENTAL 12 LIMITED,EVZE68,No,Unproven DSR CMU,1.749,1.0,DSR,2026.0,5.0,2026.0
ZENOBE RENTAL 12 LIMITED,EVZE69,No,Unproven DSR CMU,1.712,1.0,DSR,2026.0,5.0,2026.0
ZENOBE RENTAL 12 LIMITED,EVNEW4,No,Unproven DSR CMU,1.249,1.0,DSR,2026.0,5.0,2026.0
ZENOBE RENTAL 12 LIMITED,EVZE42,No,Unproven DSR CMU,1.368,1.0,DSR,2026.0,5.0,2026.0
ZENOBE RENTAL 12 LIMITED,EVZE43,No,Unproven DSR CMU,1.179,1.0,DSR,2026.0,5.0,2026.0
ZENOBE RENTAL 12 LIMITED,EVZE44,No,Unproven DSR CMU,1.194,1.0,DSR,2026.0,5.0,2026.0
ZENOBE RENTAL 12 LIMITED,DSR353,No,Unproven DSR CMU,3.88,1.0,DSR,2026.0,5.0,2026.0
ZENOBE RENTAL 12 LIMITED,DSRNI1,No,Unproven DSR CMU,1.722,1.0,DSR,2026.0,5.0,2026.0
ZENOBE ECCLES LIMITED,BBECL5,No,New Build Generating CMU,27.22,1.0,Storage - Battery,2026.0,5.0,2026.0
ZENOBE ECCLES LIMITED,BBECL4,No,New Build Generating CMU,27.22,1.0,Storage - Battery,2026.0,5.0,2026.0
ZEPHYRUS GREEN ENERGY LTD,Strath,Yes,Existing Generating CMU,0.594,1.0,Onshore Wind,2026.0,5.0,2026.0
,BB_CMU,No,New Build Generating CMU,4.21,0.0,Unknown,2018.0,19.4,2012.0
,Aggr15,No,New Build Generating CMU,5.999,0.0,Unknown,2018.0,19.4,2012.0
Alkane Energy UK Limited,AUKAN1,No,New Build Generating CMU,3.998,0.0,Unknown,2018.0,19.4,2012.0
Alkane Energy UK Limited,AUKAN2,Yes,New Build Generating CMU,2.714,15.0,Unknown,2018.0,19.4,2012.0
Alkane Energy UK Limited,AUKAN3,Yes,New Build Generating CMU,2.368,15.0,Unknown,2018.0,19.4,2012.0
Alkane Energy UK Limited,AUKAN4,Yes,New Build Generating CMU,3.74,15.0,Unknown,2018.0,19.4,2012.0
Alkane Energy UK Limited,AUKAN5,Yes,New Build Generating CMU,4.79,15.0,Unknown,2018.0,19.4,2012.0
Alkane Energy UK Limited,AUKNN1,Yes,New Build Generating CMU,5.62,15.0,Unknown,2018.0,19.4,2012.0
Alkane Energy UK Limited,AUKNN2,Yes,New Build Generating,2.92,15.0,Unknown,2018.0,19.4,2012.0
Alkane Energy UK Limited,AUKNN3,Yes,New Build Generating CMU,2.92,15.0,Unknown,2018.0,19.4,2012.0
Alkane Energy UK Limited,AUKNN4,Yes,New Build Generating CMU,4.38,15.0,Unknown,2018.0,19.4,2012.0
Alkane Energy UK Limited,AUKNN5,Yes,New Build Generating CMU,10.82,15.0,Unknown,2018.0,19.4,2012.0
Alkane Energy UK Limited,AUKPR1,Yes,Existing Generating CMU,7.505,1.0,Unknown,2018.0,19.4,2012.0
Alkane Energy UK Limited,AUKPR2,Yes,Existing Generating CMU,2.983,1.0,Unknown,2018.0,19.4,2012.0
Alkane Energy UK Limited,AUKPR3,Yes,Existing Generating CMU,5.963,1.0,Unknown,2018.0,19.4,2012.0
Darent Power Limited,ADPPR1,Yes,Existing Generating CMU,11.835,1.0,Unknown,2018.0,19.4,2012.0
Regent Park Energy Limited,ARPNN1,Yes,New Build Generating CMU,5.61,15.0,Unknown,2018.0,19.4,2012.0
Regent Park Energy Limited,ARPPR1,Yes,Existing Generating CMU,4.278,1.0,Unknown,2018.0,19.4,2012.0
Regent Park Energy Limited,ARPPR2,Yes,Existing Generating CMU,4.29,1.0,Unknown,2018.0,19.4,2012.0
Regent Park Energy Limited,ARPPR3,Yes,Existing Generating CMU,4.94,1.0,Unknown,2018.0,19.4,2012.0
Regent Park Energy Limited,ARPPR4,Yes,Existing Generating CMU,3.813,1.0,Unknown,2018.0,19.4,2012.0
Rhymney Power Limited,ARYPR1,Yes,Existing Generating CMU,9.52,1.0,Unknown,2018.0,19.4,2012.0
,ANLFPP,Yes,Unproven DSR CMU,3.588,1.0,Unknown,2018.0,19.4,2012.0
,BSBURY,Yes,Existing Generating CMU,52.902,1.0,Unknown,2018.0,19.4,2012.0
,BUXTON,No,New Build Generating CMU,16.0,0.0,Unknown,2018.0,19.4,2012.0
,CARR-1,No,New Build Generating CMU,400.4,0.0,Unknown,2018.0,19.4,2012.0
,CARR-2,No,New Build Generating CMU,400.4,0.0,Unknown,2018.0,19.4,2012.0
Centrica Barry Limited,EBRYP1,No,Refurbishing CMU,220.0,0.0,Unknown,2018.0,19.4,2012.0
Centrica Brigg Limited,EBRGG1,No,Existing Generating CMU,142.804,0.0,Unknown,2018.0,19.4,2012.0
Centrica KL Limited,KLYNA1,No,New Build Generating CMU,325.6,0.0,Unknown,2018.0,19.4,2012.0
Centrica KPS Limited,KILNS1,No,Existing Generating CMU,598.4,0.0,Unknown,2018.0,19.4,2012.0
Centrica Langage Limited,TLAGA1,Yes,Existing Generating CMU,796.4,1.0,Unknown,2018.0,19.4,2012.0
Centrica PB Limited,PETEM1,No,Existing Generating CMU,230.701,0.0,Unknown,2018.0,19.4,2012.0
Centrica SHB Limited,TSHBA1,Yes,Existing Generating CMU,721.6,1.0,Unknown,2018.0,19.4,2012.0
Centrica SHB Limited,TSHBA2,Yes,Existing Generating CMU,510.4,1.0,Unknown,2018.0,19.4,2012.0
,UKPV02,No,New Build Generating CMU,87.993,0.0,Unknown,2018.0,19.4,2012.0
,CORB-1,No,Existing Generating CMU,358.16,0.0,Unknown,2018.0,19.4,2012.0
,DRPL01,No,New Build Generating CMU,9.361,0.0,Unknown,2018.0,19.4,2012.0
,dpsdps,No,New Build Generating CMU,55.08,0.0,Unknown,2018.0,19.4,2012.0
,DRAX05,Yes,Existing Generating CMU,565.278,1.0,Unknown,2018.0,19.4,2012.0
,DRAX6G,Yes,Existing Generating CMU,655.144,1.0,Unknown,2018.0,19.4,2012.0
,BAIRD1,Yes,New Build Generating CMU,2.7,15.0,Unknown,2018.0,19.4,2012.0
E.ON UK Cogeneration Ltd,BRDCHP,Yes,Existing Generating CMU,2.059,1.0,Unknown,2018.0,19.4,2012.0
E.ON UK Cogeneration Ltd,CAST01,Yes,Existing Generating CMU,43.999,1.0,Unknown,2018.0,19.4,2012.0
E.ON UK Cogeneration Ltd,SAND01,Yes,Existing Generating CMU,43.999,1.0,Unknown,2018.0,19.4,2012.0
E.ON UK Cogeneration Ltd,THRN01,Yes,Existing Generating,44.0,1.0,Unknown,2018.0,19.4,2012.0
E.ON UK plc,CDCL01,Yes,Existing Generating CMU,347.266,1.0,Unknown,2018.0,19.4,2012.0
E.ON UK plc,CNQPS1,Yes,Existing Generating CMU,296.271,1.0,Unknown,2018.0,19.4,2012.0
E.ON UK plc,CNQPS2,Yes,Existing Generating CMU,295.865,1.0,Unknown,2018.0,19.4,2012.0
E.ON UK plc,CNQPS3,Yes,Existing Generating CMU,297.158,1.0,Unknown,2018.0,19.4,2012.0
E.ON UK plc,CNQPS4,Yes,Existing Generating CMU,305.585,1.0,Unknown,2018.0,19.4,2012.0
E.ON UK plc,EECL01,Yes,Existing Generating CMU,357.561,1.0,Unknown,2018.0,19.4,2012.0
E.ON UK plc,GRAGT1,Yes,Existing Generating CMU,26.679,1.0,Unknown,2018.0,19.4,2012.0
E.ON UK plc,GRAGT4,Yes,Existing Generating CMU,25.743,1.0,Unknown,2018.0,19.4,2012.0
E.ON UK plc,GRAI06,Yes,Existing Generating CMU,405.54,1.0,Unknown,2018.0,19.4,2012.0
E.ON UK plc,GRAI07,Yes,Existing Generating CMU,408.54,1.0,Unknown,2018.0,19.4,2012.0
E.ON UK plc,GRAI08,Yes,Existing Generating CMU,406.44,1.0,Unknown,2018.0,19.4,2012.0
E.ON UK plc,KILPG1,No,Existing Generating CMU,403.46,0.0,Unknown,2018.0,19.4,2012.0
E.ON UK plc,KILPG2,No,Existing Generating CMU,398.372,0.0,Unknown,2018.0,19.4,2012.0
E.ON UK plc,RATGT2,Yes,Existing Generating CMU,15.914,1.0,Unknown,2018.0,19.4,2012.0
E.ON UK plc,RATGT4,Yes,Existing Generating CMU,15.914,1.0,Unknown,2018.0,19.4,2012.0
E.ON UK plc,RATS01,Yes,Refurbishing CMU,451.346,1.0,Unknown,2018.0,19.4,2012.0
E.ON UK plc,RATS02,Yes,Refurbishing CMU,451.346,1.0,Unknown,2018.0,19.4,2012.0
E.ON UK plc,RATS03,Yes,CMU Refurbishing,451.346,1.0,Unknown,2018.0,19.4,2012.0
E.ON UK plc,RATS04,Yes,Refurbishing CMU,451.346,1.0,Unknown,2018.0,19.4,2012.0
E.ON UK plc,TAYL02,Yes,Existing Generating CMU,65.218,1.0,Unknown,2018.0,19.4,2012.0
E.ON UK plc,TAYL03,Yes,Existing Generating CMU,61.784,1.0,Unknown,2018.0,19.4,2012.0
EDF Energy Nuclear Generation Limited,DNGB21,Yes,Refurbishing CMU,468.806,1.0,Unknown,2018.0,19.4,2012.0
EDF Energy Nuclear Generation Limited,DNGB22,Yes,Refurbishing CMU 3,478.573,1.0,Unknown,2018.0,19.4,2012.0
EDF Energy Nuclear Generation Limited,HEYM11,Yes,3 Refurbishing CMU 3,501.362,1.0,Unknown,2018.0,19.4,2012.0
EDF Energy Nuclear Generation Limited,HEYM12,Yes,3 Refurbishing CMU,494.037,1.0,Unknown,2018.0,19.4,2012.0
EDF Energy Nuclear Generation Limited,HEYM27,Yes,Refurbishing CMU,546.941,1.0,Unknown,2018.0,19.4,2012.0
EDF Energy Nuclear Generation Limited,HEYM28,Yes,Refurbishing CMU,546.941,1.0,Unknown,2018.0,19.4,2012.0
EDF Energy Nuclear Generation Limited,HINB-7,Yes,Refurbishing CMU,434.623,1.0,Unknown,2018.0,19.4,2012.0
EDF Energy Nuclear Generation Limited,HINB-8,Yes,Refurbishing CMU,429.739,1.0,Unknown,2018.0,19.4,2012.0
EDF Energy Nuclear Generation Limited,HRTL-1,Yes,3 Refurbishing CMU 3,518.454,1.0,Unknown,2018.0,19.4,2012.0
EDF Energy Nuclear Generation Limited,HRTL-2,Yes,3 Refurbishing CMU,513.571,1.0,Unknown,2018.0,19.4,2012.0
EDF Energy Nuclear Generation Limited,HUNB-7,Yes,Refurbishing CMU,437.878,1.0,Unknown,2018.0,19.4,2012.0
EDF Energy Nuclear Generation Limited,HUNB-8,Yes,Refurbishing CMU,439.506,1.0,Unknown,2018.0,19.4,2012.0
EDF Energy Nuclear Generation Limited,SIZB-1,Yes,Refurbishing CMU,510.315,1.0,Unknown,2018.0,19.4,2012.0
EDF Energy Nuclear Generation Limited,SIZB-2,Yes,Refurbishing CMU,510.315,1.0,Unknown,2018.0,19.4,2012.0
EDF Energy Nuclear Generation Limited,TORN-1,Yes,Refurbishing CMU,519.268,1.0,Unknown,2018.0,19.4,2012.0
EDF Energy Nuclear Generation Limited,TORN-2,Yes,Refurbishing CMU,525.779,1.0,Unknown,2018.0,19.4,2012.0
EDF Energy plc,COTPS1,Yes,Refurbishing CMU,435.571,3.0,Unknown,2018.0,19.4,2012.0
EDF Energy plc,COTPS2,Yes,Refurbishing CMU,444.335,3.0,Unknown,2018.0,19.4,2012.0
EDF Energy plc,COTPS3,Yes,Refurbishing CMU,444.335,3.0,Unknown,2018.0,19.4,2012.0
EDF Energy plc,COTPS4,Yes,Refurbishing CMU,435.571,3.0,Unknown,2018.0,19.4,2012.0
EDF Energy plc,WBUGT1,Yes,Existing Generating CMU,18.722,1.0,Unknown,2018.0,19.4,2012.0
EDF Energy plc,WBUGT4,Yes,Existing Generating CMU,18.722,1.0,Unknown,2018.0,19.4,2012.0
EDF Energy plc,WBUPS1,Yes,Refurbishing CMU,440.829,3.0,Unknown,2018.0,19.4,2012.0
EDF Energy plc,WBUPS2,Yes,Refurbishing CMU,440.829,3.0,Unknown,2018.0,19.4,2012.0
EDF Energy plc,WBUPS3,No,Refurbishing CMU,440.829,0.0,Unknown,2018.0,19.4,2012.0
EDF Energy plc,WBUPS4,Yes,Refurbishing CMU,440.829,3.0,Unknown,2018.0,19.4,2012.0
EDF Energy plc,WBURB1,Yes,Existing Generating CMU,392.421,1.0,Unknown,2018.0,19.4,2012.0
EDF Energy plc,WBURB2,Yes,Existing Generating CMU,404.694,1.0,Unknown,2018.0,19.4,2012.0
EDF Energy plc,WBURB3,Yes,Existing Generating CMU,396.956,1.0,Unknown,2018.0,19.4,2012.0
,EGG012,No,Refurbishing CMU,920.22,0.0,Unknown,2018.0,19.4,2012.0
,EGG034,No,Refurbishing CMU,920.22,0.0,Unknown,2018.0,19.4,2012.0
,ECMU01,No,Unproven DSR CMU,25.0,0.0,Unknown,2018.0,19.4,2012.0
,ECMU02,No,Unproven DSR CMU,25.0,0.0,Unknown,2018.0,19.4,2012.0
,ECMU03,No,Unproven DSR CMU,25.0,0.0,Unknown,2018.0,19.4,2012.0
,ECMU04,No,Unproven DSR CMU,25.0,0.0,Unknown,2018.0,19.4,2012.0
,ECMU05,No,Unproven DSR CMU,25.0,0.0,Unknown,2018.0,19.4,2012.0
,ECMU06,No,Unproven DSR CMU,25.0,0.0,Unknown,2018.0,19.4,2012.0
,ECMU07,No,Unproven DSR CMU,44.85,0.0,Unknown,2018.0,19.4,2012.0
,ECMU08,No,Unproven DSR CMU,25.0,0.0,Unknown,2018.0,19.4,2012.0
,ECMU09,No,Unproven DSR CMU,10.0,0.0,Unknown,2018.0,19.4,2012.0
,ECMU10,No,Unproven DSR CMU,10.0,0.0,Unknown,2018.0,19.4,2012.0
,ECMU11,No,Unproven DSR CMU,5.0,0.0,Unknown,2018.0,19.4,2012.0
,ECMU12,No,Unproven DSR CMU,5.0,0.0,Unknown,2018.0,19.4,2012.0
,EPCMU3,Yes,Existing Generating CMU,201.296,1.0,Unknown,2018.0,19.4,2012.0
FCC Buckinghamshire Ltd,BUCK01,Yes,New Build Generating CMU,23.838,1.0,Unknown,2018.0,19.4,2012.0
FCC Recycling UK Ltd,FCC001,Yes,Existing Generating CMU,39.663,1.0,Unknown,2018.0,19.4,2012.0
Mercia Waste Management Ltd,MERC01,Yes,New Build Generating CMU,21.91,1.0,Unknown,2018.0,19.4,2012.0
,FMFEL1,Yes,New Build Generating CMU,67.088,1.0,Unknown,2018.0,19.4,2012.0
Ashford Power LTD,Ashfor,No,New Build Generating CMU,19.58,0.0,Unknown,2018.0,19.4,2012.0
Wednesbury Power LTD,Wednes,No,New Build Generating CMU,19.58,0.0,Unknown,2018.0,19.4,2012.0
,FLEX01,Yes,Existing Generating CMU,7.429,1.0,Unknown,2018.0,19.4,2012.0
,FLEX02,Yes,Existing Generating CMU,4.842,1.0,Unknown,2018.0,19.4,2012.0
,FLEX03,Yes,Existing Generating CMU,4.731,1.0,Unknown,2018.0,19.4,2012.0
,FLEX04,Yes,Existing Generating CMU,5.932,1.0,Unknown,2018.0,19.4,2012.0
,FLEX05,Yes,Existing Generating CMU,3.371,1.0,Unknown,2018.0,19.4,2012.0
,FLEX06,Yes,Existing Generating CMU,9.568,1.0,Unknown,2018.0,19.4,2012.0
,FLEX07,Yes,Existing Generating CMU,3.819,1.0,Unknown,2018.0,19.4,2012.0
,FLEX08,Yes,Existing Generating CMU,4.26,1.0,Unknown,2018.0,19.4,2012.0
,FLEX09,Yes,Existing Generating CMU,3.975,1.0,Unknown,2018.0,19.4,2012.0
,FLEX10,Yes,Existing Generating CMU,2.558,1.0,Unknown,2018.0,19.4,2012.0
,FLEX11,Yes,Existing Generating CMU,2.565,1.0,Unknown,2018.0,19.4,2012.0
,FLEX12,Yes,Existing Generating CMU,2.491,1.0,Unknown,2018.0,19.4,2012.0
,FLEX13,Yes,Existing Generating CMU,2.56,1.0,Unknown,2018.0,19.4,2012.0
,FLEX14,Yes,Existing Generating CMU,2.601,1.0,Unknown,2018.0,19.4,2012.0
,FLEX15,Yes,Existing Generating CMU,7.181,1.0,Unknown,2018.0,19.4,2012.0
,FLEX16,Yes,Existing Generating CMU,7.41,1.0,Unknown,2018.0,19.4,2012.0
,FLEX17,Yes,Existing Generating CMU,13.403,1.0,Unknown,2018.0,19.4,2012.0
,FLEX40,Yes,Proven DSR CMU,3.588,1.0,Unknown,2018.0,19.4,2012.0
,FLEX41,Yes,Proven DSR CMU,4.637,1.0,Unknown,2018.0,19.4,2012.0
,FLEX70,Yes,Unproven DSR CMU,35.88,1.0,Unknown,2018.0,19.4,2012.0
,FLEX71,Yes,Unproven DSR CMU,17.94,1.0,Unknown,2018.0,19.4,2012.0
,FLEX72,Yes,Unproven DSR CMU,2.691,1.0,Unknown,2018.0,19.4,2012.0
,FLEX73,Yes,Unproven DSR CMU,8.97,1.0,Unknown,2018.0,19.4,2012.0
,FLEX74,Yes,Unproven DSR CMU,5.382,1.0,Unknown,2018.0,19.4,2012.0
,FLEX75,Yes,Unproven DSR CMU,17.94,1.0,Unknown,2018.0,19.4,2012.0
,FLEX76,Yes,Unproven DSR CMU,22.425,1.0,Unknown,2018.0,19.4,2012.0
,FLEX77,Yes,Unproven DSR CMU,17.94,1.0,Unknown,2018.0,19.4,2012.0
,FLEX78,Yes,Unproven DSR CMU,4.485,1.0,Unknown,2018.0,19.4,2012.0
,FLEX79,Yes,Unproven DSR CMU,3.588,1.0,Unknown,2018.0,19.4,2012.0
,FLEX80,Yes,Unproven DSR CMU,17.94,1.0,Unknown,2018.0,19.4,2012.0
,FLEX81,Yes,Unproven DSR CMU,7.176,1.0,Unknown,2018.0,19.4,2012.0
,ionafp,Yes,New Build Generating CMU,5.747,15.0,Unknown,2018.0,19.4,2012.0
Deeside Power (UK) Limited,DEEP-1,No,Existing Generating CMU,464.64,0.0,Unknown,2018.0,19.4,2012.0
First Hydro Company,DINO-1,Yes,Existing Generating CMU,266.821,1.0,Unknown,2018.0,19.4,2012.0
First Hydro Company,DINO-2,Yes,CMU Existing,266.821,1.0,Unknown,2018.0,19.4,2012.0
First Hydro Company,DINO-3,Yes,Existing Generating CMU,294.088,1.0,Unknown,2018.0,19.4,2012.0
First Hydro Company,DINO-4,Yes,Existing Generating CMU,266.821,1.0,Unknown,2018.0,19.4,2012.0
First Hydro Company,DINO-5,Yes,Existing Generating CMU,266.821,1.0,Unknown,2018.0,19.4,2012.0
First Hydro Company,DINO-6,Yes,Existing Generating CMU,266.821,1.0,Unknown,2018.0,19.4,2012.0
First Hydro Company,FFES-1,Yes,Existing Generating CMU,87.642,1.0,Unknown,2018.0,19.4,2012.0
First Hydro Company,FFES-2,Yes,Existing Generating CMU,87.642,1.0,Unknown,2018.0,19.4,2012.0
First Hydro Company,FFES-3,Yes,Existing Generating CMU,87.642,1.0,Unknown,2018.0,19.4,2012.0
First Hydro Company,FFES-4,Yes,Existing Generating CMU,87.642,1.0,Unknown,2018.0,19.4,2012.0
Indian Queens Power Limited,INDQ-1,Yes,Existing Generating CMU,131.054,1.0,Unknown,2018.0,19.4,2012.0
Rugeley Power Limited,RUGE-B,No,Existing Generating CMU,902.171,0.0,Unknown,2018.0,19.4,2012.0
Saltend Cogeneration Company Limited,SALTND,Yes,Existing Generating CMU,1080.0,1.0,Unknown,2018.0,19.4,2012.0
,GFEALC,Yes,New Build Generating CMU,18.722,15.0,Unknown,2018.0,19.4,2012.0
,GFEBAR,Yes,New Build Generating CMU,19.47,15.0,Unknown,2018.0,19.4,2012.0
,GFEDRO,Yes,New Build Generating CMU,5.616,15.0,Unknown,2018.0,19.4,2012.0
,GFELES,Yes,CMU New Build,11.233,15.0,Unknown,2018.0,19.4,2012.0
,PPBRIT,Yes,New Build Generating CMU,6.552,1.0,Unknown,2018.0,19.4,2012.0
,PPCULH,Yes,New Build Generating CMU,5.616,15.0,Unknown,2018.0,19.4,2012.0
,PPFLAT,Yes,New Build Generating CMU,2.808,1.0,Unknown,2018.0,19.4,2012.0
,PPHIDO,Yes,Existing Generating CMU,3.295,1.0,Unknown,2018.0,19.4,2012.0
,PPHULL,Yes,New Build Generating CMU,2.808,1.0,Unknown,2018.0,19.4,2012.0
,PPPLYM,Yes,New Build Generating CMU,5.61,1.0,Unknown,2018.0,19.4,2012.0
,PPROCK,Yes,New Build Generating CMU,14.041,15.0,Unknown,2018.0,19.4,2012.0
,PPTIRJ,Yes,New Build Generating CMU,7.488,1.0,Unknown,2018.0,19.4,2012.0
,PPTREG,Yes,New Build Generating CMU,3.744,1.0,Unknown,2018.0,19.4,2012.0
,PPWILL,Yes,New Build Generating CMU,5.61,1.0,Unknown,2018.0,19.4,2012.0
,G15MAT,Yes,New Build Generating CMU,19.658,15.0,Unknown,2018.0,19.4,2012.0
,G15PEN,Yes,New Build Generating CMU,21.024,15.0,Unknown,2018.0,19.4,2012.0
,G15RED,Yes,New Build Generating CMU,19.546,15.0,Unknown,2018.0,19.4,2012.0
,G16HAV,No,New Build Generating CMU,19.658,0.0,Unknown,2018.0,19.4,2012.0
,G16LET,Yes,New Build Generating CMU,14.042,15.0,Unknown,2018.0,19.4,2012.0
,G16MAR,No,New Build Generating CMU,18.722,0.0,Unknown,2018.0,19.4,2012.0
,G16WOL,No,New Build Generating CMU,9.361,0.0,Unknown,2018.0,19.4,2012.0
,G17HER,Yes,New Build Generating CMU,18.722,15.0,Unknown,2018.0,19.4,2012.0
,G17JAM,No,New Build Generating CMU,18.722,0.0,Unknown,2018.0,19.4,2012.0
,G17WAT,Yes,New Build Generating CMU,18.722,15.0,Unknown,2018.0,19.4,2012.0
,INEOS1,Yes,Existing Generating CMU,45.9,1.0,Unknown,2018.0,19.4,2012.0
Coryton Energy Company Ltd,IGCECL,Yes,Existing Generating CMU,704.0,1.0,Unknown,2018.0,19.4,2012.0
Gateway Energy Centre Limited,IGGECL,No,New Build Generating CMU,1095.6,0.0,Unknown,2018.0,19.4,2012.0
Rocksavage Power Company Ltd,IGRPCL,Yes,Existing Generating CMU,730.4,1.0,Unknown,2018.0,19.4,2012.0
Spalding Energy Company Ltd,IGSECL,Yes,Existing Generating CMU,794.64,1.0,Unknown,2018.0,19.4,2012.0
Spalding Energy Expansion Limited,IGSEEL,No,New Build Generating CMU,589.6,0.0,Unknown,2018.0,19.4,2012.0
,ionakp,Yes,Existing Generating CMU,9.466,1.0,Unknown,2018.0,19.4,2012.0
,KIWI90,No,Unproven DSR CMU,44.85,0.0,Unknown,2018.0,19.4,2012.0
,KIWI91,No,Unproven DSR CMU,44.85,0.0,Unknown,2018.0,19.4,2012.0
,KIWI92,No,Unproven DSR CMU,44.85,0.0,Unknown,2018.0,19.4,2012.0
,KIWI93,No,Unproven DSR CMU,44.85,0.0,Unknown,2018.0,19.4,2012.0
Curzon Lodge Energy Limited,CURZON,No,New Build Generating CMU,17.999,0.0,Unknown,2018.0,19.4,2012.0
Waterswallows Energy Limited,WATERS,No,New Build Generating CMU,13.999,0.0,Unknown,2018.0,19.4,2012.0
,OFFE01,No,New Build Generating CMU,18.001,0.0,Unknown,2018.0,19.4,2012.0
,BAGE-1,Yes,Existing Generating CMU,457.0,1.0,Unknown,2018.0,19.4,2012.0
,BAGE-2,Yes,Existing Generating CMU,29.955,1.0,Unknown,2018.0,19.4,2012.0
,SUTB-1,Yes,Existing Generating CMU,720.72,1.0,Unknown,2018.0,19.4,2012.0
,SVRP10,Yes,Existing Generating CMU,374.0,1.0,Unknown,2018.0,19.4,2012.0
,SVRP20,Yes,Existing Generating CMU,374.0,1.0,Unknown,2018.0,19.4,2012.0
,NGD001,No,New Build Generating CMU,42.125,0.0,Unknown,2018.0,19.4,2012.0
,HYTHE1,Yes,Existing Generating CMU,43.912,1.0,Unknown,2018.0,19.4,2012.0
,AYLE03,Yes,Existing Generating CMU,38.681,1.0,Unknown,2018.0,19.4,2012.0
,BDGW01,Yes,Existing Generating CMU,37.779,1.0,Unknown,2018.0,19.4,2012.0
,SEALS1,Yes,Existing Generating CMU,48.811,1.0,Unknown,2018.0,19.4,2012.0
,TXDE01,No,Existing Generating CMU,13.131,0.0,Unknown,2018.0,19.4,2012.0
,NDACHP,Yes,Existing Generating CMU,93.832,1.0,Unknown,2018.0,19.4,2012.0
,NDAHYD,Yes,Existing Generating CMU,23.653,1.0,Unknown,2018.0,19.4,2012.0
P3P Energy Management AE Limited,CASQ14,Yes,Existing Generating CMU,2.9,1.0,Unknown,2018.0,19.4,2012.0
P3P Energy Management Limited,BREH14,Yes,Existing Generating CMU,13.202,1.0,Unknown,2018.0,19.4,2012.0
Peak Gen Power 10 Limited,PGP10L,No,New Build Generating CMU,18.722,0.0,Unknown,2018.0,19.4,2012.0
Peak Gen Power 11 Limited,PGP11L,Yes,New Build Generating CMU,18.722,15.0,Unknown,2018.0,19.4,2012.0
Peak Gen Power 12 Limited,PGP12L,No,New Build Generating CMU,18.722,0.0,Unknown,2018.0,19.4,2012.0
Peak Gen Power 13 Limited,PGP13L,Yes,New Build Generating CMU,18.722,15.0,Unknown,2018.0,19.4,2012.0
Peak Gen Power 14 Limited,PGP14L,Yes,New Build Generating CMU,18.722,15.0,Unknown,2018.0,19.4,2012.0
Peak Gen Power 15 Limited,PGP15L,No,New Build Generating CMU,18.722,0.0,Unknown,2018.0,19.4,2012.0
Peak Gen Power 16 Limited,PGP16L,No,New Build Generating CMU,14.977,0.0,Unknown,2018.0,19.4,2012.0
Peak Gen Power 17 Limited,PGP17L,No,New Build Generating CMU,18.722,0.0,Unknown,2018.0,19.4,2012.0
Peak Gen Power 2 Limited,PGP2LB,Yes,New Build Generating CMU,18.722,3.0,Unknown,2018.0,19.4,2012.0
Peak Gen Power 20 Limited,PGP20L,No,New Build Generating CMU,9.361,0.0,Unknown,2018.0,19.4,2012.0
Peak Gen Power 4 Limited,PGP4LD,No,New Build Generating CMU,18.722,0.0,Unknown,2018.0,19.4,2012.0
Peak Gen Power 5 Limited,PGP5LD,Yes,New Build Generating CMU,18.722,15.0,Unknown,2018.0,19.4,2012.0
Peak Gen Power 6 Limited,PGP6LD,Yes,New Build Generating CMU,18.722,15.0,Unknown,2018.0,19.4,2012.0
Peak Gen Power 8 Limited,PGP8LD,No,New Build Generating CMU,18.722,0.0,Unknown,2018.0,19.4,2012.0
Peak Gen Power 9 Limited,PGP9LD,No,New Build Generating CMU,18.722,0.0,Unknown,2018.0,19.4,2012.0
W4B (RE) Limited,PGPW4B,Yes,New Build Generating CMU,3.744,15.0,Unknown,2018.0,19.4,2012.0
Power Balancing Services (Property 1) Limited,PBSAL1,Yes,New Build Generating CMU,4.573,14.0,Unknown,2018.0,19.4,2012.0
Power Balancing Services Limited,PBSGC1,Yes,New Build Generating CMU,7.33,14.0,Unknown,2018.0,19.4,2012.0
Power Balancing Services Limited,PBSGC2,No,New Build Generating CMU,4.57,0.0,Unknown,2018.0,19.4,2012.0
Power Balancing Services Limited,PBSMA1,Yes,New Build Generating CMU,6.407,14.0,Unknown,2018.0,19.4,2012.0
Power Balancing Services Limited,PBSSW1,No,New Build Generating CMU,1.92,0.0,Unknown,2018.0,19.4,2012.0
Power Balancing Services Limited,PBSTL3,Yes,New Build Generating CMU,6.432,14.0,Unknown,2018.0,19.4,2012.0
Power Balancing Services Limited,PBSTL4,Yes,New Build Generating CMU,7.55,14.0,Unknown,2018.0,19.4,2012.0
,SELBY2,No,New Build Generating CMU,23.439,0.0,Unknown,2018.0,19.4,2012.0
,PRIM01,Yes,New Build Generating CMU,5.62,15.0,Unknown,2018.0,19.4,2012.0
,BRIST1,Yes,Existing Generating CMU,42.916,1.0,Unknown,2018.0,19.4,2012.0
,CROYD1,Yes,Existing Generating CMU,46.961,1.0,Unknown,2018.0,19.4,2012.0
,DERBY1,Yes,Existing Generating CMU,51.705,1.0,Unknown,2018.0,19.4,2012.0
,EXETR1,Yes,Existing Generating CMU,45.677,1.0,Unknown,2018.0,19.4,2012.0
,HEART1,Yes,Existing Generating CMU,47.804,1.0,Unknown,2018.0,19.4,2012.0
,HEART2,Yes,Existing Generating CMU,47.804,1.0,Unknown,2018.0,19.4,2012.0
,VKING1,Yes,Existing Generating CMU,48.549,1.0,Unknown,2018.0,19.4,2012.0
,ABTHMC,Yes,Existing Generating CMU,1486.272,1.0,Unknown,2018.0,19.4,2012.0
,COWE01,Yes,Existing Generating CMU,65.527,1.0,Unknown,2018.0,19.4,2012.0
,COWE02,Yes,Existing Generating CMU,65.527,1.0,Unknown,2018.0,19.4,2012.0
,DIDC1G,Yes,Existing Generating CMU,23.403,1.0,Unknown,2018.0,19.4,2012.0
,DIDC2G,Yes,Existing Generating CMU,23.403,1.0,Unknown,2018.0,19.4,2012.0
,DIDC3G,Yes,Existing Generating CMU,23.403,1.0,Unknown,2018.0,19.4,2012.0
,DIDC4G,Yes,Existing Generating,23.403,1.0,Unknown,2018.0,19.4,2012.0
,DIDCB5,Yes,Existing Generating CMU,704.0,1.0,Unknown,2018.0,19.4,2012.0
,DIDCB6,Yes,Existing Generating CMU,660.0,1.0,Unknown,2018.0,19.4,2012.0
,GYAR01,Yes,Existing Generating CMU,360.8,1.0,Unknown,2018.0,19.4,2012.0
,LBAR01,Yes,Existing Generating CMU,683.403,1.0,Unknown,2018.0,19.4,2012.0
,PEMB11,Yes,Refurbishing CMU,418.0,1.0,Unknown,2018.0,19.4,2012.0
,PEMB21,Yes,Refurbishing CMU,418.0,1.0,Unknown,2018.0,19.4,2012.0
,PEMB31,Yes,Refurbishing CMU,418.0,1.0,Unknown,2018.0,19.4,2012.0
,PEMB41,Yes,Refurbishing CMU,418.0,1.0,Unknown,2018.0,19.4,2012.0
,PEMB51,Yes,Refurbishing CMU,418.0,1.0,Unknown,2018.0,19.4,2012.0
,STAY01,Yes,Existing Generating CMU,408.32,1.0,Unknown,2018.0,19.4,2012.0
,STAY02,Yes,Existing Generating CMU,408.32,1.0,Unknown,2018.0,19.4,2012.0
,STAY03,Yes,Existing Generating CMU,408.32,1.0,Unknown,2018.0,19.4,2012.0
,STAY04,Yes,Existing Generating CMU,408.32,1.0,Unknown,2018.0,19.4,2012.0
,SSIERT,No,Existing Generating CMU,11.808,0.0,Unknown,2018.0,19.4,2012.0
,SSISDG,No,Existing Generating CMU,3.843,0.0,Unknown,2018.0,19.4,2012.0
,SSITA1,No,Existing Generating CMU,4.491,0.0,Unknown,2018.0,19.4,2012.0
,SSITA2,No,Existing Generating CMU,12.708,0.0,Unknown,2018.0,19.4,2012.0
,SSITA3,Yes,Existing Generating,23.724,1.0,Unknown,2018.0,19.4,2012.0
,SSITA4,Yes,Existing Generating CMU,24.975,1.0,Unknown,2018.0,19.4,2012.0
ScottishPower (DCL) Limited,SP-DC2,No,New Build Generating CMU,1056.0,0.0,Unknown,2018.0,19.4,2012.0
ScottishPower (DCL) Limited,SP-DCL,Yes,Existing Generating CMU,708.4,1.0,Unknown,2018.0,19.4,2012.0
ScottishPower (SCPL) Limited,SP-SHO,Yes,Existing Generating CMU,374.0,1.0,Unknown,2018.0,19.4,2012.0
ScottishPower Generation Limited,SP-BLA,Yes,Existing Generating CMU,52.8,1.0,Unknown,2018.0,19.4,2012.0
ScottishPower Generation Limited,SP-CRU,Yes,Existing Generating CMU,428.472,1.0,Unknown,2018.0,19.4,2012.0
ScottishPower Generation Limited,SP-GLE,Yes,Existing Generating CMU,20.066,1.0,Unknown,2018.0,19.4,2012.0
ScottishPower Generation Limited,SP-KEN,Yes,Existing Generating CMU,20.066,1.0,Unknown,2018.0,19.4,2012.0
ScottishPower Generation Limited,SP-RYH,Yes,Existing Generating CMU,629.2,1.0,Unknown,2018.0,19.4,2012.0
ScottishPower Generation Limited,SP-TON,Yes,Existing Generating CMU,27.59,1.0,Unknown,2018.0,19.4,2012.0
,BACITI,No,New Build Generating CMU,3.78,0.0,Unknown,2018.0,19.4,2012.0
,SEA1&2,Yes,Existing Generating CMU,1107.04,1.0,Unknown,2018.0,19.4,2012.0
,S18G01,Yes,Existing Generating CMU,37.8,1.0,Unknown,2018.0,19.4,2012.0
,S18G02,Yes,Existing Generating CMU,38.25,1.0,Unknown,2018.0,19.4,2012.0
,S18S11,Yes,Existing Generating CMU,19.828,1.0,Unknown,2018.0,19.4,2012.0
,SPHGR1,No,New Build Generating CMU,48.59,0.0,Unknown,2018.0,19.4,2012.0
,SHCHP1,No,New Build Generating CMU,450.0,0.0,Unknown,2018.0,19.4,2012.0
SSE Energy Supply Ltd.,CHIPN1,Yes,Existing Generating CMU,9.454,1.0,Unknown,2018.0,19.4,2012.0
SSE Energy Supply Ltd.,MRWD-1,Yes,Existing Generating CMU,809.6,1.0,Unknown,2018.0,19.4,2012.0
SSE Generation Ltd.,ABND-1,No,New Build Generating CMU,440.0,0.0,Unknown,2018.0,19.4,2012.0
SSE Generation Ltd.,BURGH1,Yes,Existing Generating CMU,44.034,1.0,Unknown,2018.0,19.4,2012.0
SSE Generation Ltd.,CBEU01,Yes,Existing Generating CMU,15.886,1.0,Unknown,2018.0,19.4,2012.0
SSE Generation Ltd.,CBEU02,Yes,Existing Generating CMU,15.886,1.0,Unknown,2018.0,19.4,2012.0
SSE Generation Ltd.,CHICK1,Yes,Existing Generating CMU,44.031,1.0,Unknown,2018.0,19.4,2012.0
SSE Generation Ltd.,CLAC-1,Yes,Existing Generating CMU,33.444,1.0,Unknown,2018.0,19.4,2012.0
SSE Generation Ltd.,CLUNIE,Yes,Existing Generating,51.169,1.0,Unknown,2018.0,19.4,2012.0
SSE Generation Ltd.,ERRO-1,Yes,Existing Generating CMU,20.903,1.0,Unknown,2018.0,19.4,2012.0
SSE Generation Ltd.,ERRO-2,Yes,Existing Generating CMU,20.903,1.0,Unknown,2018.0,19.4,2012.0
SSE Generation Ltd.,ERRO-3,Yes,Existing Generating CMU,20.903,1.0,Unknown,2018.0,19.4,2012.0
SSE Generation Ltd.,FASN-1,Yes,Existing Generating CMU,19.23,1.0,Unknown,2018.0,19.4,2012.0
SSE Generation Ltd.,FASN-2,Yes,Existing Generating CMU,19.23,1.0,Unknown,2018.0,19.4,2012.0
SSE Generation Ltd.,FASN-3,Yes,Existing Generating CMU,19.23,1.0,Unknown,2018.0,19.4,2012.0
SSE Generation Ltd.,FERR-4,No,Existing Generating CMU,429.436,0.0,Unknown,2018.0,19.4,2012.0
SSE Generation Ltd.,FERRY3,No,Existing Generating CMU,461.263,0.0,Unknown,2018.0,19.4,2012.0
SSE Generation Ltd.,FIDL-1,No,Existing Generating CMU,425.054,0.0,Unknown,2018.0,19.4,2012.0
SSE Generation Ltd.,FIDL-2,Yes,Existing Generating CMU,442.714,1.0,Unknown,2018.0,19.4,2012.0
SSE Generation Ltd.,FIDL-3,Yes,Existing Generating CMU,442.714,1.0,Unknown,2018.0,19.4,2012.0
SSE Generation Ltd.,FIDL-4,Yes,Existing Generating CMU,443.458,1.0,Unknown,2018.0,19.4,2012.0
SSE Generation Ltd.,FOAKS1,Yes,Existing Generating CMU,8.612,1.0,Unknown,2018.0,19.4,2012.0
SSE Generation Ltd.,FOYE-1,Yes,Existing Generating CMU,146.07,1.0,Unknown,2018.0,19.4,2012.0
SSE Generation Ltd.,FOYE-2,Yes,Existing Generating CMU,146.07,1.0,Unknown,2018.0,19.4,2012.0
SSE Generation Ltd.,GLENMS,Yes,Existing Generating CMU,33.202,1.0,Unknown,2018.0,19.4,2012.0
SSE Generation Ltd.,INAW-1,Yes,Existing Generating CMU,20.902,1.0,Unknown,2018.0,19.4,2012.0
SSE Generation Ltd.,KEAD-1,Yes,Existing Generating CMU,672.32,1.0,Unknown,2018.0,19.4,2012.0
SSE Generation Ltd.,KEAD-3,Yes,Existing Generating CMU,22.345,1.0,Unknown,2018.0,19.4,2012.0
SSE Generation Ltd.,LCHART,Yes,Existing Generating CMU,28.427,1.0,Unknown,2018.0,19.4,2012.0
SSE Generation Ltd.,LOCHAY,Yes,Existing Generating CMU,39.297,1.0,Unknown,2018.0,19.4,2012.0
SSE Generation Ltd.,MEDP-1,Yes,Existing Generating CMU,616.0,1.0,Unknown,2018.0,19.4,2012.0
SSE Generation Ltd.,PEHE-1,No,Existing Generating CMU,1040.318,0.0,Unknown,2018.0,19.4,2012.0
SSE Generation Ltd.,RANN-1,Yes,Existing Generating CMU,13.377,1.0,Unknown,2018.0,19.4,2012.0
SSE Generation Ltd.,RANN-2,Yes,Existing Generating CMU,13.377,1.0,Unknown,2018.0,19.4,2012.0
SSE Generation Ltd.,RANN-3,Yes,Existing Generating CMU,13.377,1.0,Unknown,2018.0,19.4,2012.0
SSE Generation Ltd.,SLOY-1,Yes,Existing Generating CMU,33.444,1.0,Unknown,2018.0,19.4,2012.0
SSE Generation Ltd.,SLOY-2,Yes,Existing Generating CMU,33.444,1.0,Unknown,2018.0,19.4,2012.0
SSE Generation Ltd.,SLOY-3,Yes,Existing Generating CMU,33.444,1.0,Unknown,2018.0,19.4,2012.0
SSE Generation Ltd.,SLOY-4,Yes,Existing Generating CMU,27.173,1.0,Unknown,2018.0,19.4,2012.0
SSE Generation Ltd.,THATM1,Yes,Existing Generating CMU,8.031,1.0,Unknown,2018.0,19.4,2012.0
SSE Generation Ltd.,TUMB-1,Yes,Existing Generating CMU,14.213,1.0,Unknown,2018.0,19.4,2012.0
SSE Generation Ltd.,TUMB-2,Yes,Existing Generating CMU,14.213,1.0,Unknown,2018.0,19.4,2012.0
SSE Generation Ltd.,RHEIG2,Yes,Existing,17.933,1.0,Unknown,2018.0,19.4,2012.0
SSE Generation Ltd.,RHEIG3,Yes,Existing Generating CMU,18.18,1.0,Unknown,2018.0,19.4,2012.0
,THORMA,No,New Build Generating CMU,528.0,0.0,Unknown,2018.0,19.4,2012.0
,THORMB,No,New Build Generating CMU,528.0,0.0,Unknown,2018.0,19.4,2012.0
UK Capacity Reserve Ltd,UKCR01,No,New Build Generating CMU,18.722,0.0,Unknown,2018.0,19.4,2012.0
UK Capacity Reserve Ltd,UKCR04,No,New Build Generating CMU,18.722,0.0,Unknown,2018.0,19.4,2012.0
UK Capacity Reserve Ltd,UKCR05,Yes,New Build Generating CMU,18.722,15.0,Unknown,2018.0,19.4,2012.0
UK Capacity Reserve Ltd,UKCR10,Yes,New Build Generating CMU,16.85,15.0,Unknown,2018.0,19.4,2012.0
UK Capacity Reserve Ltd,UKCR12,Yes,New Build Generating CMU,5.617,15.0,Unknown,2018.0,19.4,2012.0
UK Capacity Reserve Ltd,UKCR13,Yes,New Build Generating CMU,7.489,15.0,Unknown,2018.0,19.4,2012.0
UK Capacity Reserve Ltd,UKCR15,Yes,New Build Generating CMU,5.617,15.0,Unknown,2018.0,19.4,2012.0
UK Capacity Reserve Ltd,UKCR17,No,New Build Generating CMU,7.489,0.0,Unknown,2018.0,19.4,2012.0
UK Capacity Reserve Ltd,UKCR21,Yes,New Build Generating CMU,18.722,15.0,Unknown,2018.0,19.4,2012.0
UK Capacity Reserve Ltd,UKCR23,No,New Build Generating CMU,18.722,0.0,Unknown,2018.0,19.4,2012.0
UK Capacity Reserve Ltd,UKCR24,Yes,New Build Generating CMU,7.489,15.0,Unknown,2018.0,19.4,2012.0
UK Capacity Reserve Ltd,UKCR25,No,CMU New Build,18.722,0.0,Unknown,2018.0,19.4,2012.0
UK Capacity Reserve Ltd,UKCR28,Yes,New Build Generating CMU,22.466,15.0,Unknown,2018.0,19.4,2012.0
UK Capacity Reserve Ltd,UKCR29,Yes,New Build Generating CMU,22.466,15.0,Unknown,2018.0,19.4,2012.0
UK Capacity Reserve Ltd,UKCR30,No,New Build Generating CMU,7.489,0.0,Unknown,2018.0,19.4,2012.0
UK Capacity Reserve Ltd,UKCR33,No,New Build Generating CMU,18.722,0.0,Unknown,2018.0,19.4,2012.0
UK Capacity Reserve Ltd,UKCR35,Yes,New Build Generating CMU,18.722,15.0,Unknown,2018.0,19.4,2012.0
UK Capacity Reserve Ltd,UKCR36,No,New Build Generating CMU,18.722,0.0,Unknown,2018.0,19.4,2012.0
UK Capacity Reserve Ltd,UKCR39,No,New Build Generating CMU,18.722,0.0,Unknown,2018.0,19.4,2012.0
UK Capacity Reserve Ltd,UKCR45,No,New Build Generating CMU,7.489,0.0,Unknown,2018.0,19.4,2012.0
UK Capacity Reserve Ltd,UKCR47,Yes,New Build Generating CMU,18.722,15.0,Unknown,2018.0,19.4,2012.0
UK Capacity Reserve Ltd,UKCR48,Yes,New Build Generating CMU,18.722,15.0,Unknown,2018.0,19.4,2012.0
UK Capacity Reserve Ltd,UKCR49,No,New Build Generating CMU,18.722,0.0,Unknown,2018.0,19.4,2012.0
UK Capacity Reserve Ltd,UKCR50,Yes,New Build Generating CMU,18.722,15.0,Unknown,2018.0,19.4,2012.0
UK Capacity Reserve Ltd,UKCR51,No,New Build Generating CMU,18.722,0.0,Unknown,2018.0,19.4,2012.0
UK Capacity Reserve Ltd,UKCR52,No,New Build Generating CMU,18.722,0.0,Unknown,2018.0,19.4,2012.0
UK Capacity Reserve Ltd,UKCR53,Yes,New Build Generating CMU,16.85,15.0,Unknown,2018.0,19.4,2012.0
UK Capacity Reserve Ltd,UKCR55,Yes,New Build Generating CMU,18.722,15.0,Unknown,2018.0,19.4,2012.0
UK Capacity Reserve Ltd,UKCR57,Yes,New Build Generating,18.722,15.0,Unknown,2018.0,19.4,2012.0
UK Capacity Reserve Ltd,UKCR58,Yes,New Build Generating CMU,7.488,15.0,Unknown,2018.0,19.4,2012.0
UK Capacity Reserve Ltd,UKCR64,Yes,New Build Generating CMU,18.722,15.0,Unknown,2018.0,19.4,2012.0
UK Capacity Reserve Ltd,UKCR66,No,New Build Generating CMU,18.722,0.0,Unknown,2018.0,19.4,2012.0
UK Capacity Reserve Ltd,UKCR72,Yes,New Build Generating CMU,18.722,15.0,Unknown,2018.0,19.4,2012.0
UK Capacity Reserve Ltd,UKCR74,No,New Build Generating CMU,18.722,0.0,Unknown,2018.0,19.4,2012.0
UK Capacity Reserve Ltd,UKCR79,Yes,New Build Generating CMU,18.722,15.0,Unknown,2018.0,19.4,2012.0
UK Capacity Reserve Ltd,UKCR82,Yes,New Build Generating CMU,18.722,15.0,Unknown,2018.0,19.4,2012.0
UK Capacity Reserve Ltd,UKCR83,No,New Build Generating CMU,18.722,0.0,Unknown,2018.0,19.4,2012.0
UK Capacity Reserve Ltd,UKCR84,Yes,New Build Generating CMU,4.306,15.0,Unknown,2018.0,19.4,2012.0
UK Capacity Reserve Ltd,UKCR87,No,New Build Generating CMU,18.722,0.0,Unknown,2018.0,19.4,2012.0
UK Capacity Reserve Ltd,UKCR93,No,New Build Generating CMU,18.722,0.0,Unknown,2018.0,19.4,2012.0
UK Power Reserve Limited,UKPR01,Yes,3 Refurbishing CMU,9.361,1.0,Unknown,2018.0,19.4,2012.0
UK Power Reserve Limited,UKPR02,Yes,3 Refurbishing CMU,9.361,1.0,Unknown,2018.0,19.4,2012.0
UK Power Reserve Limited,UKPR03,Yes,3 Refurbishing CMU,9.361,1.0,Unknown,2018.0,19.4,2012.0
UK Power Reserve Limited,UKPR04,Yes,3 Refurbishing CMU,9.361,1.0,Unknown,2018.0,19.4,2012.0
UK Power Reserve Limited,UKPR05,Yes,3 Refurbishing CMU,9.202,1.0,Unknown,2018.0,19.4,2012.0
UK Power Reserve Limited,UKPR06,Yes,3 Refurbishing CMU,9.211,1.0,Unknown,2018.0,19.4,2012.0
UK Power Reserve Limited,UKPR07,Yes,3 Refurbishing CMU,3.575,1.0,Unknown,2018.0,19.4,2012.0
UK Power Reserve Limited,UKPR08,Yes,3 Refurbishing CMU,8.63,1.0,Unknown,2018.0,19.4,2012.0
UK Power Reserve Limited,UKPR09,Yes,3 Refurbishing CMU,8.603,1.0,Unknown,2018.0,19.4,2012.0
UK Power Reserve Limited,UKPR10,Yes,3 Refurbishing CMU,8.127,1.0,Unknown,2018.0,19.4,2012.0
UK Power Reserve Limited,UKPR11,Yes,3 Refurbishing CMU,7.02,1.0,Unknown,2018.0,19.4,2012.0
UK Power Reserve Limited,UKPR12,No,Refurbishing CMU,23.4,0.0,Unknown,2018.0,19.4,2012.0
UK Power Reserve Limited,UKPR13,No,Refurbishing CMU,23.4,0.0,Unknown,2018.0,19.4,2012.0
UK Power Reserve Limited,UKPR14,No,Refurbishing CMU,18.72,0.0,Unknown,2018.0,19.4,2012.0
UK Power Reserve Limited,UKPR15,No,Refurbishing CMU,18.72,0.0,Unknown,2018.0,19.4,2012.0
VEOLIA1,HAMP01,Yes,Existing Generating CMU,29.105,1.0,Unknown,2018.0,19.4,2012.0
VEOLIA1,NEWH01,Yes,Existing Generating CMU,13.408,1.0,Unknown,2018.0,19.4,2012.0
VEOLIA1,SHRO01,Yes,New Build Generating CMU,8.143,15.0,Unknown,2018.0,19.4,2012.0
VEOLIA1,STAF01,Yes,Existing Generating CMU,26.109,1.0,Unknown,2018.0,19.4,2012.0
VEOLIA1,TYSE01,Yes,Existing Generating CMU,25.193,1.0,Unknown,2018.0,19.4,2012.0
VEOLIA2,DCPS01,Yes,Existing Generating CMU,3.15,1.0,Unknown,2018.0,19.4,2012.0
,VIGNSA,Yes,New Build Generating CMU,3.931,15.0,Unknown,2018.0,19.4,2012.0
,VWMard,Yes,New Build Generating,22.786,15.0,Unknown,2018.0,19.4,2012.0
,VWMcar,Yes,New Build Generating CMU,27.545,1.0,Unknown,2018.0,19.4,2012.0
,VWMexe,Yes,New Build Generating CMU,4.132,1.0,Unknown,2018.0,19.4,2012.0
,ICHP01,Yes,Existing Generating CMU,1188.0,1.0,Unknown,2018.0,19.4,2012.0
,TRAFFA,Yes,New Build Generating CMU,1104.1,15.0,Unknown,2018.0,19.4,2012.0
,TRAFFB,Yes,New Build Generating CMU,552.05,15.0,Unknown,2018.0,19.4,2012.0
,CADO01,No,New Build Generating CMU,14.977,0.0,Unknown,2018.0,19.4,2012.0
,CYNO01,Yes,New Build Generating CMU,14.977,15.0,Unknown,2018.0,19.4,2012.0
,HARB01,No,New Build Generating CMU,14.977,0.0,Unknown,2018.0,19.4,2012.0
,LARI01,No,New Build Generating CMU,14.977,0.0,Unknown,2018.0,19.4,2012.0
,TILL01,No,New Build Generating CMU,14.977,0.0,Unknown,2018.0,19.4,2012.0
,WINCHP,Yes,Refurbishing CMU,71.244,1.0,Unknown,2018.0,19.4,2012.0
Centrica Business Solutions UK Limited,7RES15,Yes,Existing Generating CMU,1.142,1.0,Gas,2022.0,76.0,2022.0
Centrica Business Solutions UK Optimisation Limite,7RES16,Yes,Existing Generating CMU,5.844,1.0,Diesel,2022.0,76.0,2022.0
Centrica Business Solutions UK Optimisation Limite,7RES17,Yes,Existing Generating CMU,3.049,1.0,Gas,2022.0,76.0,2022.0
Centrica Business Solutions UK Optimisation Limite,7RES19,Yes,Existing Generating CMU,1.81,1.0,Gas,2022.0,76.0,2022.0
Centrica Business Solutions UK Optimisation Limite,7RES20,Yes,Existing Generating CMU,1.81,1.0,Gas,2022.0,76.0,2022.0
Centrica Business Solutions UK Optimisation Limite,7RES21,Yes,Existing Generating CMU,1.118,1.0,Storage - Battery,2022.0,76.0,2022.0
Centrica Business Solutions UK Optimisation Limite,7RES23,Yes,Existing Generating CMU,1.164,1.0,Gas,2022.0,76.0,2022.0
Centrica Business Solutions UK Optimisation Limite,7RES24,Yes,Existing Generating CMU,1.818,1.0,Gas,2022.0,76.0,2022.0
Centrica Business Solutions UK Optimisation Limite,7RES8A,Yes,Existing Generating CMU,6.954,1.0,Gas,2022.0,76.0,2022.0
Alkane Energy UK Limited,A1REDD,Yes,Existing Generating CMU,23.437,1.0,Oil,2022.0,76.0,2022.0
Alkane Energy UK Limited,A2AVAR,Yes,Existing Generating CMU,2.005,1.0,Gas,2022.0,76.0,2022.0
ARBROATH LIMITED,AR1H35,Yes,New Build Generating CMU,8.86,1.0,Storage - Battery,2022.0,76.0,2022.0
AMALGAMATED SMART METERING LIMITED,ASMUS2,Yes,Existing Generating CMU,7.263,1.0,Gas,2022.0,76.0,2022.0
Viridor Energy Limited,AVON21,Yes,Existing Generating CMU,32.955,1.0,Waste,2022.0,76.0,2022.0
ADD RENEWABLES NO.3 LIMITED,BARNB1,Yes,New Build Generating CMU,10.348,1.0,Storage - Battery,2022.0,76.0,2022.0
Limejump Ltd,BAT101,Yes,Existing Generating CMU,0.388,1.0,Storage - Battery,2022.0,76.0,2022.0
GridReserve Ltd,BB2022,Yes,Existing Generating CMU,6.726,1.0,Storage - Battery,2022.0,76.0,2022.0
Bryt Energy Limited,BGNE-1,Yes,Unproven DSR CMU,0.784,1.0,Storage - Battery,2022.0,76.0,2022.0
Biogas Technology Limited,BLAU22,Yes,Existing Generating CMU,6.301,1.0,Gas,2022.0,76.0,2022.0
ARL 027 Limited,BLT122,Yes,New Build Generating CMU,5.174,1.0,Storage - Battery,2022.0,76.0,2022.0
Warrington Renewables (York) Ltd,BOSC01,Yes,Existing Generating CMU,4.613,1.0,Solar,2022.0,76.0,2022.0
BROOK FARM ENERGY STORAGE LIMITED,BROFB1,Yes,New Build Generating CMU,12.767,1.0,Storage - Battery,2022.0,76.0,2022.0
SSEPG (Operations) Limited,BUR221,Yes,Existing Generating CMU,44.909,1.0,Gas,2022.0,76.0,2022.0
EAST ANGLIA GRID STORAGE ONE LIMITED,BURWB1,Yes,New Build Generating CMU,12.909,1.0,Storage - Battery,2022.0,76.0,2022.0
Conrad (Ampthill) Limited,CDAMP3,Yes,Existing Generating CMU,5.728,1.0,Gas,2022.0,76.0,2022.0
Conrad (Caernarfon) Limited,CDCAE3,Yes,Existing Generating CMU,4.774,1.0,Gas,2022.0,76.0,2022.0
Conrad (Calne) Limited,CDCAL3,Yes,Existing Generating CMU,5.728,1.0,Gas,2022.0,76.0,2022.0
Conrad (Flint) Limited,CDFLB4,Yes,Existing Generating CMU,2.359,1.0,Gas,2022.0,76.0,2022.0
Conrad (Flint) Limited,CDFLI3,Yes,Existing Generating CMU,4.709,1.0,Gas,2022.0,76.0,2022.0
GFP Trading Limited,CDFLW1,Yes,Existing Generating CMU,10.348,1.0,Storage - Battery,2022.0,76.0,2022.0
Conrad (Hawarden) Limited,CDHAW4,Yes,Existing Generating CMU,2.387,1.0,Gas,2022.0,76.0,2022.0
Conrad (Langage) Limited,CDLAG4,Yes,Existing Generating CMU,4.057,1.0,Gas,2022.0,76.0,2022.0
Conrad (Lower Dunton) Limited,CDLOW4,Yes,Existing Generating CMU,7.16,1.0,Gas,2022.0,76.0,2022.0
Conrad (Matching) Limited,CDMAT3,Yes,Existing Generating CMU,5.728,1.0,Gas,2022.0,76.0,2022.0
CONRAD (MIDDLETON JUNCTION) LIMITED,CDMDD3,Yes,New Build Generating CMU,8.21,1.0,Gas,2022.0,76.0,2022.0
CONRAD (MINEHEAD) LIMITED,CDMIN3,Yes,New Build Generating CMU,6.874,1.0,Gas,2022.0,76.0,2022.0
Conrad (Plymouth) Limited,CDPLY4,Yes,Existing Generating CMU,4.774,1.0,Gas,2022.0,76.0,2022.0
Conrad (Runcorn) Limited,CDRUN3,Yes,New Build Generating CMU,4.296,1.0,Gas,2022.0,76.0,2022.0
Conrad (Sandycroft) Limited,CDSDC3,Yes,Existing Generating CMU,4.774,1.0,Gas,2022.0,76.0,2022.0
Conrad (Sittingbourne) Limited,CDSIT1,Yes,Existing Generating CMU,11.456,1.0,Gas,2022.0,76.0,2022.0
CONRAD (SUNDON) LIMITED,CDSUN4,Yes,New Build Generating CMU,5.728,1.0,Gas,2022.0,76.0,2022.0
Conrad (Wrexham) Limited,CDWRX1,Yes,Existing Generating CMU,9.547,1.0,Gas,2022.0,76.0,2022.0
Conrad (Yeovil) Limited,CDYEO4,Yes,New Build Generating CMU,14.321,1.0,Gas,2022.0,76.0,2022.0
CONRAD (YAXLEY) LIMITED,CDYXY2,Yes,New Build Generating CMU,6.874,1.0,Gas,2022.0,76.0,2022.0
E.ON UK Plc,CEN011,Yes,Existing Generating CMU,1.408,1.0,Gas,2022.0,76.0,2022.0
E.ON UK Plc,CEN012,Yes,Existing Generating CMU,2.69,1.0,Gas,2022.0,76.0,2022.0
Industrial Energy Services Limited ,CES0E3,Yes,Existing Generating CMU,5.435,1.0,Gas,2022.0,76.0,2022.0
RWE Generation UK plc,CHEG21,Yes,Existing Generating CMU,42.119,1.0,Gas,2022.0,76.0,2022.0
SSEPG (Operations) Limited,CHI221,Yes,Existing Generating CMU,44.909,1.0,Gas,2022.0,76.0,2022.0
Corby Power Limited,COBY-1,Yes,Existing Generating CMU,370.044,1.0,Gas,2022.0,76.0,2022.0
COUPAR LIMITED,COU40A,Yes,New Build Generating CMU,10.126,1.0,Storage - Battery,2022.0,76.0,2022.0
CROSSDYKES WF LIMITED,CRDY01,Yes,Existing Generating CMU,3.592,1.0,Onshore Wind,2022.0,76.0,2022.0
Douglas West Wind Farm Ltd,DGWEST,Yes,New Build Generating CMU,3.515,1.0,Onshore Wind,2022.0,76.0,2022.0
West Didsbury Storage Limited,Didsb1,Yes,New Build Generating CMU,12.632,1.0,Storage - Battery,2022.0,76.0,2022.0
ROBIN HOOD AIRPORT DEVELOPMENTS LIMITED,DIN022,Yes,New Build Generating CMU,9.547,1.0,Gas,2022.0,76.0,2022.0
DONCASTER POWER (10MW) LIMITED,DONC01,Yes,New Build Generating CMU,2.587,1.0,Storage - Battery,2022.0,76.0,2022.0
DURHAM RP LIMITED,DRPKR2,Yes,Existing Generating CMU,3.678,1.0,Gas,2022.0,76.0,2022.0
Kemsley CHP Limited,DSK1YR,Yes,New Build Generating CMU,65.008,1.0,Gas,2022.0,76.0,2022.0
E.ON UK Plc,DSR121,Yes,Proven DSR CMU,3.5,1.0,DSR,2022.0,76.0,2022.0
E.ON UK Plc,DSR122,Yes,Proven DSR CMU,5.0,1.0,DSR,2022.0,76.0,2022.0
E.ON UK Plc,DSR123,Yes,Proven DSR CMU,6.0,1.0,DSR,2022.0,76.0,2022.0
E.ON UK Plc,DSR124,Yes,Proven DSR CMU,2.4,1.0,DSR,2022.0,76.0,2022.0
E.ON UK Plc,DSR125,Yes,Proven DSR CMU,18.948,1.0,DSR,2022.0,76.0,2022.0
Limejump Ltd,DSR501,Yes,Proven DSR CMU,2.824,1.0,DSR,2022.0,76.0,2022.0
Limejump Ltd,DSR502,Yes,Proven DSR CMU,3.138,1.0,DSR,2022.0,76.0,2022.0
Limejump Ltd,DSR507,Yes,Unproven DSR CMU,5.173,1.0,DSR,2022.0,76.0,2022.0
Zenobe Energy Limited,DSRBS2,Yes,Unproven DSR CMU,2.267,1.0,Storage - Battery,2022.0,76.0,2022.0
BESS HOLDCO 8 LIMITED,DSRUU2,Yes,Unproven DSR CMU,1.483,1.0,Storage - Battery,2022.0,76.0,2022.0
Enel X UK Limited,DSRY01,Yes,Unproven DSR CMU,7.845,1.0,DSR,2022.0,76.0,2022.0
Enel X UK Limited,DSRY02,Yes,Unproven DSR CMU,7.845,1.0,DSR,2022.0,76.0,2022.0
Enel X UK Limited,DSRY03,Yes,Unproven DSR CMU,7.845,1.0,DSR,2022.0,76.0,2022.0
Enel X UK Limited,DSRY04,Yes,Unproven DSR CMU,7.845,1.0,DSR,2022.0,76.0,2022.0
Enel X UK Limited,DSRY05,Yes,Unproven DSR CMU,7.845,1.0,DSR,2022.0,76.0,2022.0
Enel X UK Limited,DSRY70,Yes,Unproven DSR CMU,16.442,1.0,DSR,2022.0,76.0,2022.0
Enel X UK Limited,DSRY71,Yes,Unproven DSR CMU,5.931,1.0,DSR,2022.0,76.0,2022.0
Enel X UK Limited,DSRY72,Yes,Unproven DSR CMU,6.446,1.0,DSR,2022.0,76.0,2022.0
Enel X UK Limited,DSRY73,Yes,Unproven DSR CMU,5.101,1.0,DSR,2022.0,76.0,2022.0
Enel X UK Limited,DSRY74,Yes,Unproven DSR CMU,4.874,1.0,DSR,2022.0,76.0,2022.0
Enel X UK Limited,DSRY75,Yes,Unproven DSR CMU,3.101,1.0,DSR,2022.0,76.0,2022.0
Enel X UK Limited,DSRY76,Yes,Unproven DSR CMU,3.897,1.0,DSR,2022.0,76.0,2022.0
Enel X UK Limited,DSRY77,Yes,Unproven DSR CMU,2.354,1.0,DSR,2022.0,76.0,2022.0
Enel X UK Limited,DSRY78,Yes,Unproven DSR CMU,1.569,1.0,DSR,2022.0,76.0,2022.0
Enel X UK Limited,DSRY79,Yes,Unproven DSR CMU,1.569,1.0,DSR,2022.0,76.0,2022.0
Enel X UK Limited,DSRY80,Yes,Unproven DSR CMU,1.569,1.0,DSR,2022.0,76.0,2022.0
Enel X UK Limited,DSRY81,Yes,Unproven DSR CMU,1.467,1.0,DSR,2022.0,76.0,2022.0
Enel X UK Limited,DSRY82,Yes,Unproven DSR CMU,7.9,1.0,DSR,2022.0,76.0,2022.0
Enel X UK Limited,DSRY83,Yes,Unproven DSR CMU,3.144,1.0,DSR,2022.0,76.0,2022.0
Enel X UK Limited,DSRY84,Yes,Unproven DSR CMU,18.044,1.0,DSR,2022.0,76.0,2022.0
Enel X UK Limited,DSRY85,Yes,Unproven DSR CMU,19.669,1.0,DSR,2022.0,76.0,2022.0
Enel X UK Limited,DSRY86,Yes,Unproven DSR CMU,19.941,1.0,DSR,2022.0,76.0,2022.0
Enel X UK Limited,DSRY87,Yes,Unproven DSR CMU,19.597,1.0,DSR,2022.0,76.0,2022.0
Enel X UK Limited,DSRY88,Yes,Unproven DSR CMU,9.798,1.0,DSR,2022.0,76.0,2022.0
Enel X UK Limited,DSRY89,Yes,Unproven DSR CMU,14.701,1.0,DSR,2022.0,76.0,2022.0
Enel X UK Limited,DSRY90,Yes,Unproven DSR CMU,11.783,1.0,DSR,2022.0,76.0,2022.0
Enel X UK Limited,DSRY91,Yes,Unproven DSR CMU,2.585,1.0,DSR,2022.0,76.0,2022.0
Enel X UK Limited,DSRY92,Yes,Unproven DSR CMU,2.354,1.0,DSR,2022.0,76.0,2022.0
Enel X UK Limited,DSRY93,Yes,Unproven DSR CMU,30.481,1.0,DSR,2022.0,76.0,2022.0
Enel X UK Limited,DSRY94,Yes,Unproven DSR CMU,9.881,1.0,DSR,2022.0,76.0,2022.0
Enel X UK Limited,DSRY95,Yes,Unproven DSR CMU,5.667,1.0,DSR,2022.0,76.0,2022.0
Enel X UK Limited,DSRY96,Yes,Unproven DSR CMU,9.436,1.0,DSR,2022.0,76.0,2022.0
Enel X UK Limited,DSRY97,Yes,Unproven DSR CMU,8.882,1.0,DSR,2022.0,76.0,2022.0
Enel X UK Limited,DSRY98,Yes,Unproven DSR CMU,7.845,1.0,DSR,2022.0,76.0,2022.0
Enel X UK Limited,DSRY99,Yes,Unproven DSR CMU,11.768,1.0,DSR,2022.0,76.0,2022.0
Enel X UK Limited,DSRZ01,Yes,Unproven DSR CMU,5.831,1.0,DSR,2022.0,76.0,2022.0
Enel X UK Limited,DSRZ02,Yes,Unproven DSR CMU,5.833,1.0,DSR,2022.0,76.0,2022.0
BESS HOLDCO 14 LIMITED,DSWAL2,Yes,Unproven DSR CMU,0.988,1.0,Storage - Battery,2022.0,76.0,2022.0
IRE 001 Limited,ELT122,Yes,New Build Generating CMU,5.174,1.0,Storage - Battery,2022.0,76.0,2022.0
Impact Power Limited,EMIST1,Yes,Proven DSR CMU,2.074,1.0,DSR,2022.0,76.0,2022.0
GridBeyond Limited,END033,Yes,Unproven DSR CMU,10.894,1.0,DSR,2022.0,76.0,2022.0
GridBeyond Limited,END036,Yes,Unproven DSR CMU,10.072,1.0,DSR,2022.0,76.0,2022.0
GridBeyond Limited,END041,Yes,Unproven DSR CMU,3.138,1.0,DSR,2022.0,76.0,2022.0
GridBeyond Limited,END042,Yes,Unproven DSR CMU,3.53,1.0,DSR,2022.0,76.0,2022.0
GridBeyond Limited,END043,Yes,Unproven DSR CMU,4.785,1.0,DSR,2022.0,76.0,2022.0
Enderby Storage Limited,Enderb,Yes,New Build Generating CMU,12.632,1.0,Storage - Battery,2022.0,76.0,2022.0
HARTREE SOLUTIONS (UK) LIMITED,EXCA09,Yes,New Build Generating CMU,5.728,1.0,Gas,2022.0,76.0,2022.0
Whitetower Energy Limited,EXET25,Yes,Existing Generating CMU,43.738,1.0,Gas,2022.0,76.0,2022.0
Flexitricity Limited,F18009,Yes,Existing Generating CMU,4.085,1.0,Gas,2022.0,76.0,2022.0
Flexitricity Limited,F20008,Yes,Existing Generating CMU,2.819,1.0,Gas,2022.0,76.0,2022.0
Flexitricity Limited,F20025,Yes,Existing Generating CMU,14.143,1.0,Gas,2022.0,76.0,2022.0
Flexitricity Limited,F20030,Yes,Existing Generating CMU,2.273,1.0,Gas,2022.0,76.0,2022.0
Flexitricity Limited,F20111,Yes,Existing Generating CMU,6.617,1.0,Gas,2022.0,76.0,2022.0
Flexitricity Limited,F21077,Yes,Proven DSR CMU,6.5,1.0,DSR,2022.0,76.0,2022.0
Flexitricity Limited,F21080,Yes,Proven DSR CMU,5.296,1.0,DSR,2022.0,76.0,2022.0
Flexitricity Limited,F21081,Yes,Proven DSR CMU,5.297,1.0,DSR,2022.0,76.0,2022.0
Flexitricity Limited,F21082,Yes,Proven DSR CMU,4.727,1.0,DSR,2022.0,76.0,2022.0
Flexitricity Limited,F21091,Yes,Proven DSR CMU,8.375,1.0,DSR,2022.0,76.0,2022.0
Flexitricity Limited,F21112,Yes,Unproven DSR CMU,2.157,1.0,DSR,2022.0,76.0,2022.0
Flexitricity Limited,F21116,Yes,Unproven DSR CMU,1.0,1.0,DSR,2022.0,76.0,2022.0
First Hydro Company,F4_211,Yes,Existing Generating CMU,85.149,1.0,Storage - Pumped,2022.0,76.0,2022.0
FAREHAM ENERGY RESERVE LIMITED,FARE01,Yes,New Build Generating CMU,10.348,1.0,Storage - Battery,2022.0,76.0,2022.0
FCC Environment (Lincolnshire) Limited,FCCLI3,Yes,Existing Generating CMU,11.392,1.0,Waste,2022.0,76.0,2022.0
Stairfoot Generation Ltd,FOOT22,Yes,New Build Generating CMU,10.348,1.0,Storage - Battery,2022.0,76.0,2022.0
FEEDER GRID STORAGE LIMITED,FR2115,Yes,New Build Generating CMU,7.724,1.0,Storage - Battery,2022.0,76.0,2022.0
FRP MERCIA HOLDCO 2 LIMITED,FRP2CS,Yes,New Build Generating CMU,7.477,1.0,Gas,2022.0,76.0,2022.0
FRP MERCIA HOLDCO 2 LIMITED,FRP2HA,Yes,New Build Generating CMU,5.025,1.0,Gas,2022.0,76.0,2022.0
FRP MERCIA HOLDCO 2 LIMITED,FRP2HO,Yes,New Build Generating CMU,7.292,1.0,Gas,2022.0,76.0,2022.0
FRP MERCIA HOLDCO 2 LIMITED,FRP2MI,Yes,New Build Generating CMU,7.477,1.0,Gas,2022.0,76.0,2022.0
GridBeyond Limited,GBD014,Yes,Proven DSR CMU,3.048,1.0,DSR,2022.0,76.0,2022.0
GridBeyond Limited,GBD034,Yes,Proven DSR CMU,3.062,1.0,DSR,2022.0,76.0,2022.0
GridBeyond Limited,GBD035,Yes,Proven DSR CMU,1.923,1.0,DSR,2022.0,76.0,2022.0
GridBeyond Limited,gbd102,Yes,Proven DSR CMU,41.643,1.0,DSR,2022.0,76.0,2022.0
ARL 001 Limited,GLT122,Yes,New Build Generating CMU,4.657,1.0,Storage - Battery,2022.0,76.0,2022.0
Braintree Electric Forecourt Ltd,GS_EF1,Yes,Existing Generating CMU,1.294,1.0,Storage - Battery,2022.0,76.0,2022.0
CIRENCESTER SOLAR FARM LTD,GSCIRE,Yes,New Build Generating CMU,7.484,1.0,Storage - Battery,2022.0,76.0,2022.0
OSSPV001 LIMITED,GSF006,Yes,Proven DSR CMU,7.061,1.0,Storage - Battery,2022.0,76.0,2022.0
Harmony CS Limited,HCSL21,Yes,Existing Generating CMU,17.214,1.0,Storage - Battery,2022.0,76.0,2022.0
Harmony HB Limited,HHBL20,Yes,Existing Generating CMU,3.797,1.0,Storage - Battery,2022.0,76.0,2022.0
Hawkers Hill Energy Park Limited,HHEP21,Yes,New Build Generating CMU,10.126,1.0,Storage - Battery,2022.0,76.0,2022.0
HULL RESERVE POWER LIMITED,HULL21,Yes,Existing Generating CMU,19.858,1.0,Gas,2022.0,76.0,2022.0
INOVYN ChlorVinyls Limited,INO101,Yes,Existing Generating CMU,9.174,1.0,Gas,2022.0,76.0,2022.0
Keadby Generation Limited,KD2221,Yes,New Build Generating CMU,811.916,1.0,Gas,2022.0,76.0,2022.0
Keadby Generation Limited,KED221,Yes,Existing Generating CMU,723.27,1.0,Gas,2022.0,76.0,2022.0
ORSTED ONSHORE UK LIMITED,KENX01,Yes,New Build Generating CMU,4.542,1.0,Onshore Wind,2022.0,76.0,2022.0
KiWi Power Ltd,KPEG81,Yes,Existing Generating CMU,2.146,1.0,Gas,2022.0,76.0,2022.0
KiWi Power Ltd,KPEG88,Yes,Existing Generating CMU,4.868,1.0,Gas,2022.0,76.0,2022.0
KiWi Power Ltd,KPEG90,Yes,Existing Generating CMU,1.403,1.0,Gas,2022.0,76.0,2022.0
KiWi Power Ltd,KPEG91,Yes,Existing Generating CMU,1.104,1.0,Gas,2022.0,76.0,2022.0
KiWi Power Ltd,KPEG92,Yes,Existing Generating CMU,3.619,1.0,Gas,2022.0,76.0,2022.0
KiWi Power Ltd,KPEG93,Yes,Existing Generating CMU,2.528,1.0,Gas,2022.0,76.0,2022.0
KiWi Power Ltd,KPEG94,Yes,Existing Generating CMU,1.782,1.0,Gas,2022.0,76.0,2022.0
KiWi Power Ltd,KPEG95,Yes,Existing Generating CMU,1.747,1.0,Gas,2022.0,76.0,2022.0
KiWi Power Ltd,KPEG96,Yes,Existing Generating CMU,1.818,1.0,Gas,2022.0,76.0,2022.0
LAKESIDE ENERGY FROM WASTE LIMITED,LAKE22,Yes,Existing Generating CMU,32.897,1.0,Waste,2022.0,76.0,2022.0
Biogas Technology Limited,LINK22,Yes,New Build Generating CMU,6.587,1.0,Gas,2022.0,76.0,2022.0
LOWER MINETY ENERGY LIMITED,LMES03,Yes,Existing Generating CMU,12.909,1.0,Storage - Battery,2022.0,76.0,2022.0
Biogas Technology Limited,LNGL22,Yes,New Build Generating CMU,5.728,1.0,Gas,2022.0,76.0,2022.0
SUSI Eelpower Dunsinane Limited,LYND22,Yes,New Build Generating CMU,12.676,1.0,Storage - Battery,2022.0,76.0,2022.0
The Isle of Wight Energy Company Limited,MAIN21,Yes,Existing Generating CMU,5.455,1.0,Gas,2022.0,76.0,2022.0
MINETY BATTERY STORAGE LIMITED,MBSS03,Yes,Existing Generating CMU,12.909,1.0,Storage - Battery,2022.0,76.0,2022.0
Medway Power Limited,MED221,Yes,Existing Generating CMU,668.262,1.0,Gas,2022.0,76.0,2022.0
MWDE11 Limited ,MWDE21,Yes,New Build Generating CMU,4.774,1.0,Gas,2022.0,76.0,2022.0
Voltalia UK Ltd,NB_308,Yes,New Build Generating CMU,3.881,1.0,Storage - Battery,2022.0,76.0,2022.0
ZENOBE CAPENHURST LIMITED,NBPIN1,Yes,New Build Generating CMU,25.872,1.0,Storage - Battery,2022.0,76.0,2022.0
NEWTONWOOD ENERGY STORAGE LIMITED,NEWTB1,Yes,New Build Generating CMU,12.909,1.0,Storage - Battery,2022.0,76.0,2022.0
NORTHWICH POWER LIMITED,NORT_2,Yes,Existing Generating CMU,13.23,1.0,Gas,2022.0,76.0,2022.0
Nursling Energy Two Limited,Nurse2,Yes,New Build Generating CMU,4.01,1.0,Storage - Battery,2022.0,76.0,2022.0
OCTOPUS ENERGY LIMITED,OCTO01,Yes,Unproven DSR CMU,4.0,1.0,DSR,2022.0,76.0,2022.0
OAKTREE POWER LIMITED,OPL001,Yes,Unproven DSR CMU,5.5,1.0,DSR,2022.0,76.0,2022.0
Penwortham Storage Limited,Penwo1,Yes,New Build Generating CMU,12.632,1.0,Storage - Battery,2022.0,76.0,2022.0
HARTREE SOLUTIONS (UK) LIMITED,PETE08,Yes,New Build Generating CMU,3.819,1.0,Gas,2022.0,76.0,2022.0
Peak Gen Power Limited,PGLCOV,Yes,Existing Generating CMU,5.728,1.0,Diesel,2022.0,76.0,2022.0
Peak Gen Power Limited,PGLDID,Yes,Existing Generating CMU,3.151,1.0,Diesel,2022.0,76.0,2022.0
Peak Gen Power Limited,PGLHAT,Yes,Existing Generating CMU,5.155,1.0,Diesel,2022.0,76.0,2022.0
Peak Gen Power Limited,PGLHAY,Yes,Existing Generating CMU,5.155,1.0,Diesel,2022.0,76.0,2022.0
Uniper Global Commodities SE,RATS54,Yes,Existing Generating CMU,411.129,1.0,Coal,2022.0,76.0,2022.0
HC ESS4 Limited,RS2022,Yes,Existing Generating CMU,12.676,1.0,Storage - Battery,2022.0,76.0,2022.0
Uniper Global Commodities SE,RTGT02,Yes,Existing Generating CMU,16.23,1.0,Diesel,2022.0,76.0,2022.0
Uniper Global Commodities SE,RTGT04,Yes,Existing Generating CMU,16.23,1.0,Diesel,2022.0,76.0,2022.0
Saltholme South Power Limited,SEL101,Yes,New Build Generating CMU,47.725,1.0,Gas,2022.0,76.0,2022.0
Minety South Storage 2 LTD,SEL102,Yes,New Build Generating CMU,12.655,1.0,Storage - Battery,2022.0,76.0,2022.0
Bolshan Renewables Limited,SRHA04,Yes,Existing Generating CMU,4.139,1.0,Storage - Battery,2022.0,76.0,2022.0
HARTREE SOLUTIONS (UK) LIMITED,SUND09,Yes,New Build Generating CMU,5.728,1.0,Gas,2022.0,76.0,2022.0
Biogas Technology Limited,SUT22A,Yes,Existing Generating CMU,2.864,1.0,Gas,2022.0,76.0,2022.0
SW Mannington Limited,SWM022,Yes,New Build Generating CMU,17.721,1.0,Storage - Battery,2022.0,76.0,2022.0
Whitetower Energy Limited,THRN25,Yes,Existing Generating CMU,37.233,1.0,Gas,2022.0,76.0,2022.0
HC ESS7 Limited,THUR22,Yes,Existing Generating CMU,12.66,1.0,Storage - Battery,2022.0,76.0,2022.0
BOC Ltd,TLGUKX,Yes,Proven DSR CMU,9.201,1.0,DSR,2022.0,76.0,2022.0
Tata Steel UK Limited,TS21_1,Yes,Proven DSR CMU,7.0,1.0,DSR,2022.0,76.0,2022.0
Tata Steel UK Limited,TS21_3,Yes,Proven DSR CMU,7.0,1.0,DSR,2022.0,76.0,2022.0
Veolia UK Limited,TYSE06,Yes,Existing Generating CMU,23.772,1.0,Waste,2022.0,76.0,2022.0
Vattenfall Wind Power Ltd,UPB-02,Yes,Existing Generating CMU,2.847,1.0,Storage - Battery,2022.0,76.0,2022.0
URBAN RESERVE (ASSETCO) LIMITED,UR0125,Yes,New Build Generating CMU,2.42,1.0,Gas,2022.0,76.0,2022.0
URBAN RESERVE (ASSETCO) LIMITED,UR0332,Yes,New Build Generating CMU,4.105,1.0,Gas,2022.0,76.0,2022.0
URBAN RESERVE (ASSETCO) LIMITED,UR2092,Yes,New Build Generating CMU,3.819,1.0,Gas,2022.0,76.0,2022.0
URBAN RESERVE (ASSETCO) LIMITED,UR2150,Yes,New Build Generating CMU,2.387,1.0,Gas,2022.0,76.0,2022.0
URBAN RESERVE (ASSETCO) LIMITED,UR9119,Yes,New Build Generating CMU,2.42,1.0,Gas,2022.0,76.0,2022.0
URBAN RESERVE (ASSETCO) LIMITED,UR9132,Yes,New Build Generating CMU,4.774,1.0,Gas,2022.0,76.0,2022.0
URBAN RESERVE (ASSETCO) LIMITED,UR9145,Yes,New Build Generating CMU,3.868,1.0,Gas,2022.0,76.0,2022.0
URBAN RESERVE (ASSETCO) LIMITED,UR9197,Yes,New Build Generating CMU,4.354,1.0,Gas,2022.0,76.0,2022.0
URBAN RESERVE (ASSETCO) LIMITED,UR9214,Yes,New Build Generating CMU,4.829,1.0,Gas,2022.0,76.0,2022.0
URBAN RESERVE (ASSETCO) LIMITED,UR9217,Yes,New Build Generating CMU,4.829,1.0,Gas,2022.0,76.0,2022.0
URBAN RESERVE (ASSETCO) LIMITED,UR9221,Yes,New Build Generating CMU,4.774,1.0,Gas,2022.0,76.0,2022.0
URBAN RESERVE (ASSETCO) LIMITED,UR9226,Yes,New Build Generating CMU,2.42,1.0,Gas,2022.0,76.0,2022.0
URBAN RESERVE (ASSETCO) LIMITED,UR9263,Yes,New Build Generating CMU,3.425,1.0,Gas,2022.0,76.0,2022.0
URBAN RESERVE (ASSETCO) LIMITED,UR9279,Yes,New Build Generating CMU,4.829,1.0,Gas,2022.0,76.0,2022.0
URBAN RESERVE (ASSETCO) LIMITED,URX141,Yes,Existing Generating CMU,3.819,1.0,Gas,2022.0,76.0,2022.0
VITAL ENERGI SOLUTIONS LIMITED,VIT304,Yes,Existing Generating CMU,8.1,1.0,Gas,2022.0,76.0,2022.0
VITAL ENERGI SOLUTIONS LIMITED,VIT305,Yes,Existing Generating CMU,4.05,1.0,Gas,2022.0,76.0,2022.0
VITAL ENERGI SOLUTIONS LIMITED,VIT402,Yes,New Build Generating CMU,3.024,1.0,Gas,2022.0,76.0,2022.0
VITAL ENERGI SOLUTIONS LIMITED,VIT403,Yes,Existing Generating CMU,3.019,1.0,Gas,2022.0,76.0,2022.0
VPI Power Limited,VP21BL,Yes,Existing Generating CMU,54.552,1.0,Gas,2022.0,76.0,2022.0
W4B Renewable Energy Limited,W42021,Yes,Existing Generating CMU,15.275,1.0,Diesel,2022.0,76.0,2022.0
WESTWOOD POWER LIMITED,WEST21,Yes,Existing Generating CMU,19.571,1.0,Gas,2022.0,76.0,2022.0
HC ESS6 Limited,WICK22,Yes,Existing Generating CMU,12.676,1.0,Storage - Battery,2022.0,76.0,2022.0
THRIVE RENEWABLES (WICKEN) LIMITED,WKN004,Yes,New Build Generating CMU,1.855,1.0,Storage - Battery,2022.0,76.0,2022.0
SCOTTISHPOWER RENEWABLES (UK) LIMITED,WLBAT3,Yes,New Build Generating CMU,12.935,1.0,Storage - Battery,2022.0,76.0,2022.0
BRITNED DEVELOPMENT LIMITED,Brit19,Yes,Existing Interconnector CMU,805.2,1.0,Interconnector,2024.0,18.0,2021.0
Holditch Power Limited,HOLD20,No,New Build Generating CMU,8.722,15.0,Gas,2024.0,18.0,2021.0
Knypersley Power Limited,KNYP20,Yes,New Build Generating CMU,6.582,15.0,Gas,2024.0,18.0,2021.0
URBAN RESERVE (ASSETCO) LIMITED,UR9226,Yes,New Build Generating CMU,2.414,15.0,Gas,2024.0,18.0,2021.0
URBAN RESERVE (ASSETCO) LIMITED,UR9217,Yes,New Build Generating CMU,4.816,15.0,Gas,2024.0,18.0,2021.0
URBAN RESERVE (ASSETCO) LIMITED,UR9221,Yes,New Build Generating CMU,4.761,15.0,Gas,2024.0,18.0,2021.0
URBAN RESERVE (ASSETCO) LIMITED,UR9132,Yes,New Build Generating CMU,4.761,15.0,Gas,2024.0,18.0,2021.0
URBAN RESERVE (ASSETCO) LIMITED,UR9214,No,New Build Generating CMU,4.816,15.0,Gas,2024.0,18.0,2021.0
URBAN RESERVE (ASSETCO) LIMITED,UR9263,Yes,New Build Generating CMU,3.416,15.0,Gas,2024.0,18.0,2021.0
URBAN RESERVE (ASSETCO) LIMITED,UR9279,Yes,New Build Generating CMU,4.816,15.0,Gas,2024.0,18.0,2021.0
URBAN RESERVE (ASSETCO) LIMITED,UR9119,Yes,New Build Generating CMU,2.414,15.0,Gas,2024.0,18.0,2021.0
URBAN RESERVE (ASSETCO) LIMITED,UR9141,Yes,New Build Generating CMU,3.809,15.0,Gas,2024.0,18.0,2021.0
URBAN RESERVE (ASSETCO) LIMITED,UR9145,Yes,New Build Generating CMU,3.858,15.0,Gas,2024.0,18.0,2021.0
AMPIL 2 ASSET LIMITED,VILLA4,Yes,Existing Generating CMU,2.666,1.0,Gas,2024.0,18.0,2021.0
URBAN RESERVE (ASSETCO) LIMITED,UR9197,No,New Build Generating CMU,4.343,15.0,Gas,2024.0,18.0,2021.0
FENLAND GLASSHOUSE LIMITED,fenla1,Yes,New Build Generating CMU,8.1,15.0,Gas,2024.0,18.0,2021.0
Northwich Power Limited,NORT20,Yes,Existing Generating CMU,18.854,1.0,Gas,2024.0,18.0,2021.0
Alkane Energy UK Limited,A1MANV,Yes,Existing Generating CMU,2.67,1.0,Gas,2024.0,18.0,2021.0
Alkane Energy UK Limited,A1GRIM,Yes,Existing Generating CMU,5.204,1.0,Gas,2024.0,18.0,2021.0
Alkane Energy UK Limited,A1HICK,Yes,Existing Generating CMU,3.068,1.0,Gas,2024.0,18.0,2021.0
Alkane Energy UK Limited,A1HOUT,Yes,Existing Generating CMU,5.236,1.0,Gas,2024.0,18.0,2021.0
Alkane Energy UK Limited,A1RHYM,Yes,Existing Generating CMU,8.94,1.0,Gas,2024.0,18.0,2021.0
Alkane Energy UK Limited,A1MARK,Yes,Existing Generating CMU,2.025,1.0,Gas,2024.0,18.0,2021.0
Alkane Energy UK Limited,A1WHEL,Yes,Existing Generating CMU,6.38,1.0,Gas,2024.0,18.0,2021.0
Alkane Energy UK Limited,A1TORY,Yes,Existing Generating CMU,1.047,1.0,Gas,2024.0,18.0,2021.0
Alkane Energy UK Limited,A1SHRB,Yes,Existing Generating CMU,9.074,1.0,Gas,2024.0,18.0,2021.0
Alkane Energy UK Limited,A1WHIT,Yes,Existing Generating CMU,2.021,1.0,Gas,2024.0,18.0,2021.0
Alkane Energy UK Limited,A1ARLS,Yes,Existing Generating CMU,1.787,1.0,Gas,2024.0,18.0,2021.0
Alkane Energy UK Limited,A1DOGS,Yes,Existing Generating CMU,2.436,1.0,Gas,2024.0,18.0,2021.0
AMALGAMATED SMART METERING LIMITED,ASMUS1,Yes,Existing Generating CMU,7.523,1.0,Gas,2024.0,18.0,2021.0
AMBER ENERGY STORAGE XL LIMITED,AMB020,No,New Build Generating CMU,24.261,1.0,Storage - Battery,2024.0,18.0,2021.0
Hulley Road Energy Storage Limited,AGHUL2,Yes,Existing Generating CMU,4.954,1.0,Storage - Battery,2024.0,18.0,2021.0
Lascar Battery Storage Limited,ADSLS2,Yes,Existing Generating CMU,4.954,1.0,Storage - Battery,2024.0,18.0,2021.0
Larport Energy Storage Limited,AGLAR2,Yes,Existing Generating CMU,4.83,1.0,Storage - Battery,2024.0,18.0,2021.0
Anesco Battery Solutions Limited,AGABS3,Yes,Existing Generating CMU,1.485,1.0,Storage - Battery,2024.0,18.0,2021.0
Anesco Battery Solutions Limited,AGABS4,Yes,Existing Generating CMU,1.139,1.0,Storage - Battery,2024.0,18.0,2021.0
Kiln Power Limited,KILN20,Yes,Existing Generating CMU,15.044,1.0,Gas,2024.0,18.0,2021.0
Portsdown Power Limited,PORT20,No,New Build Generating CMU,18.854,15.0,Gas,2024.0,18.0,2021.0
Nursling Power Limited,NURS20,No,New Build Generating CMU,18.854,15.0,Gas,2024.0,18.0,2021.0
ARL 027 Limited,BACK24,Yes,New Build Generating CMU,4.954,15.0,Storage - Battery,2024.0,18.0,2021.0
ARL 001 Limited,GIPS24,Yes,New Build Generating CMU,4.459,15.0,Storage - Battery,2024.0,18.0,2021.0
British Sugar plc,BSWI21,Yes,Existing Generating CMU,41.4,1.0,Gas,2024.0,18.0,2021.0
British Sugar plc,BSBU21,Yes,Existing Generating CMU,55.229,1.0,Gas,2024.0,18.0,2021.0
C.GEN Killingholme Limited,CGEN20,No,New Build Generating CMU,423.0,15.0,Gas,2024.0,18.0,2021.0
Brookfield Renewable UK Ltd ,KENX01,Yes,New Build Generating CMU,4.542,15.0,Onshore Wind,2024.0,18.0,2021.0
Loddon Power Limited,LODD20,Yes,Existing Generating CMU,15.044,1.0,Gas,2024.0,18.0,2021.0
Cargill PLC,CarGe5,Yes,Existing Generating CMU,27.041,1.0,Gas,2024.0,18.0,2021.0
Wainstones Energy Limited,TRAGR3,No,New Build Generating CMU,21.425,15.0,Gas,2024.0,18.0,2021.0
Wainstones Energy Limited,TRAFU1,No,New Build Generating CMU,759.6,15.0,Gas,2024.0,18.0,2021.0
Wainstones Energy Limited,TRAGR2,No,New Build Generating CMU,21.425,15.0,Gas,2024.0,18.0,2021.0
Wainstones Energy Limited,TRAFB1,No,New Build Generating CMU,24.31,15.0,Storage - Battery,2024.0,18.0,2021.0
Langage Solar Park Limited,LAGGR1,No,New Build Generating CMU,4.428,15.0,Gas,2024.0,18.0,2021.0
Clyne Power Limited,CLYN20,Yes,Existing Generating CMU,15.045,1.0,Gas,2024.0,18.0,2021.0
Centrica Business Solutions UK Optimisation Limite,6RES30,No,Unproven DSR CMU,20.001,1.0,DSR,2024.0,18.0,2021.0
Centrica Business Solutions UK Optimisation Limite,6RES31,No,Unproven DSR CMU,20.001,1.0,DSR,2024.0,18.0,2021.0
Centrica Business Solutions UK Optimisation Limite,6RES32,No,Unproven DSR CMU,20.001,1.0,DSR,2024.0,18.0,2021.0
Centrica Business Solutions UK Optimisation Limite,6RES33,No,Unproven DSR CMU,35.919,1.0,DSR,2024.0,18.0,2021.0
Centrica Brigg Limited,6RES5B,No,New Build Generating CMU,44.753,15.0,Gas,2024.0,18.0,2021.0
Centrica Business Solutions UK Optimisation Limite,6RES17,Yes,Existing Generating CMU,1.869,1.0,Gas,2024.0,18.0,2021.0
Centrica Business Solutions (Generation) Limited,6RES35,Yes,New Build Generating CMU,3.178,15.0,Gas,2024.0,18.0,2021.0
Centrica Business Solutions UK Optimisation Limite,6RES34,No,Unproven DSR CMU,5.711,1.0,DSR,2024.0,18.0,2021.0
Centrica Business Solutions UK Optimisation Limite,6RES26,Yes,Unproven DSR CMU,20.001,1.0,DSR,2024.0,18.0,2021.0
Centrica Business Solutions UK Optimisation Limite,6RES18,No,Unproven DSR CMU,2.681,1.0,DSR,2024.0,18.0,2021.0
Centrica Business Solutions UK Optimisation Limite,6RES16,Yes,Proven DSR CMU,9.505,1.0,DSR,2024.0,18.0,2021.0
Centrica Business Solutions UK Optimisation Limite,6RES-5,Yes,Unproven DSR CMU,1.984,1.0,DSR,2024.0,18.0,2021.0
Centrica Business Solutions UK Optimisation Limite,6RES1A,No,Existing Generating CMU,2.077,1.0,Gas,2024.0,18.0,2021.0
Centrica PB Limited,6RES-3,Yes,Existing Generating CMU,229.96,1.0,Gas,2024.0,18.0,2021.0
Centrica Business Solutions UK Optimisation Limite,6RES1B,No,Existing Generating CMU,1.037,1.0,Gas,2024.0,18.0,2021.0
Centrica Business Solutions UK Optimisation Limite,6RES1C,No,Existing Generating CMU,1.759,1.0,Gas,2024.0,18.0,2021.0
Centrica Business Solutions UK Optimisation Limite,6RES2A,No,Existing Generating CMU,3.633,1.0,Gas,2024.0,18.0,2021.0
Centrica Business Solutions UK Optimisation Limite,6RES2B,No,Existing Generating CMU,3.562,1.0,Gas,2024.0,18.0,2021.0
Centrica Business Solutions UK Optimisation Limite,6RES12,Yes,Existing Generating CMU,5.13,1.0,Gas,2024.0,18.0,2021.0
Centrica Business Solutions UK Optimisation Limite,6RES13,Yes,Existing Generating CMU,5.262,1.0,Gas,2024.0,18.0,2021.0
Centrica Business Solutions UK Optimisation Limite,6RES14,Yes,Existing Generating CMU,9.904,1.0,Gas,2024.0,18.0,2021.0
Centrica Business Solutions UK Optimisation Limite,6RES15,Yes,Existing Generating CMU,40.919,1.0,Gas,2024.0,18.0,2021.0
Centrica Business Solutions UK Limited,6RES19,Yes,Existing Generating CMU,1.099,1.0,Gas,2024.0,18.0,2021.0
Centrica Business Solutions UK Optimisation Limite,6RES-6,Yes,Existing Generating CMU,7.399,1.0,Gas,2024.0,18.0,2021.0
Centrica Business Solutions UK Optimisation Limite,6RES1D,No,Existing Generating CMU,1.438,1.0,Gas,2024.0,18.0,2021.0
Centrica Business Solutions UK Optimisation Limite,6RES24,Yes,Unproven DSR CMU,20.001,1.0,DSR,2024.0,18.0,2021.0
Centrica Business Solutions UK Optimisation Limite,6RES25,Yes,Unproven DSR CMU,20.001,1.0,DSR,2024.0,18.0,2021.0
Centrica Business Solutions UK Optimisation Limite,6RES27,Yes,Unproven DSR CMU,20.001,1.0,DSR,2024.0,18.0,2021.0
Centrica Business Solutions UK Optimisation Limite,6RES28,Yes,Unproven DSR CMU,20.001,1.0,DSR,2024.0,18.0,2021.0
Centrica Business Solutions UK Optimisation Limite,6RES29,No,Unproven DSR CMU,20.001,1.0,DSR,2024.0,18.0,2021.0
Ogmore Power Limited,OGMO20,Yes,Existing Generating CMU,15.045,1.0,Gas,2024.0,18.0,2021.0
COGENERATION SOLUTIONS LIMITED,Cavrd5,Yes,Existing Generating CMU,7.618,1.0,Gas,2024.0,18.0,2021.0
CONRAD ENERGY (DEVELOPMENTS) LIMITED,CDCKE1,Yes,New Build Generating CMU,6.856,15.0,Gas,2024.0,18.0,2021.0
CONRAD ENERGY (DEVELOPMENTS) LIMITED,CDYXY1,Yes,New Build Generating CMU,6.856,15.0,Gas,2024.0,18.0,2021.0
CONRAD ENERGY (DEVELOPMENTS) LIMITED,CDWOO3,Yes,New Build Generating CMU,6.189,15.0,Gas,2024.0,18.0,2021.0
CONRAD ENERGY (DEVELOPMENTS) LIMITED,CDBIL3,Yes,New Build Generating CMU,9.522,15.0,Gas,2024.0,18.0,2021.0
CONRAD ENERGY (DEVELOPMENTS) LIMITED,CDMID2,No,New Build Generating CMU,6.665,15.0,Gas,2024.0,18.0,2021.0
CONRAD ENERGY (DEVELOPMENTS) LIMITED,CDSUN3,Yes,New Build Generating CMU,4.761,15.0,Gas,2024.0,18.0,2021.0
CONRAD ENERGY (DEVELOPMENTS) LIMITED,CDMIN2,Yes,New Build Generating CMU,6.856,15.0,Gas,2024.0,18.0,2021.0
CONRAD ENERGY (DEVELOPMENTS) LIMITED,CDMDD2,Yes,New Build Generating CMU,8.189,15.0,Gas,2024.0,18.0,2021.0
CONRAD ENERGY (DEVELOPMENTS) LIMITED,CDHWH1,Yes,New Build Generating CMU,6.856,15.0,Gas,2024.0,18.0,2021.0
CONRAD ENERGY (DEVELOPMENTS) LIMITED,CDLWTA,Yes,New Build Generating CMU,7.142,15.0,Gas,2024.0,18.0,2021.0
Conrad (Dunkeswell) Limited,CDDUN3,No,New Build Generating CMU,3.64,15.0,Storage - Battery,2024.0,18.0,2021.0
CONRAD ENERGY (DEVELOPMENTS) LIMITED,CDSPS1,No,New Build Generating CMU,4.765,15.0,Gas,2024.0,18.0,2021.0
CONRAD ENERGY (DEVELOPMENTS) LIMITED,CDLWTB,No,New Build Generating CMU,1.655,15.0,Storage - Battery,2024.0,18.0,2021.0
Riverside Resource Recovery Limited,RRRF31,Yes,Existing Generating CMU,66.229,1.0,Waste,2024.0,18.0,2021.0
CROSSDYKES WF LIMITED,NB_109,Yes,New Build Generating CMU,3.592,15.0,Onshore Wind,2024.0,18.0,2021.0
Distributed Generators Limited,elms03,Yes,Existing Generating CMU,4.761,1.0,Gas,2024.0,18.0,2021.0
Drax Power Limited,DX1220,Yes,Existing Generating CMU,30.76,1.0,Distillate,2024.0,18.0,2021.0
Progress Power Limited,PPL_20,Yes,New Build Generating CMU,284.708,15.0,Gas,2024.0,18.0,2021.0
Hirwaun Power Limited,HPL_20,Yes,New Build Generating CMU,284.708,15.0,Gas,2024.0,18.0,2021.0
Drax Power Limited,DX20GL,Yes,Existing Generating CMU,21.838,1.0,Hydro,2024.0,18.0,2021.0
Millbrook Power Limited,MPL_20,Yes,New Build Generating CMU,284.708,15.0,Gas,2024.0,18.0,2021.0
Drax Power Limited,20CRU1,Yes,Existing Generating CMU,114.214,1.0,Storage - Pumped,2024.0,18.0,2021.0
Drax Power Limited,20CRU2,Yes,Existing Generating CMU,113.782,1.0,Storage - Pumped,2024.0,18.0,2021.0
Drax Power Limited,20CRU3,Yes,Existing Generating CMU,94.64,1.0,Storage - Pumped,2024.0,18.0,2021.0
Drax Power Limited,20CRU4,Yes,Existing Generating CMU,95.288,1.0,Storage - Pumped,2024.0,18.0,2021.0
Abergelli Power Limited,APL_20,No,New Build Generating CMU,284.708,15.0,Gas,2024.0,18.0,2021.0
Drax Power Limited,DX20KE,Yes,Existing Generating CMU,21.838,1.0,Hydro,2024.0,18.0,2021.0
Drax Power Limited,DX20TO,Yes,Existing Generating CMU,30.027,1.0,Hydro,2024.0,18.0,2021.0
Drax Power Limited,DX0920,Yes,Existing Generating CMU,28.927,1.0,Distillate,2024.0,18.0,2021.0
Drax Power Limited,DX1020,Yes,Existing Generating CMU,30.704,1.0,Distillate,2024.0,18.0,2021.0
Droitwich Peak Energy Limited,DROI24,Yes,New Build Generating CMU,4.761,15.0,Gas,2024.0,18.0,2021.0
DURHAM RP LIMITED,DRPKR1,Yes,Existing Generating CMU,3.825,1.0,Gas,2024.0,18.0,2021.0
HM AGECROFT LIMITED,HMAGE1,Yes,New Build Generating CMU,13.331,15.0,Gas,2024.0,18.0,2021.0
Citigen (London) Limited,CIT004,Yes,Existing Generating CMU,7.236,1.0,Gas,2024.0,18.0,2021.0
E.ON UK Plc,DSR095,Yes,Unproven DSR CMU,25.0,1.0,DSR,2024.0,18.0,2021.0
E.ON UK Plc,DSR096,Yes,Unproven DSR CMU,15.0,1.0,DSR,2024.0,18.0,2021.0
E.ON UK Plc,DSR097,Yes,Unproven DSR CMU,10.0,1.0,DSR,2024.0,18.0,2021.0
E.ON UK Plc,DSR098,Yes,Unproven DSR CMU,10.0,1.0,DSR,2024.0,18.0,2021.0
E.ON UK Plc,DSR099,Yes,Unproven DSR CMU,10.0,1.0,DSR,2024.0,18.0,2021.0
E.ON UK Plc,DSR100,Yes,Unproven DSR CMU,10.0,1.0,DSR,2024.0,18.0,2021.0
E.ON UK Plc,DSR101,Yes,Unproven DSR CMU,10.0,1.0,DSR,2024.0,18.0,2021.0
E.ON UK Plc,DSR102,Yes,Unproven DSR CMU,10.0,1.0,DSR,2024.0,18.0,2021.0
E.ON UK Plc,DSR103,Yes,Unproven DSR CMU,5.0,1.0,DSR,2024.0,18.0,2021.0
E.ON UK Plc,DSR104,Yes,Unproven DSR CMU,5.0,1.0,DSR,2024.0,18.0,2021.0
E.ON UK Plc,DSR105,Yes,Unproven DSR CMU,5.0,1.0,DSR,2024.0,18.0,2021.0
E.ON UK Plc,DSR106,Yes,Unproven DSR CMU,2.5,1.0,DSR,2024.0,18.0,2021.0
NPOWER LIMITED ,EHQ13A,Yes,Existing Generating CMU,0.743,1.0,Storage - Battery,2024.0,18.0,2021.0
E.ON UK Plc,DSR107,Yes,Unproven DSR CMU,2.5,1.0,DSR,2024.0,18.0,2021.0
E.ON UK Plc,BVC002,Yes,Existing Generating CMU,3.471,1.0,Gas,2024.0,18.0,2021.0
E.ON UK Plc,CEN008,Yes,Existing Generating CMU,2.138,1.0,Gas,2024.0,18.0,2021.0
E.ON UK CHP Limited,POL004,Yes,Existing Generating CMU,27.118,1.0,Gas,2024.0,18.0,2021.0
E.ON UK Plc,OSG004,Yes,Existing Generating CMU,1.846,1.0,Gas,2024.0,18.0,2021.0
E.ON UK Plc,CEN009,Yes,Existing Generating CMU,2.487,1.0,Gas,2024.0,18.0,2021.0
E.ON UK Plc,DSR085,Yes,Proven DSR CMU,19.132,1.0,DSR,2024.0,18.0,2021.0
E.ON UK Plc,DSR086,Yes,Proven DSR CMU,3.5,1.0,DSR,2024.0,18.0,2021.0
E.ON UK Plc,DSR087,Yes,Proven DSR CMU,5.0,1.0,DSR,2024.0,18.0,2021.0
E.ON UK Plc,DSR088,Yes,Proven DSR CMU,6.0,1.0,DSR,2024.0,18.0,2021.0
E.ON UK Plc,DSR089,Yes,Proven DSR CMU,2.4,1.0,DSR,2024.0,18.0,2021.0
E.ON UK Plc,DSR090,Yes,Unproven DSR CMU,45.0,1.0,DSR,2024.0,18.0,2021.0
E.ON UK Plc,DSR091,Yes,Unproven DSR CMU,2.5,1.0,DSR,2024.0,18.0,2021.0
E.ON UK Plc,DSR092,Yes,Unproven DSR CMU,5.6,1.0,DSR,2024.0,18.0,2021.0
E.ON UK Plc,DSR093,Yes,Unproven DSR CMU,3.054,1.0,DSR,2024.0,18.0,2021.0
E.ON UK Plc,DSR094,Yes,Unproven DSR CMU,3.0,1.0,DSR,2024.0,18.0,2021.0
THRIVE RENEWABLES (WICKEN) LIMITED,WKN002,Yes,New Build Generating CMU,1.776,15.0,Storage - Battery,2024.0,18.0,2021.0
EDF Energy Nuclear Generation Limited,DN2120,No,Existing Generating CMU,439.698,1.0,Nuclear,2024.0,18.0,2021.0
EDF Energy Nuclear Generation Limited,HY2720,No,Existing Generating CMU,526.631,1.0,Nuclear,2024.0,18.0,2021.0
EDF Energy Nuclear Generation Limited,HY2820,Yes,Existing Generating CMU,518.064,1.0,Nuclear,2024.0,18.0,2021.0
EDF Energy Nuclear Generation Limited,SZ1-20,Yes,Existing Generating CMU,501.609,1.0,Nuclear,2024.0,18.0,2021.0
EDF Energy Nuclear Generation Limited,SZ2-20,Yes,Existing Generating CMU,501.609,1.0,Nuclear,2024.0,18.0,2021.0
EDF Energy Nuclear Generation Limited,TN1-20,No,Existing Generating CMU,510.223,1.0,Nuclear,2024.0,18.0,2021.0
EDF Energy Nuclear Generation Limited,TN2-20,Yes,Existing Generating CMU,517.915,1.0,Nuclear,2024.0,18.0,2021.0
EDF Energy (Thermal Generation) Limited,WB3-20,Yes,Existing Generating CMU,415.35,1.0,Gas,2024.0,18.0,2021.0
EDF Energy (Thermal Generation) Limited,WB1-20,Yes,Existing Generating CMU,415.35,1.0,Gas,2024.0,18.0,2021.0
EDF Energy (Thermal Generation) Limited,WB2-20,Yes,Existing Generating CMU,415.35,1.0,Gas,2024.0,18.0,2021.0
Winchester Power Limited,WINP21,No,New Build Generating CMU,2.477,1.0,Storage - Battery,2024.0,18.0,2021.0
Rock Energy Storage Limited,ROCK21,No,Existing Generating CMU,4.92,1.0,Storage - Battery,2024.0,18.0,2021.0
EirGrid Interconnector Designated Activity Company,EWIC18,Yes,Existing Interconnector CMU,245.0,1.0,Interconnector,2024.0,18.0,2021.0
Enderby Storage Limited,SEL083,No,New Build Generating CMU,24.305,15.0,Storage - Battery,2024.0,18.0,2021.0
Enel X UK Limited,DSRX48,Yes,Unproven DSR CMU,7.921,1.0,DSR,2024.0,18.0,2021.0
Enel X UK Limited,DSRX49,Yes,Unproven DSR CMU,7.921,1.0,DSR,2024.0,18.0,2021.0
Enel X UK Limited,DSRX50,Yes,Unproven DSR CMU,7.921,1.0,DSR,2024.0,18.0,2021.0
Enel X UK Limited,DSRX51,Yes,Unproven DSR CMU,7.921,1.0,DSR,2024.0,18.0,2021.0
Enel X UK Limited,DSRX52,Yes,Unproven DSR CMU,7.921,1.0,DSR,2024.0,18.0,2021.0
Enel X UK Limited,DSRX53,Yes,Unproven DSR CMU,7.921,1.0,DSR,2024.0,18.0,2021.0
Enel X UK Limited,DSRX54,Yes,Unproven DSR CMU,7.921,1.0,DSR,2024.0,18.0,2021.0
Enel X UK Limited,DSRX55,Yes,Unproven DSR CMU,7.921,1.0,DSR,2024.0,18.0,2021.0
Enel X UK Limited,DSRX56,Yes,Unproven DSR CMU,7.921,1.0,DSR,2024.0,18.0,2021.0
Enel X UK Limited,DSRX57,Yes,Unproven DSR CMU,7.921,1.0,DSR,2024.0,18.0,2021.0
Enel X UK Limited,DSRX58,Yes,Unproven DSR CMU,7.921,1.0,DSR,2024.0,18.0,2021.0
Enel X UK Limited,DSRX59,Yes,Unproven DSR CMU,7.921,1.0,DSR,2024.0,18.0,2021.0
Enel X UK Limited,DSRX60,Yes,Unproven DSR CMU,7.921,1.0,DSR,2024.0,18.0,2021.0
Enel X UK Limited,DSRX61,Yes,Unproven DSR CMU,7.921,1.0,DSR,2024.0,18.0,2021.0
Enel X UK Limited,DSRX62,Yes,Unproven DSR CMU,7.921,1.0,DSR,2024.0,18.0,2021.0
Enel X UK Limited,DSRX63,Yes,Unproven DSR CMU,7.921,1.0,DSR,2024.0,18.0,2021.0
Enel X UK Limited,DSRX64,Yes,Unproven DSR CMU,7.921,1.0,DSR,2024.0,18.0,2021.0
Enel X UK Limited,DSRX65,Yes,Unproven DSR CMU,7.921,1.0,DSR,2024.0,18.0,2021.0
Enel X UK Limited,DSRX66,Yes,Unproven DSR CMU,7.921,1.0,DSR,2024.0,18.0,2021.0
Enel X UK Limited,DSRX67,Yes,Unproven DSR CMU,7.921,1.0,DSR,2024.0,18.0,2021.0
Enel X UK Limited,DSRX68,Yes,Unproven DSR CMU,7.921,1.0,DSR,2024.0,18.0,2021.0
Enel X UK Limited,DSRX69,Yes,Unproven DSR CMU,7.921,1.0,DSR,2024.0,18.0,2021.0
Enel X UK Limited,DSRX70,Yes,Unproven DSR CMU,7.921,1.0,DSR,2024.0,18.0,2021.0
Enel X UK Limited,DSRX71,Yes,Unproven DSR CMU,7.921,1.0,DSR,2024.0,18.0,2021.0
Enel X UK Limited,DSRX72,Yes,Unproven DSR CMU,7.921,1.0,DSR,2024.0,18.0,2021.0
Enel X UK Limited,DSRX73,Yes,Unproven DSR CMU,7.921,1.0,DSR,2024.0,18.0,2021.0
Enel X UK Limited,DSRX74,Yes,Unproven DSR CMU,7.921,1.0,DSR,2024.0,18.0,2021.0
Enel X UK Limited,DSRX75,Yes,Unproven DSR CMU,7.921,1.0,DSR,2024.0,18.0,2021.0
Enel X UK Limited,DSRX06,Yes,Unproven DSR CMU,7.921,1.0,DSR,2024.0,18.0,2021.0
Enel X UK Limited,DSRX07,Yes,Unproven DSR CMU,7.921,1.0,DSR,2024.0,18.0,2021.0
Enel X UK Limited,DSRX08,Yes,Unproven DSR CMU,7.921,1.0,DSR,2024.0,18.0,2021.0
Enel X UK Limited,DSRX09,Yes,Unproven DSR CMU,7.921,1.0,DSR,2024.0,18.0,2021.0
Enel X UK Limited,DSRX10,Yes,Unproven DSR CMU,7.921,1.0,DSR,2024.0,18.0,2021.0
Enel X UK Limited,DSRX11,Yes,Unproven DSR CMU,7.921,1.0,DSR,2024.0,18.0,2021.0
Enel X UK Limited,DSRX12,Yes,Unproven DSR CMU,7.921,1.0,DSR,2024.0,18.0,2021.0
Enel X UK Limited,DSRX13,Yes,Unproven DSR CMU,7.921,1.0,DSR,2024.0,18.0,2021.0
Enel X UK Limited,DSRX14,Yes,Unproven DSR CMU,7.921,1.0,DSR,2024.0,18.0,2021.0
Enel X UK Limited,DSRX15,Yes,Unproven DSR CMU,7.921,1.0,DSR,2024.0,18.0,2021.0
Enel X UK Limited,DSRX16,Yes,Unproven DSR CMU,7.921,1.0,DSR,2024.0,18.0,2021.0
Enel X UK Limited,DSRX17,Yes,Unproven DSR CMU,7.921,1.0,DSR,2024.0,18.0,2021.0
Enel X UK Limited,DSRX18,Yes,Unproven DSR CMU,7.921,1.0,DSR,2024.0,18.0,2021.0
Enel X UK Limited,DSRX19,Yes,Unproven DSR CMU,7.921,1.0,DSR,2024.0,18.0,2021.0
Enel X UK Limited,DSRX20,Yes,Unproven DSR CMU,7.921,1.0,DSR,2024.0,18.0,2021.0
Enel X UK Limited,DSRX21,Yes,Unproven DSR CMU,7.921,1.0,DSR,2024.0,18.0,2021.0
Enel X UK Limited,DSRX22,Yes,Unproven DSR CMU,7.921,1.0,DSR,2024.0,18.0,2021.0
Enel X UK Limited,DSRX23,Yes,Unproven DSR CMU,7.921,1.0,DSR,2024.0,18.0,2021.0
Enel X UK Limited,DSRX24,Yes,Unproven DSR CMU,7.921,1.0,DSR,2024.0,18.0,2021.0
Enel X UK Limited,DSRX25,Yes,Unproven DSR CMU,7.921,1.0,DSR,2024.0,18.0,2021.0
Enel X UK Limited,DSRX26,Yes,Unproven DSR CMU,7.921,1.0,DSR,2024.0,18.0,2021.0
Enel X UK Limited,DSRX27,Yes,Unproven DSR CMU,7.921,1.0,DSR,2024.0,18.0,2021.0
Enel X UK Limited,DSRX28,Yes,Unproven DSR CMU,7.921,1.0,DSR,2024.0,18.0,2021.0
Enel X UK Limited,DSRX29,Yes,Unproven DSR CMU,7.921,1.0,DSR,2024.0,18.0,2021.0
Enel X UK Limited,DSRX30,Yes,Unproven DSR CMU,7.921,1.0,DSR,2024.0,18.0,2021.0
Enel X UK Limited,DSRX31,Yes,Unproven DSR CMU,7.921,1.0,DSR,2024.0,18.0,2021.0
Enel X UK Limited,DSRX32,Yes,Unproven DSR CMU,7.921,1.0,DSR,2024.0,18.0,2021.0
Enel X UK Limited,DSRX33,Yes,Unproven DSR CMU,7.921,1.0,DSR,2024.0,18.0,2021.0
Enel X UK Limited,DSRX34,Yes,Unproven DSR CMU,7.921,1.0,DSR,2024.0,18.0,2021.0
Enel X UK Limited,DSRX35,Yes,Unproven DSR CMU,7.921,1.0,DSR,2024.0,18.0,2021.0
Enel X UK Limited,DSRX36,Yes,Unproven DSR CMU,7.921,1.0,DSR,2024.0,18.0,2021.0
Enel X UK Limited,DSRX37,Yes,Unproven DSR CMU,7.921,1.0,DSR,2024.0,18.0,2021.0
Enel X UK Limited,DSRX38,Yes,Unproven DSR CMU,7.921,1.0,DSR,2024.0,18.0,2021.0
Enel X UK Limited,DSRX39,Yes,Unproven DSR CMU,7.921,1.0,DSR,2024.0,18.0,2021.0
Enel X UK Limited,DSRX40,Yes,Unproven DSR CMU,7.921,1.0,DSR,2024.0,18.0,2021.0
Enel X UK Limited,DSRX41,Yes,Unproven DSR CMU,7.921,1.0,DSR,2024.0,18.0,2021.0
Enel X UK Limited,DSRX42,Yes,Unproven DSR CMU,7.921,1.0,DSR,2024.0,18.0,2021.0
Enel X UK Limited,DSRX43,Yes,Unproven DSR CMU,7.921,1.0,DSR,2024.0,18.0,2021.0
Enel X UK Limited,DSRX44,Yes,Unproven DSR CMU,7.921,1.0,DSR,2024.0,18.0,2021.0
Enel X UK Limited,DSRX45,Yes,Unproven DSR CMU,7.921,1.0,DSR,2024.0,18.0,2021.0
Enel X UK Limited,DSRX46,Yes,Unproven DSR CMU,7.921,1.0,DSR,2024.0,18.0,2021.0
Enel X UK Limited,DSRX47,Yes,Unproven DSR CMU,7.921,1.0,DSR,2024.0,18.0,2021.0
Energy Store 4 Ltd,BILT01,Yes,New Build Generating CMU,5.202,15.0,Solar,2024.0,18.0,2021.0
Leicester District Energy Company Limited,CES208,Yes,Existing Generating CMU,4.046,1.0,Gas,2024.0,18.0,2021.0
EP UK Power Development Ltd,KLNB24,No,New Build Generating CMU,1530.0,15.0,Gas,2024.0,18.0,2021.0
Eggborough Power Limited,EGOCGT,No,New Build Generating CMU,284.708,15.0,Gas,2024.0,18.0,2021.0
EP Langage Limited,EPLAGA,Yes,Existing Generating CMU,814.5,1.0,Gas,2024.0,18.0,2021.0
EP SHB Limited,EPSHBA,Yes,Existing Generating CMU,1260.0,1.0,Gas,2024.0,18.0,2021.0
SANDY KNOWE WIND FARM LIMITED,SKWF01,Yes,New Build Generating CMU,6.24,15.0,Onshore Wind,2024.0,18.0,2021.0
CREAG RIABHACH WIND FARM LTD,CRWF02,Yes,New Build Generating CMU,7.084,15.0,Onshore Wind,2024.0,18.0,2021.0
ESB SOLAR (NORTHERN IRELAND) LIMITED,MLFRM1,Yes,Existing Generating CMU,1.734,1.0,Storage - Battery,2024.0,18.0,2021.0
Carrington Power Limited,CGTN-1,Yes,Existing Generating CMU,409.5,1.0,Gas,2024.0,18.0,2021.0
Corby Power Limited,CRBY02,No,New Build Generating CMU,314.226,15.0,Gas,2024.0,18.0,2021.0
Carrington Power Limited,CGTN-2,Yes,Existing Generating CMU,413.16,1.0,Gas,2024.0,18.0,2021.0
St Asaph Power Limited,STAS20,Yes,Existing Generating CMU,15.045,1.0,Gas,2024.0,18.0,2021.0
Fishpond Energy Limited,CDASH1,Yes,New Build Generating CMU,7.618,15.0,Gas,2024.0,18.0,2021.0
"ESSO PETROLEUM COMPANY,LIMITED",EMG-20,Yes,Existing Generating CMU,124.599,1.0,Gas,2024.0,18.0,2021.0
FCC (E&M) Limited,FCCMI2,Yes,Existing Generating CMU,11.548,1.0,Waste,2024.0,18.0,2021.0
FCC Buckinghamshire Limited,FCCBU2,Yes,Existing Generating CMU,23.066,1.0,Waste,2024.0,18.0,2021.0
FCC Environment (Lincolnshire) Limited,FCCLI3,Yes,Existing Generating CMU,10.872,1.0,Waste,2024.0,18.0,2021.0
First Hydro Company,D5_204,Yes,Existing Generating CMU,273.983,1.0,Storage - Pumped,2024.0,18.0,2021.0
First Hydro Company,D1_204,No,Existing Generating CMU,274.014,1.0,Storage - Pumped,2024.0,18.0,2021.0
First Hydro Company,D2_204,Yes,Existing Generating CMU,274.014,1.0,Storage - Pumped,2024.0,18.0,2021.0
First Hydro Company,D6_204,Yes,Existing Generating CMU,273.983,1.0,Storage - Pumped,2024.0,18.0,2021.0
First Hydro Company,D3_204,Yes,Existing Generating CMU,274.014,1.0,Storage - Pumped,2024.0,18.0,2021.0
First Hydro Company,D4_204,Yes,Existing Generating CMU,273.983,1.0,Storage - Pumped,2024.0,18.0,2021.0
FLINT TO CELL LIMITED,Finwy3,Yes,Existing Generating CMU,4.823,1.0,Gas,2024.0,18.0,2021.0
Drumcross Generation Limited ,DRUMC1,No,New Build Generating CMU,18.949,15.0,Gas,2024.0,18.0,2021.0
Belleknowes Generation Limited,BELLE1,No,New Build Generating CMU,18.949,15.0,Gas,2024.0,18.0,2021.0
Claverhouse Generation Limited ,CLAVE1,Yes,New Build Generating CMU,18.949,15.0,Gas,2024.0,18.0,2021.0
Abercorn Generation Limited ,SPWR57,Yes,New Build Generating CMU,19.044,15.0,Gas,2024.0,18.0,2021.0
EL (Avonmouth) Limited,EL0023,No,New Build Generating CMU,19.044,15.0,Gas,2024.0,18.0,2021.0
EL (Avonmouth) Limited,EL0024,No,New Build Generating CMU,9.427,15.0,Gas,2024.0,18.0,2021.0
EL (Newark) Limited,EL0028,No,New Build Generating CMU,6.665,15.0,Gas,2024.0,18.0,2021.0
EL (Avonmouth) Limited,EL0022,No,New Build Generating CMU,19.044,15.0,Gas,2024.0,18.0,2021.0
KiWi Power Ltd,KPEG57,Yes,Existing Generating CMU,6.678,1.0,Gas,2024.0,18.0,2021.0
KiWi Power Ltd,KPEG52,Yes,Existing Generating CMU,5.378,1.0,Gas,2024.0,18.0,2021.0
KiWi Power Ltd,KPEG53,Yes,Existing Generating CMU,3.638,1.0,Gas,2024.0,18.0,2021.0
KiWi Power Ltd,KPEG54,Yes,Existing Generating CMU,3.306,1.0,Gas,2024.0,18.0,2021.0
KiWi Power Ltd,KPEG55,Yes,Existing Generating CMU,3.013,1.0,Gas,2024.0,18.0,2021.0
ElecLink Limited,ElecL5,Yes,New Build Interconnector CMU,750.0,1.0,Interconnector,2024.0,18.0,2021.0
Gigabox Lyndhurst Limited,LYND21,Yes,New Build Generating CMU,12.137,15.0,Storage - Battery,2024.0,18.0,2021.0
Glass Leaf Power Limited,BRAN20,Yes,Existing Generating CMU,3.174,1.0,Gas,2024.0,18.0,2021.0
GREEN PEAK GENERATION LIMITED,Lilly5,Yes,Existing Generating CMU,7.142,1.0,Gas,2024.0,18.0,2021.0
Douglas West Wind Farm Ltd,DGWEST,Yes,New Build Generating CMU,3.515,1.0,Onshore Wind,2024.0,18.0,2021.0
Greenspan Nifty Fifty Limited,WPKB04,Yes,Existing Generating CMU,3.809,1.0,Gas,2024.0,18.0,2021.0
Greenspan Contractors Limited,ABCN04,Yes,Existing Generating CMU,3.809,1.0,Gas,2024.0,18.0,2021.0
Bolshan Renewables Limited,SRHA03,Yes,New Build Generating CMU,1.982,1.0,Storage - Battery,2024.0,18.0,2021.0
Greenspan Nifty Fifty Limited,WPKA04,Yes,Existing Generating CMU,3.809,1.0,Gas,2024.0,18.0,2021.0
Grendon Storage Limited,SEL084,No,New Build Generating CMU,24.305,15.0,Storage - Battery,2024.0,18.0,2021.0
GridBeyond Limited,END034,Yes,Unproven DSR CMU,3.0,1.0,DSR,2024.0,18.0,2021.0
GridBeyond Limited,END035,Yes,Unproven DSR CMU,1.85,1.0,DSR,2024.0,18.0,2021.0
GridBeyond Limited,END036,Yes,Unproven DSR CMU,10.17,1.0,DSR,2024.0,18.0,2021.0
GridBeyond Limited,END037,No,Unproven DSR CMU,6.9,1.0,DSR,2024.0,18.0,2021.0
GridBeyond Limited,END038,No,Unproven DSR CMU,25.0,1.0,DSR,2024.0,18.0,2021.0
GridBeyond Limited,END039,No,Unproven DSR CMU,30.0,1.0,DSR,2024.0,18.0,2021.0
GridBeyond Limited,GBD010,Yes,Existing Generating CMU,4.617,1.0,Gas,2024.0,18.0,2021.0
GridBeyond Limited,GBD009,Yes,Existing Generating CMU,29.88,1.0,Gas,2024.0,18.0,2021.0
GridBeyond Limited,END027,Yes,Unproven DSR CMU,6.19,1.0,DSR,2024.0,18.0,2021.0
GridBeyond Limited,END028,Yes,Unproven DSR CMU,5.811,1.0,DSR,2024.0,18.0,2021.0
GridBeyond Limited,END029,Yes,Unproven DSR CMU,5.437,1.0,DSR,2024.0,18.0,2021.0
GridBeyond Limited,END030,Yes,Unproven DSR CMU,7.94,1.0,DSR,2024.0,18.0,2021.0
GridBeyond Limited,END031,Yes,Unproven DSR CMU,3.936,1.0,DSR,2024.0,18.0,2021.0
GridBeyond Limited,END033,Yes,Unproven DSR CMU,11.0,1.0,DSR,2024.0,18.0,2021.0
Braintree Electric Forecourt Ltd,GSEF01,Yes,New Build Generating CMU,1.239,15.0,Storage - Battery,2024.0,18.0,2021.0
CLAYHILL SOLAR LIMITED,AGCLHS,Yes,Existing Generating CMU,1.486,1.0,Storage - Battery,2024.0,18.0,2021.0
HB197END Ltd,ENDE24,No,New Build Generating CMU,24.067,15.0,Storage - Battery,2024.0,18.0,2021.0
HD888CAP LIMITED,CAPN24,No,New Build Generating CMU,47.134,15.0,Gas,2024.0,18.0,2021.0
Harmony BD Limited,HBDL20,Yes,New Build Generating CMU,5.348,15.0,Storage - Battery,2024.0,18.0,2021.0
Harmony CS Limited,CONT20,Yes,New Build Generating CMU,16.531,15.0,Storage - Battery,2024.0,18.0,2021.0
Harmony CTF 2 Limited,CTF220,Yes,New Build Generating CMU,24.067,15.0,Storage - Battery,2024.0,18.0,2021.0
Harmony CTF Limited,HCTF20,Yes,New Build Generating CMU,24.067,15.0,Storage - Battery,2024.0,18.0,2021.0
Harmony FM Limited,HFML20,Yes,New Build Generating CMU,9.724,15.0,Storage - Battery,2024.0,18.0,2021.0
Harmony HB Limited,HHBL20,Yes,Existing Generating CMU,3.647,1.0,Storage - Battery,2024.0,18.0,2021.0
RYDBERG DEVELOPMENT COMPANY LIMITED,PETE07,Yes,New Build Generating CMU,3.809,15.0,Gas,2024.0,18.0,2021.0
RYDBERG DEVELOPMENT COMPANY LIMITED,SUND07,Yes,New Build Generating CMU,1.904,15.0,Gas,2024.0,18.0,2021.0
RYDBERG DEVELOPMENT COMPANY LIMITED,EXCA07,Yes,New Build Generating CMU,7.618,15.0,Gas,2024.0,18.0,2021.0
RYDBERG DEVELOPMENT COMPANY LIMITED,EXCA08,Yes,New Build Generating CMU,5.713,15.0,Gas,2024.0,18.0,2021.0
RYDBERG DEVELOPMENT COMPANY LIMITED,MERL11,No,New Build Generating CMU,9.522,15.0,Gas,2024.0,18.0,2021.0
WOODINGTON SOLAR LIMITED,WOOD24,No,New Build Generating CMU,0.936,15.0,Solar,2024.0,18.0,2021.0
Power Initiatives (1) Limited,POWER1,Yes,New Build Generating CMU,4.285,15.0,Gas,2024.0,18.0,2021.0
Grangemouth CHP Limited,GCHPLB,Yes,Existing Generating CMU,127.8,1.0,Gas,2024.0,18.0,2021.0
INOVYN ChlorVinyls Limited,INO200,Yes,Unproven DSR CMU,32.0,1.0,DSR,2024.0,18.0,2021.0
Gateway Energy Centre Limited,GEBA20,No,New Build Generating CMU,24.31,15.0,Storage - Battery,2024.0,18.0,2021.0
Gateway Energy Centre Limited,GEBB20,No,New Build Generating CMU,24.31,15.0,Storage - Battery,2024.0,18.0,2021.0
Gateway Energy Centre Limited,GEBC20,No,New Build Generating CMU,24.31,15.0,Storage - Battery,2024.0,18.0,2021.0
Gateway Energy Centre Limited,GEBD20,No,New Build Generating CMU,24.31,15.0,Storage - Battery,2024.0,18.0,2021.0
Gateway Energy Centre Limited,GEBE20,No,New Build Generating CMU,24.31,15.0,Storage - Battery,2024.0,18.0,2021.0
Gateway Energy Centre Limited,GEBF20,No,New Build Generating CMU,24.31,15.0,Storage - Battery,2024.0,18.0,2021.0
Gateway Energy Centre Limited,GEBG20,No,New Build Generating CMU,9.724,15.0,Storage - Battery,2024.0,18.0,2021.0
"Spalding Energy Company, Ltd.",IGSP20,Yes,Existing Generating CMU,855.0,1.0,Gas,2024.0,18.0,2021.0
"Rocksavage Power Company, Ltd.",IGRK20,No,Existing Generating CMU,747.0,1.0,Gas,2024.0,18.0,2021.0
"Coryton Energy Company, Ltd.",IGCE20,Yes,Existing Generating CMU,720.0,1.0,Gas,2024.0,18.0,2021.0
Bury Power Limited,BURY20,Yes,Existing Generating CMU,18.568,1.0,Gas,2024.0,18.0,2021.0
Kemsley CHP Limited,DSK103,Yes,New Build Generating CMU,59.4,1.0,Gas,2024.0,18.0,2021.0
Kent Enviropower Limited,FCCAL2,Yes,Existing Generating CMU,29.893,1.0,Waste,2024.0,18.0,2021.0
LAKESIDE ENERGY FROM WASTE LIMITED,LAKE24,Yes,Existing Generating CMU,31.41,1.0,Waste,2024.0,18.0,2021.0
Liverton 2014 Limited,LIVE24,Yes,New Build Generating CMU,6.665,15.0,Gas,2024.0,18.0,2021.0
LondonEnergy Ltd,LEL_20,Yes,Existing Generating CMU,31.395,1.0,Waste,2024.0,18.0,2021.0
Melksham East Storage Limited,SEL080,No,New Build Generating CMU,24.305,15.0,Storage - Battery,2024.0,18.0,2021.0
Melksham West Storage Limited,SEL081,No,New Build Generating CMU,24.305,15.0,Storage - Battery,2024.0,18.0,2021.0
FRP MERCIA HOLDCO LIMITED,FRPWOO,No,New Build Generating CMU,6.524,15.0,Gas,2024.0,18.0,2021.0
FRP MERCIA HOLDCO LIMITED,FRPOWS,No,New Build Generating CMU,3.728,15.0,Gas,2024.0,18.0,2021.0
FRP MERCIA HOLDCO LIMITED,FRPFBL,No,New Build Generating CMU,6.99,15.0,Gas,2024.0,18.0,2021.0
FRP MERCIA HOLDCO LIMITED,FRPSOO,No,New Build Generating CMU,5.592,15.0,Gas,2024.0,18.0,2021.0
Shovel Ready 7 Limited,vent03,Yes,Existing Generating CMU,8.094,1.0,Gas,2024.0,18.0,2021.0
Moyle Interconnector Limited,Moyle6,Yes,Existing Interconnector CMU,245.0,1.0,Interconnector,2024.0,18.0,2021.0
Ferrybridge MFE Limited,FM1-24,Yes,Existing Generating CMU,65.364,1.0,Waste,2024.0,18.0,2021.0
Ferrybridge MFE 2 Limited,FM2-24,Yes,Existing Generating CMU,65.296,1.0,Waste,2024.0,18.0,2021.0
MWLB11 LIMITED,MWLB22,No,New Build Generating CMU,4.713,15.0,Gas,2024.0,18.0,2021.0
MWLB11 LIMITED,MWLB23,No,New Build Generating CMU,4.285,15.0,Gas,2024.0,18.0,2021.0
MWLB11 LIMITED,MWLB24,No,New Build Generating CMU,4.285,15.0,Gas,2024.0,18.0,2021.0
MWLB11 LIMITED,MWLB25,No,New Build Generating CMU,2.857,15.0,Gas,2024.0,18.0,2021.0
MWLB11 LIMITED,MWLB21,No,New Build Generating CMU,2.857,15.0,Gas,2024.0,18.0,2021.0
MWAT Limited,MWRT11,No,New Build Generating CMU,4.285,15.0,Gas,2024.0,18.0,2021.0
National Grid Interconnectors Limited,IFA_19,Yes,Existing Interconnector CMU,1380.0,1.0,Interconnector,2024.0,18.0,2021.0
National Grid North Sea Link Limited,NSL_20,Yes,New Build Interconnector CMU,1260.0,1.0,Interconnector,2024.0,18.0,2021.0
National Grid IFA2 Limited,IFA220,Yes,New Build Interconnector CMU,781.0,1.0,Interconnector,2024.0,18.0,2021.0
NEMO LINK LIMITED,NEMO19,Yes,Existing Interconnector CMU,680.0,1.0,Interconnector,2024.0,18.0,2021.0
NATIONAL GRID VIKING LINK LIMITED,VIK_20,Yes,New Build Interconnector CMU,728.0,1.0,Interconnector,2024.0,18.0,2021.0
Noriker Perseverance Ltd,PERSB2,Yes,New Build Generating CMU,3.22,15.0,Storage - Battery,2024.0,18.0,2021.0
Northumberland Energy Recovery Limited,SUEZ23,Yes,Existing Generating CMU,9.098,1.0,Waste,2024.0,18.0,2021.0
Oldbury Power Limited,CDSWB1,Yes,New Build Generating CMU,7.618,15.0,Gas,2024.0,18.0,2021.0
OPEN ENERGI LIMITED,EMISTA,Yes,Proven DSR CMU,2.093,1.0,DSR,2024.0,18.0,2021.0
The Isle of Wight Energy Company Limited,MAIN24,Yes,New Build Generating CMU,5.4,15.0,Gas,2024.0,18.0,2021.0
P3P Energy Management Limited,BREH20,Yes,Existing Generating CMU,13.143,1.0,Gas,2024.0,18.0,2021.0
P3P Energy Management AE Limited,CASQ20,Yes,Existing Generating CMU,2.945,1.0,Gas,2024.0,18.0,2021.0
Teesside Hire Limited,TEES20,Yes,Existing Generating CMU,5.94,1.0,Gas,2024.0,18.0,2021.0
PARC ADFER LIMITED ,PaAd20,Yes,Existing Generating CMU,14.416,1.0,Waste,2024.0,18.0,2021.0
Peak Gen Power Limited,PGPHAT,No,Existing Generating CMU,5.142,1.0,Diesel,2024.0,18.0,2021.0
Peak Gen Power Limited,PGPDID,No,Existing Generating CMU,3.142,1.0,Diesel,2024.0,18.0,2021.0
Peak Gen Power Limited,PGPCOV,No,Existing Generating CMU,5.713,1.0,Diesel,2024.0,18.0,2021.0
Peak Gen Power Limited,PGPHAY,No,Existing Generating CMU,5.142,1.0,Diesel,2024.0,18.0,2021.0
Peel L&P Energy Limited,PEL010,No,New Build Generating CMU,47.134,15.0,Gas,2024.0,18.0,2021.0
Peel L&P Energy Limited,PEL006,No,New Build Generating CMU,19.044,15.0,Gas,2024.0,18.0,2021.0
Peel L&P Energy Limited,PEL009,No,New Build Generating CMU,19.044,15.0,Gas,2024.0,18.0,2021.0
Penwortham Storage Limited,SEL085,No,New Build Generating CMU,24.305,15.0,Storage - Battery,2024.0,18.0,2021.0
Hull Reserve Power Limited,HULL20,Yes,Existing Generating CMU,19.806,1.0,Gas,2024.0,18.0,2021.0
PISTON HEATING SERVICES LIMITED,casw20,Yes,Existing Generating CMU,8.57,1.0,Gas,2024.0,18.0,2021.0
Pivoted Power LLP,PPCV20,Yes,New Build Generating CMU,19.448,15.0,Storage - Battery,2024.0,18.0,2021.0
Pivoted Power LLP,PPBS20,Yes,New Build Generating CMU,19.448,15.0,Storage - Battery,2024.0,18.0,2021.0
PIVOT POWER BATTERY CO. LIMITED,PPCW20,Yes,New Build Generating CMU,10.651,1.0,Storage - Battery,2024.0,18.0,2021.0
PIVOT POWER BATTERY CO. LIMITED,PPKM20,Yes,New Build Generating CMU,10.651,1.0,Storage - Battery,2024.0,18.0,2021.0
STONEHILL ENERGY STORAGE LIMITED,BAT050,Yes,New Build Generating CMU,24.261,15.0,Storage - Battery,2024.0,18.0,2021.0
POWER UP GENERATION LIMITED,PUG002,Yes,Existing Generating CMU,5.508,1.0,Gas,2024.0,18.0,2021.0
PROTOS ERF LIMITED,PROT20,Yes,New Build Generating CMU,36.464,15.0,Waste,2024.0,18.0,2021.0
PUTNEY POWER LIMITED,Copse4,Yes,Existing Generating CMU,8.094,1.0,Gas,2024.0,18.0,2021.0
HATTON FARM ENERGY LIMITED,HOO333,No,New Build Generating CMU,0.952,1.0,Gas,2024.0,18.0,2021.0
Wharf Power Limited,WHAR20,Yes,Existing Generating CMU,15.045,1.0,Gas,2024.0,18.0,2021.0
Flexitricity Limited,F20033,Yes,Existing Generating CMU,4.21,1.0,Gas,2024.0,18.0,2021.0
Flexitricity Limited,F20001,No,Existing Generating CMU,5.124,1.0,Gas,2024.0,18.0,2021.0
Flexitricity Limited,F20014,Yes,Existing Generating CMU,1.131,1.0,Gas,2024.0,18.0,2021.0
Flexitricity Limited,F20008,Yes,Existing Generating CMU,2.791,1.0,Gas,2024.0,18.0,2021.0
Flexitricity Limited,F20030,Yes,Existing Generating CMU,2.25,1.0,Gas,2024.0,18.0,2021.0
Flexitricity Limited,F20042,Yes,Proven DSR CMU,10.947,1.0,DSR,2024.0,18.0,2021.0
Flexitricity Limited,F20043,Yes,Proven DSR CMU,10.977,1.0,DSR,2024.0,18.0,2021.0
Flexitricity Limited,F20077,Yes,Proven DSR CMU,6.5,1.0,DSR,2024.0,18.0,2021.0
Flexitricity Limited,F20081,Yes,Proven DSR CMU,5.348,1.0,DSR,2024.0,18.0,2021.0
Flexitricity Limited,F20086,Yes,Proven DSR CMU,2.376,1.0,DSR,2024.0,18.0,2021.0
Flexitricity Limited,F20073,Yes,Proven DSR CMU,3.565,1.0,DSR,2024.0,18.0,2021.0
Flexitricity Limited,F20112,Yes,Unproven DSR CMU,2.178,1.0,DSR,2024.0,18.0,2021.0
Flexitricity Limited,F20113,Yes,Unproven DSR CMU,3.058,1.0,DSR,2024.0,18.0,2021.0
Flexitricity Limited,F20114,Yes,Unproven DSR CMU,2.97,1.0,DSR,2024.0,18.0,2021.0
Flexitricity Limited,F20116,Yes,Unproven DSR CMU,1.0,1.0,DSR,2024.0,18.0,2021.0
Flexitricity Limited,F20119,Yes,Unproven DSR CMU,1.0,1.0,DSR,2024.0,18.0,2021.0
Flexitricity Limited,F20120,Yes,Unproven DSR CMU,1.0,1.0,DSR,2024.0,18.0,2021.0
Flexitricity Limited,F20121,Yes,Unproven DSR CMU,2.0,1.0,DSR,2024.0,18.0,2021.0
Flexitricity Limited,F20122,Yes,Unproven DSR CMU,2.0,1.0,DSR,2024.0,18.0,2021.0
Flexitricity Limited,F20123,Yes,Unproven DSR CMU,4.99,1.0,DSR,2024.0,18.0,2021.0
Flexitricity Limited,F20124,Yes,Unproven DSR CMU,4.99,1.0,DSR,2024.0,18.0,2021.0
Flexitricity Limited,F20125,Yes,Unproven DSR CMU,4.99,1.0,DSR,2024.0,18.0,2021.0
Flexitricity Limited,F20126,No,Unproven DSR CMU,4.99,1.0,DSR,2024.0,18.0,2021.0
Flexitricity Limited,F20127,No,Unproven DSR CMU,4.99,1.0,DSR,2024.0,18.0,2021.0
Flexitricity Limited,F20128,No,Unproven DSR CMU,4.99,1.0,DSR,2024.0,18.0,2021.0
Flexitricity Limited,F20129,No,Unproven DSR CMU,4.99,1.0,DSR,2024.0,18.0,2021.0
Flexitricity Limited,F20130,No,Unproven DSR CMU,4.99,1.0,DSR,2024.0,18.0,2021.0
Flexitricity Limited,F20131,No,Unproven DSR CMU,4.99,1.0,DSR,2024.0,18.0,2021.0
Flexitricity Limited,F20132,No,Unproven DSR CMU,4.99,1.0,DSR,2024.0,18.0,2021.0
Flexitricity Limited,F20133,No,Unproven DSR CMU,4.99,1.0,DSR,2024.0,18.0,2021.0
Flexitricity Limited,F20134,No,Unproven DSR CMU,4.99,1.0,DSR,2024.0,18.0,2021.0
Flexitricity Limited,F20135,No,Unproven DSR CMU,4.99,1.0,DSR,2024.0,18.0,2021.0
Flexitricity Limited,F20136,No,Unproven DSR CMU,4.99,1.0,DSR,2024.0,18.0,2021.0
Flexitricity Limited,F20137,No,Unproven DSR CMU,4.99,1.0,DSR,2024.0,18.0,2021.0
Flexitricity Limited,F20138,Yes,New Build Generating CMU,3.24,15.0,Gas,2024.0,18.0,2021.0
Flexitricity Limited,F20139,Yes,New Build Generating CMU,2.16,15.0,Gas,2024.0,18.0,2021.0
Flexitricity Limited,F20110,Yes,Existing Generating CMU,2.106,1.0,Gas,2024.0,18.0,2021.0
Flexitricity Limited,F18005,Yes,Existing Generating CMU,5.4,1.0,Gas,2024.0,18.0,2021.0
Flexitricity Limited,F18007,Yes,Existing Generating CMU,3.25,1.0,Gas,2024.0,18.0,2021.0
Flexitricity Limited,F18009,No,Existing Generating CMU,4.05,1.0,Gas,2024.0,18.0,2021.0
Flexitricity Limited,F18010,Yes,Existing Generating CMU,2.638,1.0,Gas,2024.0,18.0,2021.0
Flexitricity Limited,F18011,Yes,Existing Generating CMU,2.823,1.0,Gas,2024.0,18.0,2021.0
Flexitricity Limited,F18034,Yes,Existing Generating CMU,3.02,1.0,Gas,2024.0,18.0,2021.0
Flexitricity Limited,F18036,Yes,Existing Generating CMU,3.658,1.0,Gas,2024.0,18.0,2021.0
Flexitricity Limited,F18024,Yes,Existing Generating CMU,4.052,1.0,Gas,2024.0,18.0,2021.0
Flexitricity Limited,F19027,Yes,Existing Generating CMU,9.0,1.0,Gas,2024.0,18.0,2021.0
Flexitricity Limited,F19003,Yes,Existing Generating CMU,4.893,1.0,Gas,2024.0,18.0,2021.0
Flexitricity Limited,F19004,Yes,Existing Generating CMU,6.134,1.0,Gas,2024.0,18.0,2021.0
Flexitricity Limited,F19019,Yes,Existing Generating CMU,3.083,1.0,Gas,2024.0,18.0,2021.0
Flexitricity Limited,F19029,Yes,Existing Generating CMU,3.021,1.0,Gas,2024.0,18.0,2021.0
Flexitricity Limited,F19039,Yes,Existing Generating CMU,3.012,1.0,Gas,2024.0,18.0,2021.0
Flexitricity Limited,F19109,Yes,Existing Generating CMU,2.642,1.0,Gas,2024.0,18.0,2021.0
Flexitricity Limited,F20111,Yes,Existing Generating CMU,7.034,1.0,Gas,2024.0,18.0,2021.0
Flexitricity Limited,F20002,Yes,Existing Generating CMU,4.972,1.0,Gas,2024.0,18.0,2021.0
RWE Generation UK plc,DIB620,Yes,Existing Generating CMU,675.0,1.0,Gas,2024.0,18.0,2021.0
RWE Generation UK plc,GYAR20,Yes,Existing Generating CMU,369.0,1.0,Gas,2024.0,18.0,2021.0
RWE Generation UK plc,HYTH20,Yes,Existing Generating CMU,44.91,1.0,Gas,2024.0,18.0,2021.0
RWE Generation UK plc,GRMB20,No,New Build Generating CMU,19.044,15.0,Gas,2024.0,18.0,2021.0
RWE Generation UK plc,CHEN20,No,New Build Generating CMU,19.044,15.0,Gas,2024.0,18.0,2021.0
RWE Generation UK plc,LBAR20,Yes,Existing Generating CMU,698.805,1.0,Gas,2024.0,18.0,2021.0
RWE Generation UK plc,PM1120,Yes,Existing Generating CMU,427.5,1.0,Gas,2024.0,18.0,2021.0
RWE Generation UK plc,PM2120,Yes,Existing Generating CMU,427.5,1.0,Gas,2024.0,18.0,2021.0
RWE Generation UK plc,PM3120,Yes,Existing Generating CMU,427.5,1.0,Gas,2024.0,18.0,2021.0
RWE Generation UK plc,PM4120,Yes,Existing Generating CMU,427.5,1.0,Gas,2024.0,18.0,2021.0
RWE Generation UK plc,PM5120,Yes,Existing Generating CMU,427.5,1.0,Gas,2024.0,18.0,2021.0
RWE Generation UK plc,STA120,Yes,Existing Generating CMU,417.6,1.0,Gas,2024.0,18.0,2021.0
RWE Generation UK plc,CHEG20,No,Existing Generating CMU,41.361,1.0,Gas,2024.0,18.0,2021.0
RWE Generation UK plc,COW120,Yes,Existing Generating CMU,66.654,1.0,Distillate,2024.0,18.0,2021.0
RWE Generation UK plc,COW220,Yes,Existing Generating CMU,66.654,1.0,Distillate,2024.0,18.0,2021.0
RWE Generation UK plc,DID120,Yes,Existing Generating CMU,23.805,1.0,Distillate,2024.0,18.0,2021.0
RWE Generation UK plc,DID220,Yes,Existing Generating CMU,23.805,1.0,Distillate,2024.0,18.0,2021.0
RWE Generation UK plc,DID320,Yes,Existing Generating CMU,23.805,1.0,Distillate,2024.0,18.0,2021.0
RWE Generation UK plc,DID420,Yes,Existing Generating CMU,23.805,1.0,Distillate,2024.0,18.0,2021.0
RWE Generation UK plc,STA220,Yes,Existing Generating CMU,417.6,1.0,Gas,2024.0,18.0,2021.0
RWE Generation UK plc,STA320,Yes,Existing Generating CMU,417.6,1.0,Gas,2024.0,18.0,2021.0
RWE Generation UK plc,STA420,Yes,Existing Generating CMU,417.6,1.0,Gas,2024.0,18.0,2021.0
RWE Generation UK plc,DIB520,Yes,Existing Generating CMU,720.0,1.0,Gas,2024.0,18.0,2021.0
Saltend Cogeneration Company Limited,S3_204,Yes,Existing Generating CMU,365.4,1.0,Gas,2024.0,18.0,2021.0
Saltend Cogeneration Company Limited,S1_204,Yes,Existing Generating CMU,366.9,1.0,Gas,2024.0,18.0,2021.0
Saltend Cogeneration Company Limited,S2_204,Yes,Existing Generating CMU,367.65,1.0,Gas,2024.0,18.0,2021.0
Seabank Power Limited,SEA1_2,Yes,Existing Generating CMU,1132.2,1.0,Gas,2024.0,18.0,2021.0
UK Power Reserve Limited,20PR05,Yes,Existing Generating CMU,8.855,1.0,Gas,2024.0,18.0,2021.0
UK Power Reserve Limited,20PR06,Yes,Existing Generating CMU,9.522,1.0,Gas,2024.0,18.0,2021.0
UK Power Reserve Limited,20PR08,Yes,Existing Generating CMU,9.141,1.0,Gas,2024.0,18.0,2021.0
UK Power Reserve Limited,20PR09,Yes,Existing Generating CMU,8.094,1.0,Gas,2024.0,18.0,2021.0
UK Power Reserve Limited,20PR10,Yes,Existing Generating CMU,9.046,1.0,Gas,2024.0,18.0,2021.0
UK Power Reserve Limited,20PR11,Yes,Existing Generating CMU,9.332,1.0,Gas,2024.0,18.0,2021.0
Sembcorp Utilities (UK) Limited,S24S11,Yes,Existing Generating CMU,25.268,1.0,Gas,2024.0,18.0,2021.0
Sembcorp Utilities (UK) Limited,S24G01,Yes,Existing Generating CMU,37.8,1.0,Gas,2024.0,18.0,2021.0
Sembcorp Utilities (UK) Limited,S24G02,Yes,Existing Generating CMU,37.059,1.0,Gas,2024.0,18.0,2021.0
UK Power Reserve Limited,20PR01,Yes,Existing Generating CMU,9.522,1.0,Gas,2024.0,18.0,2021.0
UK Power Reserve Limited,20PR02,Yes,Existing Generating CMU,9.522,1.0,Gas,2024.0,18.0,2021.0
UK Power Reserve Limited,20PR03,Yes,Existing Generating CMU,9.522,1.0,Gas,2024.0,18.0,2021.0
UK Power Reserve Limited,20PR04,Yes,Existing Generating CMU,9.522,1.0,Gas,2024.0,18.0,2021.0
Shaw-Energi Ltd,SHW011,Yes,New Build Generating CMU,4.954,15.0,Storage - Battery,2024.0,18.0,2021.0
Limejump Ltd,DSR401,Yes,Proven DSR CMU,2.852,1.0,DSR,2024.0,18.0,2021.0
Limejump Ltd,EXL201,Yes,Existing Generating CMU,13.239,1.0,Gas,2024.0,18.0,2021.0
Limejump Ltd,EXL203,Yes,Existing Generating CMU,7.47,1.0,Gas,2024.0,18.0,2021.0
Limejump Ltd,EXL204,Yes,Existing Generating CMU,3.015,1.0,Gas,2024.0,18.0,2021.0
Limejump Ltd,EXL202,Yes,Existing Generating CMU,0.9,1.0,Gas,2024.0,18.0,2021.0
Limejump Ltd,DSR450,No,Unproven DSR CMU,1.584,1.0,DSR,2024.0,18.0,2021.0
Limejump Ltd,DSR451,No,Unproven DSR CMU,2.376,1.0,DSR,2024.0,18.0,2021.0
Limejump Ltd,DSR452,No,Unproven DSR CMU,3.168,1.0,DSR,2024.0,18.0,2021.0
Limejump Ltd,BAT003,Yes,Existing Generating CMU,0.656,1.0,Storage - Battery,2024.0,18.0,2021.0
Limejump Ltd,BAT002,Yes,Existing Generating CMU,0.322,1.0,Storage - Battery,2024.0,18.0,2021.0
Limejump Ltd,BAT001,Yes,Existing Generating CMU,0.372,1.0,Storage - Battery,2024.0,18.0,2021.0
Limejump Ltd,DSR453,No,Unproven DSR CMU,2.852,1.0,DSR,2024.0,18.0,2021.0
Limejump Ltd,DSR454,No,Unproven DSR CMU,3.961,1.0,DSR,2024.0,18.0,2021.0
Limejump Ltd,DSR455,No,Unproven DSR CMU,7.921,1.0,DSR,2024.0,18.0,2021.0
Limejump Ltd,DSR456,No,Unproven DSR CMU,7.921,1.0,DSR,2024.0,18.0,2021.0
Limejump Ltd,DSR457,No,Unproven DSR CMU,7.921,1.0,DSR,2024.0,18.0,2021.0
Limejump Ltd,DSR458,No,Unproven DSR CMU,7.921,1.0,DSR,2024.0,18.0,2021.0
Limejump Ltd,DSR459,No,Unproven DSR CMU,15.842,1.0,DSR,2024.0,18.0,2021.0
Limejump Ltd,DSR460,No,Unproven DSR CMU,15.842,1.0,DSR,2024.0,18.0,2021.0
Limejump Ltd,DSR403,No,Unproven DSR CMU,1.584,1.0,DSR,2024.0,18.0,2021.0
Limejump Ltd,DSR402,Yes,Proven DSR CMU,3.168,1.0,DSR,2024.0,18.0,2021.0
Culvery Power Limited,CULV20,Yes,Existing Generating CMU,13.14,1.0,Gas,2024.0,18.0,2021.0
SUEZ RECYCLING AND RECOVERY KIRKLEES LTD,SUEZ21,Yes,Existing Generating CMU,8.944,1.0,Waste,2024.0,18.0,2021.0
SmartestEnergy Limited,SE2504,No,Unproven DSR CMU,10.0,1.0,DSR,2024.0,18.0,2021.0
SmartestEnergy Limited,SE2505,Yes,Unproven DSR CMU,8.0,1.0,DSR,2024.0,18.0,2021.0
SmartestEnergy Limited,SE2506,No,Unproven DSR CMU,6.0,1.0,DSR,2024.0,18.0,2021.0
SmartestEnergy Limited,SE2507,No,Unproven DSR CMU,5.0,1.0,DSR,2024.0,18.0,2021.0
SmartestEnergy Limited,SE2508,No,Unproven DSR CMU,5.0,1.0,DSR,2024.0,18.0,2021.0
SmartestEnergy Limited,SE2509,No,Unproven DSR CMU,5.0,1.0,DSR,2024.0,18.0,2021.0
SmartestEnergy Limited,SE2510,No,Unproven DSR CMU,4.0,1.0,DSR,2024.0,18.0,2021.0
SmartestEnergy Limited,SE2511,Yes,Unproven DSR CMU,4.0,1.0,DSR,2024.0,18.0,2021.0
SmartestEnergy Limited,SE2512,Yes,Unproven DSR CMU,3.0,1.0,DSR,2024.0,18.0,2021.0
SmartestEnergy Limited,SE2513,No,Unproven DSR CMU,3.0,1.0,DSR,2024.0,18.0,2021.0
SmartestEnergy Limited,SE2501,No,Unproven DSR CMU,20.0,1.0,DSR,2024.0,18.0,2021.0
SmartestEnergy Limited,SE2502,No,Unproven DSR CMU,15.0,1.0,DSR,2024.0,18.0,2021.0
SmartestEnergy Limited,SE2503,No,Unproven DSR CMU,12.0,1.0,DSR,2024.0,18.0,2021.0
South Tyne and Wear Energy Recovery Limited,SUEZ24,Yes,Existing Generating CMU,19.762,1.0,Waste,2024.0,18.0,2021.0
Keadby Generation Limited,KEAD24,No,Existing Generating CMU,716.166,1.0,Gas,2024.0,18.0,2021.0
SSEPG (Operations) Limited,BURG24,No,Existing Generating CMU,44.791,1.0,Gas,2024.0,18.0,2021.0
SSEPG (Operations) Limited,CHIC24,No,Existing Generating CMU,44.791,1.0,Gas,2024.0,18.0,2021.0
Medway Power Limited,MEDP24,No,Existing Generating CMU,661.5,1.0,Gas,2024.0,18.0,2021.0
SSE Generation Limited,INAW24,Yes,Existing Generating CMU,24.567,1.0,Hydro,2024.0,18.0,2021.0
SSE Generation Limited,LUIC24,Yes,Existing Generating CMU,30.937,1.0,Hydro,2024.0,18.0,2021.0
SSE Generation Limited,LOC124,Yes,Existing Generating CMU,21.278,1.0,Hydro,2024.0,18.0,2021.0
SSE Generation Limited,LOC224,Yes,Existing Generating CMU,21.431,1.0,Hydro,2024.0,18.0,2021.0
SSE Generation Limited,RAN124,Yes,Existing Generating CMU,14.558,1.0,Hydro,2024.0,18.0,2021.0
SSE Generation Limited,RAN224,Yes,Existing Generating CMU,13.248,1.0,Hydro,2024.0,18.0,2021.0
SSE Generation Limited,RAN324,Yes,Existing Generating CMU,14.558,1.0,Hydro,2024.0,18.0,2021.0
SSE Generation Limited,SLO124,Yes,Existing Generating CMU,36.396,1.0,Hydro,2024.0,18.0,2021.0
SSE Generation Limited,SLO224,Yes,Existing Generating CMU,37.248,1.0,Hydro,2024.0,18.0,2021.0
SSE Generation Limited,SLO324,Yes,Existing Generating CMU,36.396,1.0,Hydro,2024.0,18.0,2021.0
SSE Generation Limited,SLO424,Yes,Existing Generating CMU,29.572,1.0,Hydro,2024.0,18.0,2021.0
SSE Generation Limited,TUM124,Yes,Existing Generating CMU,16.789,1.0,Hydro,2024.0,18.0,2021.0
SSE Generation Limited,FOY124,Yes,Existing Generating CMU,141.96,1.0,Storage - Pumped,2024.0,18.0,2021.0
SSE Generation Limited,FOY224,Yes,Existing Generating CMU,141.96,1.0,Storage - Pumped,2024.0,18.0,2021.0
SSE Generation Limited,TUM224,Yes,Existing Generating CMU,15.468,1.0,Hydro,2024.0,18.0,2021.0
SSE Energy Supply Limited,SSE424,No,Unproven DSR CMU,7.921,1.0,DSR,2024.0,18.0,2021.0
SSE Energy Supply Limited,SSE524,No,Unproven DSR CMU,7.921,1.0,DSR,2024.0,18.0,2021.0
SSE Energy Supply Limited,SSE624,No,Unproven DSR CMU,7.921,1.0,DSR,2024.0,18.0,2021.0
SSE Generation Limited,PEH124,Yes,Existing Generating CMU,1064.034,1.0,Gas,2024.0,18.0,2021.0
SSE Energy Supply Limited,MRWD24,Yes,Existing Generating CMU,828.0,1.0,Gas,2024.0,18.0,2021.0
SSE Energy Supply Limited,SSE224,No,Unproven DSR CMU,7.921,1.0,DSR,2024.0,18.0,2021.0
SSE Energy Supply Limited,SSE324,No,Unproven DSR CMU,7.921,1.0,DSR,2024.0,18.0,2021.0
SSE Generation Limited,SMFL24,Yes,New Build Generating CMU,42.4,15.0,Waste,2024.0,18.0,2021.0
SSE Generation Limited,CLAC24,Yes,Existing Generating CMU,37.621,1.0,Hydro,2024.0,18.0,2021.0
SSE Generation Limited,CLUN24,Yes,Existing Generating CMU,55.686,1.0,Hydro,2024.0,18.0,2021.0
SSE Generation Limited,DEA124,Yes,Existing Generating CMU,17.311,1.0,Hydro,2024.0,18.0,2021.0
SSE Generation Limited,DEA224,Yes,Existing Generating CMU,17.306,1.0,Hydro,2024.0,18.0,2021.0
SSE Generation Limited,ERR124,Yes,Existing Generating CMU,22.882,1.0,Hydro,2024.0,18.0,2021.0
SSE Generation Limited,ERR224,Yes,Existing Generating CMU,22.863,1.0,Hydro,2024.0,18.0,2021.0
SSE Generation Limited,ERR324,Yes,Existing Generating CMU,22.921,1.0,Hydro,2024.0,18.0,2021.0
SSE Generation Limited,FAS124,Yes,Existing Generating CMU,20.928,1.0,Hydro,2024.0,18.0,2021.0
SSE Generation Limited,FAS224,Yes,Existing Generating CMU,20.928,1.0,Hydro,2024.0,18.0,2021.0
SSE Generation Limited,GBEX24,Yes,New Build Generating CMU,2.968,15.0,Onshore Wind,2024.0,18.0,2021.0
SSE Generation Limited,FAS324,Yes,Existing Generating CMU,18.785,1.0,Hydro,2024.0,18.0,2021.0
SSE Generation Limited,GLEN24,Yes,Existing Generating CMU,36.132,1.0,Hydro,2024.0,18.0,2021.0
Saltholme South Power Limited,SEL071,Yes,New Build Generating CMU,47.6,1.0,Gas,2024.0,18.0,2021.0
Ravensworth Power Limited,SEL078,No,New Build Generating CMU,47.6,15.0,Gas,2024.0,18.0,2021.0
Minety North Storage Limited,SEL082,No,New Build Generating CMU,24.305,15.0,Storage - Battery,2024.0,18.0,2021.0
Dollymans Storage Limited,SEL087,No,New Build Generating CMU,33.083,15.0,Storage - Battery,2024.0,18.0,2021.0
Abham Storage Limited,SEL088,No,New Build Generating CMU,47.311,15.0,Storage - Battery,2024.0,18.0,2021.0
Dollymans Power Limited,SEL079,No,New Build Generating CMU,47.6,15.0,Gas,2024.0,18.0,2021.0
Statkraft Markets GmbH,RHE1_7,Yes,Existing Generating CMU,11.758,1.0,Hydro,2024.0,18.0,2021.0
Statkraft Markets GmbH,RHE2_7,Yes,Existing Generating CMU,19.523,1.0,Hydro,2024.0,18.0,2021.0
Statkraft Markets GmbH,RHE3_7,Yes,Existing Generating CMU,19.647,1.0,Hydro,2024.0,18.0,2021.0
SW Mannington Limited,SWM024,Yes,New Build Generating CMU,17.017,15.0,Storage - Battery,2024.0,18.0,2021.0
STOR 114 Ltd,STPW14,Yes,New Build Generating CMU,14.283,15.0,Gas,2024.0,18.0,2021.0
STOR 129 Ltd,STPW29,Yes,New Build Generating CMU,19.044,15.0,Gas,2024.0,18.0,2021.0
STOR 101 Ltd,STPW01,Yes,New Build Generating CMU,19.044,15.0,Gas,2024.0,18.0,2021.0
STOR 127 Ltd,STPW27,Yes,New Build Generating CMU,19.044,15.0,Gas,2024.0,18.0,2021.0
STOR 104 Ltd,STPW04,Yes,New Build Generating CMU,19.044,15.0,Gas,2024.0,18.0,2021.0
STOR 125 Ltd,STPW25,Yes,New Build Generating CMU,19.044,15.0,Gas,2024.0,18.0,2021.0
STOR 126 Ltd,STPW26,Yes,New Build Generating CMU,19.044,15.0,Gas,2024.0,18.0,2021.0
STOR 128 Ltd,STPW28,Yes,New Build Generating CMU,17.14,15.0,Gas,2024.0,18.0,2021.0
STOR 141 Ltd,STPW41,Yes,New Build Generating CMU,19.044,15.0,Gas,2024.0,18.0,2021.0
STOR 108 Ltd,STPW08,Yes,New Build Generating CMU,19.044,15.0,Gas,2024.0,18.0,2021.0
STOR 113 Ltd,STPW13,Yes,New Build Generating CMU,19.044,15.0,Gas,2024.0,18.0,2021.0
SUEZ RECYCLING AND RECOVERY TEES VALLEY LTD,SUEZ22,Yes,Existing Generating CMU,17.08,1.0,Waste,2024.0,18.0,2021.0
SUEZ RECYCLING AND RECOVERY SUFFOLK LTD,SUEZ25,Yes,Existing Generating CMU,19.775,1.0,Waste,2024.0,18.0,2021.0
Winnington CHP Limited,3CHPWN,Yes,Existing Generating CMU,86.033,1.0,Gas,2024.0,18.0,2021.0
Irwell Power Limited,IRWE20,Yes,Existing Generating CMU,14.902,1.0,Gas,2024.0,18.0,2021.0
Dafen Reserve Power Limited,DAFE20,Yes,Existing Generating CMU,9.332,1.0,Gas,2024.0,18.0,2021.0
Shovel Ready 6 Limited,amyjn2,Yes,Existing Generating CMU,6.665,1.0,Gas,2024.0,18.0,2021.0
FEEDER GRID STORAGE LIMITED,FRROAD,No,New Build Generating CMU,4.954,15.0,Storage - Battery,2024.0,18.0,2021.0
Indian Queens Power Limited,IQ_204,Yes,Existing Generating CMU,133.308,1.0,Diesel,2024.0,18.0,2021.0
Uniper Global Commodities SE,RTGT02,Yes,Existing Generating CMU,16.187,1.0,Diesel,2024.0,18.0,2021.0
Uniper Global Commodities SE,RTGT04,Yes,Existing Generating CMU,16.187,1.0,Diesel,2024.0,18.0,2021.0
Uniper Global Commodities SE,GRGT21,Yes,Existing Generating CMU,26.61,1.0,Diesel,2024.0,18.0,2021.0
Uniper Global Commodities SE,GRGT24,Yes,Existing Generating CMU,25.658,1.0,Diesel,2024.0,18.0,2021.0
Uniper Global Commodities SE,KILH21,Yes,Existing Generating CMU,291.4,1.0,Gas,2024.0,18.0,2021.0
Uniper Global Commodities SE,KILH22,Yes,Existing Generating CMU,308.513,1.0,Gas,2024.0,18.0,2021.0
Uniper Global Commodities SE,TAYL62,Yes,Existing Generating CMU,70.358,1.0,Diesel,2024.0,18.0,2021.0
Uniper Global Commodities SE,TAYL63,Yes,Existing Generating CMU,62.74,1.0,Diesel,2024.0,18.0,2021.0
Uniper UK Limited,CNQP35,Yes,Refurbishing Generating CMU,675.0,1.0,Gas,2024.0,18.0,2021.0
Uniper Global Commodities SE,GRAI16,Yes,Existing Generating CMU,421.2,1.0,Gas,2024.0,18.0,2021.0
Uniper Global Commodities SE,GRAI17,Yes,Existing Generating CMU,421.2,1.0,Gas,2024.0,18.0,2021.0
Uniper Global Commodities SE,GRAI18,Yes,Existing Generating CMU,421.2,1.0,Gas,2024.0,18.0,2021.0
Uniper Global Commodities SE,CNQP33,Yes,Existing Generating CMU,337.5,1.0,Gas,2024.0,18.0,2021.0
Uniper Global Commodities SE,CNQP34,Yes,Existing Generating CMU,337.5,1.0,Gas,2024.0,18.0,2021.0
Uniper Global Commodities SE,CDCL21,Yes,Existing Generating CMU,405.0,1.0,Gas,2024.0,18.0,2021.0
Uniper Global Commodities SE,EECL21,Yes,Existing Generating CMU,405.0,1.0,Gas,2024.0,18.0,2021.0
Marden Power Limited,MARD20,Yes,Existing Generating CMU,18.854,1.0,Gas,2024.0,18.0,2021.0
Vattenfall Wind Power Ltd,URB-02,Yes,New Build Generating CMU,9.724,15.0,Storage - Battery,2024.0,18.0,2021.0
Immingham Power Limited ,IMMI20,Yes,Existing Generating CMU,15.045,1.0,Gas,2024.0,18.0,2021.0
Veolia UK Limited,POERF6,Yes,Existing Generating CMU,12.309,1.0,Waste,2024.0,18.0,2021.0
Veolia UK Limited,CHERF6,Yes,Existing Generating CMU,6.19,1.0,Waste,2024.0,18.0,2021.0
Veolia UK Limited,STAF06,Yes,Existing Generating CMU,22.893,1.0,Waste,2024.0,18.0,2021.0
Veolia UK Limited,TYSE05,Yes,Existing Generating CMU,22.765,1.0,Waste,2024.0,18.0,2021.0
Veolia UK Limited,BHRLH6,Yes,Existing Generating CMU,6.629,1.0,Gas,2024.0,18.0,2021.0
Veolia UK Limited,MAERF6,Yes,Existing Generating CMU,14.051,1.0,Waste,2024.0,18.0,2021.0
Veolia UK Limited,NEWH06,Yes,Existing Generating CMU,14.815,1.0,Waste,2024.0,18.0,2021.0
 Viridor Waste Management Limited ,CARD20,Yes,Existing Generating CMU,29.68,1.0,Waste,2024.0,18.0,2021.0
 Viridor Waste Management Limited ,EXET20,Yes,Existing Generating CMU,3.394,1.0,Waste,2024.0,18.0,2021.0
VITAL ENERGI SOLUTIONS LIMITED,VIT302,Yes,New Build Generating CMU,2.993,12.0,Gas,2024.0,18.0,2021.0
VITAL ENERGI SOLUTIONS LIMITED,VIT208,Yes,Existing Generating CMU,3.437,1.0,Gas,2024.0,18.0,2021.0
VITAL ENERGI SOLUTIONS LIMITED,VIT303,Yes,New Build Generating CMU,2.993,11.0,Gas,2024.0,18.0,2021.0
VITAL ENERGI SOLUTIONS LIMITED,VIT304,Yes,Existing Generating CMU,8.02,1.0,Gas,2024.0,18.0,2021.0
Voltalia UK Ltd,NB_108,No,New Build Generating CMU,3.716,15.0,Storage - Battery,2024.0,18.0,2021.0
VPI Power Limited,DX20SH,Yes,Existing Generating CMU,382.5,1.0,Gas,2024.0,18.0,2021.0
VPI Immingham B Limited,VPB001,No,New Build Generating CMU,284.708,15.0,Gas,2024.0,18.0,2021.0
VPI Immingham Energy Park A Limited,VDG004,No,New Build Generating CMU,47.515,15.0,Gas,2024.0,18.0,2021.0
VPI Power Limited,DX20RH,Yes,Existing Generating CMU,646.95,1.0,Gas,2024.0,18.0,2021.0
VPI Power Limited,DX20DC,Yes,Existing Generating CMU,730.8,1.0,Gas,2024.0,18.0,2021.0
VPI Power Limited,20DC_4,No,New Build Generating CMU,810.0,15.0,Gas,2024.0,18.0,2021.0
VPI Immingham LLP,ICHP09,Yes,Existing Generating CMU,1188.0,1.0,Gas,2024.0,18.0,2021.0
VPI Power Limited,20DC_5,No,New Build Generating CMU,810.0,15.0,Gas,2024.0,18.0,2021.0
ROBIN HOOD AIRPORT DEVELOPMENTS LIMITED,FES002,No,New Build Generating CMU,7.618,15.0,Gas,2024.0,18.0,2021.0
FERRYBRIDGE POWER LIMITED,FES003,No,New Build Generating CMU,3.809,15.0,Gas,2024.0,18.0,2021.0
Walker & Son (Hauliers) Limited,FES001,No,New Build Generating CMU,7.618,15.0,Gas,2024.0,18.0,2021.0
Warrington Renewables (York) Ltd,BOSC01,Yes,Existing Generating CMU,7.32,1.0,Solar,2024.0,18.0,2021.0
West Didsbury Storage Limited,SEL086,No,New Build Generating CMU,24.305,15.0,Storage - Battery,2024.0,18.0,2021.0
Whitetower Energy Limited,HEA24b,Yes,Existing Generating CMU,47.783,1.0,Gas,2024.0,18.0,2021.0
Whitetower Energy Limited,THRN02,Yes,Existing Generating CMU,36.057,1.0,Gas,2024.0,18.0,2021.0
Whitetower Energy Limited,CROY24,Yes,Existing Generating CMU,48.169,1.0,Gas,2024.0,18.0,2021.0
Whitetower Energy Limited,DERB24,Yes,Existing Generating CMU,51.059,1.0,Gas,2024.0,18.0,2021.0
Whitetower Energy Limited,EXET24,Yes,Existing Generating CMU,45.572,1.0,Gas,2024.0,18.0,2021.0
Whitetower Energy Limited,VKIN24,Yes,Existing Generating CMU,46.666,1.0,Gas,2024.0,18.0,2021.0
Whitetower Energy Limited,HEA24a,Yes,Existing Generating CMU,47.977,1.0,Gas,2024.0,18.0,2021.0
Warrington Power Limited,WARR20,Yes,Existing Generating CMU,15.045,1.0,Gas,2024.0,18.0,2021.0
Wolverhampton Power Ltd,WOLV20,Yes,Existing Generating CMU,15.045,1.0,Gas,2024.0,18.0,2021.0
Zenobe Energy Limited,DSR350,No,Unproven DSR CMU,3.961,1.0,DSR,2024.0,18.0,2021.0
Zenobe Energy Limited,DSRBS1,Yes,Unproven DSR CMU,2.29,1.0,DSR,2024.0,18.0,2021.0
Zenobe Energy Limited,DSCHG1,No,Unproven DSR CMU,2.0,15.0,DSR,2024.0,18.0,2021.0
ZENOBE UTILITIES 4 LIMITED,NBBRND,No,New Build Generating CMU,2.972,15.0,Storage - Battery,2024.0,18.0,2021.0
ZENOBE UTILITIES 4 LIMITED,DSBRND,No,Unproven DSR CMU,0.998,1.0,DSR,2024.0,18.0,2021.0
BESS HOLDCO 8 LIMITED,DSRUU1,Yes,Unproven DSR CMU,1.497,1.0,DSR,2024.0,18.0,2021.0
ZENOBE CAPENHURST LIMITED,NBMERS,No,New Build Generating CMU,12.36,15.0,Storage - Battery,2024.0,18.0,2021.0
BESS HOLDCO 14 LIMITED,DSRWAL,Yes,Unproven DSR CMU,0.998,1.0,DSR,2024.0,18.0,2021.0
Corby Power Limited,CBRY-1,Yes,Existing Generating CMU,267.443,1.0,Gas,2024.0,35.79,2024.0
AIK2A SUSTAINABLE ENERGY LTD,AK2a01,Yes,Existing Generating CMU,6.863,1.0,Onshore Wind,2024.0,35.79,2024.0
LIGHTHOUSE GREEN FUELS LIMITED,LGFTV1,Yes,Existing Generating CMU,32.057,1.0,Gas,2024.0,35.79,2024.0
Alkane Energy UK Limited,A2REDD,Yes,Existing Generating CMU,23.07,1.0,Oil,2024.0,35.79,2024.0
Alkane Energy UK Limited,A1BLCH,Yes,Existing Generating CMU,1.739,1.0,Gas,2024.0,35.79,2024.0
Alkane Energy UK Limited,A4TORY,Yes,Existing Generating CMU,1.038,1.0,Gas,2024.0,35.79,2024.0
Alkane Energy UK Limited,A2ASKE,Yes,Existing Generating CMU,1.038,1.0,Gas,2024.0,35.79,2024.0
Alkane Energy UK Limited,A2MALT,Yes,Existing Generating CMU,1.981,1.0,Gas,2024.0,35.79,2024.0
Alkane Energy UK Limited,A1CMMX,Yes,Existing Generating CMU,1.981,1.0,Gas,2024.0,35.79,2024.0
Alkane Energy UK Limited,A5AVAR,Yes,Existing Generating CMU,1.981,1.0,Gas,2024.0,35.79,2024.0
Alkane Energy UK Limited,A1AVEL,Yes,New Build Generating CMU,0.944,1.0,Gas,2024.0,35.79,2024.0
Regent Park Energy Limited,A1LING,Yes,Existing Generating CMU,0.262,1.0,Solar,2024.0,35.79,2024.0
Alkane Energy UK Limited,A3WINT,Yes,Existing Generating CMU,0.159,1.0,Solar,2024.0,35.79,2024.0
SKELMERSDALE ENERGY STORAGE LIMITED,SKEL24,Yes,Existing Generating CMU,8.508,1.0,Storage - Battery,2024.0,35.79,2024.0
URBAN RESERVE (ASSETCO 2) LIMITED,UR2341,Yes,New Build Generating CMU,3.823,1.0,Gas,2024.0,35.79,2024.0
URBAN RESERVE (ASSETCO 2) LIMITED,UR0327,Yes,New Build Generating CMU,4.302,1.0,Gas,2024.0,35.79,2024.0
URBAN RESERVE (ASSETCO 2) LIMITED,UR0331,Yes,New Build Generating CMU,4.784,1.0,Gas,2024.0,35.79,2024.0
URBAN RESERVE (ASSETCO 2) LIMITED,UR0310,Yes,New Build Generating CMU,4.784,1.0,Gas,2024.0,35.79,2024.0
BANKS RENEWABLES (HARTING RIG WIND FARM) LIMITED,KypeE1,Yes,New Build Generating CMU,5.645,1.0,Onshore Wind,2024.0,35.79,2024.0
Zenobe Capenhurst Limited,EXPIN1,Yes,Existing Generating CMU,11.34,1.0,Storage - Battery,2024.0,35.79,2024.0
Zenobe Brindley Limited,NBBND3,Yes,New Build Generating CMU,2.72,1.0,Storage - Battery,2024.0,35.79,2024.0
Zenobe Wishaw Limited,NBWSH3,Yes,New Build Generating CMU,11.324,1.0,Storage - Battery,2024.0,35.79,2024.0
BOC Ltd,TLGUK2,Yes,Proven DSR CMU,10.0,1.0,DSR,2024.0,35.79,2024.0
BOTLEY ENERGY RESERVE LIMITED,SHESS1,Yes,New Build Generating CMU,11.312,1.0,Storage - Battery,2024.0,35.79,2024.0
BRITISH SOLAR RENEWABLES LIMITED,BSR004,No,New Build Generating CMU,1.814,1.0,Storage - Battery,2024.0,35.79,2024.0
BRITISH SOLAR RENEWABLES LIMITED,BSR003,No,New Build Generating CMU,0.61,1.0,Solar,2024.0,35.79,2024.0
BRAMLEY BATTERY STORAGE LIMITED,BRAM27,No,New Build Generating CMU,28.096,1.0,Storage - Battery,2024.0,35.79,2024.0
Severn Power Limited,24SV01,No,Existing Generating CMU,778.515,1.0,Gas,2024.0,35.79,2024.0
JAN BEZEMER & SONS LIMITED,CNCHP1,Yes,Existing Generating CMU,4.091,1.0,Gas,2024.0,35.79,2024.0
CBS SOLAR ASSETS UK LIMITED,9RES03,Yes,Existing Generating CMU,0.635,1.0,Solar,2024.0,35.79,2024.0
Centrica Business Solutions (Generation) Limited,9RES15,Yes,Existing Generating CMU,3.71,1.0,Gas,2024.0,35.79,2024.0
CBS Energy Storage Assets UK Limited,9RES01,Yes,New Build Generating CMU,11.312,1.0,Storage - Battery,2024.0,35.79,2024.0
Centrica Barry Limited,9RES04,Yes,New Build Generating CMU,18.681,1.0,Gas,2024.0,35.79,2024.0
CONRAD (BLACKPOOL) LIMITED,CDBLK4,Yes,Existing Generating CMU,5.237,1.0,Storage - Battery,2024.0,35.79,2024.0
Conrad (Oldbury) Limited,CDSWB5,Yes,New Build Generating CMU,1.887,1.0,Gas,2024.0,35.79,2024.0
CONRAD (FLITWICK) LIMITED,CDFLW3,Yes,Existing Generating CMU,3.83,1.0,Storage - Battery,2024.0,35.79,2024.0
CONRAD (TORQUAY) LIMITED,CDTOR4,Yes,Existing Generating CMU,4.689,1.0,Storage - Battery,2024.0,35.79,2024.0
CONRAD (LARPORT) LIMITED,CDLAR3,Yes,New Build Generating CMU,1.778,1.0,Solar,2024.0,35.79,2024.0
CONRAD (SWINDON) LIMITED,CDSWI1,Yes,New Build Generating CMU,3.922,1.0,Storage - Battery,2024.0,35.79,2024.0
CONRAD (WINCHESTER) LIMITED,CDWIN3,Yes,Existing Generating CMU,3.922,1.0,Storage - Battery,2024.0,35.79,2024.0
CONRAD (MIDSOMER) LIMITED,CDMID6,Yes,Existing Generating CMU,1.183,1.0,Storage - Battery,2024.0,35.79,2024.0
Tata Steel UK Limited,TS23_3,Yes,Proven DSR CMU,6.0,1.0,DSR,2024.0,35.79,2024.0
Tata Steel UK Limited,TS23_1,Yes,Proven DSR CMU,6.0,1.0,DSR,2024.0,35.79,2024.0
SOLUTIA UK LIMITED,EAST01,Yes,Existing Generating CMU,3.368,1.0,Gas,2024.0,35.79,2024.0
ECOTRICITY (SMART GRID) LIMITED,ALBES1,Yes,New Build Generating CMU,2.248,1.0,Storage - Battery,2024.0,35.79,2024.0
EDF Energy Nuclear Generation Limited,HR1-23,Yes,Existing Generating CMU,472.296,1.0,Nuclear,2024.0,35.79,2024.0
EDF Energy Nuclear Generation Limited,HR2-23,Yes,Existing Generating CMU,469.164,1.0,Nuclear,2024.0,35.79,2024.0
EDF Energy Nuclear Generation Limited,TN1-23,Yes,Existing Generating CMU,478.901,1.0,Nuclear,2024.0,35.79,2024.0
EDF Energy Nuclear Generation Limited,HY1123,Yes,Existing Generating CMU,447.711,1.0,Nuclear,2024.0,35.79,2024.0
EDF Energy Nuclear Generation Limited,HY1223,Yes,Existing Generating CMU,434.92,1.0,Nuclear,2024.0,35.79,2024.0
EDF Energy Nuclear Generation Limited,HY2723,Yes,Existing Generating CMU,464.266,1.0,Nuclear,2024.0,35.79,2024.0
Porth Wen Solar Limited,PORW23,Yes,New Build Generating CMU,2.539,1.0,Solar,2024.0,35.79,2024.0
West Benhar Windfarm Partnership LLP,WBEN23,Yes,New Build Generating CMU,2.419,1.0,Onshore Wind,2024.0,35.79,2024.0
ROWAN ONSHORE WINDFARMS LIMITED,BFTE23,Yes,Existing Generating CMU,0.907,1.0,Onshore Wind,2024.0,35.79,2024.0
BEECHGREEN ENERGYFARM LIMITED,SUTB23,Yes,New Build Generating CMU,2.535,1.0,Solar,2024.0,35.79,2024.0
BEECHGREEN ENERGYFARM LIMITED,BURW23,Yes,New Build Generating CMU,2.54,1.0,Solar,2024.0,35.79,2024.0
Enel X UK Limited,U24101,No,Unproven DSR CMU,20.0,1.0,DSR,2024.0,35.79,2024.0
Enel X UK Limited,U24104,No,Unproven DSR CMU,20.0,1.0,DSR,2024.0,35.79,2024.0
Enel X UK Limited,U24110,Yes,Unproven DSR CMU,20.0,1.0,DSR,2024.0,35.79,2024.0
Enel X UK Limited,U24107,Yes,Unproven DSR CMU,20.0,1.0,DSR,2024.0,35.79,2024.0
Enel X UK Limited,U24105,No,Unproven DSR CMU,20.0,1.0,DSR,2024.0,35.79,2024.0
Enel X UK Limited,U24111,Yes,Unproven DSR CMU,20.0,1.0,DSR,2024.0,35.79,2024.0
Enel X UK Limited,U24102,No,Unproven DSR CMU,20.0,1.0,DSR,2024.0,35.79,2024.0
Enel X UK Limited,U24108,Yes,Unproven DSR CMU,20.0,1.0,DSR,2024.0,35.79,2024.0
Enel X UK Limited,U24106,Yes,Unproven DSR CMU,20.0,1.0,DSR,2024.0,35.79,2024.0
Enel X UK Limited,U24103,No,Unproven DSR CMU,20.0,1.0,DSR,2024.0,35.79,2024.0
Enel X UK Limited,U24112,Yes,Unproven DSR CMU,20.0,1.0,DSR,2024.0,35.79,2024.0
Enel X UK Limited,U24109,Yes,Unproven DSR CMU,20.0,1.0,DSR,2024.0,35.79,2024.0
Excel District Energy Company Limited,CES204,Yes,Existing Generating CMU,2.308,1.0,Gas,2024.0,35.79,2024.0
East London Energy Limited ,CES106,Yes,Existing Generating CMU,2.649,1.0,Gas,2024.0,35.79,2024.0
Birmingham District Energy Company Limited,CES310,Yes,Existing Generating CMU,2.625,1.0,Gas,2024.0,35.79,2024.0
East London Energy Limited ,CES107,Yes,Existing Generating CMU,5.348,1.0,Gas,2024.0,35.79,2024.0
EQUANS URBAN ENERGY LIMITED,BPS001,Yes,Existing Generating CMU,3.258,1.0,Gas,2024.0,35.79,2024.0
Southampton Geothermal Heating Company Limited,CES309,Yes,Existing Generating CMU,4.974,1.0,Gas,2024.0,35.79,2024.0
Birmingham District Energy Company Limited,CES810,Yes,Existing Generating CMU,1.914,1.0,Gas,2024.0,35.79,2024.0
Industrial Energy Services Limited ,HUM001,Yes,Existing Generating CMU,5.099,1.0,Gas,2024.0,35.79,2024.0
Equinor Blandford Road Limited ,BFRD24,Yes,New Build Generating CMU,4.263,1.0,Storage - Battery,2024.0,35.79,2024.0
"ESSO PETROLEUM COMPANY,LIMITED",EMD231,Yes,Existing Generating CMU,73.084,1.0,Gas,2024.0,35.79,2024.0
First Hydro Company,9D1231,Yes,Existing Generating CMU,185.375,1.0,Storage - Pumped,2024.0,35.79,2024.0
DONCASTER POWER (10MW) LIMITED,DONC03,Yes,New Build Generating CMU,1.134,1.0,Storage - Battery,2024.0,35.79,2024.0
Drumcross Generation Limited ,DRUM23,Yes,New Build Generating CMU,18.776,1.0,Gas,2024.0,35.79,2024.0
FP LUX SCURF DYKE SOLAR LIMITED,SCU003,Yes,New Build Generating CMU,1.335,1.0,Storage - Battery,2024.0,35.79,2024.0
KiWi Power Ltd,KIW73A,Yes,Proven DSR CMU,1.958,1.0,DSR,2024.0,35.79,2024.0
KiWi Power Ltd,KDR004,Yes,Proven DSR CMU,4.348,1.0,DSR,2024.0,35.79,2024.0
KiWi Power Ltd,KDR003,Yes,Proven DSR CMU,7.812,1.0,DSR,2024.0,35.79,2024.0
KiWi Power Ltd,EDRU02,Yes,Unproven DSR CMU,30.0,1.0,,2024.0,35.79,2024.0
KiWi Power Ltd,KPEG92,Yes,Existing Generating CMU,3.645,1.0,Gas,2024.0,35.79,2024.0
KiWi Power Ltd,KEG002,Yes,Existing Generating CMU,5.495,1.0,Gas,2024.0,35.79,2024.0
KiWi Power Ltd,KEG003,Yes,Existing Generating CMU,1.881,1.0,Gas,2024.0,35.79,2024.0
KiWi Power Ltd,KPEG81,Yes,Existing Generating CMU,2.162,1.0,Gas,2024.0,35.79,2024.0
KiWi Power Ltd,KPEG94,Yes,Existing Generating CMU,1.795,1.0,Gas,2024.0,35.79,2024.0
KiWi Power Ltd,KPEG95,Yes,Existing Generating CMU,1.803,1.0,Gas,2024.0,35.79,2024.0
KiWi Power Ltd,KPEG96,Yes,Existing Generating CMU,1.832,1.0,Gas,2024.0,35.79,2024.0
KiWi Power Ltd,KPEG93,Yes,Existing Generating CMU,2.547,1.0,Gas,2024.0,35.79,2024.0
KiWi Power Ltd,KPEG90,Yes,Existing Generating CMU,1.413,1.0,Gas,2024.0,35.79,2024.0
KiWi Power Ltd,KEG009,Yes,Existing Generating CMU,3.024,1.0,Onshore Wind,2024.0,35.79,2024.0
KiWi Power Ltd,KIW71A,Yes,Proven DSR CMU,17.455,1.0,DSR,2024.0,35.79,2024.0
GFI TREGARON LTD,GFI004,Yes,Existing Generating CMU,6.237,1.0,Diesel,2024.0,35.79,2024.0
GSES 1 LIMITED,GSF202,Yes,New Build Generating CMU,5.659,1.0,Storage - Battery,2024.0,35.79,2024.0
GSES 1 LIMITED,GSF203,Yes,New Build Generating CMU,5.659,1.0,Storage - Battery,2024.0,35.79,2024.0
GSES 1 LIMITED,GSF204,Yes,New Build Generating CMU,3.402,1.0,Storage - Battery,2024.0,35.79,2024.0
GSES 1 LIMITED,GSF205,Yes,New Build Generating CMU,6.464,1.0,Storage - Battery,2024.0,35.79,2024.0
OSSPV001 LIMITED,GSF006,Yes,Proven DSR CMU,7.112,1.0,DSR,2024.0,35.79,2024.0
Dalquhandy Wind Farm Limited ,DAL004,Yes,Existing Generating CMU,3.528,1.0,Onshore Wind,2024.0,35.79,2024.0
WINDY RIG WIND FARM LIMITED,WINDY1,Yes,Existing Generating CMU,3.595,1.0,Onshore Wind,2024.0,35.79,2024.0
TWENTYSHILLING LIMITED,TWESH1,Yes,Existing Generating CMU,3.175,1.0,Onshore Wind,2024.0,35.79,2024.0
Greenspan Nifty Fifty Limited,GNRB02,Yes,Existing Generating CMU,3.17,1.0,Gas,2024.0,35.79,2024.0
Greenspan Nifty Fifty Limited,GNRA02,Yes,Existing Generating CMU,3.019,1.0,Gas,2024.0,35.79,2024.0
Tynemouth Battery Storage Limited,TYNE24,Yes,Existing Generating CMU,1.313,1.0,Storage - Battery,2024.0,35.79,2024.0
Stairfoot Generation Ltd,FOOT24,Yes,Existing Generating CMU,4.082,1.0,Storage - Battery,2024.0,35.79,2024.0
Bloxwich Energy Storage Limited,BLO24A,Yes,Existing Generating CMU,4.082,1.0,Storage - Battery,2024.0,35.79,2024.0
Grendon Storage Limited,GREN24,Yes,New Build Generating CMU,10.428,1.0,Storage - Battery,2024.0,35.79,2024.0
ARBROATH LIMITED,ARGH24,Yes,Existing Generating CMU,3.741,1.0,Storage - Battery,2024.0,35.79,2024.0
ARBROATH LIMITED,ARBR20,Yes,New Build Generating CMU,1.134,1.0,Storage - Battery,2024.0,35.79,2024.0
Enderby Storage Limited,End24A,Yes,Existing Generating CMU,5.214,1.0,Storage - Battery,2024.0,35.79,2024.0
COUPAR LIMITED,COUP24,Yes,Existing Generating CMU,4.081,1.0,Storage - Battery,2024.0,35.79,2024.0
COUPAR LIMITED,COU24B,Yes,New Build Generating CMU,4.081,1.0,Storage - Battery,2024.0,35.79,2024.0
Enderby Storage Limited,End24B,Yes,New Build Generating CMU,4.987,1.0,Storage - Battery,2024.0,35.79,2024.0
UK BATTERY STORAGE LTD,York24,Yes,New Build Generating CMU,7.673,1.0,Storage - Battery,2024.0,35.79,2024.0
Melksham East Storage Limited,MELE24,Yes,New Build Generating CMU,5.214,1.0,Storage - Battery,2024.0,35.79,2024.0
UK BATTERY STORAGE LTD,BRAD24,No,New Build Generating CMU,17.229,1.0,Storage - Battery,2024.0,35.79,2024.0
GREENGRIDPOWER1 LTD,SHIL24,Yes,New Build Generating CMU,8.161,1.0,Storage - Battery,2024.0,35.79,2024.0
Melksham West Storage Limited,MELW24,Yes,New Build Generating CMU,5.214,1.0,Storage - Battery,2024.0,35.79,2024.0
West Didsbury Storage Limited,Didb24,Yes,New Build Generating CMU,5.214,1.0,Storage - Battery,2024.0,35.79,2024.0
West Didsbury Storage Limited,Did24a,Yes,New Build Generating CMU,5.214,1.0,Storage - Battery,2024.0,35.79,2024.0
UK BATTERY STORAGE LTD,Ella24,No,New Build Generating CMU,10.428,1.0,Storage - Battery,2024.0,35.79,2024.0
Nevendon Energy Storage Limited,NEV24A,Yes,Existing Generating CMU,0.457,1.0,Storage - Battery,2024.0,35.79,2024.0
Penwortham Storage Limited,Penw24,Yes,New Build Generating CMU,5.214,1.0,Storage - Battery,2024.0,35.79,2024.0
Penwortham Storage Limited,Pen24a,Yes,New Build Generating CMU,4.987,1.0,Storage - Battery,2024.0,35.79,2024.0
GridBeyond Limited,UEN050,No,Unproven DSR CMU,3.595,1.0,DSR,2024.0,35.79,2024.0
GridBeyond Limited,UEN051,Yes,Unproven DSR CMU,3.951,1.0,DSR,2024.0,35.79,2024.0
GridBeyond Limited,UEN052,Yes,Unproven DSR CMU,5.927,1.0,DSR,2024.0,35.79,2024.0
GridBeyond Limited,UEN053,Yes,Unproven DSR CMU,38.72,1.0,DSR,2024.0,35.79,2024.0
GridBeyond Limited,UEN055,Yes,Unproven DSR CMU,46.622,1.0,DSR,2024.0,35.79,2024.0
GridBeyond Limited,UEN056,Yes,Unproven DSR CMU,9.482,1.0,DSR,2024.0,35.79,2024.0
GridBeyond Limited,GBD012,Yes,Existing Generating CMU,1.339,1.0,Gas,2024.0,35.79,2024.0
GridBeyond Limited,GBD022,Yes,Existing Generating CMU,1.801,1.0,Gas,2024.0,35.79,2024.0
GridBeyond Limited,GBD013,Yes,Existing Generating CMU,6.063,1.0,Gas,2024.0,35.79,2024.0
GridBeyond Limited,GBD047,Yes,Existing Generating CMU,9.088,1.0,Gas,2024.0,35.79,2024.0
GridBeyond Limited,GBD014,Yes,Proven DSR CMU,3.071,1.0,DSR,2024.0,35.79,2024.0
GridBeyond Limited,GBD002,Yes,Proven DSR CMU,2.999,1.0,DSR,2024.0,35.79,2024.0
GridBeyond Limited,gbd102,Yes,Proven DSR CMU,41.945,1.0,DSR,2024.0,35.79,2024.0
GridBeyond Limited,GBD044,Yes,Proven DSR CMU,25.286,1.0,DSR,2024.0,35.79,2024.0
GridBeyond Limited,GBD032,Yes,Proven DSR CMU,3.16,1.0,DSR,2024.0,35.79,2024.0
GridBeyond Limited,GBD025,Yes,Proven DSR CMU,7.582,1.0,DSR,2024.0,35.79,2024.0
GridBeyond Limited,GBD026,Yes,Proven DSR CMU,5.654,1.0,DSR,2024.0,35.79,2024.0
GridBeyond Limited,GBD039,Yes,Proven DSR CMU,2.49,1.0,DSR,2024.0,35.79,2024.0
GridBeyond Limited,GBD040,Yes,Proven DSR CMU,3.06,1.0,DSR,2024.0,35.79,2024.0
GridBeyond Limited,GBD024,Yes,Proven DSR CMU,5.855,1.0,DSR,2024.0,35.79,2024.0
GridBeyond Limited,UEN045,No,Unproven DSR CMU,7.0,1.0,DSR,2024.0,35.79,2024.0
GridBeyond Limited,UEN038,Yes,Unproven DSR CMU,10.273,1.0,DSR,2024.0,35.79,2024.0
GridBeyond Limited,UEN039,Yes,Unproven DSR CMU,8.692,1.0,DSR,2024.0,35.79,2024.0
Hall Farm Energy Limited,HALL24,Yes,Existing Generating CMU,4.718,1.0,Diesel,2024.0,35.79,2024.0
HEIT BF LIMITED,HBF124,Yes,New Build Generating CMU,11.108,1.0,Storage - Battery,2024.0,35.79,2024.0
HEIT BF LIMITED,HBF224,Yes,New Build Generating CMU,11.108,1.0,Storage - Battery,2024.0,35.79,2024.0
HEIT HP LIMITED,HHPL24,Yes,New Build Generating CMU,11.108,1.0,Storage - Battery,2024.0,35.79,2024.0
HEIT LR LIMITED,HLRL24,Yes,New Build Generating CMU,11.108,1.0,Storage - Battery,2024.0,35.79,2024.0
HEIT PW LIMITED,HPW124,Yes,Existing Generating CMU,10.882,1.0,Storage - Battery,2024.0,35.79,2024.0
HEIT PW2 LIMITED,HPW224,Yes,Existing Generating CMU,10.882,1.0,Storage - Battery,2024.0,35.79,2024.0
HEIT RH LTD,HRHL24,Yes,New Build Generating CMU,7.935,1.0,Storage - Battery,2024.0,35.79,2024.0
HEIT WG LIMITED,HWGL24,Yes,New Build Generating CMU,7.481,1.0,Storage - Battery,2024.0,35.79,2024.0
HUMBLY GROVE ENERGY LIMITED,HUM024,Yes,Unproven DSR CMU,4.2,1.0,Gas,2024.0,35.79,2024.0
BRK 002 LIMITED,PLT124,Yes,New Build Generating CMU,5.557,1.0,Storage - Battery,2024.0,35.79,2024.0
INOVYN ChlorVinyls Limited,INO101,Yes,Existing Generating CMU,8.887,1.0,Gas,2024.0,35.79,2024.0
INOVYN ChlorVinyls Limited,VID201,Yes,Existing Generating CMU,41.604,1.0,Waste,2024.0,35.79,2024.0
"Rocksavage Power Company, Ltd.",IGRK23,Yes,Existing Generating CMU,741.879,1.0,Gas,2024.0,35.79,2024.0
FS WEST GOURDIE LIMITED,FSWG24,Yes,Existing Generating CMU,4.99,1.0,Storage - Battery,2024.0,35.79,2024.0
LIGHTSOURCE SPV 216 LIMITED,TILN01,Yes,New Build Generating CMU,5.441,1.0,Storage - Battery,2024.0,35.79,2024.0
FRP MERCIA HOLDCO 2 LIMITED,F2GE23,Yes,Existing Generating CMU,4.62,1.0,Gas,2024.0,35.79,2024.0
Mercia Waste Management Limited,MWM001,Yes,Existing Generating CMU,17.367,1.0,Waste,2024.0,35.79,2024.0
NEXTPOWER EELPOWER CAMILLA LIMITED,CAMI24,Yes,New Build Generating CMU,5.659,1.0,Storage - Battery,2024.0,35.79,2024.0
Northern Industrial Generation Limited,TOMW24,Yes,New Build Generating CMU,3.664,1.0,Gas,2024.0,35.79,2024.0
Nuclear Decommissioning Authority,NDAMAN,Yes,Existing Generating CMU,25.717,1.0,Hydro,2024.0,35.79,2024.0
Nursling Energy Two Limited,Nurse4,Yes,Existing Generating CMU,0.748,1.0,Storage - Battery,2024.0,35.79,2024.0
OAKTREE POWER LIMITED,OPL018,Yes,Unproven DSR CMU,31.608,1.0,DSR,2024.0,35.79,2024.0
OAKTREE POWER LIMITED,OPL019,Yes,Unproven DSR CMU,7.902,1.0,DSR,2024.0,35.79,2024.0
OAKTREE POWER LIMITED,OPL020,Yes,Unproven DSR CMU,4.741,1.0,DSR,2024.0,35.79,2024.0
OCTOPUS ENERGY LIMITED,OCTO24,Yes,Unproven DSR CMU,39.51,1.0,DSR,2024.0,35.79,2024.0
OCTOPUS ENERGY LIMITED,OCTO26,Yes,Unproven DSR CMU,39.51,1.0,DSR,2024.0,35.79,2024.0
OCTOPUS ENERGY LIMITED,OCTO27,Yes,Unproven DSR CMU,39.51,1.0,DSR,2024.0,35.79,2024.0
OCTOPUS ENERGY LIMITED,OCTO29,Yes,Unproven DSR CMU,39.51,1.0,DSR,2024.0,35.79,2024.0
OCTOPUS ENERGY LIMITED,OCTO30,Yes,Unproven DSR CMU,39.51,1.0,DSR,2024.0,35.79,2024.0
CUMBERHEAD WIND ENERGY LIMITED,Cumb23,Yes,Existing Generating CMU,4.2,1.0,Onshore Wind,2024.0,35.79,2024.0
The Isle of Wight Energy Company Limited,IWHALI,Yes,Unproven DSR CMU,1.452,1.0,DSR,2024.0,35.79,2024.0
The Isle of Wight Energy Company Limited,IWTSLI,Yes,Unproven DSR CMU,2.524,1.0,DSR,2024.0,35.79,2024.0
RICHBOROUGH ENERGY PARK LIMITED,REP1T1,Yes,New Build Generating CMU,4.665,1.0,Storage - Battery,2024.0,35.79,2024.0
RICHBOROUGH ENERGY PARK LIMITED,REP2T1,Yes,New Build Generating CMU,4.665,1.0,Storage - Battery,2024.0,35.79,2024.0
Peak Gen Power Limited,COVT23,Yes,Existing Generating CMU,5.603,1.0,Diesel,2024.0,35.79,2024.0
Peak Gen Power Limited,DID-23,Yes,Existing Generating CMU,3.114,1.0,Diesel,2024.0,35.79,2024.0
W4B Renewable Energy Limited,W42023,Yes,Existing Generating CMU,18.624,1.0,Diesel,2024.0,35.79,2024.0
Peak Gen Power Limited,HAT-23,Yes,Existing Generating CMU,5.017,1.0,Diesel,2024.0,35.79,2024.0
Peak Gen Power Limited,HAY-23,Yes,Existing Generating CMU,5.115,1.0,Diesel,2024.0,35.79,2024.0
HD144WHI LTD,WHIT24,Yes,New Build Generating CMU,12.922,1.0,Storage - Battery,2024.0,35.79,2024.0
HD143OCK LTD,OCKH24,Yes,New Build Generating CMU,12.922,1.0,Storage - Battery,2024.0,35.79,2024.0
HD888CAP LIMITED,CAP024,Yes,New Build Generating CMU,12.922,1.0,Storage - Battery,2024.0,35.79,2024.0
Pivoted Power LLP,PPSN23,Yes,New Build Generating CMU,11.071,1.0,Storage - Battery,2024.0,35.79,2024.0
Pivoted Power LLP,PPBF23,Yes,New Build Generating CMU,12.461,1.0,Storage - Battery,2024.0,35.79,2024.0
POWER ON TECHNOLOGIES LTD,TSCSW1,Yes,Unproven DSR CMU,0.79,1.0,DSR,2024.0,35.79,2024.0
Pulse Clean Energy UK Limited,WI2023,Yes,Existing Generating CMU,2.263,1.0,Storage - Battery,2024.0,35.79,2024.0
Pulse Clean Energy UK Limited,HI2023,Yes,New Build Generating CMU,4.307,1.0,Storage - Battery,2024.0,35.79,2024.0
Pulse Clean Energy UK Limited,FW2023,Yes,Existing Generating CMU,1.814,1.0,Storage - Battery,2024.0,35.79,2024.0
Pulse Clean Energy UK Limited,BF2023,Yes,Existing Generating CMU,2.155,1.0,Storage - Battery,2024.0,35.79,2024.0
Pulse Clean Energy UK Limited,TJ2023,Yes,Existing Generating CMU,2.381,1.0,Storage - Battery,2024.0,35.79,2024.0
R&S ENERGY LIMITED,Bux002,Yes,New Build Generating CMU,3.456,1.0,Storage - Battery,2024.0,35.79,2024.0
R&S ENERGY LIMITED,Wat002,Yes,New Build Generating CMU,3.024,1.0,Storage - Battery,2024.0,35.79,2024.0
Flexitricity Limited,F23082,Yes,Proven DSR CMU,4.747,1.0,DSR,2024.0,35.79,2024.0
Flexitricity Limited,F23091,Yes,Proven DSR CMU,8.398,1.0,DSR,2024.0,35.79,2024.0
Flexitricity Limited,F23162,Yes,Unproven DSR CMU,1.976,1.0,DSR,2024.0,35.79,2024.0
Flexitricity Limited,F23159,No,Existing Generating CMU,1.777,1.0,Gas,2024.0,35.79,2024.0
Flexitricity Limited,F23147,Yes,Existing Generating CMU,0.916,1.0,Gas,2024.0,35.79,2024.0
Flexitricity Limited,F23025,Yes,Existing Generating CMU,12.539,1.0,Gas,2024.0,35.79,2024.0
Flexitricity Limited,F23001,Yes,Existing Generating CMU,6.718,1.0,Gas,2024.0,35.79,2024.0
Flexitricity Limited,F23158,Yes,Existing Generating CMU,0.363,1.0,Storage - Battery,2024.0,35.79,2024.0
Flexitricity Limited,F21018,Yes,Existing Generating CMU,1.74,1.0,Gas,2024.0,35.79,2024.0
Flexitricity Limited,F22153,Yes,Existing Generating CMU,2.748,1.0,Gas,2024.0,35.79,2024.0
Flexitricity Limited,F23080,Yes,Proven DSR CMU,5.332,1.0,DSR,2024.0,35.79,2024.0
RWE Generation UK plc,CHER23,Yes,Existing Generating CMU,18.845,1.0,Gas,2024.0,35.79,2024.0
RWE Generation UK plc,CHEG23,Yes,Existing Generating CMU,41.216,1.0,Gas,2024.0,35.79,2024.0
RWE Generation UK plc,GRMB23,Yes,New Build Generating CMU,18.87,1.0,Gas,2024.0,35.79,2024.0
Sembcorp Utilities (UK) Limited,S27BS3,Yes,New Build Generating CMU,32.645,1.0,Storage - Battery,2024.0,35.79,2024.0
Impact Power Limited,EMIST2,Yes,Proven DSR CMU,2.088,1.0,DSR,2024.0,35.79,2024.0
SIMEC Lochaber Hydropower 2 Limited,G1T123,Yes,Existing Generating CMU,15.162,1.0,Hydro,2024.0,35.79,2024.0
SIMEC Lochaber Hydropower 2 Limited,G2T123,Yes,Existing Generating CMU,14.93,1.0,Hydro,2024.0,35.79,2024.0
SIMEC Lochaber Hydropower 2 Limited,G3T123,Yes,Existing Generating CMU,12.66,1.0,Hydro,2024.0,35.79,2024.0
SIMEC Lochaber Hydropower 2 Limited,G4T123,Yes,Existing Generating CMU,15.372,1.0,Hydro,2024.0,35.79,2024.0
SIMEC Lochaber Hydropower 2 Limited,G5T123,Yes,Existing Generating CMU,15.077,1.0,Hydro,2024.0,35.79,2024.0
PYEBRIDGE POWER LTD,MAPB23,Yes,Existing Generating CMU,5.095,1.0,Gas,2024.0,35.79,2024.0
BRENTWOOD ENERGY STORAGE LIMITED,BRETB1,Yes,New Build Generating CMU,5.659,1.0,Storage - Battery,2024.0,35.79,2024.0
BALANCE ENERGY 2 LTD,NTAWB2,Yes,New Build Generating CMU,6.801,1.0,Storage - Battery,2024.0,35.79,2024.0
EAST ANGLIA GRID STORAGE ONE LIMITED,BURWE1,Yes,Existing Generating CMU,5.558,1.0,Storage - Battery,2024.0,35.79,2024.0
ADD RENEWABLES NO.3 LIMITED,BARNE1,Yes,Existing Generating CMU,4.433,1.0,Storage - Battery,2024.0,35.79,2024.0
BROOK FARM ENERGY STORAGE LIMITED,BROFE1,Yes,Existing Generating CMU,5.647,1.0,Storage - Battery,2024.0,35.79,2024.0
NEWTONWOOD ENERGY STORAGE LIMITED,NEWTE1,Yes,Existing Generating CMU,5.631,1.0,Storage - Battery,2024.0,35.79,2024.0
BERKELEY BATTERY STORAGE 2 LIMITED,BERKB1,Yes,New Build Generating CMU,5.659,1.0,Storage - Battery,2024.0,35.79,2024.0
FAREHAM ENERGY RESERVE 2 LIMITED,FAR224,Yes,Existing Generating CMU,1.701,1.0,Storage - Battery,2024.0,35.79,2024.0
FAREHAM ENERGY RESERVE LIMITED,FAR124,Yes,Existing Generating CMU,3.402,1.0,Storage - Battery,2024.0,35.79,2024.0
SSEPG (Operations) Limited,CHI241,No,Existing Generating CMU,44.382,1.0,Gas,2024.0,35.79,2024.0
Keadby Generation Limited,KED241,Yes,Existing Generating CMU,692.292,1.0,Gas,2024.0,35.79,2024.0
SSE Utility Solutions Limited,SAL241,Yes,New Build Generating CMU,9.975,1.0,Storage - Battery,2024.0,35.79,2024.0
Medway Power Limited,MED241,Yes,Existing Generating CMU,673.187,1.0,Gas,2024.0,35.79,2024.0
SEAGREEN WIND ENERGY LIMITED,SG1241,Yes,Existing Generating CMU,32.589,1.0,Offshore Wind,2024.0,35.79,2024.0
SEAGREEN WIND ENERGY LIMITED,SG6241,Yes,Existing Generating CMU,41.28,1.0,Offshore Wind,2024.0,35.79,2024.0
SSEPG (Operations) Limited,BUR241,No,Existing Generating CMU,44.382,1.0,Gas,2024.0,35.79,2024.0
Dollymans Storage Limited,SEL130,Yes,Existing Generating CMU,10.296,1.0,Storage - Battery,2024.0,35.79,2024.0
Minety South Storage 2 LTD,SEL132,Yes,Existing Generating CMU,5.005,1.0,Storage - Battery,2024.0,35.79,2024.0
Bryt Energy Limited,BEPPC1,Yes,Unproven DSR CMU,0.79,1.0,Storage - Battery,2024.0,35.79,2024.0
SUNCROP PRODUCE LIMITED,BRST24,Yes,New Build Generating CMU,5.037,1.0,Gas,2024.0,35.79,2024.0
SUSI EELPOWER FORDTOWN LIMITED,FORD24,Yes,New Build Generating CMU,5.669,1.0,Storage - Battery,2024.0,35.79,2024.0
SUSI Eelpower Rock Farm Limited,ROCK24,Yes,Existing Generating CMU,2.244,1.0,Storage - Battery,2024.0,35.79,2024.0
SUSI EELPOWER HALESWORTH LIMITED,HALE24,Yes,New Build Generating CMU,5.67,1.0,Storage - Battery,2024.0,35.79,2024.0
SUSI Eelpower Winchester Limited,WINP24,Yes,Existing Generating CMU,1.093,1.0,Storage - Battery,2024.0,35.79,2024.0
Sutton Bridge Power Generation,24SB01,No,Existing Generating CMU,778.515,1.0,Gas,2024.0,35.79,2024.0
Harmony CF Limited,HCFL24,Yes,Existing Generating CMU,10.882,1.0,Storage - Battery,2024.0,35.79,2024.0
ROARING HILL ENERGY STORAGE LTD,RHT124,Yes,New Build Generating CMU,11.312,1.0,Storage - Battery,2024.0,35.79,2024.0
Harmony JF Limited,HJF242,Yes,New Build Generating CMU,6.801,1.0,Storage - Battery,2024.0,35.79,2024.0
Harmony JF Limited,HJF241,Yes,New Build Generating CMU,4.307,1.0,Storage - Battery,2024.0,35.79,2024.0
Hawkers Hill Energy Park Limited,HHEP24,Yes,Existing Generating CMU,4.307,1.0,Storage - Battery,2024.0,35.79,2024.0
THRIVE RENEWABLES (WICKEN) LIMITED,WKN006,Yes,Existing Generating CMU,0.545,1.0,Storage - Battery,2024.0,35.79,2024.0
FEEDER GRID STORAGE LIMITED,FR2117,Yes,New Build Generating CMU,2.268,1.0,Storage - Battery,2024.0,35.79,2024.0
BOOM BACUP STORAGE LIMITED,BACUP2,Yes,New Build Generating CMU,0.907,1.0,Storage - Battery,2024.0,35.79,2024.0
ALLIUM HELMSLEY LTD,ALLHM4,Yes,New Build Generating CMU,0.885,1.0,Waste,2024.0,35.79,2024.0
ALLIUM HELMSLEY LTD,ALLHM3,Yes,Existing Generating CMU,1.51,1.0,Gas,2024.0,35.79,2024.0
TOLLGATE ENERGY STORAGE LIMITED,TOL003,Yes,Existing Generating CMU,5.613,1.0,Storage - Battery,2024.0,35.79,2024.0
CUXTON ENERGY STORAGE LIMITED,CUX001,Yes,New Build Generating CMU,5.613,1.0,Storage - Battery,2024.0,35.79,2024.0
CAPBAL (BRACO) LIMITED,BRAC24,Yes,New Build Generating CMU,1.705,1.0,Storage - Battery,2024.0,35.79,2024.0
CAPBAL (FORFAR) LIMITED,FORF24,Yes,New Build Generating CMU,1.705,1.0,Storage - Battery,2024.0,35.79,2024.0
Uniper UK Limited,HOLF01,Yes,Proven DSR CMU,3.89,1.0,DSR,2024.0,35.79,2024.0
URBAN RESERVE (ASSETCO) LIMITED,URX214,Yes,Existing Generating CMU,4.615,1.0,Gas,2024.0,35.79,2024.0
URBAN RESERVE (ASSETCO) LIMITED,URX125,Yes,Existing Generating CMU,2.333,1.0,Gas,2024.0,35.79,2024.0
URBAN RESERVE (ASSETCO) LIMITED,URX332,Yes,Existing Generating CMU,4.05,1.0,Gas,2024.0,35.79,2024.0
URBAN RESERVE (ASSETCO) LIMITED,URX197,Yes,Existing Generating CMU,4.167,1.0,Gas,2024.0,35.79,2024.0
FIELD GERRARDS CROSS LTD,23GER1,Yes,New Build Generating CMU,2.026,1.0,Storage - Battery,2024.0,35.79,2024.0
NATIVE RIVER LTD,VAR005,Yes,New Build Generating CMU,12.922,1.0,Storage - Battery,2024.0,35.79,2024.0
Veolia UK Limited,SGH007,Yes,Existing Generating CMU,3.261,1.0,Gas,2024.0,35.79,2024.0
Veolia UK Limited,SEAF01,Yes,Unproven DSR CMU,2.009,1.0,DSR,2024.0,35.79,2024.0
WARLEY GREEN LIMITED,WARLE1,Yes,New Build Generating CMU,11.335,1.0,Storage - Battery,2024.0,35.79,2024.0
SUNDON GREEN LIMITED,SUNDO1,Yes,New Build Generating CMU,9.045,1.0,Storage - Battery,2024.0,35.79,2024.0
RHODESIA POWER LIMITED,RhodCC,Yes,New Build Generating CMU,9.435,1.0,Gas,2024.0,35.79,2024.0
FIELD NEWPORT LTD,23NEW1,Yes,New Build Generating CMU,4.167,1.0,Storage - Battery,2024.0,35.79,2024.0
HALLEN ENERGY LTD,AVON24,Yes,Existing Generating CMU,1.134,1.0,Storage - Battery,2024.0,35.79,2024.0
VPI Power Limited,VP23BM,Yes,Existing Generating CMU,54.954,1.0,Gas,2024.0,35.79,2024.0
VPI Immingham Energy Park A Limited,VDG006,Yes,New Build Generating CMU,47.081,1.0,Gas,2024.0,35.79,2024.0
ROBIN HOOD AIRPORT DEVELOPMENTS LIMITED,BEN24A,Yes,New Build Generating CMU,4.246,1.0,Gas,2024.0,35.79,2024.0
Walker & Son (Hauliers) Limited,FES24A,Yes,New Build Generating CMU,7.076,1.0,Gas,2024.0,35.79,2024.0
WHITEWALL POWER LIMITED,FLEX23,Yes,New Build Generating CMU,18.87,1.0,Gas,2024.0,35.79,2024.0
GORING POWER LTD,GORI24,Yes,New Build Generating CMU,6.51,1.0,Gas,2024.0,35.79,2024.0
Biogas Technology Limited,AXB024,Yes,Existing Generating CMU,6.51,1.0,Gas,2024.0,35.79,2024.0
Zenobe Blackhillock Limited,NBBLK3,Yes,New Build Generating CMU,45.34,1.0,Storage - Battery,2024.0,35.79,2024.0
ZENOBE RENTAL 12 LIMITED,EVZEN3,No,Unproven DSR CMU,1.185,1.0,DSR,2024.0,35.79,2024.0
ZENOBE RENTAL 12 LIMITED,EVZEN4,Yes,Unproven DSR CMU,1.185,1.0,DSR,2024.0,35.79,2024.0
ZENOBE RENTAL 12 LIMITED,EVLLS2,Yes,Unproven DSR CMU,2.149,1.0,DSR,2024.0,35.79,2024.0
ZENOBE RENTAL 12 LIMITED,EVINC2,Yes,Unproven DSR CMU,1.185,1.0,DSR,2024.0,35.79,2024.0
ZENOBE RENTAL 12 LIMITED,EVNEW1,Yes,Unproven DSR CMU,1.422,1.0,DSR,2024.0,35.79,2024.0
ZENOBE RENTAL 12 LIMITED,EVZEN1,Yes,Unproven DSR CMU,1.343,1.0,DSR,2024.0,35.79,2024.0
ZENOBE RENTAL 12 LIMITED,EVZEN2,Yes,Unproven DSR CMU,2.331,1.0,DSR,2024.0,35.79,2024.0
