nationalGridBmUnit,elexonBmUnit,Ref ID,fuelType,leadPartyName,bmUnitType,fpnFlag,bmUnitName,leadPartyId,demandCapacity,generationCapacity,productionOrConsumptionFlag,gspGroupName,interconnectorId
ABERU-1,E_ABERDARE,-28,GAS,UK Power Reserve Limited,E,TRUE,Aberdare Power Station,UKPR,0,15.4,C,South Wales,
ABRBO-1,T_ABRBO-1,2505,WIND,Aberdeen Offshore Wind Farm,T,TRUE,ABRBO-1,ABERDEEN,-2,99,P,,
ABRTW-1,E_ABRTW-1,4337,WIND,Npower Commercial Gas Limited,E,TRUE,Auchrobert Wind Farm,NPOWER02,-10,36,C,South Scotland,
ACHRW-1,T_ACHRW-1,4331,WIND,Mobius Renewables Gen. (GB2,T,TRUE,AChruach Wind Farm,AIRGEN2,-2,42.6,P,,
AFTOW-1,T_AFTOW-1,4262,WIND,Afton Wind Farm Limited,T,TRUE,Afton Wind Farm,AFTON,-2,50,P,,
AG-ALIM01,2__ALIME000,,,Limejump Energy Limited,G,FALSE,2__ALIME000,ANGEL,0,40,C,Eastern GSP Group,
AG-BLIM01,2__BLIME000,,,Limejump Energy Limited,G,FALSE,2__BLIME000,ANGEL,0,50,C,East Midlands,
AG-ELIM01,2__ELIME000,,,Limejump Energy Limited,G,FALSE,2__ELIME000,ANGEL,0,26,C,Midlands,
AIRSW-1,E_AIRSW-1,4462,WIND,ENGIE Power Limited,E,TRUE,Airies,RWETDL,0,38,C,South Scotland,
AKGLW-2,T_AKGLW-2,4332,WIND,Aikengall 2 CWCL,T,TRUE,AIKENGALL II,AIK2CWCL,-1,63.84,P,,
AKGLW-3,T_AKGLW-3,4591,WIND,AIK2A Sustainable Energy Ltd,T,TRUE,AIKENGALL2A-W,AIK3CWCL,-1,163.4,P,,
ALCOA-1,E_ALCOA-1,,,Conrad Energy (Trading) Ltd,E,TRUE,Alcoa,CONRAD,-1.1,40.5,C,South Wales,
ANSUW-1,T_ANSUW-1,3298,WIND,Statkraft Markets Gmbh,T,TRUE,An Suidhe 1,STATKRA1,-20,19.36,P,,
ARBRB-1,E_ARBRB-1,7163,BESS,Octopus Energy Trading Limited,E,TRUE,Arbroath Battery Storage,COPPER,-35.964,34.511,C,North Scotland,
ARCHW-1,T_ARCHW-1,3258,WIND,SP Renewables (UK) Limited,T,TRUE,Arecleoch,SPCRE01,-3,114,P,,
ARNKB-1,E_ARNKB-1,8160,BESS,Octopus Energy Trading Limited,E,TRUE,AR0006-BLOX,COPPER,-41.62,41.66,P,Midlands,
ARNKB-2,E_ARNKB-2,20396,BESS,Flexitricity Limited,E,TRUE,Hutton Battery Storage,FLEXTRCY,-9.391,49,C,Eastern,
ASHWW-1,E_ASHWW-1,4110,WIND,Statkraft Markets Gmbh,E,TRUE,Andershaw Wind Farm,STATKRA1,-1,35,P,South Scotland,
ASLVW-1,E_ASLVW-1,4645,WIND,Npower Commercial Gas Limited,E,TRUE,Assel Valley Wind Farm,NPOWER02,-6,26,C,South Scotland,
BABAW-1,E_BABAW-1,4021,WIND,Statkraft Markets Gmbh,E,TRUE,Baillie Wind Farm,STATKRA1,-1,52.5,P,North Scotland,
BAGE-1,T_BAGE-1,-29,CCGT,Baglan Operations Ltd,T,TRUE,BAGE-1,BAGLAN,-12,500,P,,
BAGE-2,T_BAGE-2,-29,CCGT,Baglan Operations Ltd,T,TRUE,BAGE-2,BAGLAN,-8,32,P,,
BARNB-1,E_BARNB-1,8392,BESS,EDF Energy Customers Limited,E,TRUE,Hunningley Stairfoot BESS,LENCO,-44,44,C,Yorkshire,
BDCHW-1,T_BDCHW-1,4646,WIND,RWE Generation UK plc,T,TRUE,Bad a Cheo Wind Farm,INNOGY01,-1,270,P,,
BEATO-1,T_BEATO-1,2521,WIND,Beatrice Offshore Windfarm Ltd,T,TRUE,Beatrice Offshore WF 1,BOWL001,-4,184,P,,
BEATO-2,T_BEATO-2,2521,WIND,Beatrice Offshore Windfarm Ltd,T,TRUE,Beatrice Offshore WF 2,BOWL001,-3.8,166,P,,
BEATO-3,T_BEATO-3,2521,WIND,Beatrice Offshore Windfarm Ltd,T,TRUE,Beatrice Offshore WF 3,BOWL001,-3.458,166,P,,
BEATO-4,T_BEATO-4,2521,WIND,Beatrice Offshore Windfarm Ltd,T,TRUE,Beatrice Offshore WF 4,BOWL001,-4.8,165.526,P,,
BEINW-1,T_BEINW-1,3619,WIND,Beinneun Wind Farm Ltd,T,TRUE,Beinneun Wind farm,BWF2016,-0.8,108.8,P,,
BENBW-1,T_BENBW-1,3503,WIND,Benbrack Wind Farm Limited,T,TRUE,Benbrack WF,BENBW1,-2.46,67,P,,
BERKB-1,E_BERKB-1,10796,BESS,EDF Energy Customers Limited,E,TRUE,Berkeley BESS,LENCO,-52,52,C,Midlands,
BERKB-2,E_BERKB-2,10796,BESS,EDF Energy Customers Limited,E,TRUE,Berkeley BESS,LENCO,-52,52,C,Midlands,
BETHW-1,E_BETHW-1,4669,WIND,SP Renewables (UK) Limited,E,TRUE,BETHW-1,SPCRE01,-5.7,29.75,P,North Scotland,
BHLAW-1,T_BHLAW-1,4640,WIND,SSE Generation Ltd,T,TRUE,Bhlaraidh Windfarm 1,SSEGEN,-2,108,P,,
BHOLB-1,E_BHOLB-1,7688,BESS,Tesla Motors Limited,E,TRUE,Holes Bay Battery,TESLA,-7.426,7.12,P,Southern,
BLARW-1,E_BLARW-1,4605,WIND,Erova Energy Limited,E,TRUE,E_BLARW-1,EROVAIRL,0,35,C,North Scotland,
BLHLB-1,T_BLHLB-1,9723,BESS,ZENOBE BLACKHILLOCK LIMITED,T,TRUE,T_BLHLB-1,ZENOBE4,-51.04,50,C,,
BLHLB-2,T_BLHLB-2,9723,BESS,ZENOBE BLACKHILLOCK LIMITED,T,TRUE,T_BLHLB-2,ZENOBE4,-51.04,50.42,C,,
BLHLB-3,T_BLHLB-3,9723,BESS,ZENOBE BLACKHILLOCK LIMITED,T,TRUE,T_BLHLB-3,ZENOBE4,-54,54,C,,
BLHLB-4,T_BLHLB-4,9723,BESS,ZENOBE BLACKHILLOCK LIMITED,T,TRUE,T_BLHLB-4,ZENOBE4,-54.82,54.42,C,,
BLKPB-1,E_BLKPB-1,8809,BESS,Conrad Energy (Trading) Ltd,E,TRUE,Blackpool,CONRAD,-25.604,25.3,C,North Western,
BLKWW-1,T_BLKWW-1,4032,WIND,Blackcraig Wind Farm Limited,T,TRUE,Blackcraig Windfarm,BLK2017,-0.8,56.216,P,,
BLLA-1,T_BLLA-1,3116,WIND,SP Renewables (UK) Limited,T,TRUE,T_BLLA-1,SPCRE01,-3,118,P,,
BLLA-2,T_BLLA-2,4253,WIND,SP Renewables (UK) Limited,T,TRUE,Black Law Windfarm Extension,SPCRE01,-2.5,69,P,,
BLPFB-1,T_BLPFB-1,8027,BESS,EDF Energy Customers Limited,T,TRUE,Bulphan Fen Warley Green BESS,LENCO,-52,56.606,P,,
BLPFS-1,T_BLPFS-1,8026,SOLAR,EDF Energy Customers Limited,T,TRUE,Bulphan Fen Warley Green Solar,LENCO,0,46.561,P,,
BLWNB-1,T_BLWNB-1,19288,BESS,Statkraft Markets Gmbh,T,TRUE,Thornton Battery,STATKRA1,-200,200,C,,
BNWKW-1,E_BNWKW-1,4122,WIND,Eneco Energy Trade,E,TRUE,Burn of Whilk Windfarm,ENECOUK,-0.1,22.5,P,North Scotland,
BOWLW-1,T_BOWLW-1,2546,WIND,Barrow Offshore Wind Limited,T,TRUE,Barrow Offshore Wind,DONG009,-2,90,P,,
BRBEO-1,T_BRBEO-1,2539,WIND,Burbo Extension Limited,T,TRUE,BURBO_EXTENSION,DONG010,-5,257.7,P,,
BRCHS-1,T_BRCHS-1,7630,SOLAR,Burwell 11 Solar Ltd,T,TRUE,T_BRCHS-1,BREACHS1,-1.612,50,C,,
BRDUW-1,E_BRDUW-1,3119,WIND,Erova Energy Limited,E,TRUE,Braes of Doune,EROVAIRL,-1,74,C,North Scotland,
BREDB-1,T_BREDB-1,9653,BESS,Pivoted Power LLP,T,TRUE,BREDBURY BESS,PIVOT,-57,49.9,C,,
BRETB-1,E_BRETB-1,8249,BESS,EDF Energy Customers Limited,E,TRUE,Brentwood BESS,LENCO,-52,52,C,Eastern,
BRETB-2,E_BRETB-2,8249,BESS,EDF Energy Customers Limited,E,TRUE,Brentwood BESS,LENCO,-52,52,C,Eastern,
BRGG-1,E_BRGG-1,-30,CCGT,CBS ENERGY STORAGE ASSETS LTD,E,TRUE,Glanford Brigg,REGPOWER,-5,50,C,Yorkshire,
BRIDU-1,E_BRIDGWTR,-31,BIOMASS,UK Power Reserve Limited,E,TRUE,Bridgwater Power Station,UKPR,0,10.18,C,South Western,
BRNLW-1,E_BRNLW-1,4348,WIND,ENGIE Power Limited,E,TRUE,Brownieleys,RWETDL,-0.08,7.5,C,North Scotland,
BROAB-1,E_BROAB-1,20328,BESS,Tesla Motors Limited,E,TRUE,Broadditch Battery,TESLA,-11,11,P,South Eastern,
BROCW-1,T_BROCW-1,6708,WIND,Smartestenergy Limited,T,TRUE,Broken Cross WF,SMARTEST,-1,48,C,,
BROFB-1,E_BROFB-1,-32,BESS,EDF Energy Customers Limited,E,TRUE,Brook Farm BESS,LENCO,-52.803,52,C,Eastern,
BROXB-1,E_BROXB-1,6910,BESS,ENGIE Power Limited,E,TRUE,Broxburn Battery,RWETDL,-50,50,P,South Scotland,
BRYBW-1,E_BRYBW-1,10267,WIND,Statkraft Markets Gmbh,E,TRUE,Berry Burn Wind Farm,STATKRA1,0,62.708,P,North Scotland,
BSPHM-1,E_BSPHM-1,-79,OCGT,Conrad Energy (Trading) Ltd,E,TRUE,Bispham,CONRAD,0,20,C,North Western,
BTNHL-1,E_BTNHL-1,9046,BESS,Conrad Energy (Trading) Ltd,E,FALSE,Barton Hill,CONRAD,-1,20.92,C,South Western,
BTUIW-2,E_BTUIW-2,4525,WIND,SP Renewables (UK) Limited,E,TRUE,Beinn An Tuirc 2,SPCRE01,-2.334,43.7,P,North Scotland,
BTUIW-3,E_BTUIW-3,3387,WIND,SP Renewables (UK) Limited,E,TRUE,Beinn an Tuirc III Windfarm,SPCRE01,-1,52,P,North Scotland,
BURBW-1,E_BURBO,2487,WIND,Orsted Burbo (UK) Limited,E,TRUE,Burbo Offshore Wind,DONG001,-2,90,P,Merseyside North Wales,
BURGH-1,E_BURGH-1,-33,CCGT,SSEPG (Operations) Ltd,E,TRUE,Burghfield Power Station,SSEPGO,-1,48,P,Southern,
BURWB-1,E_BURWB-1,9292,BESS,Arenko Cleantech Limited,E,TRUE,Burwell Weirs Drove BESS,AG,-50.861,50.533,C,Eastern,
BURWB-2,E_BURWB-2,15994,BESS,EDF Energy Customers Limited,E,TRUE,Burwell 1,LENCO,-52,52,C,Eastern,
BURWB-3,E_BURWB-3,15994,BESS,EDF Energy Customers Limited,E,TRUE,Burwell 2,LENCO,-30,30,C,Eastern,
BURWS-1,T_BURWS-1,,OTHER,EDF Energy Customers Limited,T,TRUE,Beechgreen Energy Farm,LENCO,-2,49.952,C,,
BUSTB-1,T_BUSTB-1,7907,BESS,Pivoted Power LLP,T,TRUE,Pivot Power Bustleholme,PIVOT,-57,52.237,C,,
CAPNB-1,T_CAPNB-1,9377,BESS,HD888CAP Ltd,T,TRUE,Capenhurst,CESCAP01,-58.007,57,P,,
CARR-1,T_CARR-1,-1,CCGT,Carrington Power Ltd,T,TRUE,Carrington Power Ltd - Unit 1,CARRINGT,-10,470,P,,
CARR-2,T_CARR-2,-1,CCGT,Carrington Power Ltd,T,TRUE,Carrington Power Ltd - Unit 2,CARRINGT,-11.4,470,P,,
CAS-BEU01,M_CAS-BEU01,-77,HYDRO,SSE Generation Ltd,T,TRUE,Beauly Cascade,SSEGEN,0,93.514,P,,
CAS-CLU01,M_CAS-CLU01,10995,HYDRO,SSE Generation Ltd,T,TRUE,Clunie Cascade,SSEGEN,-0.04,76.2,P,,
CAS-CON01,M_CAS-CON01,6757,HYDRO,SSE Generation Ltd,T,TRUE,Conon Cascade,SSEGEN,-1.846,95.226,P,,
CAS-GAR01,M_CAS-GAR01,10995,HYDRO,SSE Generation Ltd,T,TRUE,Garry Cascade,SSEGEN,-17.27,40,P,,
CAS-KIL01,M_CAS-KIL01,-78,HYDRO,SSE Generation Ltd,T,TRUE,Killin Cascade,SSEGEN,0,70,P,,
CAS-MOR01,M_CAS-MOR01,387,HYDRO,SSE Generation Ltd,T,TRUE,Moriston Cascade,SSEGEN,0,74,P,,
CASKD-1,T_CASKD-1,-75,GAS,INOVYN Energy Limited,T,TRUE,Castner Kellner,IMPX,-240,70,P,,
CATHB-1,E_CATHB-1,9013,BESS,ENGIE Power Limited,E,TRUE,CathkinBattery,RWETDL,-49.9,49.9,P,South Scotland,
CDCL-1,T_CDCL-1,-5,CCGT,Uniper UK Limited,T,TRUE,T_CDCL-1,EECL,-12,445,P,,
CGTHW-1,T_CGTHW-1,4664,WIND,Corriegarth Wind Energy LTD,T,TRUE,Corriegarth WF,CRGTHW,-0.432,69,P,,
CHAPB-1,E_CHAPB-1,7058,BESS,Tesla Motors Limited,E,TRUE,Chapel Farm BESS,TESLA,-50.21,50.169,P,Eastern,
CHICK-1,E_CHICK-1,-34,GAS,SSEPG (Operations) Ltd,E,TRUE,Chickerell Power Station,SSEPGO,-1,48,P,Southern,
CHTRY-1,E_CHTRY-1,-74,GAS,Conrad Energy (Trading) Ltd,E,TRUE,Chatterley,CONRAD,0,20,C,Midlands,
CLAC-1,E_CLAC-1,-75,HYDRO,SSE Generation Ltd,E,TRUE,Clachan G1,SSEGEN,-0.226,43.38,P,North Scotland,
CLAYB-1,E_CLAYB-1,11720,BESS,Tesla Motors Limited,E,TRUE,ClayTye Farm 1 Battery Storage,TESLA,-49.5,49.5,P,Eastern,
CLAYB-2,E_CLAYB-2,11721,BESS,Tesla Motors Limited,E,TRUE,ClayTye Farm 2 Battery Storage,TESLA,-49.5,49.5,P,Eastern,
CLDCW-1,T_CLDCW-1,4011,WIND,Clyde Windfarm (Scotland) Ltd,T,TRUE,Clyde Central,CWSL,-5,200,P,,
CLDNW-1,T_CLDNW-1,4011,WIND,Clyde Windfarm (Scotland) Ltd,T,TRUE,Clyde North,CWSL,-5,200,P,,
CLDRW-1,E_CLDRW-1,4178,WIND,Vattenfall Energy Trading,E,TRUE,CLDRW-1,VTS,-0.3,39,C,North Scotland,
CLDSW-1,T_CLDSW-1,4178,WIND,Clyde Windfarm (Scotland) Ltd,T,TRUE,Clyde South,CWSL,-5,150,P,,
CLFLW-1,E_CLFLW-1,3448,WIND,SP Renewables (UK) Limited,E,TRUE,Clachan Flats,SPCRE01,-2,15,P,North Scotland,
CLVHS-1,T_CLVHS-1,6502,SOLAR,Cleve Hill Solar Park,T,TRUE,Cleve Hill Solar 1,CHSP2024,-0.92,112,P,,
CLVHS-2,T_CLVHS-2,6502,SOLAR,Cleve Hill Solar Park,T,TRUE,Cleve Hill Solar 2,CHSP2024,-2,205,P,,
CMSTW-2,E_CMSTW-2,4351,WIND,Edgware Energy Limited,E,TRUE,Camster II,EDGWARE,-0.34,36,C,North Scotland,
CNCLW-1,E_CNCLW-1,3846,WIND,Statkraft Markets Gmbh,E,TRUE,Coire Na Cloiche WF,STATKRA1,0,30.52,P,North Scotland,
CNQPS-1,T_CNQPS-1,-2,CCGT,Uniper UK Limited,T,TRUE,T_CNQPS-1,EECL,-20,351.162,P,,
CNQPS-2,T_CNQPS-2,-2,CCGT,Uniper UK Limited,T,TRUE,T_CNQPS-2,EECL,-20,352,P,,
CNQPS-3,T_CNQPS-3,-2,CCGT,Uniper UK Limited,T,TRUE,T_CNQPS-3,EECL,-20,352,P,,
CNQPS-4,T_CNQPS-4,-2,CCGT,Uniper UK Limited,T,TRUE,T_CNQPS-4,EECL,-20,352,P,,
COALB-1,T_COALB-1,11034,BESS,Alcemi Storage Developments 4,T,TRUE,COALBURN1 BMU-1,COALBUR1,-100,100,P,,
COALB-2,T_COALB-2,11034,BESS,Alcemi Storage Developments 4,T,TRUE,COALBURN1 BMU-2,COALBUR1,-100,100,P,,
COALB-3,T_COALB-3,11034,BESS,Alcemi Storage Developments 4,T,TRUE,COALBURN1 BMU-3,COALBUR1,-100,100,P,,
COALB-4,T_COALB-4,11034,BESS,Alcemi Storage Developments 4,T,TRUE,COALBURN1 BMU-4,COALBUR1,-100,100,P,,
COALB-5,T_COALB-5,11034,BESS,Alcemi Storage Developments 4,T,TRUE,COALBURN1 BMU-5,COALBUR1,-100,100,P,,
CONTB-1,E_CONTB-1,-35,BESS,Tesla Motors Limited,E,TRUE,Contego Battery,TESLA,-34.445,35.8,P,South Eastern,
CORB-1,E_CORB-1,-3,GAS,EP UK INVESTMENTS LIMITED,E,TRUE,CORBY POWER LIMITED,EPUKI,-0.1,240,P,East Midlands,
COSO-1,T_COSO-1,-4,GAS,Coryton Energy Company Ltd,T,TRUE,Coryton Power Station,CECL,-152.986,856.186,P,,
COUWW-1,T_COUWW-1,3772,WIND,Cour Wind farm (Scotland) Ltd,T,TRUE,Cour Wind Farm,CWF2016,-1,20.5,P,,
COVNB-1,T_COVNB-1,7885,BESS,Pivoted Power LLP,T,TRUE,Pivot Power Coventry,PIVOT,-58.257,50.449,C,,
COWB-1,T_COWB-1,7571,COWLEY,Pivoted Power LLP,T,TRUE,Cowley,PIVOT,-50.107,50.431,C,,
COWE1,E_COWE1,-36,GAS,RWE Generation UK plc,E,TRUE,Cowes Main Unit 1,INNOGY01,-2,70,P,Southern,
COWE2,E_COWE2,-36,GAS,RWE Generation UK plc,E,TRUE,Cowes Main Unit 2,INNOGY01,-2,70,P,Southern,
COYLB-1,T_COYLB-1,8527,BESS,Statkraft Markets Gmbh,T,TRUE,Coylton  Greener Grid  Park,STATKRA1,-50,50,C,,
CRDEW-1,T_CRDEW-1,4633,WIND,EDF Energy Customers Limited,T,TRUE,Crossdykes WF-1,LENCO,-2,24,C,,
CRDEW-2,T_CRDEW-2,4633,WIND,EDF Energy Customers Limited,T,TRUE,Crossdykes WF-2,LENCO,-2,24,C,,
CREAW-1,T_CREAW-1,4300,WIND,Creag Riabhach Wind Farm Ltd,T,TRUE,Creag Riabhach Wind Farm,CREAGWF1,-20.137,93,P,,
CRGHW-1,T_CRGHW-1,4619,WIND,Statkraft Markets Gmbh,T,TRUE,Carraig Gheal Wind Farm,STATKRA1,-0.2,46,P,,
CRGTW-1,E_CRGTW-1,4465,WIND,British Gas Trading Ltd,E,TRUE,Craig 2 Wind Farm,BRITGAS,-0.2,4.7,P,South Scotland,
CRMLW-1,T_CRMLW-1,3497,WIND,EDF Energy Customers Limited,T,TRUE,Corriemoillie,LENCO,0,48,C,,
CROYD-2,E_CROYD-2,-37,GAS,Whitetower Energy Limited,E,TRUE,Croydon PS,FDUN1,-6,50,P,South Eastern,
CRSSB-1,E_CRSSB-1,7155,BESS,Arenko Cleantech Limited,E,TRUE,Carnegie Road 1,AG,-20.63,20,P,Merseyside North Wales,
CRUA-1,T_CRUA-1,6841,PS,Drax Pumped Storage Limited,T,TRUE,T_CRUA-1,DPSL,-134,123,C,,
CRUA-2,T_CRUA-2,9227,PS,Drax Pumped Storage Limited,T,TRUE,T_CRUA-2,DPSL,-134,124.76,C,,
CRUA-3,T_CRUA-3,15543,PS,Drax Pumped Storage Limited,T,TRUE,T_CRUA-3,DPSL,-120,101.48,C,,
CRUA-4,T_CRUA-4,15543,PS,Drax Pumped Storage Limited,T,TRUE,T_CRUA-4,DPSL,-120,104,C,,
CRUAD-1,T_CRUAD-1,15543,PS,Drax Pumped Storage Limited,T,TRUE,T_CRUAD-1,DPSL,-10,1.244,C,,
CRYRW-2,T_CRYRW-2,3440,WIND,Eneco Energy Trade,T,TRUE,Crystal Rig II Windfarm,ENECOUK,-40.632,150.62,P,,
CRYRW-3,T_CRYRW-3,4215,WIND,Eneco Energy Trade,T,TRUE,Crystal Rig III,ENECOUK,-0.1,13.8,P,,
CRYRW-4,T_CRYRW-4,4631,WIND,Erova Energy Limited,T,TRUE,Crystal Rig IV Wind Farm,EROVAIRL,-21.601,48.2,P,,
CUMHW-1,T_CUMHW-1,5455,WIND,Uniper UK Limited,T,TRUE,Cumberhead wind energy limited,EECL,-2,52,C,,
CUMHW-2,T_CUMHW-2,15343,WIND,CUMBERHEAD WEST WIND FARM LTD,T,TRUE,T_CUMHW-2,CHWW2024,-5,126,P,,
CUPAB-1,E_CUPAB-1,16137,BESS,Octopus Energy Trading Limited,E,TRUE,Coupar Battery Storage,COPPER,-41.543,41.314,C,North Scotland,
CWMD-1,E_CWMD-1,4882,HYDRO,RWE Generation UK plc,E,FALSE,Cwm Dyli,INNOGY01,-1,9.9,P,Merseyside North Wales,
DALQW-1,T_DALQW-1,4189,WIND,Statkraft Markets Gmbh,T,TRUE,Dalquhandy  Wind Farm,STATKRA1,-0.5,42.846,P,,
DALSW-1,E_DALSW-1,4520,WIND,Mobius Renewables Gen. (GB),E,TRUE,Dalswinton Windfarm,AIRGEN,-0.14,30,C,South Scotland,
DAMC-1,T_DAMC-1,-6,CCGT,VPI Power Limited,T,TRUE,Damhead Creek Ltd.,SPGEN01,-12,820,P,,
DBAWO-1,T_DBAWO-1,2541,WIND,Doggerbank OWF Project 1,T,TRUE,Dogger Bank A Offshore WF 1,DBNKOWF1,-1.32,302.4,P,,
DBAWO-2,T_DBAWO-2,2541,WIND,Doggerbank OWF Project 1,T,TRUE,Dogger Bank A Offshore WF 2,DBNKOWF1,-1.35,304,P,,
DBAWO-3,T_DBAWO-3,2541,WIND,Doggerbank OWF Project 1,T,TRUE,Dogger Bank A Offshore WF 3,DBNKOWF1,-1.79,302.8,P,,
DBAWO-4,T_DBAWO-4,2541,WIND,Doggerbank OWF Project 1,T,TRUE,Dogger Bank A Offshore WF 4,DBNKOWF1,-1,152.6,P,,
DBAWO-5,T_DBAWO-5,2541,WIND,Doggerbank OWF Project 1,T,TRUE,Dogger Bank A Offshore WF 5,DBNKOWF1,-1,138.2,P,,
DBBWO-1,T_DBBWO-1,2541,WIND,Doggerbank OWF Project 2,T,TRUE,Dogger Bank B Offshore WF 1,DBNKOWF2,-10.6,302.4,P,,
DBBWO-2,T_DBBWO-2,2541,WIND,Doggerbank OWF Project 2,T,TRUE,Dogger Bank B Offshore WF 2,DBNKOWF2,-10.7,304.4,P,,
DBBWO-3,T_DBBWO-3,2541,WIND,Doggerbank OWF Project 2,T,TRUE,Dogger Bank B Offshore WF 3,DBNKOWF2,-10.6,302.3,P,,
DBBWO-4,T_DBBWO-4,2541,WIND,Doggerbank OWF Project 2,T,TRUE,Dogger Bank B Offshore WF 4,DBNKOWF2,-5.3,152.2,P,,
DBBWO-5,T_DBBWO-5,2541,WIND,Doggerbank OWF Project 2,T,TRUE,Dogger Bank B Offshore WF 5,DBNKOWF2,-4.9,138.7,P,,
DBFRM-1,E_DBFRM-1,7616,SOLAR,Conrad Energy (Trading) Ltd,E,TRUE,Down Barn Farm,CONRAD,-1,20,C,Southern,
DDGNO-1,T_DDGNO-1,7692,WIND,Dudgeon Offshore Wind Ltd,T,TRUE,Dudgeon Generator BMU 1,DUDGEON,-1.818,108,P,,
DDGNO-2,T_DDGNO-2,7692,WIND,Dudgeon Offshore Wind Ltd,T,TRUE,Dudgeon Generator BMU 2,DUDGEON,-1.32,90,P,,
DDGNO-3,T_DDGNO-3,7692,WIND,Dudgeon Offshore Wind Ltd,T,TRUE,Dudgeon Generator BMU 3,DUDGEON,-1.816,102,P,,
DDGNO-4,T_DDGNO-4,7692,WIND,Dudgeon Offshore Wind Ltd,T,TRUE,Dudgeon Generator BMU 4,DUDGEON,-1.4,102,P,,
DERBY-2,E_DERBY-1,-81,OCGT,Whitetower Energy Limited,E,TRUE,DERBY,FDUN1,-6,56.084,P,East Midlands,
DERW-1,E_DERW-1,-38,CCGT,UK Power Reserve Limited,E,TRUE,Derwent Cogeneration Ltd,UKPR,-3,218,P,East Midlands,
DIDC01G,E_DIDC1G,-7,OCGT,RWE Generation UK plc,E,TRUE,Didcot OCGT Unit 1,INNOGY01,0,25,P,Southern,
DIDC02G,E_DIDC2G,-7,OCGT,RWE Generation UK plc,E,TRUE,Didcot OCGT Unit 2,INNOGY01,0,25,P,Southern,
DIDC03G,E_DIDC3G,-7,OCGT,RWE Generation UK plc,E,TRUE,Didcot OCGT Unit 3,INNOGY01,0,25,P,Southern,
DIDC04G,E_DIDC4G,-7,OCGT,RWE Generation UK plc,E,TRUE,Didcot OCGT Unit 4,INNOGY01,0,25,P,Southern,
DIDCB5,T_DIDCB5,-7,CCGT,RWE Generation UK plc,T,TRUE,Didcot B main unit 5,INNOGY01,-10,770,P,,
DIDCB6,T_DIDCB6,-7,CCGT,RWE Generation UK plc,T,TRUE,Didcot B main unit 6,INNOGY01,-10,720,P,,
DINO-1,T_DINO-1,6839,PS,First Hydro Company,T,TRUE,Dinorwig 1,FSTHYDRO,-303.2,320,P,,
DINO-2,T_DINO-2,6839,PS,First Hydro Company,T,TRUE,Dinorwig 2,FSTHYDRO,-294,320,P,,
DINO-3,T_DINO-3,6839,PS,First Hydro Company,T,TRUE,Dinorwig 3,FSTHYDRO,-302.2,320,P,,
DINO-4,T_DINO-4,6839,PS,First Hydro Company,T,TRUE,Dinorwig 4,FSTHYDRO,-294,320,P,,
DINO-5,T_DINO-5,6839,PS,First Hydro Company,T,TRUE,Dinorwig 5,FSTHYDRO,-299,320,P,,
DINO-6,T_DINO-6,6839,PS,First Hydro Company,T,TRUE,Dinorwig 6,FSTHYDRO,-294,320,P,,
DNLWW-1,T_DNLWW-1,3579,WIND,SP Renewables (UK) Limited,T,TRUE,Dunlaw Extension,SPCRE01,-2,29.75,P,,
DOLLB-1,E_DOLLB-1,7088,BESS,Dollymans Storage Limited,E,TRUE,Dollymans Storage,DLMS,-100.82,102,P,Eastern,
DOREW-1,T_DOREW-1,4244,WIND,Dorenell Windfarm Limited,T,TRUE,Dorenell Wind Farm One,DORWIND,-3.3,156.92,P,,
DOREW-2,T_DOREW-2,5051,WIND,Dorenell Windfarm Limited,T,TRUE,Dorenell Wind Farm Two,DORWIND,-3.3,156.92,P,,
DOUGW-1,T_DOUGW-1,5393,WIND,Erova Energy Limited,T,TRUE,T-DOUGW-1,EROVAIRL,-0.532,45,P,,
DOWL-1,E_DOWL-1,17065,GAS,Conrad Energy (Trading) Ltd,E,FALSE,Dowlais II,CONRAD,-1,21.02,C,South Wales,
DRAXD-1,E__MDRX001,,,Drax Power Ltd,E,TRUE,E__MDRX001,DRAX,-133.862,49,P,Yorkshire,
DRAXX-1,T_DRAXX-1,174,BIOMASS,Drax Power Ltd,T,TRUE,T_DRAXX-1,DRAX,0,665.248,P,,
DRAXX-10G,T_DRAXX-10G,174,OCGT,Drax Power Ltd,T,TRUE,T_DRAXX-10G,DRAX,0,33.152,P,,
DRAXX-12G,T_DRAXX-12G,174,OCGT,Drax Power Ltd,T,TRUE,T_DRAXX-12G,DRAX,0,32,P,,
DRAXX-2,T_DRAXX-2,174,BIOMASS,Drax Power Ltd,T,TRUE,T_DRAXX-2,DRAX,-25.26,669.4,P,,
DRAXX-3,T_DRAXX-3,174,BIOMASS,Drax Power Ltd,T,TRUE,T_DRAXX-3,DRAX,-32.241,661.4,P,,
DRAXX-4,T_DRAXX-4,174,BIOMASS,Drax Power Ltd,T,TRUE,T_DRAXX-4,DRAX,-32.48,645,P,,
DRAXX-9G,T_DRAXX-9G,174,OCGT,Drax Power Ltd,T,TRUE,T_DRAXX-9G,DRAX,-1.04,32.454,P,,
DRSLW-1,T_DRSLW-1,4269,WIND,SP Renewables (UK) Limited,T,TRUE,Dersalloch Windfarm,SPCRE01,-2.5,70.9,P,,
DUNGW-1,T_DUNGW-1,4118,WIND,Dunmaglass Wind Farm Limited,T,TRUE,Dunmglass Windfarm 1,DNMG,-2,100,P,,
DWEXW-1,T_DWEXW-1,6826,WIND,Douglas West Extension Ltd,T,TRUE,Douglas West Extension,DWEL,-16.365,63.608,P,,
EAAO-1,T_EAAO-1,2524,WIND,East Anglia One Limited,T,TRUE,East Anglia One Offshore 1,EAOWIND,-6.6,358,P,,
EAAO-2,T_EAAO-2,5867,WIND,East Anglia One Limited,T,TRUE,East Anglia One Offshore 2,EAOWIND,-7.5,367,P,,
EAG-BRTN1,I_EAG-BRTN1,-40,INT,NESO,I,TRUE,BritNed NG Gen Account,NGC,0,1000,P,,BRITNED
EAG-ELEC1,I_EAG-ELEC1,-41,INT,NESO,I,TRUE,Eleclink NGC Gen Account,NGC,0,1025,P,,ELECLINK
EAG-EWIC1,I_EAG-EWIC1,-42,INT,NESO,I,TRUE,EWIC NG Gen Account,NGC,0,500,P,,EWIC
EAG-FRAN1,I_EAG-FRAN1,-43,INT,NESO,I,TRUE,EAG-FRAN1,NGC,0,619.82,P,,FRANCE
EAG-GRN1,I_EAG-GRN1,-44,INT,NESO,I,TRUE,I_EAG-GRN1,NGC,0,1450,P,,GREENLINK
EAG-IFA2,I_EAG-IFA2,-45,INT,NESO,I,TRUE,IFA2 NGESO Gen Account,NGC,0,1100,P,,IFA2
EAG-MOYL1,I_EAG-MOYL1,-46,INT,NESO,I,TRUE,Moyle Interconnector P,NGC,0,500,P,,MOYLE
EAG-NEMO1,I_EAG-NEMO1,-47,INT,NESO,I,TRUE,NEMO NG Gen Account,NGC,0,1046,P,,NEMOLINK
EAG-NSL1,I_EAG-NSL1,-48,INT,NESO,I,TRUE,NSL1 NGESO Gen Account,NGC,0,1400,P,,NSL
EAG-VKL1,I_EAG-VKL1,-49,INT,NESO,I,TRUE,Viking Link  NGESO Gen Account,NGC,0,1400,P,,VIKINGLINK
EAS-AXPO1,2__AAXPO000,,,AXPO UK LIMITED,G,FALSE,2__AAXPO000,EGLUK,-16,100,C,Eastern,
EAS-BGS01,2__ABGAS000,,,British Gas Trading Ltd,G,TRUE,2__ABGAS000,BRITGAS,-3.034,5.428,C,Eastern,
EAS-ENR01,2__AENRD000,,,British Gas Trading Ltd,G,TRUE,2__AENRD000,BRITGAS,-204.952,40,C,Eastern,
EAS-EON01,2__AEOND000,,,E.ON Next Energy Ltd,G,TRUE,2__AEOND000,NITTWO01,-538,2,C,Eastern,
EAS-GDF01,2__ARWED000,,,ENGIE Power Limited,G,TRUE,2__ARWED000,RWETDL,-100,104,C,Eastern,
EAS-HVN01,2__AHAVE000,,,Drax Energy Solutions Limited,G,TRUE,2__AHAVE000,HAVEN,0,38.28,C,Eastern,
EAS-NPE01,2__ANATP000,,,Npower Commercial Gas Limited,G,TRUE,NPEC Eastern Area NATP,NPOWER02,-238,82,C,Eastern,
EAS-OCT01,2__AMRCY000,,,Octopus Energy Limited,G,TRUE,2__AMRCY000,MERCURY,-907.173,959.56,C,Eastern,
EAS-TFE01,2__ATGPL000,,,TotalEnergies Gas & Power Ltd,G,TRUE,2__ATGPL000,TFEGP,-304.203,240.735,C,Eastern,
EDINW-1,T_EDINW-1,4674,WIND,Vattenfall Wind Power Ltd,T,TRUE,Edinbane Windfarm,VWPL,-0.34,41.4,P,,
EECL-1,T_EECL-1,-8,CCGT,Uniper UK Limited,T,TRUE,Enfield Energy Centre Ltd BMU1,EECL,-14.171,444,P,,
ELVAD-1,T_ELVAD-1,,,EDF Energy Customers Limited,T,TRUE,T_ELVAD-1,LENCO,-12,2,C,,
EMD-AXPO1,2__BAXPO000,,,AXPO UK LIMITED,G,FALSE,2__BAXPO000,EGLUK,-18,13,C,East Midlands,
EMD-BGS01,2__BBGAS000,,,British Gas Trading Ltd,G,TRUE,2__BBGAS000,BRITGAS,-2.546,4.84,C,East Midlands,
EMD-ENR01,2__BENRD000,,,British Gas Trading Ltd,G,TRUE,2__BENRD000,BRITGAS,-157.83,8,C,East Midlands,
EMD-EON01,2__BEOND000,,,E.ON Next Energy Ltd,G,TRUE,2__BEOND000,NITTWO01,-378,14,C,East Midlands,
EMD-GDF01,2__BRWED000,,,ENGIE Power Limited,G,TRUE,2__BRWED000,RWETDL,-130,10,C,East Midlands,
EMD-HVN01,2__BHAVE000,,,Drax Energy Solutions Limited,G,TRUE,2__BHAVE000,HAVEN,0,78.8,C,East Midlands,
EMD-LON01,2__BLOND000,,,EDF Energy Customers Limited,G,TRUE,LE Default BMUid EMEB,LENCO,-370,100,C,East Midlands,
EMD-NPE01,2__BNATP000,,,Npower Commercial Gas Limited,G,TRUE,NPEC East Mid Area NATP,NPOWER02,-182,44,C,East Midlands,
EMD-OCT01,2__BMRCY000,,,Octopus Energy Limited,G,TRUE,2__BMRCY000,MERCURY,-605.171,644.28,C,East Midlands,
EMD-TFE01,2__BTGPL000,,,TotalEnergies Gas & Power Ltd,G,TRUE,2__BTGPL000,TFEGP,-321.571,163.502,C,East Midlands,
ENDRB-1,T_ENDRB-1,7044,BESS,Flexitricity Limited,T,TRUE,Enderby BESS,FLEXTRCY,-57,57,P,,
ENHLW-1,T_ENHLW-1,3502,WIND,RWE Generation UK plc,T,TRUE,Enoch Hill Wind Farm,INNOGY01,0,70,P,,
ERRO-1,T_ERRO-1,10995,HYDRO,SSE Generation Ltd,T,TRUE,Errochty G1,SSEGEN,-0.068,25.3,P,,
ERRO-2,T_ERRO-2,10995,HYDRO,SSE Generation Ltd,T,TRUE,Errochty G2,SSEGEN,-0.1,25.26,P,,
ERRO-3,T_ERRO-3,10995,HYDRO,SSE Generation Ltd,T,TRUE,Errochty G3,SSEGEN,-0.02,25.66,P,,
EWHLW-1,T_EWHLW-1,3627,WIND,SP Renewables (UK) Limited,T,TRUE,Ewe Hill II Windfarm,SPCRE01,-2,38,P,,
EXETR-2,E_EXETR-2,-50,GAS,Whitetower Energy Limited,E,TRUE,Exeter,FDUN1,-6,50,P,South Western,
FAARW-1,T_FARR-1,4676,WIND,Smartestenergy Limited,T,TRUE,Farr Unit 1,SMARTEST,-14,92,C,,
FAARW-2,T_FARR-2,4676,WIND,Smartestenergy Limited,T,TRUE,Farr Unit 2,SMARTEST,-14,92,C,,
FALGW-1,T_FALGW-1,4059,WIND,Fallago Rig Wind Farm Limited,T,TRUE,Fallago Rig Wind Farm,FALLAGO,-2.5,144,P,,
FARNB-1,E_FARNB-1,-51,BESS,Tesla Motors Limited,E,TRUE,Farnham BESS,TESLA,-20,20,P,Southern,
FASN-1,T_FASN-1,390,HYDRO,SSE Generation Ltd,T,TRUE,Fasnakyle G1,SSEGEN,-0.02,23.04,P,,
FASN-4,E_FASN-4,390,HYDRO,SSE Generation Ltd,E,TRUE,Fasnakyle G4,SSEGEN,-0.2,8.32,P,North Scotland,
FASN2,T_FASN-2,390,HYDRO,SSE Generation Ltd,T,TRUE,Fasnakyle  G2,SSEGEN,-0.022,23.28,P,,
FASN3,E_FASN-3,390,HYDRO,SSE Generation Ltd,E,TRUE,Fasnakyle  G3,SSEGEN,-0.2,24.2,P,North Scotland,
FAWN-1,E_FAWN-1,,CCGT,ESSO Petroleum Company Ltd,E,TRUE,Fawley Cogen,EPCO1,0,155,P,Southern,
FDUNT-1,E_FDUN-1,,GAS,Whitetower Energy Limited,E,TRUE,Fort Dunlop,FDUN1,-1,99,C,Midlands,
FELL-1,E_FELL-1,,CCGT,NDA,E,TRUE,E_FELL-1,MAGNOX,-40,140,P,North Western,
FERRB-1,T_FERRB-1,10022,BESS,SSE BATTERY SALISBURY LIMITED,T,TRUE,Ferrybridge BESS BMU-1,SSEBATSL,-76.1,76,P,,
FERRB-2,T_FERRB-2,10022,BESS,SSE BATTERY SALISBURY LIMITED,T,TRUE,Ferrybridge BESS BMU-2,SSEBATSL,-75.94,76,P,,
FFES-1,T_FFES-1,6840,PS,First Hydro Company,T,TRUE,Ffestioniog 1,FSTHYDRO,-75,91.033,P,,
FFES-2,T_FFES-2,6840,PS,First Hydro Company,T,TRUE,Ffestioniog 2,FSTHYDRO,-75,91.875,P,,
FFES-3,T_FFES-3,6840,PS,First Hydro Company,T,TRUE,Ffestioniog 3,FSTHYDRO,-75,90.922,P,,
FFES-4,T_FFES-4,6840,PS,First Hydro Company,T,TRUE,Ffestioniog 4,FSTHYDRO,-75,90.92,P,,
FIDL-1,T_FIDL-1,18975,BESS,Keadby Generation Limited,T,TRUE,Fiddler's Ferry 1,KGL,-20,68,C,,
FIDL-2,T_FIDL-2,18975,BESS,Keadby Generation Limited,T,TRUE,Fiddler's Ferry 2,KGL,-20,20,C,,
FIDL-3,T_FIDL-3,18975,BESS,Keadby Generation Limited,T,TRUE,Fiddler's Ferry 3,KGL,-20,20,C,,
FIDLST1,T_FIDLST1,18975,BESS,Keadby Generation Limited,T,TRUE,Fiddler's Ferry ST1,KGL,-66,20,C,,
FINL-1,T_FINL-1,-52,HYDRO,SSE Generation Ltd,T,TRUE,Finlarig,SSEGEN,-0.1,85.794,P,,
FOYE-1,T_FOYE-1,403,PS,SSE Generation Ltd,T,TRUE,Foyers G1,SSEGEN,-156,160,P,,
FOYE-2,T_FOYE-2,403,PS,SSE Generation Ltd,T,TRUE,Foyers G2,SSEGEN,-157.3,160,P,,
FSDLW-1,T_FSDLW-1,3886,WIND,Freasdail Energy Limited,T,TRUE,Freasdail Wind Farm,FEL,-0.4,22.2,P,,
GAOFO-1,T_GANW-11,2526,WIND,Galloper Offshore WindFarm Ltd,T,TRUE,Galloper OSP 11,GALOWFL,-3,88,P,,
GAOFO-2,T_GANW-22,2526,WIND,Galloper Offshore WindFarm Ltd,T,TRUE,Galloper OSP 22,GALOWFL,-3,385.82,P,,
GAOFO-3,T_GANW-13,2526,WIND,Galloper Offshore WindFarm Ltd,T,TRUE,Galloper OSP 13,GALOWFL,-3,88,P,,
GAOFO-4,T_GANW-24,2526,WIND,Galloper Offshore WindFarm Ltd,T,TRUE,Galloper OSP 24,GALOWFL,-3,88,P,,
GDSTW-1,E_GDSTW-1,3666,WIND,Mobius Renewables Gen. (GB),E,TRUE,Gordonstown,AIRGEN,-0.088,13.289,C,North Scotland,
GFLDW-1,E_GFLDW-1,4373,WIND,Edgware Energy Limited,E,TRUE,Goole Fields Wind Farm,EDGWARE,-0.22,32.8,C,Yorkshire,
GLCHW-1,E_GLCHW-1,4638,WIND,ENGIE Power Limited,E,TRUE,Glenchamber,RWETDL,0,27.44,C,South Scotland,
GLNDO-1,T_GLNDO-1,388,HYDRO,SSE Generation Ltd,T,TRUE,Glendoe Generator 1,SSEGEN,-1.124,100,P,,
GLNKW-1,T_GLNKW-1,4371,WIND,EDF Energy Customers Limited,T,TRUE,GLEN KYLLACHY WINDFARM,LENCO,-2,52,C,,
GLOFW-1,E_GLOFW-1,3311,WIND,Glens of Foudland Ltd,E,TRUE,Glens of Foudland,GOFPOWER,-2,26.7,C,North Scotland,
GLWSW-1,T_GLWSW-1,4368,WIND,GALAWHISTLE WIND FARM,T,TRUE,Galawhistle Wind Farm,GALAWWF,-0.72,55.2,P,,
GNAPW-1,T_GNAPW-1,4593,WIND,SP Renewables (UK) Limited,T,TRUE,Glen App Windfarm,SPCRE01,-2,22,P,,
GNFSW-1,T_GNFSW-1,2490,WIND,Gunfleet Sands Limited,T,TRUE,Gunfleet Sands 1,DONG005,-2,108,P,,
GNFSW-2,T_GNFSW-2,2489,WIND,Gunfleet Sands II Limited,T,TRUE,Gunfleet Sands 2,DONG006,-4.383,64.48,P,,
GORDW-1,T_GORDW-1,3662,WIND,SSE Generation Ltd,T,TRUE,Gordon Bush,SSEGEN,-31.65,86.764,P,,
GORDW-2,T_GORDW-2,3435,WIND,SSE Generation Ltd,T,TRUE,Gordonbush WF Extension,SSEGEN,-0.6,58.733,P,,
GOSHS-1,E_GOSHS-1,,GAS,Conrad Energy (Trading) Ltd,E,TRUE,Goose House Lane,CONRAD,-1,20,C,North Western,
GRAI-6,T_GRAI-6,-9,CCGT,Uniper UK Limited,T,TRUE,T_GRAI-6,EECL,-14,468,P,,
GRAI-7,T_GRAI-7,-9,CCGT,Uniper UK Limited,T,TRUE,T_GRAI-7,EECL,-14,468,P,,
GRAI-8,T_GRAI-8,-9,CCGT,Uniper UK Limited,T,TRUE,T_GRAI-8,EECL,-14,468,P,,
GRAI1G,T_GRAI1G,-9,OCGT,Uniper UK Limited,T,TRUE,T_GRAI1G,EECL,0,30,P,,
GRAI4G,T_GRAI4G,-9,OCGT,Uniper UK Limited,T,TRUE,T_GRAI4G,EECL,0,28.77,P,,
GRCRB-1,E_GRCRB-1,-53,BESS,FIELD GERRARDS CROSS LTD,E,TRUE,Gerrards Cross BESS,FIELDGER,-20,20,P,Southern,
GRGBW-1,T_GRGBW-1,2510,WIND,Greater Gabbard Offshore Winds,T,TRUE,Greater Gabbard Module 1,GGOWL,-5,240,P,,
GRGBW-2,T_GRGBW-2,2510,WIND,Greater Gabbard Offshore Winds,T,TRUE,Greater Gabbard Module 2,GGOWL,-5,240,P,,
GRGBW-3,T_GRGBW-3,2510,WIND,Greater Gabbard Offshore Winds,T,TRUE,Greater Gabbard Module 3,GGOWL,-5,240,P,,
GRGRW-1,E_GRGRW-1,4213,WIND,Greengairs East Wind Farm Ltd,E,TRUE,Greengairs East WF-1,GEWF0422,-0.5,37.649,P,South Scotland,
GRIFW-1,T_GRIFW-1,4028,WIND,Griffin Wind Farm Ltd,T,TRUE,Griffin Wind Farm 1,GRWL,-3,102,P,,
GRIFW-2,T_GRIFW-2,4028,WIND,Griffin Wind Farm Ltd,T,TRUE,Griffin Wind Farm 2,GRWL,-3,104,P,,
GYAR-1,E_GYAR-1,-10,CCGT,RWE Generation UK plc,E,TRUE,Great Yarmouth Power Limited,INNOGY01,-18,402,P,Eastern,
GYMRO-15,T_GYMR-15,2543,WIND,Gwynt y Mor Offshore Wind Farm,T,TRUE,GyM OSPE 15,GYMOWL,-3,148,P,,
GYMRO-17,T_GYMR-17,2543,WIND,Gwynt y Mor Offshore Wind Farm,T,TRUE,GyM OSPE 17,GYMOWL,-3,148,P,,
GYMRO-26,T_GYMR-26,2543,WIND,Gwynt y Mor Offshore Wind Farm,T,TRUE,GyM OSPW 26,GYMOWL,-3,148,P,,
GYMRO-28,T_GYMR-28,2543,WIND,Gwynt y Mor Offshore Wind Farm,T,TRUE,GyM OSPW 28,GYMOWL,-3,148,P,,
HADHW-1,T_HADHW-1,3109,WIND,SSE Renewables Wind Farms,T,TRUE,Hadyard Hill Wind Farm,SSERWFL,-0.66,130,P,,
HAGHW-2,T_HAGHW-2,3220,WIND,HAGSHAW HILL REPOWERING LTD,T,TRUE,Hagshaw Repower 2,HAGHWF,-0.25,51.3,P,,
HAHAW-1,T_HAHAW-1,3301,WIND,HAGSHAW HILL REPOWERING LTD,T,TRUE,Hagshaw Repower 1,HAGHWF,-0.25,30.258,P,,
HALSW-1,T_HALSW-1,4636,WIND,SP Renewables (UK) Limited,T,TRUE,Halsary Windfarm,SPCRE01,-1,30,P,,
HAWKB-1,E_HAWKB-1,12293,BESS,Tesla Motors Limited,E,TRUE,HawkersHill  Battery,TESLA,-20,20,P,Southern,
HBHDW-1,E_HBHDW-1,4225,WIND,LDV Harburnhead Ltd,E,TRUE,HARBURNHEADWF,HARBURN1,-0.542,51.7,P,South Scotland,
HEYM11,T_HEYM11,-54,NUCLEAR,EDF Energy Nuclear Generation,T,TRUE,Heysham 1 Generator 1,BEGL001,-45,610,P,,
HEYM12,T_HEYM12,-54,NUCLEAR,EDF Energy Nuclear Generation,T,TRUE,Heysham 1 Generator 2,BEGL001,-47,585,P,,
HEYM27,T_HEYM27,-54,NUCLEAR,EDF Energy Nuclear Generation,T,TRUE,Heysham 2 Generator 7,BEGL001,-27.008,660,P,,
HEYM28,T_HEYM28,-54,NUCLEAR,EDF Energy Nuclear Generation,T,TRUE,Heysham 2 Generator 8,BEGL001,-41.776,676.152,P,,
HIRWN-1,T_HIRWN-1,120,OCGT,Hirwaun Power Limited,T,TRUE,Hirwaun 1,HPL,-16,299,P,,
HLGLW-1,E_HLGLW-1,4381,WIND,ENGIE Power Limited,E,TRUE,Hill of Glaschyle,RWETDL,-0.4,28,C,North Scotland,
HLTWW-1,E_HLTWW-1,4014,WIND,ScottishPower Energy Retail,E,TRUE,Hill of Towie,SPSUP01,-1,48,P,North Scotland,
HMGTO-1,T_HMGTO-1,2544,WIND,RWE Renewables UK Humber Wind,T,TRUE,Humber Offshore Wind Farm BMU1,HMBRWNDL,-6,108,P,,
HMGTO-2,T_HMGTO-2,2544,WIND,RWE Renewables UK Humber Wind,T,TRUE,Humber Offshore Wind Farm BMU2,HMBRWNDL,-6.2,111,P,,
HOWAO-1,T_HOWAO-1,2525,WIND,Hornsea 1 Limited,T,TRUE,HORNSEA_1A,DONG013,-6.22,400,P,,
HOWAO-2,T_HOWAO-2,2525,WIND,Hornsea 1 Limited,T,TRUE,HORNSEA_1B,DONG013,-7.26,400,P,,
HOWAO-3,T_HOWAO-3,2525,WIND,Hornsea 1 Limited,T,TRUE,HORNSEA_1C,DONG013,-7.3,400,P,,
HOWBO-1,T_HOWBO-1,2502,WIND,Breesea Limited,T,TRUE,HORNSEA_WF_2A,ORSTED01,-8.741,440,P,,
HOWBO-2,T_HOWBO-2,2502,WIND,Sonningmay Wind Limited,T,TRUE,HORNSEA_WF_2B,ORSTED02,-5.805,440,P,,
HOWBO-3,T_HOWBO-3,2502,WIND,Soundmark Wind Limited,T,TRUE,HORNSEA_WF_2C,ORSTED03,-5.346,440,P,,
HRHLW-1,E_HRHLW-1,2711,WIND,SP Renewables (UK) Limited,E,TRUE,Hare Hill Extension Windfarm,SPCRE01,-2,30,P,South Scotland,
HRSTB-1,T_HRSTB-1,7395,BESS,SP Renewables (UK) Limited,T,TRUE,T_HRSTB-1,SPCRE01,-52,52,C,,
HRSTW-1,T_HRSTW-1,4119,WIND,SP Renewables (UK) Limited,T,TRUE,Harestanes,SPCRE01,-51,142.3,P,,
HRTL-1,T_HRTL-1,-55,NUCLEAR,EDF Energy Nuclear Generation,T,TRUE,Hartlepool Generator 1,BEGL001,-51.072,620,P,,
HRTL-2,T_HRTL-2,-55,NUCLEAR,EDF Energy Nuclear Generation,T,TRUE,Hartlepool Generator 2,BEGL001,-47.928,620,P,,
HUMR-1,T_HUMR-1,-26,CCGT,VPI Immingham LLP,T,TRUE,HUMR-1,ICHPLLP,-30,1283,P,,
HUMR-2,T_HUMR-2,-26,RGAS,VPI Immingham Energy Park A,T,TRUE,HUMR-2,EPALTD,-8.36,50,P,,
HUMRD-1,T_HUMRD-1,-26,,VPI Immingham LLP,T,FALSE,HUMRD-1,ICHPLLP,-66.7,20,P,,
HUNB-7,T_HUNB-7,,NUCLEAR,EDF Energy Nuclear Generation,T,TRUE,Hunterston B Generator 7,BEGL001,0,510,P,,
HUNB-8,T_HUNB-8,,NUCLEAR,EDF Energy Nuclear Generation,T,TRUE,Hunterston B Generator 8,BEGL001,0,510,P,,
HYWDW-1,E_HYWDW-1,6884,WIND,HYWINDSC,E,TRUE,Hywind Generator BMU1,HYWINDSC,-0.803,30,P,North Scotland,
I2G-ALEU1,I_I2G-ALEU1,,,Alphataraxia Europium BV,I,TRUE,ATX_IFA2_GEN,ATX,0,1000,P,,IFA2
I2G-ALIP1,I_I2G-ALIP1,,,Energetick ApS,I,TRUE,Flow into UK,ALPSNRG,0,1000,P,,IFA2
I2G-ALPE1,I_I2G-ALPE1,,,Alpha Energy ApS,I,TRUE,IFA2 Generation,ALPHAENE,0,500,P,,IFA2
I2G-ARON1,I_I2G-ARON1,,,J.Aron & Company,I,TRUE,IFA2 JAron FR-GB Flow,JARON,0,1000,P,,IFA2
I2G-AROS1,I_I2G-AROS1,,,Arosource ApS,I,TRUE,AROS Flow INTO UK,AROSOURC,0,1000,P,,IFA2
I2G-ARTH1,I_I2G-ARTH1,,,Aarhus Trading A/S,I,TRUE,I_I2G-ARTH1,ATAS,0,1000,P,,IFA2
I2G-ATLS1,I_I2G-ATLS1,,,Atlas Energy DAC,I,TRUE,Atlas FRIFA2-GB,AED75443,0,1000,P,,IFA2
I2G-AXPO1,I_I2G-AXPO1,,,Axpo Solutions AG,I,TRUE,I_I2G-AXPO1,EGL,0,300,P,,IFA2
I2G-BAYW1,I_I2G-BAYW1,,,Baywa r.e. Energy Trading GmbH,I,TRUE,Flow into UK over IFA2,B9R3T560,0,1000,P,,IFA2
I2G-BDEN1,I_I2G-BDEN1,,,BD Energy A/S,I,TRUE,BDE INTO UK,BDENERGY,0,720,P,,IFA2
I2G-BKWE1,I_I2G-BKWE1,,,BKW Energie AG,I,TRUE,IFA2 Link BKW Flow FR-GB,BKW,0,1000,P,,IFA2
I2G-BNPS1,I_I2G-BNPS1,,,BNP Paribas,I,TRUE,BNPP Flow INTO UK,BNPP,0,1000,P,,IFA2
I2G-BPGM1,I_I2G-BPGM1,,,BP Gas Marketing Limited,I,TRUE,I_I2G-BPGM1,BPGAS,0,1000,P,,IFA2
I2G-CACM1,I_I2G-CACM1,,,C A Commodities A/S,I,TRUE,IFA2 Flow into UK,CACOMAS,0,1000,P,,IFA2
I2G-CBST1,I_I2G-CBST1,,,Cobblestone Energy,I,TRUE,Cobblestone Energy Ltd,CBBLESTN,0,1000,P,,IFA2
I2G-CCME1,I_I2G-CCME1,,,Castleton Commodities Europe,I,TRUE,CCME INTO UK,CASTLEEU,0,1014,P,,IFA2
I2G-CENT1,I_I2G-CENT1,,,Centrica Energy Limited,I,TRUE,IF2NEASGEN,ACCORD,0,2000,P,,IFA2
I2G-CETL1,I_I2G-CETL1,,,Conrad Energy (Trading) Ltd,I,TRUE,CONRAD INTO UK,CONRAD,0,1000,P,,IFA2
I2G-CEZC1,I_I2G-CEZC1,,,CEZ A.S,I,TRUE,IFA2 Import,45274649,0,1000,P,,IFA2
I2G-CFPE1,I_I2G-CFPE1,,,CFP Commodities Limited,I,TRUE,CFPE1 INTO UK,CFPC1,0,1000,P,,IFA2
I2G-CNGS1,I_I2G-CNGS1,,,Cenergise Limited,I,TRUE,CNGS_G_IFA2,CEGISE,0,1000,P,,IFA2
I2G-CNRE1,I_I2G-CNRE1,,,Compagnie Nationale du Rhone,I,TRUE,I_I2G-CNRE1,CNRP,0,1000,P,,IFA2
I2G-COMM1,I_I2G-COMM1,,,COMCOM Trading d.o.o,I,TRUE,I_I2G-COMM1,COMCOM,0,1000,P,,IFA2
I2G-CONS1,I_I2G-CONS1,,,Constellation Generation LTD,I,TRUE,Constellation IFA2 Prod,EXGENLIM,0,1000,P,,IFA2
I2G-CONV1,I_I2G-CONV1,,,Convex Energy GmbH,I,TRUE,I2G-CONV1,GEAG,0,500,P,,IFA2
I2G-COPN1,I_I2G-COPN1,,,Copenhagen Energy Trading A/S,I,TRUE,CET_IFA2,CET1234,0,1000,P,,IFA2
I2G-CURR1,I_I2G-CURR1,,,Current Commodities A/S,I,TRUE,I_I2G-CURR1,CURRENT,0,2000,P,,IFA2
I2G-DARE1,I_I2G-DARE1,,,Dare Power Ltd,I,TRUE,I_I2G-DARE1,DARE,0,2000,P,,IFA2
I2G-DMCC1,I_I2G-DMCC1,,,Cobblestone Energy DMCC,I,TRUE,Cobblestone Energy DMCC,OLDKENT,0,1000,P,,IFA2
I2G-DSKC1,I_I2G-DSKC1,,,Danske Commodities A/S,I,TRUE,DC-IFA2-P,DANSKE,0,1500,P,,IFA2
I2G-DUEN1,I_I2G-DUEN1,,,Duferco Energia S.p.A.,I,TRUE,IF2_FR-UK,DUCEX123,0,200,P,,IFA2
I2G-DUGE1,I_I2G-DUGE1,,,DXT Commodities SA,I,TRUE,DXT FR-UK2,DUFENERG,0,1000,P,,IFA2
I2G-DVAL1,I_I2G-DVAL1,,,DVALIN ApS,I,TRUE,I_I2G-DVAL1,DVALIN,0,1000,P,,IFA2
I2G-DVTD1,I_I2G-DVTD1,,,DV Trading (Europe) P/S,I,TRUE,DV FRIFA2-GB,DVTRAD45,0,1000,P,,IFA2
I2G-EDFT1,I_I2G-EDFT1,,,EDF TRADING LIMITED,I,TRUE,EDFT IFA2 Generation,EDFT,0,1000,P,,IFA2
I2G-EDMK1,I_I2G-EDMK1,,,Mind Energy A/S,I,TRUE,Energidk2_G,ENERGIDK,0,1500,P,,IFA2
I2G-EENG1,I_I2G-EENG1,,,Eio Energi ApS,I,TRUE,I_I2G-EENG1,EIOENRGY,0,50,P,,IFA2
I2G-ELEE1,I_I2G-ELEE1,,,Electrabel SA,I,TRUE,I2G-ELEE1,ELECBEL,0,1000,P,,IFA2
I2G-ELTR1,I_I2G-ELTR1,,,ElectroRoute Energy Trading,I,TRUE,EETL IFA2 GBFR BMU,ELECTRO,0,1000,P,,IFA2
I2G-ENBW1,I_I2G-ENBW1,,,EnBW Energie Ba-Wu AG,I,TRUE,I_I2G-ENBW1,ENBWNPT,0,1000,P,,IFA2
I2G-ENKI1,I_I2G-ENKI1,,,ENKI TRADING S.R.O.,I,TRUE,NANOTRAD Gen,NANOTRD,0,500,P,,IFA2
I2G-ENSC1,I_I2G-ENSC1,,,EnSCo Energy Services Company,I,TRUE,Flow into UK,ENSCOAG,0,1000,P,,IFA2
I2G-ENSP1,I_I2G-ENSP1,,,enspired GmbH,I,TRUE,I2-ENSP-FROM-UK,ENSPIRED,0,1000,P,,IFA2
I2G-ENTC1,I_I2G-ENTC1,,,Energetech Europe BV,I,TRUE,ENTC1 to UK,ENERGETE,0,500,P,,IFA2
I2G-ENZL1,I_I2G-ENZL1,,,ENZOL Energy Trading ApS,I,TRUE,IFA2 flow INTO UK,ENZOL,0,800,P,,IFA2
I2G-EPCO1,I_I2G-EPCO1,,,EP COMMODITIES A.S,I,TRUE,EPCAS_IFA2_GEN,EPCAS,0,300,P,,IFA2
I2G-EWII1,I_I2G-EWII1,,,EWII Energi A/S,I,TRUE,EWII-IFA2-TO-UK,EWII6000,0,1000,P,,IFA2
I2G-EXXO1,I_I2G-EXXO1,,,EXXONMOBIL GAS MARKETING,I,TRUE,INTO UK,EM123,0,1000,P,,IFA2
I2G-EZCO1,I_I2G-EZCO1,,,ENZEE Commodities A/S,I,TRUE,Flow into UK,ENZEE,0,1000,P,,IFA2
I2G-EZPD1,I_I2G-EZPD1,,,Ezpada AG,I,TRUE,Ezpada AG,11XEZPAG,0,500,P,,IFA2
I2G-FLEX1,I_I2G-FLEX1,,,Citadel FlexPower GmbH,I,TRUE,I_I2G-FLEX1,FLXPWR,0,1000,P,,IFA2
I2G-GASE1,I_I2G-GASE1,,,ENGIE GLOBAL MARKETS,I,TRUE,IFA2 EGM flow FR-GB,GASELYS,0,1000,P,,IFA2
I2G-GAZP1,I_I2G-GAZP1,,,SEFE Marketing & Trading LTD,I,TRUE,GAZP_IFA2_G,GAZPROM,0,500,P,,IFA2
I2G-GENI1,I_I2G-GENI1,,,"GEN-I, d.o.o.",I,TRUE,Into UK,GENI,0,1000,P,,IFA2
I2G-GLEN1,I_I2G-GLEN1,,,Glencore Energy UK Ltd,I,TRUE,Flow into UK,GENUK,0,1000,P,,IFA2
I2G-GRDC1,I_I2G-GRDC1,,,Grid Commodities ApS,I,TRUE,I_I2G-GRDC1,GRIDCOM1,0,2000,P,,IFA2
I2G-GRMC1,I_I2G-GRMC1,,,A/S Global Risk Management Ltd,I,TRUE,Flows into the  UK,GRMC,0,1000,P,,IFA2
I2G-GRMT1,I_I2G-GRMT1,,,A/S Global Risk Management Ltd,I,TRUE,GRM,GLOBAL,0,500,P,,IFA2
I2G-HART1,I_I2G-HART1,,,HAPPGCO,I,TRUE,Flow into UK,HEPGCO,0,1000,P,,IFA2
I2G-HELI1,I_I2G-HELI1,,,Helios Power Trading A/S,I,TRUE,HELIOS IFA2 GEN,HELIOS,0,1000,P,,IFA2
I2G-IBES1,I_I2G-IBES1,,,Iberdrola Energia Espana S.AU.,I,TRUE,IBES_IFA2_GEN,IBEGENES,0,1000,P,,IFA2
I2G-IDCT1,I_I2G-IDCT1,,,Inductive Energy A/S,I,TRUE,Induct_IFA2UK,INDUCTIV,0,1000,P,,IFA2
I2G-IMPT1,I_I2G-IMPT1,,,Impact Energy Trading A/S,I,TRUE,Flow into UK,IMPACT25,0,1000,P,,IFA2
I2G-IMTC1,I_I2G-IMTC1,,,IMC Trading BV NL Denmark,I,TRUE,I_I2G-IMTC1,IMCTRADK,0,2000,P,,IFA2
I2G-INCM1,I_I2G-INCM1,,,IN COMMODITIES A/S,I,TRUE,IFA2INCOMASP,INCOMAS,0,1000,P,,IFA2
I2G-JWME1,I_I2G-JWME1,,,JWM Energia,I,TRUE,I_I2G-JWME1,JWM,0,1000,P,,IFA2
I2G-KVAS1,I_I2G-KVAS1,,,Kvasir Technologies,I,TRUE,I_I2G-KVAS1,KVASIR,0,50,P,,IFA2
I2G-MCRA1,I_I2G-MCRA1,,,Mercuria Energy Trading SA,I,TRUE,Mercuria flow into UK,METSA,0,1000,P,,IFA2
I2G-MELT1,I_I2G-MELT1,,,Metlen International AG,I,TRUE,MITCO IFA2-GB,MITCOAG1,0,1000,P,,IFA2
I2G-METL1,I_I2G-METL1,,,Metlen International AG,I,TRUE,MITCO IFA2-GB,MITCOAG1,0,1000,P,,IFA2
I2G-MFTE1,I_I2G-MFTE1,,,MFT Energy A/S,I,TRUE,MFT IFA2 generation,MFTE,0,1000,P,,IFA2
I2G-MQBN1,I_I2G-MQBN1,,,Macquarie Bank Limited,I,TRUE,Macquarie Bank IFA2,MBLLO,0,1000,P,,IFA2
I2G-NDPL1,I_I2G-NDPL1,,,European Market Coupling,I,TRUE,NDPL-IFA2-P,NORDPOOL,0,1100,P,,IFA2
I2G-NEAS1,I_I2G-NEAS1,,,Centrica Energy Trading A/S,I,TRUE,IF2NEASGEN,NEAS,0,2000,P,,IFA2
I2G-NEHO1,I_I2G-NEHO1,,,Nordic Energy House ApS,I,TRUE,IFA2 NEH-G,NEH,0,1000,P,,IFA2
I2G-NITR1,I_I2G-NITR1,,,Nitor Energy A/S,I,TRUE,IFA2 INTO UK,NIREX,0,1000,P,,IFA2
I2G-NORL1,I_I2G-NORL1,,,Norlys Energy Trading A/S,I,TRUE,NORLYS_IFA2_P,NORLYS,0,2000,P,,IFA2
I2G-NTPL1,I_I2G-NTPL1,,,Northpool BV,I,TRUE,I_I2G-NTPL1,NORTHPL,0,1000,P,,IFA2
I2G-NVAL1,I_I2G-NVAL1,,,Nvalue AG,I,TRUE,NVALUE IMPORT2,NVALUE,0,500,P,,IFA2
I2G-OMPX1,I_I2G-OMPX1,,,Ompex AG,I,TRUE,OMPEX_IFA2_FR-GB,OMPEX,0,1000,P,,IFA2
I2G-OPMX1,I_I2G-OPMX1,,,Optimax Energy GmbH,I,TRUE,I_I2G-OPMX1,OPTIMAX,0,1000,P,,IFA2
I2G-OUTL1,I_I2G-OUTL1,,,Outlook Energy Ltd,I,TRUE,I_I2G-OUTL1,OUTLOOK,0,2000,P,,IFA2
I2G-PEAK1,I_I2G-PEAK1,,,Peak Gen Top Co Limited,I,TRUE,PGIFA2 Generation,PEAKGEN,0,1000,P,,IFA2
I2G-PETC1,I_I2G-PETC1,,,PETROCHINA INTL LONDON CO. LTD,I,TRUE,PCIL FR TO UK IFA2,PETCHINA,0,1000,P,,IFA2
I2G-PLAN1,I_I2G-PLAN1,,,BCM Energy,I,TRUE,I_I2G-PLAN1,BCMENERG,0,400,P,,IFA2
I2G-PREP1,I_I2G-PREP1,,,Yuno Limited,I,TRUE,Prepay INTO UK,OPAL0516,0,1000,P,,IFA2
I2G-PWMR1,I_I2G-PWMR1,,,PowerMart ApS,I,TRUE,IFA2 IMPORT,POMA,0,1000,P,,IFA2
I2G-QTPT1,I_I2G-QTPT1,,,Quantum Power Trading,I,TRUE,QPT INTO UK,QPT,0,1000,P,,IFA2
I2G-QUAR1,I_I2G-QUAR1,,,Quark Energy Trading Limited,I,TRUE,IFA2 GEN,QUARKET,0,1000,P,,IFA2
I2G-QUEN1,I_I2G-QUEN1,,,QUENT ApS,I,TRUE,Flow INTO UK,QUENT,0,1000,P,,IFA2
I2G-RESP1,I_I2G-RESP1,,,RESPECT ENERGY S.A.,I,TRUE,RESA-IFA2-IU,RESA,0,700,P,,IFA2
I2G-RISQ1,I_I2G-RISQ1,,,Risq Energy Limited,I,TRUE,RISQ to the UK,RISQ,0,1000,P,,IFA2
I2G-RWES1,I_I2G-RWES1,,,RWE Supply and Trading GmbH,I,TRUE,RWEST IFA2 Import,RWE,0,1000,P,,IFA2
I2G-SEAG1,I_I2G-SEAG1,,,Seagull Energy Trading,I,TRUE,I_I2G-SEAG1,SEAGULL,0,2000,P,,IFA2
I2G-SECF1,I_I2G-SECF1,,,Second Foundation Trading AG,I,TRUE,IFA2 Gen,TRISOLAR,0,200,P,,IFA2
I2G-SETL1,I_I2G-SETL1,,,Shell Energy Europe Limited,I,TRUE,I_I2G-SETL1,SHELL2,0,1000,P,,IFA2
I2G-SIRI1,I_I2G-SIRI1,,,Sirius Energy SA,I,TRUE,I_I2G-SIRI1,SIRIUSEN,0,1000,P,,IFA2
I2G-STAT1,I_I2G-STAT1,,,Statkraft Markets Gmbh,I,TRUE,IFA2 Import,STATKRA1,0,1000,P,,IFA2
I2G-STGS1,I_I2G-STGS1,,,STG Switzerland GmbH,I,TRUE,STG CH IFA2 FR-GB,STG8T4R,0,1000,P,,IFA2
I2G-TGPL1,I_I2G-TGPL1,,,TotalEnergies Gas & Power Ltd,I,TRUE,IFA2 (UK to FR Flow),TFEGP,0,1000,P,,IFA2
I2G-TILD1,I_I2G-TILD1,,,Tilde Energy Trading A/S,I,TRUE,I_I2G-TILD1,TILDEET,0,1000,P,,IFA2
I2G-TRFD1,I_I2G-TRFD1,,,Trafigura Denmark ApS,I,TRUE,IFA2_IM,TRAFDK23,0,1000,P,,IFA2
I2G-TRFG1,I_I2G-TRFG1,,,Trafigura Trading Sarl,I,TRUE,IFA2_IM,TRAF,0,1000,P,,IFA2
I2G-TRGY1,I_I2G-TRGY1,,,Tradergy S. L.,I,TRUE,Flow into UK,TRADERGY,0,1400,P,,IFA2
I2G-TRLS1,I_I2G-TRLS1,,,Engelhart CTP Renewables GmbH,I,TRUE,IFA2_TSR_G,GREENPWR,0,1000,P,,IFA2
I2G-TRSI1,I_I2G-TRSI1,,,Trasteel International SA,I,TRUE,Flow INTO UK,TRAINT,0,1000,P,,IFA2
I2G-VOLT1,I_I2G-VOLT1,,,Volta Energy DAC,I,TRUE,IFA2 INTO UK,VOLTADAC,0,250,P,,IFA2
I2G-VSAL1,I_I2G-VSAL1,,,VITOL SA,I,TRUE,I_I2G-VSAL1,VITOLSA,0,1000,P,,IFA2
I2G-VTET1,I_I2G-VTET1,,,Vattenfall Energy Trading,I,TRUE,VET-IFA2_G,VTS,0,1000,P,,IFA2
I2G-VTUS1,I_I2G-VTUS1,,,Vitus Capital AG,I,TRUE,I2G-VTUS1_INTOFR,MONOCAP7,0,300,P,,IFA2
I2G-WOLF1,I_I2G-WOLF1,,,Wolfram Trading ApS,I,TRUE,WT IFA2 Export BMU,WT74183,0,800,P,,IFA2
I2G-XNON1,I_I2G-XNON1,,,XENON CAPITAL MARKETS LTD,I,TRUE,XENON-I2G-P,XENON,0,1000,P,,IFA2
IBG-AARH1,I_IBG-AARH1,,,Aarhus Energy A/S,I,TRUE,BRITNEDAARHUSEP,AARHUSE,0,400,P,,BRITNED
IBG-ALIP1,I_IBG-ALIP1,,,Energetick ApS,I,TRUE,Flow into UK,ALPSNRG,0,100,P,,BRITNED
IBG-ALPE1,I_IBG-ALPE1,,,Alpha Energy ApS,I,TRUE,BritNed  Generation,ALPHAENE,0,500,P,,BRITNED
IBG-ARON1,I_IBG-ARON1,,,J.Aron & Company,I,TRUE,BritNed Jaron NL-GB Flow,JARON,0,1000,P,,BRITNED
IBG-AROS1,I_IBG-AROS1,,,Arosource ApS,I,TRUE,AROS Flow INTO UK,AROSOURC,0,1000,P,,BRITNED
IBG-ARTH1,I_IBG-ARTH1,,,Aarhus Trading A/S,I,TRUE,I_IBG-ARTH1,ATAS,0,1000,P,,BRITNED
IBG-ATLS1,I_IBG-ATLS1,,,Atlas Energy DAC,I,TRUE,Atlas NL-GB,AED75443,0,1000,P,,BRITNED
IBG-BAYW1,I_IBG-BAYW1,,,Baywa r.e. Energy Trading GmbH,I,TRUE,Flow into UK over Britned,B9R3T560,0,1000,P,,BRITNED
IBG-BDEN1,I_IBG-BDEN1,,,BD Energy A/S,I,TRUE,BDE INTO UK,BDENERGY,0,720,P,,BRITNED
IBG-BKWE1,I_IBG-BKWE1,,,BKW Energie AG,I,TRUE,BWK flows into UK,BKW,0,1000,P,,BRITNED
IBG-BPGE1,I_IBG-BPGE1,,,BP Gas Marketing Limited,I,TRUE,BPGM Britned Generation,BPGAS,0,1000,P,,BRITNED
IBG-BRTN1,I_IBG-BRTN1,,INTNED,BritNed Development Ltd,I,TRUE,BritNed_Gen,BRITNED,0,1478.2,P,,BRITNED
IBG-CACM1,I_IBG-CACM1,,,C A Commodities A/S,I,TRUE,Britned CACOMAS FROM UK,CACOMAS,0,1000,P,,BRITNED
IBG-CBST1,I_IBG-CBST1,,,Cobblestone Energy,I,TRUE,Cobblestone Energy Ltd,CBBLESTN,0,1000,P,,BRITNED
IBG-CCME1,I_IBG-CCME1,,,Castleton Commodities Europe,I,TRUE,CCME INTO UK,CASTLEEU,0,1000,P,,BRITNED
IBG-CENT1,I_IBG-CENT1,,,Centrica Energy Limited,I,TRUE,CENTRICA BRITNED,ACCORD,0,1000,P,,BRITNED
IBG-CETA1,I_IBG-CETA1,,,Cross Options International IV,I,TRUE,CETAM Generation,CETAM,0,1000,P,,BRITNED
IBG-CEZC1,I_IBG-CEZC1,,,CEZ A.S,I,TRUE,BRITNED Import,45274649,0,1000,P,,BRITNED
IBG-CFPE1,I_IBG-CFPE1,,,CFP Commodities Limited,I,TRUE,I_IBG-CFPE1,CFPC1,0,1000,P,,BRITNED
IBG-CGML1,I_IBG-CGML1,,,Citigroup Global Markets Ltd,I,TRUE,IBG-CGML1,CGML2007,0,1000,P,,BRITNED
IBG-CNGS1,I_IBG-CNGS1,,,Cenergise Limited,I,TRUE,CNGS_G_BRITNED,CEGISE,0,1000,P,,BRITNED
IBG-COMM1,I_IBG-COMM1,,,COMCOM Trading d.o.o,I,TRUE,I_IBG-COMM1,COMCOM,0,1000,P,,BRITNED
IBG-CONS1,I_IBG-CONS1,,,Constellation Generation LTD,I,TRUE,Constellation BritNed Prod,EXGENLIM,0,1000,P,,BRITNED
IBG-CONV1,I_IBG-CONV1,,,Convex Energy GmbH,I,TRUE,IBG-CONV1,GEAG,0,500,P,,BRITNED
IBG-COPN1,I_IBG-COPN1,,,Copenhagen Energy Trading A/S,I,TRUE,CET_BN,CET1234,0,1000,P,,BRITNED
IBG-CURR1,I_IBG-CURR1,,,Current Commodities A/S,I,TRUE,I_IBG-CURR1,CURRENT,0,1044,P,,BRITNED
IBG-DARE1,I_IBG-DARE1,,,Dare Power Ltd,I,TRUE,I_IBG-DARE1,DARE,0,2000,P,,BRITNED
IBG-DMCC1,I_IBG-DMCC1,,,Cobblestone Energy DMCC,I,TRUE,Cobblestone Energy DMCC,OLDKENT,0,1000,P,,BRITNED
IBG-DNGN1,I_IBG-DNGN1,,,Orsted Salg & Service A/S,I,TRUE,IBG-DNGN1,DEEM1000,0,1000,P,,BRITNED
IBG-DSKC1,I_IBG-DSKC1,,,Danske Commodities A/S,I,TRUE,DC-BRITNED-P,DANSKE,0,1000,P,,BRITNED
IBG-DUFE1,I_IBG-DUFE1,,,DXT Commodities SA,I,TRUE,DXT NL-UK,DUFENERG,0,1000,P,,BRITNED
IBG-DVAL1,I_IBG-DVAL1,,,DVALIN ApS,I,TRUE,IC-Dvalin-Britned-Gen,DVALIN,0,1000,P,,BRITNED
IBG-DVTD1,I_IBG-DVTD1,,,DV Trading (Europe) P/S,I,TRUE,DV NL-GB,DVTRAD45,0,1000,P,,BRITNED
IBG-EDFT1,I_IBG-EDFT1,,,EDF TRADING LIMITED,I,TRUE,EDF Trading - BritNed,EDFT,0,1000,P,,BRITNED
IBG-EDMK1,I_IBG-EDMK1,,,Mind Energy A/S,I,TRUE,Energidk_G,ENERGIDK,0,1400,P,,BRITNED
IBG-EGLE1,I_IBG-EGLE1,,,Axpo Solutions AG,I,TRUE,AXPO,EGL,0,300,P,,BRITNED
IBG-ELEE1,I_IBG-ELEE1,,,Electrabel SA,I,TRUE,IBG-ELEE1,ELECBEL,0,1000,P,,BRITNED
IBG-ELTR1,I_IBG-ELTR1,,,ElectroRoute Energy Trading,I,TRUE,EETL BritNed NLGB BMU,ELECTRO,0,1200,P,,BRITNED
IBG-ENEL1,I_IBG-ENEL1,,,Enel Global Trading S.P.A,I,TRUE,EnelTradeBritned,ENELTRAD,0,2000,P,,BRITNED
IBG-ENET1,I_IBG-ENET1,,,Eneco Energy Trade,I,TRUE,I_IBG-ENET1,ENECOUK,0,250,P,,BRITNED
IBG-ENGM1,I_IBG-ENGM1,,,ENGIE GLOBAL MARKETS,I,TRUE,BritNed EGM flow NL-GB,GASELYS,0,1000,P,,BRITNED
IBG-ENSP1,I_IBG-ENSP1,,,enspired GmbH,I,TRUE,BP-ENSP-TO-UK,ENSPIRED,0,1000,P,,BRITNED
IBG-ENTC1,I_IBG-ENTC1,,,Energetech Europe BV,I,TRUE,ENTC1 to UK,ENERGETE,0,500,P,,BRITNED
IBG-ENZL1,I_IBG-ENZL1,,,ENZOL Energy Trading ApS,I,TRUE,BritNed flow INTO UK,ENZOL,0,800,P,,BRITNED
IBG-EOET1,I_IBG-EOET1,,,Uniper Global Commodities SE,I,TRUE,I_IBG-EOET1,EONETRAD,0,500,P,,BRITNED
IBG-EPCO1,I_IBG-EPCO1,,,EP COMMODITIES A.S,I,TRUE,EPCAS BRITNED GEN,EPCAS,0,300,P,,BRITNED
IBG-ERVA1,I_IBG-ERVA1,,,Erova Energy Limited,I,TRUE,EROVA_G_BRTND,EROVAIRL,0,500,P,,BRITNED
IBG-EWII1,I_IBG-EWII1,,,EWII Energi A/S,I,TRUE,EWII-NL-TO-UK,EWII6000,0,1000,P,,BRITNED
IBG-EZC01,I_IBG-EZC01,,,ENZEE Commodities A/S,I,TRUE,Flow into UK,ENZEE,0,1000,P,,BRITNED
IBG-EZCO1,I_IBG-EZCO1,,,ENZEE Commodities A/S,I,TRUE,Flow into UK,ENZEE,0,1000,P,,BRITNED
IBG-EZPD1,I_IBG-EZPD1,,,Ezpada AG,I,TRUE,Ezpada Into UK,11XEZPAG,0,500,P,,BRITNED
IBG-FLEX1,I_IBG-FLEX1,,,Citadel FlexPower GmbH,I,TRUE,Flow into UK,FLXPWR,0,1400,P,,BRITNED
IBG-FPCD1,I_IBG-FPCD1,,,Freepoint Commodities Europe,I,TRUE,IBG-FPCD1,FREEPNT,0,250,P,,BRITNED
IBG-GAZP1,I_IBG-GAZP1,,,SEFE Marketing & Trading LTD,I,TRUE,BritNed GM&T Generation,GAZPROM,0,2000,P,,BRITNED
IBG-GENI1,I_IBG-GENI1,,,"GEN-I, d.o.o.",I,TRUE,Into UK,GENI,0,1016,P,,BRITNED
IBG-GLEN1,I_IBG-GLEN1,,,Glencore Energy UK Ltd,I,TRUE,Flow into UK,GENUK,0,1000,P,,BRITNED
IBG-GRMC1,I_IBG-GRMC1,,,A/S Global Risk Management Ltd,I,TRUE,Flows into the  UK,GRMC,0,1000,P,,BRITNED
IBG-GRMT1,I_IBG-GRMT1,,,A/S Global Risk Management Ltd,I,TRUE,Global flow INTO UK,GLOBAL,0,300,P,,BRITNED
IBG-GRNC1,I_IBG-GRNC1,,,Greenchoice B.V.,I,TRUE,GRC NL-GB,GREENCHO,0,1000,P,,BRITNED
IBG-HART1,I_IBG-HART1,,,HAPPGCO,I,TRUE,Flow into UK,HEPGCO,0,1000,P,,BRITNED
IBG-HELI1,I_IBG-HELI1,,,Helios Power Trading A/S,I,TRUE,HELIOS BRITNED GEN,HELIOS,0,1000,P,,BRITNED
IBG-IBES1,I_IBG-IBES1,,,Iberdrola Energia Espana S.AU.,I,TRUE,IBG_BRITNED_GEN,IBEGENES,0,1000,P,,BRITNED
IBG-IDCE1,I_IBG-IDCE1,,,DC Energy Trading V.O.F.,I,TRUE,Britned DC-G,DC,0,1000,P,,BRITNED
IBG-IDCT1,I_IBG-IDCT1,,,Inductive Energy A/S,I,TRUE,Induct_BNUK,INDUCTIV,0,1016,P,,BRITNED
IBG-IMPT1,I_IBG-IMPT1,,,Impact Energy Trading A/S,I,TRUE,Flow into UK,IMPACT25,0,1000,P,,BRITNED
IBG-IMTC1,I_IBG-IMTC1,,,IMC Trading BV NL Denmark,I,TRUE,I_IBG-IMTC1,IMCTRADK,0,1000,P,,BRITNED
IBG-INCM1,I_IBG-INCM1,,,IN COMMODITIES A/S,I,TRUE,BRITNEDINCOMASP,INCOMAS,0,1048.04,P,,BRITNED
IBG-JWME1,I_IBG-JWME1,,,JWM Energia,I,TRUE,I_IBG-JWME1,JWM,0,1000,P,,BRITNED
IBG-KCST1,I_IBG-KCST1,,,KOCH SUPPLY & TRADING SARL,I,TRUE,BN_GEN,KSARL,0,1000,P,,BRITNED
IBG-KRIA1,I_IBG-KRIA1,,,Kria Energy ehf,I,TRUE,I_IBG-KRIA1,KRIAENER,0,1000,P,,BRITNED
IBG-KVAS1,I_IBG-KVAS1,,,Kvasir Technologies,I,TRUE,I_IBG-KVAS1,KVASIR,0,1000,P,,BRITNED
IBG-LTFD1,I_IBG-LTFD1,,,LIGHTFIELD LTD,I,TRUE,LIGHTFLD_BRITNED_INTO_UK,LIGHTFLD,0,1000,P,,BRITNED
IBG-MCRA1,I_IBG-MCRA1,,,Mercuria Energy Trading SA,I,TRUE,IBGMCRA1,METSA,0,1000,P,,BRITNED
IBG-MFTE1,I_IBG-MFTE1,,,MFT Energy A/S,I,TRUE,MFT generation,MFTE,0,1200,P,,BRITNED
IBG-MONL1,I_IBG-MONL1,,,Vitus Capital AG,I,TRUE,IBG-MONL1_INTOUK,MONOCAP7,0,300,P,,BRITNED
IBG-NEAS1,I_IBG-NEAS1,,,Centrica Energy Trading A/S,I,TRUE,IBNEASGEN,NEAS,0,2000,P,,BRITNED
IBG-NEHO1,I_IBG-NEHO1,,,Nordic Energy House ApS,I,TRUE,BN NEH-G,NEH,0,1000,P,,BRITNED
IBG-NITR1,I_IBG-NITR1,,,Nitor Energy A/S,I,TRUE,Netherlands INTO UK,NIREX,0,1000,P,,BRITNED
IBG-NORL1,I_IBG-NORL1,,,Norlys Energy Trading A/S,I,TRUE,NORLYS_BRITNED_P,NORLYS,0,2000,P,,BRITNED
IBG-NTPL1,I_IBG-NTPL1,,,Northpool BV,I,TRUE,I_IBG-NTPL1,NORTHPL,0,1200,P,,BRITNED
IBG-OMPX1,I_IBG-OMPX1,,,Ompex AG,I,TRUE,OMPEX_BRITNED_NL-GB,OMPEX,0,1000,P,,BRITNED
IBG-OPMX1,I_IBG-OPMX1,,,Optimax Energy GmbH,I,TRUE,I_BRITNED_IBG-OPMX1,OPTIMAX,0,1000,P,,BRITNED
IBG-OUTL1,I_IBG-OUTL1,,,Outlook Energy Ltd,I,TRUE,I_IBG-OUTL1,OUTLOOK,0,2000,P,,BRITNED
IBG-PETC1,I_IBG-PETC1,,,PETROCHINA INTL LONDON CO. LTD,I,TRUE,PCIL to the UK,PETCHINA,0,1000,P,,BRITNED
IBG-PTRS1,I_IBG-PTRS1,,,PetroChina International,I,TRUE,PETRIN-IFNG,PETRIN,0,1000,P,,BRITNED
IBG-PWMR1,I_IBG-PWMR1,,,PowerMart ApS,I,TRUE,BRITNED IMPORT,POMA,0,1000,P,,BRITNED
IBG-PZEM1,I_IBG-PZEM1,,,EP Commodities B.V.,I,TRUE,Britned PZEM-G,PZEM,0,1000,P,,BRITNED
IBG-QTPT1,I_IBG-QTPT1,,,Quantum Power Trading,I,TRUE,QPT INTO UK,QPT,0,1000,P,,BRITNED
IBG-QUAR1,I_IBG-QUAR1,,,Quark Energy Trading Limited,I,TRUE,BRITNED GEN,QUARKET,0,1000,P,,BRITNED
IBG-QUEN1,I_IBG-QUEN1,,,QUENT ApS,I,TRUE,Flow INTO UK,QUENT,0,50,P,,BRITNED
IBG-RESP1,I_IBG-RESP1,,,RESPECT ENERGY S.A.,I,TRUE,RESA-BN-IU,RESA,0,700,P,,BRITNED
IBG-RISQ1,I_IBG-RISQ1,,,Risq Energy Limited,I,TRUE,RISQ to the UK,RISQ,0,1000,P,,BRITNED
IBG-RWES1,I_IBG-RWES1,,,RWE Supply and Trading GmbH,I,TRUE,RWE NL GB Import,RWE,0,1000,P,,BRITNED
IBG-SEAG1,I_IBG-SEAG1,,,Seagull Energy Trading,I,TRUE,I_IBG-SEAG1,SEAGULL,0,2120,P,,BRITNED
IBG-SECF1,I_IBG-SECF1,,,Second Foundation Trading AG,I,TRUE,Britned Gen,TRISOLAR,0,200,P,,BRITNED
IBG-SETL1,I_IBG-SETL1,,,Shell Energy Europe Limited,I,TRUE,SEEL BRITNED IMPORT,SHELL2,0,1000,P,,BRITNED
IBG-SIRI1,I_IBG-SIRI1,,,Sirius Energy SA,I,TRUE,I_IBG-SIRI1,SIRIUSEN,0,1000,P,,BRITNED
IBG-STAT1,I_IBG-STAT1,,,Statkraft Markets Gmbh,I,TRUE,STATKRAFT BRITNED IMPORT,STATKRA1,0,1000,P,,BRITNED
IBG-STGS1,I_IBG-STGS1,,,STG Switzerland GmbH,I,TRUE,STG CH BritNed NL-GB,STG8T4R,0,1000,P,,BRITNED
IBG-TGPL1,I_IBG-TGPL1,,,TotalEnergies Gas & Power Ltd,I,TRUE,IBG-TGPL1,TFEGP,0,1000,P,,BRITNED
IBG-TILD1,I_IBG-TILD1,,,Tilde Energy Trading A/S,I,TRUE,I_IBG-TILD1,TILDEET,0,1000,P,,BRITNED
IBG-TRFD1,I_IBG-TRFD1,,,Trafigura Denmark ApS,I,TRUE,BTND_IM,TRAFDK23,0,1000,P,,BRITNED
IBG-TRFG1,I_IBG-TRFG1,,,Trafigura Trading Sarl,I,TRUE,BTND_IM,TRAF,0,1000,P,,BRITNED
IBG-TRLS1,I_IBG-TRLS1,,,Engelhart CTP Renewables GmbH,I,TRUE,BRIT_TRL_G,GREENPWR,0,2000,P,,BRITNED
IBG-VETR1,I_IBG-VETR1,,,Vattenfall Energy Trading,I,TRUE,IBG-VETR1,VTS,0,1000,P,,BRITNED
IBG-VOLT1,I_IBG-VOLT1,,,Volta Energy DAC,I,TRUE,BRITNED INTO UK,VOLTADAC,0,250,P,,BRITNED
IBG-VSAL1,I_IBG-VSAL1,,,VITOL SA,I,TRUE,I_IBG-VSAL1,VITOLSA,0,1000,P,,BRITNED
IBG-VTUS1,I_IBG-VTUS1,,,Vitus Capital AG,I,TRUE,IBG-VTUS1_INTOUK,MONOCAP7,0,300,P,,BRITNED
IBG-XNON1,I_IBG-XNON1,,,XENON CAPITAL MARKETS LTD,I,TRUE,XENON-IBG-P,XENON,0,1000,P,,BRITNED
IEG-ELEC1,I_IEG-ELEC1,,INTELEC,ElecLink Ltd (ELECL1),I,TRUE,Eleclink Gen,ELECL1,0,1050,P,,ELECLINK
IEG-EWIC1,I_IEG-EWIC1,,INTEW,Eirgrid PLC,I,TRUE,IEG_EWIC1,ERGRDPLC,0,530.92,P,,EWIC
IEG-FRAN1,I_IEG-FRAN1,,INTFR,Nat Grid Interconnectors Ltd,I,TRUE,IEG-FRAN1,NGIFA,0,2013.945,P,,FRANCE
IEG-GRN1,I_IEG-GRN1,,INTGRNL,Greenlink Interconnector Ltd,I,TRUE,I_IEG-GRN1,GREENLNK,0,1400,P,,GREENLINK
IEG-IFA2,I_IEG-IFA2,,INTIFA2,National Grid IFA 2 Limited,I,TRUE,IEG-IFA2,NGIFA2,0,1100,P,,IFA2
IEG-MOYL1,I_IEG-MOYL1,,INTIRL,SONI Ltd,I,TRUE,IEG-MOYL1,SONILTD,0,401.7,P,,MOYLE
IEG-NSL1,I_IEG-NSL1,,INTNSL,National Grid North Sea Link,I,TRUE,IEG-NSL1,NGNSL,0,1400,P,,NSL
IEG-VKL1,I_IEG-VKL1,,INTVKL,National Grid Viking Link Ltd,I,TRUE,I_IEG-VKL1,NGVLL,0,1400,P,,VIKINGLINK
IFG-ACCE1,I_IFG-ACCE1,,,Centrica Energy Limited,I,TRUE,ACC INTERCON,ACCORD,0,2000,P,,FRANCE
IFG-ALEU1,I_IFG-ALEU1,,,Alphataraxia Europium BV,I,TRUE,ATX_FRANCE_GEN,ATX,0,1000,P,,FRANCE
IFG-ALIP1,I_IFG-ALIP1,,,Energetick ApS,I,TRUE,Flow into UK,ALPSNRG,0,100,P,,FRANCE
IFG-ALPE1,I_IFG-ALPE1,,,Alpha Energy ApS,I,TRUE,IFA1 Generation,ALPHAENE,0,500,P,,FRANCE
IFG-ARON1,I_IFG-ARON1,,,J.Aron & Company,I,TRUE,IFG-ARON1,JARON,0,2000,P,,FRANCE
IFG-AROS1,I_IFG-AROS1,,,Arosource ApS,I,TRUE,AROS Flow INTO UK,AROSOURC,0,1000,P,,FRANCE
IFG-ARTH1,I_IFG-ARTH1,,,Aarhus Trading A/S,I,TRUE,I_IFG-ARTH1,ATAS,0,1000,P,,FRANCE
IFG-ATLS1,I_IFG-ATLS1,,,Atlas Energy DAC,I,TRUE,Atlas FRIFA1-GB,AED75443,0,2000,P,,FRANCE
IFG-BAYW1,I_IFG-BAYW1,,,Baywa r.e. Energy Trading GmbH,I,TRUE,Flow into UK over IFA1,B9R3T560,0,2000,P,,FRANCE
IFG-BDEN1,I_IFG-BDEN1,,,BD Energy A/S,I,TRUE,BDE INTO UK,BDENERGY,0,720,P,,FRANCE
IFG-BKWE1,I_IFG-BKWE1,,,BKW Energie AG,I,TRUE,IFG-BKWE1,BKW,0,1500,P,,FRANCE
IFG-BNPS1,I_IFG-BNPS1,,,BNP Paribas,I,TRUE,BNP Paribas UK Import,BNPP,0,2000,P,,FRANCE
IFG-BPGE1,I_IFG-BPGE1,,,BP Gas Marketing Limited,I,TRUE,I_IFG-BPGE1,BPGAS,0,2000,P,,FRANCE
IFG-CACM1,I_IFG-CACM1,,,C A Commodities A/S,I,TRUE,IFA1 Flow into UK,CACOMAS,0,1000,P,,FRANCE
IFG-CBST1,I_IFG-CBST1,,,Cobblestone Energy,I,TRUE,Cobblestone Energy Ltd,CBBLESTN,0,2000,P,,FRANCE
IFG-CCME1,I_IFG-CCME1,,,Castleton Commodities Europe,I,TRUE,CCME INTO UK,CASTLEEU,0,2000,P,,FRANCE
IFG-CETL1,I_IFG-CETL1,,,Conrad Energy (Trading) Ltd,I,TRUE,CONRAD INTO UK,CONRAD,0,2000,P,,FRANCE
IFG-CEZC1,I_IFG-CEZC1,,,CEZ A.S,I,TRUE,IFA Import,45274649,0,1000,P,,FRANCE
IFG-CFPE1,I_IFG-CFPE1,,,CFP Commodities Limited,I,TRUE,I_IFG-CFPE1,CFPC1,0,1000,P,,FRANCE
IFG-CGML1,I_IFG-CGML1,,,Citigroup Global Markets Ltd,I,TRUE,CGMLGEN,CGML2007,0,2000,P,,FRANCE
IFG-CNGS1,I_IFG-CNGS1,,,Cenergise Limited,I,TRUE,CNGS_G_IFA,CEGISE,0,2000,P,,FRANCE
IFG-CNRE1,I_IFG-CNRE1,,,Compagnie Nationale du Rhone,I,TRUE,I_IFG-CNRE1,CNRP,0,500,P,,FRANCE
IFG-COMM1,I_IFG-COMM1,,,COMCOM Trading d.o.o,I,TRUE,I_IFG-COMM1,COMCOM,0,2000,P,,FRANCE
IFG-CONS1,I_IFG-CONS1,,,Constellation Generation LTD,I,TRUE,Constellation France Prod,EXGENLIM,0,2000,P,,FRANCE
IFG-CONV1,I_IFG-CONV1,,,Convex Energy GmbH,I,TRUE,IFG-CONV1,GEAG,0,500,P,,FRANCE
IFG-COPN1,I_IFG-COPN1,,,Copenhagen Energy Trading A/S,I,TRUE,CET_IFA,CET1234,0,1000,P,,FRANCE
IFG-CURR1,I_IFG-CURR1,,,Current Commodities A/S,I,TRUE,I_IFG-CURR1,CURRENT,0,2000,P,,FRANCE
IFG-DARE1,I_IFG-DARE1,,,Dare Power Ltd,I,TRUE,I_IFG-DARE1,DARE,0,4000,P,,FRANCE
IFG-DMCC1,I_IFG-DMCC1,,,Cobblestone Energy DMCC,I,TRUE,Cobblestone Energy DMCC,OLDKENT,0,2000,P,,FRANCE
IFG-DNGN1,I_IFG-DNGN1,,,Orsted Salg & Service A/S,I,TRUE,IFG-DNGN1,DEEM1000,0,2000,P,,FRANCE
IFG-DSKC1,I_IFG-DSKC1,,,Danske Commodities A/S,I,TRUE,DANSKEGE,DANSKE,0,2000,P,,FRANCE
IFG-DUEN1,I_IFG-DUEN1,,,Duferco Energia S.p.A.,I,TRUE,IFA_FR-UK,DUCEX123,0,200,P,,FRANCE
IFG-DUFE1,I_IFG-DUFE1,,,DXT Commodities SA,I,TRUE,DUFENERGY FR - UK,DUFENERG,0,1000,P,,FRANCE
IFG-DVAL1,I_IFG-DVAL1,,,DVALIN ApS,I,TRUE,I_IFG-DVAL1,DVALIN,0,2000,P,,FRANCE
IFG-DVTD1,I_IFG-DVTD1,,,DV Trading (Europe) P/S,I,TRUE,DV FRIFA1-GB,DVTRAD45,0,2000,P,,FRANCE
IFG-ECCA1,I_IFG-ECCA1,,,ECC AG,I,TRUE,ECC-XB-PRODUCTION,ECC,0,3000,P,,FRANCE
IFG-EDFT1,I_IFG-EDFT1,,,EDF TRADING LIMITED,I,TRUE,EDFTG,EDFT,0,4000,P,,FRANCE
IFG-EDMK1,I_IFG-EDMK1,,,Mind Energy A/S,I,TRUE,Energidk_G,ENERGIDK,0,3000,P,,FRANCE
IFG-EENG1,I_IFG-EENG1,,,Eio Energi ApS,I,TRUE,I_IFG-EENG1,EIOENRGY,0,50,P,,FRANCE
IFG-EGLE1,I_IFG-EGLE1,,,Axpo Solutions AG,I,TRUE,EGL Production,EGL,0,500,P,,FRANCE
IFG-ELEE1,I_IFG-ELEE1,,,Electrabel SA,I,TRUE,IELECBEL,ELECBEL,0,500,P,,FRANCE
IFG-ELTR1,I_IFG-ELTR1,,,ElectroRoute Energy Trading,I,TRUE,EETL IFA FRGB BMU,ELECTRO,0,2000,P,,FRANCE
IFG-ENBW1,I_IFG-ENBW1,,,EnBW Energie Ba-Wu AG,I,TRUE,I_IFG-ENBW1,ENBWNPT,0,2000,P,,FRANCE
IFG-ENEL1,I_IFG-ENEL1,,,Enel Global Trading S.P.A,I,TRUE,EnelTradeIFA,ENELTRAD,0,1000,P,,FRANCE
IFG-ENET1,I_IFG-ENET1,,,Eneco Energy Trade,I,TRUE,I_IFG-ENET1,ENECOUK,0,50,P,,FRANCE
IFG-ENKI1,I_IFG-ENKI1,,,ENKI TRADING S.R.O.,I,TRUE,NANOTRAD Gen,NANOTRD,0,500,P,,FRANCE
IFG-ENSC1,I_IFG-ENSC1,,,EnSCo Energy Services Company,I,TRUE,Flow into UK,ENSCOAG,0,1000,P,,FRANCE
IFG-ENSP1,I_IFG-ENSP1,,,enspired GmbH,I,TRUE,IF-ENSP-FROM-UK,ENSPIRED,0,2000,P,,FRANCE
IFG-ENTC1,I_IFG-ENTC1,,,Energetech Europe BV,I,TRUE,ENTC1 to UK,ENERGETE,0,500,P,,FRANCE
IFG-ENVM1,I_IFG-ENVM1,,,Energya VM Gestion De Energia,I,TRUE,ENERVMGEN,ENERVM,0,2000,P,,FRANCE
IFG-ENZL1,I_IFG-ENZL1,,,ENZOL Energy Trading ApS,I,TRUE,IFA (FRANCE) flow INTO UK,ENZOL,0,800,P,,FRANCE
IFG-EOET1,I_IFG-EOET1,,,Uniper Global Commodities SE,I,TRUE,IFG-EOET1,EONETRAD,0,510,P,,FRANCE
IFG-EPCO1,I_IFG-EPCO1,,,EP COMMODITIES A.S,I,TRUE,EPCAS_FRANCE_GEN,EPCAS,0,300,P,,FRANCE
IFG-ERVA1,I_IFG-ERVA1,,,Erova Energy Limited,I,TRUE,EROVA_G_IFA,EROVAIRL,0,500,P,,FRANCE
IFG-EWII1,I_IFG-EWII1,,,EWII Energi A/S,I,TRUE,EWII-IFA1-TO-UK,EWII6000,0,2000,P,,FRANCE
IFG-EXXO1,I_IFG-EXXO1,,,EXXONMOBIL GAS MARKETING,I,TRUE,EXXON INTO UK,EM123,0,1000,P,,FRANCE
IFG-EZCO1,I_IFG-EZCO1,,,ENZEE Commodities A/S,I,TRUE,Flow into UK,ENZEE,0,2000,P,,FRANCE
IFG-EZPD1,I_IFG-EZPD1,,,Ezpada AG,I,TRUE,Ezpada Into UK,11XEZPAG,0,500,P,,FRANCE
IFG-FLEX1,I_IFG-FLEX1,,,Citadel FlexPower GmbH,I,TRUE,I_IFG-FLEX1,FLXPWR,0,1000,P,,FRANCE
IFG-FPCD1,I_IFG-FPCD1,,,Freepoint Commodities Europe,I,TRUE,IFG-FPCD1,FREEPNT,0,150,P,,FRANCE
IFG-GASE1,I_IFG-GASE1,,,ENGIE GLOBAL MARKETS,I,TRUE,IFA_P,GASELYS,0,500,P,,FRANCE
IFG-GAZP1,I_IFG-GAZP1,,,SEFE Marketing & Trading LTD,I,TRUE,GAZPROMG,GAZPROM,0,3000,P,,FRANCE
IFG-GDFE1,I_IFG-GDFE1,,,ENGIE Power Limited,I,TRUE,GDFI,RWETDL,0,200,P,,FRANCE
IFG-GENI1,I_IFG-GENI1,,,"GEN-I, d.o.o.",I,TRUE,Into UK,GENI,0,2000,P,,FRANCE
IFG-GLEN1,I_IFG-GLEN1,,,Glencore Energy UK Ltd,I,TRUE,Flow into UK,GENUK,0,1000,P,,FRANCE
IFG-GRDC1,I_IFG-GRDC1,,,Grid Commodities ApS,I,TRUE,I_IFG-GRDC1,GRIDCOM1,0,4000,P,,FRANCE
IFG-GRMC1,I_IFG-GRMC1,,,A/S Global Risk Management Ltd,I,TRUE,Flows into the  UK,GRMC,0,1000,P,,FRANCE
IFG-GRMT1,I_IFG-GRMT1,,,A/S Global Risk Management Ltd,I,TRUE,GRM,GLOBAL,0,500,P,,FRANCE
IFG-HART1,I_IFG-HART1,,,HAPPGCO,I,TRUE,Flow into UK,HEPGCO,0,1000,P,,FRANCE
IFG-HELI1,I_IFG-HELI1,,,Helios Power Trading A/S,I,TRUE,HELIOS FRANCE GEN,HELIOS,0,1000,P,,FRANCE
IFG-IBES1,I_IFG-IBES1,,,Iberdrola Energia Espana S.AU.,I,TRUE,IFG_FRANCE_GEN,IBEGENES,0,1000,P,,FRANCE
IFG-IDCT1,I_IFG-IDCT1,,,Inductive Energy A/S,I,TRUE,Induct_IFA1UK,INDUCTIV,0,2000,P,,FRANCE
IFG-IMPT1,I_IFG-IMPT1,,,Impact Energy Trading A/S,I,TRUE,Flow into UK,IMPACT25,0,2000,P,,FRANCE
IFG-IMTC1,I_IFG-IMTC1,,,IMC Trading BV NL Denmark,I,TRUE,I_IFG-IMTC1,IMCTRADK,0,2000,P,,FRANCE
IFG-INCM1,I_IFG-INCM1,,,IN COMMODITIES A/S,I,TRUE,IFAINCOMASP,INCOMAS,0,1000,P,,FRANCE
IFG-JWME1,I_IFG-JWME1,,,JWM Energia,I,TRUE,I_IFG-JWME1,JWM,0,1000,P,,FRANCE
IFG-KCST1,I_IFG-KCST1,,,KOCH SUPPLY & TRADING SARL,I,TRUE,IFA_GEN,KSARL,0,2000,P,,FRANCE
IFG-KVAS1,I_IFG-KVAS1,,,Kvasir Technologies,I,TRUE,I_IFG-KVAS1,KVASIR,0,50,P,,FRANCE
IFG-LTFD1,I_IFG-LTFD1,,,LIGHTFIELD LTD,I,TRUE,LIGHTFLD_IFA_INTO_UK,LIGHTFLD,0,1000,P,,FRANCE
IFG-MCRA1,I_IFG-MCRA1,,,Mercuria Energy Trading SA,I,TRUE,IFGMCRA1,METSA,0,2000,P,,FRANCE
IFG-MELT1,I_IFG-MELT1,,,Metlen International AG,I,TRUE,MITCO IFA1-GB,MITCOAG1,0,2000,P,,FRANCE
IFG-MFTE1,I_IFG-MFTE1,,,MFT Energy A/S,I,TRUE,MFT_IMP,MFTE,0,1000,P,,FRANCE
IFG-MQBN1,I_IFG-MQBN1,,,Macquarie Bank Limited,I,TRUE,Macquarie Bank IFA,MBLLO,0,2000,P,,FRANCE
IFG-NEAS1,I_IFG-NEAS1,,,Centrica Energy Trading A/S,I,TRUE,IFANEASGEN,NEAS,0,4000,P,,FRANCE
IFG-NEHO1,I_IFG-NEHO1,,,Nordic Energy House ApS,I,TRUE,IFA NEH-G,NEH,0,1000,P,,FRANCE
IFG-NITR1,I_IFG-NITR1,,,Nitor Energy A/S,I,TRUE,IFA INTO UK,NIREX,0,1000,P,,FRANCE
IFG-NORL1,I_IFG-NORL1,,,Norlys Energy Trading A/S,I,TRUE,NORLYS_IFA_P,NORLYS,0,2000,P,,FRANCE
IFG-NSDQ1,I_IFG-NSDQ1,,,European Market Coupling,I,TRUE,NOMX_IFG,NORDPOOL,0,2000,P,,FRANCE
IFG-NTPL1,I_IFG-NTPL1,,,Northpool BV,I,TRUE,I_IFG-NTPL1,NORTHPL,0,2000,P,,FRANCE
IFG-NVAL1,I_IFG-NVAL1,,,Nvalue AG,I,TRUE,NVALUE IMPORT1,NVALUE,0,500,P,,FRANCE
IFG-OMPX1,I_IFG-OMPX1,,,Ompex AG,I,TRUE,OMPEX_IFA_FR-GB,OMPEX,0,1000,P,,FRANCE
IFG-OPMX1,I_IFG-OPMX1,,,Optimax Energy GmbH,I,TRUE,I_IFG-OPMX1,OPTIMAX,0,1000,P,,FRANCE
IFG-OUTL1,I_IFG-OUTL1,,,Outlook Energy Ltd,I,TRUE,I_IFG-OUTL1,OUTLOOK,0,4000,P,,FRANCE
IFG-PEAK1,I_IFG-PEAK1,,,Peak Gen Top Co Limited,I,TRUE,PGIFA Generation,PEAKGEN,0,2000,P,,FRANCE
IFG-PETC1,I_IFG-PETC1,,,PETROCHINA INTL LONDON CO. LTD,I,TRUE,PCIL FR TO UK IFA,PETCHINA,0,2000,P,,FRANCE
IFG-PLAN1,I_IFG-PLAN1,,,BCM Energy,I,TRUE,I_IFG-PLAN1,BCMENERG,0,400,P,,FRANCE
IFG-PTRS1,I_IFG-PTRS1,,,PetroChina International,I,TRUE,PETRIN-IFDG,PETRIN,0,2000,P,,FRANCE
IFG-PWMR1,I_IFG-PWMR1,,,PowerMart ApS,I,TRUE,IFA IMPORT,POMA,0,1000,P,,FRANCE
IFG-QTPT1,I_IFG-QTPT1,,,Quantum Power Trading,I,TRUE,QPT INTO UK,QPT,0,1000,P,,FRANCE
IFG-QUAR1,I_IFG-QUAR1,,,Quark Energy Trading Limited,I,TRUE,IFA1 GEN,QUARKET,0,2000,P,,FRANCE
IFG-QUEN1,I_IFG-QUEN1,,,QUENT ApS,I,TRUE,Flow INTO UK,QUENT,0,1000,P,,FRANCE
IFG-RESP1,I_IFG-RESP1,,,RESPECT ENERGY S.A.,I,TRUE,RESA-IFA-IU,RESA,0,700,P,,FRANCE
IFG-RISQ1,I_IFG-RISQ1,,,Risq Energy Limited,I,TRUE,RISQ to the UK,RISQ,0,1000,P,,FRANCE
IFG-RWES1,I_IFG-RWES1,,,RWE Supply and Trading GmbH,I,TRUE,RWEST IFA Import,RWE,0,2000,P,,FRANCE
IFG-SEAG1,I_IFG-SEAG1,,,Seagull Energy Trading,I,TRUE,I_IFG-SEAG1,SEAGULL,0,4000,P,,FRANCE
IFG-SECF1,I_IFG-SECF1,,,Second Foundation Trading AG,I,TRUE,IFA1 Gen,TRISOLAR,0,400,P,,FRANCE
IFG-SETL1,I_IFG-SETL1,,,Shell Energy Europe Limited,I,TRUE,PRODUCTION BMU,SHELL2,0,2000,P,,FRANCE
IFG-SIRI1,I_IFG-SIRI1,,,Sirius Energy SA,I,TRUE,I_IFG-SIRI1,SIRIUSEN,0,2000,P,,FRANCE
IFG-SPEM1,I_IFG-SPEM1,,,SP Energy Management Ltd,I,TRUE,IFG-SPEM1,SPOWER02,0,2000,P,,FRANCE
IFG-STAT1,I_IFG-STAT1,,,Statkraft Markets Gmbh,I,TRUE,STATKRAFT_UK_FRANCE IMPORT,STATKRA1,0,400,P,,FRANCE
IFG-STGS1,I_IFG-STGS1,,,STG Switzerland GmbH,I,TRUE,STG CH IFA FR-GB,STG8T4R,0,2000,P,,FRANCE
IFG-TFEE1,I_IFG-TFEE1,,,TotalEnergies Gas & Power Ltd,I,TRUE,G-TFEE,TFEGP,0,2000,P,,FRANCE
IFG-TILD1,I_IFG-TILD1,,,Tilde Energy Trading A/S,I,TRUE,I_IFG-TILD1,TILDEET,0,1000,P,,FRANCE
IFG-TRFD1,I_IFG-TRFD1,,,Trafigura Denmark ApS,I,TRUE,IFA1_IM,TRAFDK23,0,1000,P,,FRANCE
IFG-TRFG1,I_IFG-TRFG1,,,Trafigura Trading Sarl,I,TRUE,IFA1_IM,TRAF,0,1000,P,,FRANCE
IFG-TRGY1,I_IFG-TRGY1,,,Tradergy S. L.,I,TRUE,Flow into UK,TRADERGY,0,1400,P,,FRANCE
IFG-TRLS1,I_IFG-TRLS1,,,Engelhart CTP Renewables GmbH,I,TRUE,IFA_TRL_G,GREENPWR,0,4000,P,,FRANCE
IFG-TRSI1,I_IFG-TRSI1,,,Trasteel International SA,I,TRUE,Flow INTO UK,TRAINT,0,1000,P,,FRANCE
IFG-VOLT1,I_IFG-VOLT1,,,Volta Energy DAC,I,TRUE,IFA INTO UK,VOLTADAC,0,500,P,,FRANCE
IFG-VSAL1,I_IFG-VSAL1,,,VITOL SA,I,TRUE,FPNP,VITOLSA,0,2000,P,,FRANCE
IFG-VTFS1,I_IFG-VTFS1,,,Vattenfall Energy Trading,I,TRUE,IFG-VTFS1,VTS,0,1000,P,,FRANCE
IFG-VTUS,I_IFG-VTUS1,,,Vitus Capital AG,I,TRUE,IFG- VTUS1_INTOFR,MONOCAP7,0,300,P,,FRANCE
IFG-WOLF1,I_IFG-WOLF1,,,Wolfram Trading ApS,I,TRUE,WT IFA Export BMU,WT74183,0,800,P,,FRANCE
IFG-XNON1,I_IFG-XNON1,,,XENON CAPITAL MARKETS LTD,I,TRUE,XENON-IFA-P,XENON,0,2000,P,,FRANCE
IGG-STAT1,I_IGG-STAT1,,,Statkraft Markets Gmbh,I,TRUE,STATKRAFT_UK_GRNL_EXPORT,STATKRA1,0,1400,P,,GREENLINK
IIG-AXPO1,I_IIG-AXPO1,,,Axpo Solutions AG,I,TRUE,Axpo/EWIC Import,EGL,0,500,P,,EWIC
IIG-BGSE1,I_IIG-BGSE1,,,Bord Gais Energy Limited,I,TRUE,IIG-BGSE1,BGELIMIT,0,2000,P,,EWIC
IIG-BRKF1,I_IIG-BRKF1,,,Orsted Renewable Supply 2 Ltd,I,TRUE,Brookfield E,BROOKFLD,0,500,P,,EWIC
IIG-DSKC1,I_IIG-DSKC1,,,Danske Commodities A/S,I,TRUE,DANSKEGE - EWIC,DANSKE,0,500,P,,EWIC
IIG-ELTR1,I_IIG-ELTR1,,,ElectroRoute Energy Trading,I,TRUE,EETL EWIC Imports BMU,ELECTRO,0,3000,P,,EWIC
IIG-ENGI1,I_IIG-ENGI1,,,Mind Energy A/S,I,TRUE,East_west_uk_import,ENERGIDK,0,500,P,,EWIC
IIG-ERVA1,I_IIG-ERVA1,,,Erova Energy Limited,I,TRUE,EROVA_G_EWIC,EROVAIRL,0,2000,P,,EWIC
IIG-ESBI1,I_IIG-ESBI1,,,ESBIG Trading Ltd,I,TRUE,ESBIGT-G-EWIC,ESBIGT,0,500,P,,EWIC
IIG-ESBI2,I_IIG-ESBI2,,,ESBIG Trading Ltd,I,TRUE,ESBIGT-G-EWIC2,ESBIGT,0,530,P,,EWIC
IIG-INCM1,I_IIG-INCM1,,,IN COMMODITIES A/S,I,TRUE,EWICINCOMASP,INCOMAS,0,75,P,,EWIC
IIG-LTFD1,I_IIG-LTFD1,,,LIGHTFIELD LTD,I,TRUE,LIGHTFLD_EWIC_INTO_UK,LIGHTFLD,0,500,P,,EWIC
IIG-NSEN1,I_IIG-NSEN1,,,Centrica Energy Trading A/S,I,TRUE,IIGNEASGEN,NEAS,0,500,P,,EWIC
IIG-RWES1,I_IIG-RWES1,,,RWE Supply and Trading GmbH,I,TRUE,RWEST East West Import,RWE,0,500,P,,EWIC
IIG-SEEL1,I_IIG-SEEL1,,,Shell Energy Europe Limited,I,TRUE,SEEL East West Import,SHELL2,0,500,P,,EWIC
IIG-STAT1,I_IIG-STAT1,,,Statkraft Markets Gmbh,I,TRUE,STATKRAFT EWIC IMPORT,STATKRA1,0,1030,P,,EWIC
IIG-VAYU1,I_IIG-VAYU1,,,Naturgy Limited,I,TRUE,VAYU EWIC,VAYU,0,500,P,,EWIC
IIG-VESL1,I_IIG-VESL1,,,Energia Customer Solutions Ltd,I,TRUE,EWIC Gen BM Unit VESL,VESL,0,500,P,,EWIC
ILG-ALIP1,I_ILG-ALIP1,,,Energetick ApS,I,TRUE,Flow into UK,ALPSNRG,0,1000,P,,ELECLINK
ILG-ALPE1,I_ILG-ALPE1,,,Alpha Energy ApS,I,TRUE,ElecLink Generation,ALPHAENE,0,500,P,,ELECLINK
ILG-ARON1,I_ILG-ARON1,,,J.Aron & Company,I,TRUE,EL Jaron FR-GB Flow,JARON,0,1000,P,,ELECLINK
ILG-AROS1,I_ILG-AROS1,,,Arosource ApS,I,TRUE,AROS Flow INTO UK,AROSOURC,0,1000,P,,ELECLINK
ILG-ARTH1,I_ILG-ARTH1,,,Aarhus Trading A/S,I,TRUE,I_ILG-ARTH1,ATAS,0,1000,P,,ELECLINK
ILG-ATLS1,I_ILG-ATLS1,,,Atlas Energy DAC,I,TRUE,Atlas FREL-GB,AED75443,0,1000,P,,ELECLINK
ILG-BAYW1,I_ILG-BAYW1,,,Baywa r.e. Energy Trading GmbH,I,TRUE,Flow into UK over Eleclink,B9R3T560,0,1000,P,,ELECLINK
ILG-BKWE1,I_ILG-BKWE1,,,BKW Energie AG,I,TRUE,BWK Eleclink flows into UK,BKW,0,450,P,,ELECLINK
ILG-BPGM1,I_ILG-BPGM1,,,BP Gas Marketing Limited,I,TRUE,Flow INTO UK,BPGAS,0,1000,P,,ELECLINK
ILG-CACM1,I_ILG-CACM1,,,C A Commodities A/S,I,TRUE,ELECLINK Flow into UK,CACOMAS,0,1000,P,,ELECLINK
ILG-CBST1,I_ILG-CBST1,,,Cobblestone Energy,I,TRUE,Cobblestone Energy Ltd,CBBLESTN,0,1000,P,,ELECLINK
ILG-CCME1,I_ILG-CCME1,,,Castleton Commodities Europe,I,TRUE,CCME INTO UK,CASTLEEU,0,1000,P,,ELECLINK
ILG-CENT1,I_ILG-CENT1,,,Centrica Energy Limited,I,TRUE,CENTRICA ELECLINK,ACCORD,0,1050,P,,ELECLINK
ILG-CETL1,I_ILG-CETL1,,,Conrad Energy (Trading) Ltd,I,TRUE,CONRAD INTO UK,CONRAD,0,1000,P,,ELECLINK
ILG-CEZC1,I_ILG-CEZC1,,,CEZ A.S,I,TRUE,ELECLINK Import,45274649,0,1000,P,,ELECLINK
ILG-CFPE1,I_ILG-CFPE1,,,CFP Commodities Limited,I,TRUE,CFPE1 INTO UK,CFPC1,0,1000,P,,ELECLINK
ILG-COMM1,I_ILG-COMM1,,,COMCOM Trading d.o.o,I,TRUE,I_ILG-COMM1,COMCOM,0,1000,P,,ELECLINK
ILG-CONS1,I_ILG-CONS1,,,Constellation Generation LTD,I,TRUE,Constellation ElecLink Prod,EXGENLIM,0,1000,P,,ELECLINK
ILG-COPN1,I_ILG-COPN1,,,Copenhagen Energy Trading A/S,I,TRUE,CET_EL,CET1234,0,1000,P,,ELECLINK
ILG-CURR1,I_ILG-CURR1,,,Current Commodities A/S,I,TRUE,I_ILG-CURR1,CURRENT,0,2000,P,,ELECLINK
ILG-DARE1,I_ILG-DARE1,,,Dare Power Ltd,I,TRUE,I_ILG-DARE1,DARE,0,2000,P,,ELECLINK
ILG-DMCC1,I_ILG-DMCC1,,,Cobblestone Energy DMCC,I,TRUE,Cobblestone Energy DMCC,OLDKENT,0,1000,P,,ELECLINK
ILG-DSKC1,I_ILG-DSKC1,,,Danske Commodities A/S,I,TRUE,DC- ELEC-P,DANSKE,0,1000,P,,ELECLINK
ILG-DUEN1,I_ILG-DUEN1,,,Duferco Energia S.p.A.,I,TRUE,ELK_FR_UK,DUCEX123,0,200,P,,ELECLINK
ILG-DUFE1,I_ILG-DUFE1,,,DXT Commodities SA,I,TRUE,DXT ELEC FR-UK,DUFENERG,0,1000,P,,ELECLINK
ILG-DVAL1,I_ILG-DVAL1,,,DVALIN ApS,I,TRUE,I_ILG-DVAL1,DVALIN,0,1000,P,,ELECLINK
ILG-DVTD1,I_ILG-DVTD1,,,DV Trading (Europe) P/S,I,TRUE,DV FREL-GB,DVTRAD45,0,1000,P,,ELECLINK
ILG-EDFT1,I_ILG-EDFT1,,,EDF TRADING LIMITED,I,TRUE,EDFT Eleclink Generation,EDFT,0,1050,P,,ELECLINK
ILG-EDMK1,I_ILG-EDMK1,,,Mind Energy A/S,I,TRUE,Energidk2_ELECG,ENERGIDK,0,1050,P,,ELECLINK
ILG-EENG1,I_ILG-EENG1,,,Eio Energi ApS,I,TRUE,I_ILG-EENG1,EIOENRGY,0,50,P,,ELECLINK
ILG-ELTR1,I_ILG-ELTR1,,,ElectroRoute Energy Trading,I,TRUE,EETL ELECLINK GBFR,ELECTRO,0,1000,P,,ELECLINK
ILG-ENBW1,I_ILG-ENBW1,,,EnBW Energie Ba-Wu AG,I,TRUE,I_ILG-ENBW1,ENBWNPT,0,1000,P,,ELECLINK
ILG-ENGM1,I_ILG-ENGM1,,,ENGIE GLOBAL MARKETS,I,TRUE,ELECLINK EGM flow FR-GB,GASELYS,0,1000,P,,ELECLINK
ILG-ENSC1,I_ILG-ENSC1,,,EnSCo Energy Services Company,I,TRUE,Flow into UK,ENSCOAG,0,1000,P,,ELECLINK
ILG-ENTC1,I_ILG-ENTC1,,,Energetech Europe BV,I,TRUE,ENTC1 to UK,ENERGETE,0,500,P,,ELECLINK
ILG-EPCO1,I_ILG-EPCO1,,,EP COMMODITIES A.S,I,TRUE,EPCAS_ELECLINK_GEN,EPCAS,0,300,P,,ELECLINK
ILG-EWII1,I_ILG-EWII1,,,EWII Energi A/S,I,TRUE,EWII-ELECLINK-TO-UK,EWII6000,0,1000,P,,ELECLINK
ILG-EXXO1,I_ILG-EXXO1,,,EXXONMOBIL GAS MARKETING,I,TRUE,I_ILG-EXXO1,EM123,0,1000,P,,ELECLINK
ILG-EZCO1,I_ILG-EZCO1,,,ENZEE Commodities A/S,I,TRUE,Flow into UK,ENZEE,0,1000,P,,ELECLINK
ILG-EZPD1,I_ILG-EZPD1,,,Ezpada AG,I,TRUE,Ezpada AG,11XEZPAG,0,500,P,,ELECLINK
ILG-FLEX1,I_ILG-FLEX1,,,Citadel FlexPower GmbH,I,TRUE,Flow into UK,FLXPWR,0,1400,P,,ELECLINK
ILG-GENI1,I_ILG-GENI1,,,"GEN-I, d.o.o.",I,TRUE,Into UK,GENI,0,1000,P,,ELECLINK
ILG-GLEN1,I_ILG-GLEN1,,,Glencore Energy UK Ltd,I,TRUE,Flow into UK,GENUK,0,1000,P,,ELECLINK
ILG-GNER1,I_ILG-GNER1,,,Gnera Energia y Tecnologia S.L,I,TRUE,GNER V,GNERAUK1,0,1000,P,,ELECLINK
ILG-GRMC1,I_ILG-GRMC1,,,A/S Global Risk Management Ltd,I,TRUE,Flows into the  UK,GRMC,0,1000,P,,ELECLINK
ILG-HART1,I_ILG-HART1,,,HAPPGCO,I,TRUE,I_ILG-HART1,HEPGCO,0,1000,P,,ELECLINK
ILG-HELI1,I_ILG-HELI1,,,Helios Power Trading A/S,I,TRUE,HELIOS ELECLINK GEN,HELIOS,0,1000,P,,ELECLINK
ILG-IMPT1,I_ILG-IMPT1,,,Impact Energy Trading A/S,I,TRUE,Flow into UK,IMPACT25,0,1000,P,,ELECLINK
ILG-IMTC1,I_ILG-IMTC1,,,IMC Trading BV NL Denmark,I,TRUE,I_ILG-IMTC1,IMCTRADK,0,2000,P,,ELECLINK
ILG-INCM1,I_ILG-INCM1,,,IN COMMODITIES A/S,I,TRUE,ELECINCOMASP,INCOMAS,0,750,P,,ELECLINK
ILG-JWME1,I_ILG-JWME1,,,JWM Energia,I,TRUE,I_ILG-JWME1,JWM,0,1000,P,,ELECLINK
ILG-MCRA1,I_ILG-MCRA1,,,Mercuria Energy Trading SA,I,TRUE,Mercuria flow into UK,METSA,0,1000,P,,ELECLINK
ILG-MFTE1,I_ILG-MFTE1,,,MFT Energy A/S,I,TRUE,MFT_IMP,MFTE,0,1000,P,,ELECLINK
ILG-NDPL1,I_ILG-NDPL1,,,European Market Coupling,I,TRUE,NDPLELECLINLP,NORDPOOL,0,1050,P,,ELECLINK
ILG-NEAS1,I_ILG-NEAS1,,,Centrica Energy Trading A/S,I,TRUE,Flow INTO UK,NEAS,0,1000,P,,ELECLINK
ILG-NEHO1,I_ILG-NEHO1,,,Nordic Energy House ApS,I,TRUE,EL NEH-G,NEH,0,1000,P,,ELECLINK
ILG-NITR1,I_ILG-NITR1,,,Nitor Energy A/S,I,TRUE,FR INTO UK,NIREX,0,1000,P,,ELECLINK
ILG-NORL1,I_ILG-NORL1,,,Norlys Energy Trading A/S,I,TRUE,NORLYS_ELL_P,NORLYS,0,2000,P,,ELECLINK
ILG-NTPL1,I_ILG-NTPL1,,,Northpool BV,I,TRUE,I_ILG-NTPL1,NORTHPL,0,1000,P,,ELECLINK
ILG-NWAT1,I_ILG-NWAT1,,,Newatt S.r.l.,I,TRUE,Import in UK,ITNEWATT,0,50,P,,ELECLINK
ILG-OPMX1,I_ILG-OPMX1,,,Optimax Energy GmbH,I,TRUE,I_ILG-OPMX1,OPTIMAX,0,1000,P,,ELECLINK
ILG-OUTL1,I_ILG-OUTL1,,,Outlook Energy Ltd,I,TRUE,I_ILG-OUTL1,OUTLOOK,0,2000,P,,ELECLINK
ILG-PEAK1,I_ILG-PEAK1,,,Peak Gen Top Co Limited,I,TRUE,PGELECK Generation,PEAKGEN,0,1000,P,,ELECLINK
ILG-PETC1,I_ILG-PETC1,,,PETROCHINA INTL LONDON CO. LTD,I,TRUE,PCIL FR TO UK ELECLINK,PETCHINA,0,1000,P,,ELECLINK
ILG-PREP1,I_ILG-PREP1,,,Yuno Limited,I,TRUE,Prepay INTO UK,OPAL0516,0,1000,P,,ELECLINK
ILG-PWMR1,I_ILG-PWMR1,,,PowerMart ApS,I,TRUE,ELECLINK IMPORT,POMA,0,1000,P,,ELECLINK
ILG-QUAR1,I_ILG-QUAR1,,,Quark Energy Trading Limited,I,TRUE,ELECLINK GEN,QUARKET,0,1000,P,,ELECLINK
ILG-RESP1,I_ILG-RESP1,,,RESPECT ENERGY S.A.,I,TRUE,RESA-ELC-IU,RESA,0,700,P,,ELECLINK
ILG-RISQ1,I_ILG-RISQ1,,,Risq Energy Limited,I,TRUE,RISQ to the UK,RISQ,0,1000,P,,ELECLINK
ILG-RWES1,I_ILG-RWES1,,,RWE Supply and Trading GmbH,I,TRUE,RWEST Eleclink Import,RWE,0,1000,P,,ELECLINK
ILG-SEFE1,I_ILG-SEFE1,,,SEFE Marketing & Trading LTD,I,TRUE,EL1-FR-GB,GAZPROM,0,1050,P,,ELECLINK
ILG-SETL1,I_ILG-SETL1,,,Shell Energy Europe Limited,I,TRUE,I_ILG-SETL1,SHELL2,0,1000,P,,ELECLINK
ILG-SIRI1,I_ILG-SIRI1,,,Sirius Energy SA,I,TRUE,I_ILG-SIRI1,SIRIUSEN,0,1000,P,,ELECLINK
ILG-STGS1,I_ILG-STGS1,,,STG Switzerland GmbH,I,TRUE,STG CH ElecLink BE-GB,STG8T4R,0,1000,P,,ELECLINK
ILG-TGPL1,I_ILG-TGPL1,,,TotalEnergies Gas & Power Ltd,I,TRUE,ELECLINK (Flow into UK),TFEGP,0,1000,P,,ELECLINK
ILG-TRFD1,I_ILG-TRFD1,,,Trafigura Denmark ApS,I,TRUE,ELEK_IM,TRAFDK23,0,1000,P,,ELECLINK
ILG-TRFG1,I_ILG-TRFG1,,,Trafigura Trading Sarl,I,TRUE,ELEK_IM,TRAF,0,1000,P,,ELECLINK
ILG-TRLS1,I_ILG-TRLS1,,,Engelhart CTP Renewables GmbH,I,TRUE,Flow INTO UK,GREENPWR,0,1050,P,,ELECLINK
ILG-VOLT1,I_ILG-VOLT1,,,Volta Energy DAC,I,TRUE,ELECLINK INTO UK,VOLTADAC,0,250,P,,ELECLINK
ILG-VSAL1,I_ILG-VSAL1,,,VITOL SA,I,TRUE,I_ILG-VSAL1,VITOLSA,0,1000,P,,ELECLINK
ILG-VTFS1,I_ILG-VTFS1,,,Vattenfall Energy Trading,I,TRUE,VET_ELECLINK_G,VTS,0,1000,P,,ELECLINK
ILG-XNON1,I_ILG-XNON1,,,XENON CAPITAL MARKETS LTD,I,TRUE,XENON-ELINK-P,XENON,0,1000,P,,ELECLINK
ILMEB-1,E_ILMEB-1,,,Tesla Motors Limited,E,TRUE,Ilmer Lane BESS,TESLA,-49.5,49.5,P,Eastern,
IMG-AXPO1,I_IMG-AXPO1,,,Axpo Solutions AG,I,TRUE,Axpo/Moyle Import,EGL,0,500,P,,MOYLE
IMG-BGSE1,I_IMG-BGSE1,,,Bord Gais Energy Limited,I,TRUE,IMG-BGSE1,BGELIMIT,0,2000,P,,MOYLE
IMG-BRKF1,I_IMG-BRKF1,,,Orsted Renewable Supply 2 Ltd,I,TRUE,Brookfield E,BROOKFLD,0,295,P,,MOYLE
IMG-DSKC1,I_IMG-DSKC1,,,Danske Commodities A/S,I,TRUE,DANSKEGE-MOYLE,DANSKE,0,200,P,,MOYLE
IMG-ELTR1,I_IMG-ELTR1,,,ElectroRoute Energy Trading,I,TRUE,EETL Moyle Imports BMU,ELECTRO,0,1000,P,,MOYLE
IMG-ENGI1,I_IMG-ENGI1,,,Mind Energy A/S,I,TRUE,Moyle_uk_import,ENERGIDK,0,500,P,,MOYLE
IMG-ERVA1,I_IMG-ERVA1,,,Erova Energy Limited,I,TRUE,EROVA_G_MOYLE,EROVAIRL,0,2000,P,,MOYLE
IMG-ESBE1,I_IMG-ESBE1,,,ESB Independent Energy (NI),I,TRUE,ESBIE_WE,ESBIENI,0,80,P,,MOYLE
IMG-ESBI1,I_IMG-ESBI1,,,ESBIG Trading Ltd,I,TRUE,ESBIGT-G-MOYLE,ESBIGT,0,500,P,,MOYLE
IMG-INCM1,I_IMG-INCM1,,,IN COMMODITIES A/S,I,TRUE,MOYLEINCOMASP,INCOMAS,0,75,P,,MOYLE
IMG-LTFD1,I_IMG-LTFD1,,,LIGHTFIELD LTD,I,TRUE,LIGHTFLD_MOYLE_INTO_UK,LIGHTFLD,0,500,P,,MOYLE
IMG-NSEN1,I_IMG-NSEN1,,,Centrica Energy Trading A/S,I,TRUE,IMGNEASGEN,NEAS,0,500,P,,MOYLE
IMG-RWES1,I_IMG-RWES1,,,RWE Supply and Trading GmbH,I,TRUE,RWEST Moyle Import,RWE,0,295,P,,MOYLE
IMG-SEEL1,I_IMG-SEEL1,,,Shell Energy Europe Limited,I,TRUE,SEEL Moyle Import,SHELL2,0,500,P,,MOYLE
IMG-SPEM1,I_IMG-SPEM1,,,SP Energy Management Ltd,I,TRUE,IMG-SPEM1,SPOWER02,0,500,P,,MOYLE
IMG-STAT1,I_IMG-STAT1,,,Statkraft Markets Gmbh,I,TRUE,STATKRAFT MOYLE IMPORT,STATKRA1,0,1000,P,,MOYLE
INDQ-1,T_INDQ-1,-56,OCGT,Indian Queens Power Ltd,T,TRUE,Gas Turbine,AESIQPL,-5,140.08,P,,
INDQB-1,T_INDQB-1,11725,BESS,Pivoted Power LLP,T,TRUE,INDIAN QUEENS BESS,PIVOT,-47.5,47.5,C,,
ING-ALIP1,I_ING-ALIP1,,,Energetick ApS,I,TRUE,Flow into UK,ALPSNRG,0,100,P,,NEMOLINK
ING-ALPE1,I_ING-ALPE1,,,Alpha Energy ApS,I,TRUE,Nemolink Generation,ALPHAENE,0,500,P,,NEMOLINK
ING-ARON1,I_ING-ARON1,,,J.Aron & Company,I,TRUE,NEMO JAron BE - GB Flow,JARON,0,1000,P,,NEMOLINK
ING-AROS1,I_ING-AROS1,,,Arosource ApS,I,TRUE,AROS Flow INTO UK,AROSOURC,0,1000,P,,NEMOLINK
ING-ARTH1,I_ING-ARTH1,,,Aarhus Trading A/S,I,TRUE,I_ING-ARTH1,ATAS,0,1000,P,,NEMOLINK
ING-ATLS1,I_ING-ATLS1,,,Atlas Energy DAC,I,TRUE,Atlas BE-GB,AED75443,0,1000,P,,NEMOLINK
ING-AXPO1,I_ING-AXPO1,,,Axpo Solutions AG,I,TRUE,I_ING-AXPO1,EGL,0,200,P,,NEMOLINK
ING-BAYW1,I_ING-BAYW1,,,Baywa r.e. Energy Trading GmbH,I,TRUE,Flow into UK over Nemolink,B9R3T560,0,1000,P,,NEMOLINK
ING-BDEN1,I_ING-BDEN1,,,BD Energy A/S,I,TRUE,BDE INTO UK,BDENERGY,0,720,P,,NEMOLINK
ING-BKWE1,I_ING-BKWE1,,,BKW Energie AG,I,TRUE,Nemo Link BKW Flow BE-GB,BKW,0,1000,P,,NEMOLINK
ING-BPGM1,I_ING-BPGM1,,,BP Gas Marketing Limited,I,TRUE,I_ING-BPGM1,BPGAS,0,1000,P,,NEMOLINK
ING-CACM1,I_ING-CACM1,,,C A Commodities A/S,I,TRUE,NEMOLINK Flow into UK,CACOMAS,0,1000,P,,NEMOLINK
ING-CBST1,I_ING-CBST1,,,Cobblestone Energy,I,TRUE,Cobblestone Energy Ltd,CBBLESTN,0,1000,P,,NEMOLINK
ING-CCME1,I_ING-CCME1,,,Castleton Commodities Europe,I,TRUE,CCME INTO UK,CASTLEEU,0,1012,P,,NEMOLINK
ING-CENT1,I_ING-CENT1,,,Centrica Energy Limited,I,TRUE,CENTRICA NEMOLINK,ACCORD,0,2000,P,,NEMOLINK
ING-CETA1,I_ING-CETA1,,,Cross Options International IV,I,TRUE,CETAM Generation,CETAM,0,1000,P,,NEMOLINK
ING-CEZC1,I_ING-CEZC1,,,CEZ A.S,I,TRUE,NEMO Import,45274649,0,1000,P,,NEMOLINK
ING-CFPE1,I_ING-CFPE1,,,CFP Commodities Limited,I,TRUE,CFPE1 INTO UK,CFPC1,0,1000,P,,NEMOLINK
ING-CNGS1,I_ING-CNGS1,,,Cenergise Limited,I,TRUE,CNGS_G_NEMO,CEGISE,0,1000,P,,NEMOLINK
ING-COMM1,I_ING-COMM1,,,COMCOM Trading d.o.o,I,TRUE,I_ING-COMM1,COMCOM,0,1000,P,,NEMOLINK
ING-CONS1,I_ING-CONS1,,,Constellation Generation LTD,I,TRUE,Constellation NemoLink Prod,EXGENLIM,0,1000,P,,NEMOLINK
ING-CONV1,I_ING-CONV1,,,Convex Energy GmbH,I,TRUE,ING-CONV1,GEAG,0,500,P,,NEMOLINK
ING-COPN1,I_ING-COPN1,,,Copenhagen Energy Trading A/S,I,TRUE,CET_NEMO,CET1234,0,1000,P,,NEMOLINK
ING-DARE1,I_ING-DARE1,,,Dare Power Ltd,I,TRUE,I_ING-DARE1,DARE,0,2000,P,,NEMOLINK
ING-DMCC1,I_ING-DMCC1,,,Cobblestone Energy DMCC,I,TRUE,Cobblestone Energy DMCC,OLDKENT,0,1000,P,,NEMOLINK
ING-DSKC1,I_ING-DSKC1,,,Danske Commodities A/S,I,TRUE,DC-NEMOLINK-P,DANSKE,0,1046,P,,NEMOLINK
ING-DUFE1,I_ING-DUFE1,,,DXT Commodities SA,I,TRUE,DXT BE-UK,DUFENERG,0,1000,P,,NEMOLINK
ING-DVAL1,I_ING-DVAL1,,,DVALIN ApS,I,TRUE,I_ING-DVAL1,DVALIN,0,1000,P,,NEMOLINK
ING-DVTD1,I_ING-DVTD1,,,DV Trading (Europe) P/S,I,TRUE,DV BE-GB,DVTRAD45,0,1000,P,,NEMOLINK
ING-EDFT1,I_ING-EDFT1,,,EDF TRADING LIMITED,I,TRUE,EDFT Nemo Generation,EDFT,0,1000,P,,NEMOLINK
ING-EDMK1,I_ING-EDMK1,,,Mind Energy A/S,I,TRUE,Energidk_G,ENERGIDK,0,2000,P,,NEMOLINK
ING-ELEE1,I_ING-ELEE1,,,Electrabel SA,I,TRUE,ING-ELEE1,ELECBEL,0,1400,P,,NEMOLINK
ING-ELTR1,I_ING-ELTR1,,,ElectroRoute Energy Trading,I,TRUE,EETL NEMO BEGB BMU,ELECTRO,0,1046,P,,NEMOLINK
ING-ENET1,I_ING-ENET1,,,Eneco Energy Trade,I,TRUE,I_ING-ENET1,ENECOUK,0,500,P,,NEMOLINK
ING-ENTC1,I_ING-ENTC1,,,Energetech Europe BV,I,TRUE,ENTC1 to UK,ENERGETE,0,500,P,,NEMOLINK
ING-ENZL1,I_ING-ENZL1,,,ENZOL Energy Trading ApS,I,TRUE,Nemo Link flow INTO UK,ENZOL,0,800,P,,NEMOLINK
ING-EPCO1,I_ING-EPCO1,,,EP COMMODITIES A.S,I,TRUE,EPCAS NEMOLINK GEN,EPCAS,0,300,P,,NEMOLINK
ING-EWII1,I_ING-EWII1,,,EWII Energi A/S,I,TRUE,EWII-BE-TO-UK,EWII6000,0,1000,P,,NEMOLINK
ING-EXXO1,I_ING-EXXO1,,,EXXONMOBIL GAS MARKETING,I,TRUE,I_ING-EXXO1,EM123,0,1000,P,,NEMOLINK
ING-EZCO1,I_ING-EZCO1,,,ENZEE Commodities A/S,I,TRUE,Flow into UK,ENZEE,0,1012,P,,NEMOLINK
ING-FLEX1,I_ING-FLEX1,,,Citadel FlexPower GmbH,I,TRUE,Flow into UK,FLXPWR,0,1400,P,,NEMOLINK
ING-GASE1,I_ING-GASE1,,,ENGIE GLOBAL MARKETS,I,TRUE,Nemo Link EGM flow BE-GB,GASELYS,0,1000,P,,NEMOLINK
ING-GAZP1,I_ING-GAZP1,,,SEFE Marketing & Trading LTD,I,TRUE,GAZPROMG1,GAZPROM,0,500,P,,NEMOLINK
ING-GENI1,I_ING-GENI1,,,"GEN-I, d.o.o.",I,TRUE,Into UK,GENI,0,1012,P,,NEMOLINK
ING-GLEN1,I_ING-GLEN1,,,Glencore Energy UK Ltd,I,TRUE,Flow into UK,GENUK,0,1000,P,,NEMOLINK
ING-GRMC1,I_ING-GRMC1,,,A/S Global Risk Management Ltd,I,TRUE,Flows into the  UK,GRMC,0,1000,P,,NEMOLINK
ING-HART1,I_ING-HART1,,,HAPPGCO,I,TRUE,Flow into UK,HEPGCO,0,1000,P,,NEMOLINK
ING-HELI1,I_ING-HELI1,,,Helios Power Trading A/S,I,TRUE,HELIOS NEMOLINK GEN,HELIOS,0,1000,P,,NEMOLINK
ING-IDCE1,I_ING-IDCE1,,,DC Energy Trading V.O.F.,I,TRUE,Nemo DC-G,DC,0,1000,P,,NEMOLINK
ING-IDCT1,I_ING-IDCT1,,,Inductive Energy A/S,I,TRUE,Induct_BEUK,INDUCTIV,0,1000,P,,NEMOLINK
ING-IMTC1,I_ING-IMTC1,,,IMC Trading BV NL Denmark,I,TRUE,I_ING-IMTC1,IMCTRADK,0,1012,P,,NEMOLINK
ING-INCM1,I_ING-INCM1,,,IN COMMODITIES A/S,I,TRUE,NEMOINCOMASP,INCOMAS,0,1000,P,,NEMOLINK
ING-KCST1,I_ING-KCST1,,,KOCH SUPPLY & TRADING SARL,I,TRUE,KSARL_NEMOLINK_INTO UK,KSARL,0,1046,P,,NEMOLINK
ING-KVAS1,I_ING-KVAS1,,,Kvasir Technologies,I,TRUE,I_ING-KVAS1,KVASIR,0,50,P,,NEMOLINK
ING-LMUS1,I_ING-LMUS1,,,Luminus SA,I,TRUE,Flow from Belgium to UK,LUMINUS1,0,1000,P,,NEMOLINK
ING-MCRA1,I_ING-MCRA1,,,Mercuria Energy Trading SA,I,TRUE,Mercuria flow into UK,METSA,0,1000,P,,NEMOLINK
ING-MFTE1,I_ING-MFTE1,,,MFT Energy A/S,I,TRUE,MFT generation,MFTE,0,1000,P,,NEMOLINK
ING-NDPL1,I_ING-NDPL1,,,European Market Coupling,I,TRUE,NDPLNEMOLINKP,NORDPOOL,0,1046,P,,NEMOLINK
ING-NEAS1,I_ING-NEAS1,,,Centrica Energy Trading A/S,I,TRUE,INNEASGEN,NEAS,0,2000,P,,NEMOLINK
ING-NEHO1,I_ING-NEHO1,,,Nordic Energy House ApS,I,TRUE,NEMO NEH-G,NEH,0,1000,P,,NEMOLINK
ING-NEMO1,I_ING-NEMO1,,INTNEM,Nemo Link Limited,I,TRUE,NEMO Gen (BE to GB flow),NEMO1,0,1020,P,,NEMOLINK
ING-NITR1,I_ING-NITR1,,,Nitor Energy A/S,I,TRUE,Belgium INTO UK,NIREX,0,1000,P,,NEMOLINK
ING-NORL1,I_ING-NORL1,,,Norlys Energy Trading A/S,I,TRUE,NORLYS_NEL_P,NORLYS,0,2000,P,,NEMOLINK
ING-NTPL1,I_ING-NTPL1,,,Northpool BV,I,TRUE,I_ING-NTPL1,NORTHPL,0,2000,P,,NEMOLINK
ING-OMPX1,I_ING-OMPX1,,,Ompex AG,I,TRUE,OMPEX_NEMOLINK_BE-GB,OMPEX,0,1000,P,,NEMOLINK
ING-OPMX1,I_ING-OPMX1,,,Optimax Energy GmbH,I,TRUE,I_ING-OPMX1,OPTIMAX,0,1000,P,,NEMOLINK
ING-OUTL1,I_ING-OUTL1,,,Outlook Energy Ltd,I,TRUE,I_ING-OUTL1,OUTLOOK,0,4000,P,,NEMOLINK
ING-PETC1,I_ING-PETC1,,,PETROCHINA INTL LONDON CO. LTD,I,TRUE,PCIL BE TO UK NEMOLINK,PETCHINA,0,1000,P,,NEMOLINK
ING-PWMR1,I_ING-PWMR1,,,PowerMart ApS,I,TRUE,NEMO IMPORT,POMA,0,1000,P,,NEMOLINK
ING-QUEN1,I_ING-QUEN1,,,QUENT ApS,I,TRUE,Flow INTO UK,QUENT,0,50,P,,NEMOLINK
ING-RESP1,I_ING-RESP1,,,RESPECT ENERGY S.A.,I,TRUE,RESA-NEMO-IU,RESA,0,700,P,,NEMOLINK
ING-RISQ1,I_ING-RISQ1,,,Risq Energy Limited,I,TRUE,RISQ to the UK,RISQ,0,1000,P,,NEMOLINK
ING-RWES1,I_ING-RWES1,,,RWE Supply and Trading GmbH,I,TRUE,RWEST Nemo Link Import,RWE,0,1000,P,,NEMOLINK
ING-SCAL1,I_ING-SCAL1,,,Scalar Energy OU,I,TRUE,I_ING-SCAL1,SCALAR,0,1000,P,,NEMOLINK
ING-SECF1,I_ING-SECF1,,,Second Foundation Trading AG,I,TRUE,NEMO Link Gen,TRISOLAR,0,200,P,,NEMOLINK
ING-SETL1,I_ING-SETL1,,,Shell Energy Europe Limited,I,TRUE,I_ING-SETL1,SHELL2,0,1000,P,,NEMOLINK
ING-SIRI1,I_ING-SIRI1,,,Sirius Energy SA,I,TRUE,I_ING-SIRI1,SIRIUSEN,0,1000,P,,NEMOLINK
ING-SMAR1,I_ING-SMAR1,,,Smart@energy B.V.,I,TRUE,I_ING-SMAR1,SMARTATE,0,1000,P,,NEMOLINK
ING-STAT1,I_ING-STAT1,,,Statkraft Markets Gmbh,I,TRUE,NEMO Import,STATKRA1,0,1000,P,,NEMOLINK
ING-STGS1,I_ING-STGS1,,,STG Switzerland GmbH,I,TRUE,STG CH NEMO BE-GB,STG8T4R,0,1000,P,,NEMOLINK
ING-TGPL1,I_ING-TGPL1,,,TotalEnergies Gas & Power Ltd,I,TRUE,NEMO Gen (BE to GB flow),TFEGP,0,1000,P,,NEMOLINK
ING-TRFD1,I_ING-TRFD1,,,Trafigura Denmark ApS,I,TRUE,NEMO_IM,TRAFDK23,0,1000,P,,NEMOLINK
ING-TRFG1,I_ING-TRFG1,,,Trafigura Trading Sarl,I,TRUE,NEMO_IM,TRAF,0,1000,P,,NEMOLINK
ING-TRLS1,I_ING-TRLS1,,,Engelhart CTP Renewables GmbH,I,TRUE,NEMO_TRL_G,GREENPWR,0,500,P,,NEMOLINK
ING-VOLT1,I_ING-VOLT1,,,Volta Energy DAC,I,TRUE,NEMO INTO UK,VOLTADAC,0,250,P,,NEMOLINK
ING-VSAL1,I_ING-VSAL1,,,VITOL SA,I,TRUE,I_ING-VSAL1,VITOLSA,0,1000,P,,NEMOLINK
ING-VTET1,I_ING-VTET1,,,Vattenfall Energy Trading,I,TRUE,VET-NEMOLINK_G,VTS,0,1000,P,,NEMOLINK
ING-XNON1,I_ING-XNON1,,,XENON CAPITAL MARKETS LTD,I,TRUE,XENON-ING-P,XENON,0,1000,P,,NEMOLINK
ISG-DMCC1,I_ISG-DMCC1,,,Cobblestone Energy DMCC,I,TRUE,Cobblestone Energy DMCC,OLDKENT,0,1000,P,,NSL
ISG-NDPL1,I_ISG-NDPL1,,,European Market Coupling,I,TRUE,NDPL-NSL-P,NORDPOOL,0,1400,P,,NSL
IVG-AARH1,I_IVG-AARH1,,,Aarhus Energy A/S,I,TRUE,VIKINGAARHUSEP,AARHUSE,0,400,P,,VIKINGLINK
IVG-AENG1,I_IVG-AENG1,,,A Energi Vannkraft AS,I,TRUE,AENG ToUK,VIKING12,0,1000,P,,VIKINGLINK
IVG-ALIP1,I_IVG-ALIP1,,,Energetick ApS,I,TRUE,Flow into UK,ALPSNRG,0,1000,P,,VIKINGLINK
IVG-ALPE1,I_IVG-ALPE1,,,Alpha Energy ApS,I,TRUE,VikingLink Generation,ALPHAENE,0,500,P,,VIKINGLINK
IVG-AROS1,I_IVG-AROS1,,,Arosource ApS,I,TRUE,AROS Flow INTO UK,AROSOURC,0,1000,P,,VIKINGLINK
IVG-ARTH1,I_IVG-ARTH1,,,Aarhus Trading A/S,I,TRUE,I_IVG-ARTH1,ATAS,0,1000,P,,VIKINGLINK
IVG-ATLS1,I_IVG-ATLS1,,,Atlas Energy DAC,I,TRUE,Atlas DK-GB,AED75443,0,1400,P,,VIKINGLINK
IVG-BDEN1,I_IVG-BDEN1,,,BD Energy A/S,I,TRUE,BDE INTO UK,BDENERGY,0,720,P,,VIKINGLINK
IVG-CACM1,I_IVG-CACM1,,,C A Commodities A/S,I,TRUE,Viking link flow into UK,CACOMAS,0,1400,P,,VIKINGLINK
IVG-CONV1,I_IVG-CONV1,,,Convex Energy GmbH,I,TRUE,I_IVG-CONV1,GEAG,0,700,P,,VIKINGLINK
IVG-COPN1,I_IVG-COPN1,,,Copenhagen Energy Trading A/S,I,TRUE,CET_VL,CET1234,0,1400,P,,VIKINGLINK
IVG-CURR1,I_IVG-CURR1,,,Current Commodities A/S,I,TRUE,Flow into UK,CURRENT,0,1400,P,,VIKINGLINK
IVG-DARE1,I_IVG-DARE1,,,Dare Power Ltd,I,TRUE,I_IVG-DARE1,DARE,0,2800,P,,VIKINGLINK
IVG-DSKC1,I_IVG-DSKC1,,,Danske Commodities A/S,I,TRUE,DC-VIKING-P,DANSKE,0,1400,P,,VIKINGLINK
IVG-DUFE1,I_IVG-DUFE1,,,DXT Commodities SA,I,TRUE,I_IVG-DUFE1,DUFENERG,0,1000,P,,VIKINGLINK
IVG-DVAL1,I_IVG-DVAL1,,,DVALIN ApS,I,TRUE,I_IVG-DVAL1,DVALIN,0,1400,P,,VIKINGLINK
IVG-EDFT1,I_IVG-EDFT1,,,EDF TRADING LIMITED,I,TRUE,EDFT Viking Generation,EDFT,0,1400,P,,VIKINGLINK
IVG-EDMK1,I_IVG-EDMK1,,,Mind Energy A/S,I,TRUE,Energidk_GVIKG1,ENERGIDK,0,1400,P,,VIKINGLINK
IVG-EENG1,I_IVG-EENG1,,,Eio Energi ApS,I,TRUE,EIO_DK1_UK,EIOENRGY,0,100,P,,VIKINGLINK
IVG-ELTR1,I_IVG-ELTR1,,,ElectroRoute Energy Trading,I,TRUE,EETL VIKINGLINK UKDK,ELECTRO,0,1400,P,,VIKINGLINK
IVG-ENGE1,I_IVG-ENGE1,,,ENGIE UK Markets Limited,I,TRUE,I_IVG-ENGE1,DPDCOLTD,0,150,P,,VIKINGLINK
IVG-ENSC1,I_IVG-ENSC1,,,EnSCo Energy Services Company,I,TRUE,Flow into UK,ENSCOAG,0,1000,P,,VIKINGLINK
IVG-ENZL1,I_IVG-ENZL1,,,ENZOL Energy Trading ApS,I,TRUE,I_IVG-ENZL1,ENZOL,0,800,P,,VIKINGLINK
IVG-EWII1,I_IVG-EWII1,,,EWII Energi A/S,I,TRUE,EWII-DK-TO-UK,EWII6000,0,1400,P,,VIKINGLINK
IVG-EZCO1,I_IVG-EZCO1,,,ENZEE Commodities A/S,I,TRUE,Flow into UK,ENZEE,0,1400,P,,VIKINGLINK
IVG-FLEX1,I_IVG-FLEX1,,,Citadel FlexPower GmbH,I,TRUE,Flow into UK,FLXPWR,0,1400,P,,VIKINGLINK
IVG-GRDC1,I_IVG-GRDC1,,,Grid Commodities ApS,I,TRUE,I_IVG-GRDC1,GRIDCOM1,0,1400,P,,VIKINGLINK
IVG-GRMC1,I_IVG-GRMC1,,,A/S Global Risk Management Ltd,I,TRUE,Flows into the  UK,GRMC,0,1000,P,,VIKINGLINK
IVG-GRMT1,I_IVG-GRMT1,,,A/S Global Risk Management Ltd,I,TRUE,Global flow INTO UK,GLOBAL,0,300,P,,VIKINGLINK
IVG-HART1,I_IVG-HART1,,,HAPPGCO,I,TRUE,Flow into UK,HEPGCO,0,1000,P,,VIKINGLINK
IVG-HELI1,I_IVG-HELI1,,,Helios Power Trading A/S,I,TRUE,HELIOS VikingLink DK-GB,HELIOS,0,1400,P,,VIKINGLINK
IVG-IDCE1,I_IVG-IDCE1,,,DC Energy Trading V.O.F.,I,TRUE,Vikinglink DC-G,DC,0,1000,P,,VIKINGLINK
IVG-IDCT1,I_IVG-IDCT1,,,Inductive Energy A/S,I,TRUE,Flow into UK,INDUCTIV,0,1400,P,,VIKINGLINK
IVG-IMCT1,I_IVG-IMTC1,,,IMC Trading BV NL Denmark,I,TRUE,I_IVG-IMTC1,IMCTRADK,0,1400,P,,VIKINGLINK
IVG-IMPT1,I_IVG-IMPT1,,,Impact Energy Trading A/S,I,TRUE,Flow into UK,IMPACT25,0,1400,P,,VIKINGLINK
IVG-INCM1,I_IVG-INCM1,,,IN COMMODITIES A/S,I,TRUE,VIKINGINCOMASP,INCOMAS,0,1400,P,,VIKINGLINK
IVG-KVAS1,I_IVG-KVAS1,,,Kvasir Technologies,I,TRUE,I_IVG-KVAS1,KVASIR,0,1000,P,,VIKINGLINK
IVG-LYSE1,I_IVG-LYSE1,,,Lyse Produksjon AS,I,TRUE,DK1-N2EXUK,LP980335,0,500,P,,VIKINGLINK
IVG-MFTE1,I_IVG-MFTE1,,,MFT Energy A/S,I,TRUE,MFT_IMP,MFTE,0,1400,P,,VIKINGLINK
IVG-NEAS1,I_IVG-NEAS1,,,Centrica Energy Trading A/S,I,TRUE,Flow INTO UK,NEAS,0,1400,P,,VIKINGLINK
IVG-NEHO1,I_IVG-NEHO1,,,Nordic Energy House ApS,I,TRUE,VL NEH-G,NEH,0,1400,P,,VIKINGLINK
IVG-NEXT1,I_IVG-NEXT1,,,Next Gen Energy ApS,I,TRUE,I_IVG-NEXT1,NEXTGEN,0,1400,P,,VIKINGLINK
IVG-NITR1,I_IVG-NITR1,,,Nitor Energy A/S,I,TRUE,DK into UK,NIREX,0,1000,P,,VIKINGLINK
IVG-NORL1,I_IVG-NORL1,,,Norlys Energy Trading A/S,I,TRUE,NORLYS_VIL_P,NORLYS,0,1400,P,,VIKINGLINK
IVG-NTPL1,I_IVG-NTPL1,,,Northpool BV,I,TRUE,I_IVG-NTPL1,NORTHPL,0,1400,P,,VIKINGLINK
IVG-OPMX1,I_IVG-OPMX1,,,Optimax Energy GmbH,I,TRUE,I_IVG-OPMX1,OPTIMAX,0,1000,P,,VIKINGLINK
IVG-OUTL1,I_IVG-OUTL1,,,Outlook Energy Ltd,I,TRUE,Flow into UK,OUTLOOK,0,2800,P,,VIKINGLINK
IVG-PETC1,I_IVG-PETC1,,,PETROCHINA INTL LONDON CO. LTD,I,TRUE,PCIL DK TO UK VIKINGLINK,PETCHINA,0,1400,P,,VIKINGLINK
IVG-PWMR1,I_IVG-PWMR1,,,PowerMart ApS,I,TRUE,VIKINGLINK IMPORT,POMA,0,1000,P,,VIKINGLINK
IVG-QTPT1,I_IVG-QTPT1,,,Quantum Power Trading,I,TRUE,QPT INTO UK,QPT,0,1000,P,,VIKINGLINK
IVG-QUEN1,I_IVG-QUEN1,,,QUENT ApS,I,TRUE,Flow INTO UK,QUENT,0,50,P,,VIKINGLINK
IVG-RESP1,I_IVG-RESP1,,,RESPECT ENERGY S.A.,I,TRUE,RESA-IVK-FU,RESA,0,700,P,,VIKINGLINK
IVG-RWES1,I_IVG-RWES1,,,RWE Supply and Trading GmbH,I,TRUE,RWEST Viking Link Import,RWE,0,1400,P,,VIKINGLINK
IVG-SCAL1,I_IVG-SCAL1,,,Scalar Energy OU,I,TRUE,I_IVG-SCAL1,SCALAR,0,1000,P,,VIKINGLINK
IVG-SECF1,I_IVG-SECF1,,,Second Foundation Trading AG,I,TRUE,Vikinglink Gen,TRISOLAR,0,200,P,,VIKINGLINK
IVG-SEFE1,I_IVG-SEFE1,,,SEFE Marketing & Trading LTD,I,TRUE,VKL-D1-GB,GAZPROM,0,1400,P,,VIKINGLINK
IVG-SSEG1,I_IVG-SSEG1,,,SSE Energy Supply Limited,I,TRUE,SSE DK-VIKINGLINK DKGB,SSE,0,1400,P,,VIKINGLINK
IVG-STAT1,I_IVG-STAT1,,,Statkraft Markets Gmbh,I,TRUE,STATKRAFT VKL IMPORT,STATKRA1,0,1400,P,,VIKINGLINK
IVG-STGS1,I_IVG-STGS1,,,STG Switzerland GmbH,I,TRUE,STG CH VikingLink DK-GB,STG8T4R,0,1400,P,,VIKINGLINK
IVG-TGPL1,I_IVG-TGPL1,,,TotalEnergies Gas & Power Ltd,I,TRUE,VikingLink ( Flow into UK ),TFEGP,0,1480,P,,VIKINGLINK
IVG-TILD1,I_IVG-TILD1,,,Tilde Energy Trading A/S,I,TRUE,I_IVG-TILD1,TILDEET,0,1000,P,,VIKINGLINK
IVG-TRAS1,I_IVG-TRAS1,,,Trasteel Nordic ApS,I,TRUE,Trasteel Flow INTO UK,TRASTEEL,0,1000,P,,VIKINGLINK
IVG-TRLS1,I_IVG-TRLS1,,,Engelhart CTP Renewables GmbH,I,TRUE,DK-UK,GREENPWR,0,1300,P,,VIKINGLINK
IVG-VISC1,I_IVG-VISC1,,,Vis Commodities ApS,I,TRUE,VIS_Viking_INTOUK,VISALGO,0,1000,P,,VIKINGLINK
IVG-VOLT1,I_IVG-VOLT1,,,Volta Energy DAC,I,TRUE,VIKINGLINK into UK,VOLTADAC,0,500,P,,VIKINGLINK
IVG-VSAL1,I_IVG-VSAL1,,,VITOL SA,I,TRUE,IVG-VSAL1,VITOLSA,0,1400,P,,VIKINGLINK
IVG-VTFS1,I_IVG-VTFS1,,,Vattenfall Energy Trading,I,TRUE,VET_VIKING_G,VTS,0,1400,P,,VIKINGLINK
IVG-WOLF1,I_IVG-WOLF1,,,Wolfram Trading ApS,I,TRUE,WT Vlink Export BMU,WT74183,0,800,P,,VIKINGLINK
JAMBB-1,E_JAMBB-1,10456,BESS,Tesla Motors Limited,E,TRUE,Jamesfield 1 Battery Storage,TESLA,-30,30,P,North Scotland,
JAMBB-2,E_JAMBB-2,7315,BESS,Tesla Motors Limited,E,TRUE,Jamesfield 2 Battery Storage,TESLA,-19.314,19,P,North Scotland,
JGPR-1,T_JGPR-1,6227,BIOMASS,JG Pears Power Ltd,T,TRUE,High Marnham JGPEARS,JGPEARSP,-14.99,13,P,,
KEAD-1,T_KEAD-1,-11,CCGT,Keadby Generation Limited,T,TRUE,KGL CCGT 1,KGL,-11,764,P,,
KEAD-2,T_KEAD-2,-11,CCGT,Keadby Generation Limited,T,TRUE,Keadby-2 Main,KGL,-20,890,P,,
KEADGT-3,T_KEADGT-3,-11,OCGT,Keadby Generation Limited,T,TRUE,KGL GT 3,KGL,-0.2,30,P,,
KEMB-1,T_KEMB-1,7368,BESS,EDF Energy Customers Limited,T,TRUE,Pivot Power Kemsley,LENCO,-46.51,40.137,C,,
KENNW-1,T_KENNW-1,4385,WIND,Kennoxhead Wind Farm Limited,T,TRUE,Kennoxhead Wind Farm,KENX01,-0.1,60,P,,
KHLLW-1,E_KHLLW-1,4988,WIND,Unify Energy Limited,E,FALSE,Kirk Hill WF,TAILWIND,0,18.8,C,South Scotland,
KILBW-1,T_KILBW-1,3202,WIND,Kilbraur Wind Energy Ltd,T,TRUE,KILBW,KILBRAUR,-1,68.51,P,,
KILLPG-1,T_KILLPG-1,-57,CCGT,Uniper UK Limited,T,TRUE,T_KILLPG-1,EECL,-14,311,P,,
KILLPG-2,T_KILLPG-2,-57,CCGT,Uniper UK Limited,T,TRUE,T_KILLPG-2,EECL,-6,316,P,,
KILSB-1,T_KILSB-1,9696,BESS,ZENOBE KILMARNOCK SOUTH LTD,T,TRUE,T_KILSB-1,ZENOBE5,-53.972,52.952,C,,
KILSB-2,T_KILSB-2,9696,BESS,ZENOBE KILMARNOCK SOUTH LTD,T,TRUE,T_KILSB-2,ZENOBE5,-50.878,51.894,C,,
KILSB-3,T_KILSB-3,9696,BESS,ZENOBE KILMARNOCK SOUTH LTD,T,TRUE,T_KILSB-3,ZENOBE5,-53.61,53.734,C,,
KILSB-4,T_KILSB-4,9696,BESS,ZENOBE KILMARNOCK SOUTH LTD,T,TRUE,T_KILSB-4,ZENOBE5,-51.178,51.904,C,,
KILSB-5,T_KILSB-5,9696,BESS,ZENOBE KILMARNOCK SOUTH LTD,T,TRUE,T_KILSB-5,ZENOBE5,-50.412,50.856,C,,
KILSB-6,T_KILSB-6,9696,BESS,ZENOBE KILMARNOCK SOUTH LTD,T,TRUE,T_KILSB-6,ZENOBE5,-51.59,51.226,C,,
KINCS-1,E_KINCS-1,11177,SOLAR,Kincraig Energy Centre Limited,E,TRUE,Kincraig,KINCRAIG,-0.5,20.6,P,North Scotland,
KINCW-1,E_KINCW-1,6136,WIND,Statkraft Markets Gmbh,E,TRUE,Kincardine Offshore Windfarm,STATKRA1,-0.5,49.6,P,North Scotland,
KLGLW-1,T_KLGLW-1,4386,WIND,SP Renewables (UK) Limited,T,TRUE,Kilgallioch Windfarm,SPCRE01,-2,252.66,P,,
KLGLW-2,T_KLGLW-2,7851,MULTI,SP Renewables (UK) Limited,T,TRUE,T_KLGLW-2,SPCRE01,-51,225,P,,
KLYN-A-1,E_KLYN-A-1,-58,CCGT,RWE Generation UK plc,E,TRUE,Kings Lynn A,INNOGY01,-10,392,P,Eastern,
KPMRW-1,T_KPMRW-1,4643,WIND,OnPath Energy Limited,T,TRUE,KYPE MUIR WIND FARM,BANKSREN,-2,89,P,,
KTHLW-1,T_KTHLW-1,4442,WIND,Statkraft Markets Gmbh,T,TRUE,KEITH HILL WINDFARM,STATKRA1,0,4.54,P,,
KYPEW-1,T_KYPEW-1,4628,WIND,Kype Extension Wind Farm Ltd,T,TRUE,KYPE MUIR EXT WIND FARM,KYPEMEXT,-3.631,67,P,,
LAGA-1,T_LAGA-1,-12,CCGT,EP UK INVESTMENTS LIMITED,T,TRUE,Langage Power Station,EPUKI,-30,905,P,,
LARKB-1,T_LARKB-1,8052,OTHER,EDF Energy Customers Limited,T,TRUE,Larks Green Battery Storage,LENCO,-52,52,C,,
LARKS-1,T_LARKS-1,8051,OTHER,Iron Acton Green Limited,T,TRUE,Larks Green Solar,IAGL2020,-1.18,49.9,P,,
LARYO-1,T_LARYW-1,2511,WIND,London Array Limited,T,TRUE,London Array BMU1,LAOWF,-10.32,171,P,,
LARYO-2,T_LARYW-2,2511,WIND,London Array Limited,T,TRUE,London Array BMU2,LAOWF,-10.56,171,P,,
LARYO-3,T_LARYW-3,2511,WIND,London Array Limited,T,TRUE,London Array BMU3,LAOWF,-10.56,171,P,,
LARYO-4,T_LARYW-4,2511,WIND,London Array Limited,T,TRUE,London Array BMU4,LAOWF,-10.56,191.099,P,,
LBAR-1,T_LBAR-1,-13,CCGT,RWE Generation UK plc,T,TRUE,Little Barford main unit 1,INNOGY01,-20,750,P,,
LBAR-1G,T_LBAR-1G,-13,OCGT,RWE Generation UK plc,T,TRUE,Little Barford OCGT,INNOGY01,0,25,P,,
LCHWT-1,E_LCHWT-1,,,Conrad Energy (Trading) Ltd,E,TRUE,Letchworth,CONRAD,-1,15,C,Eastern,
LCLTW-1,T_LCLTW-1,4123,WIND,Eneco Energy Trade,T,TRUE,Lochluichart Windfarm,ENECOUK,-0.5,69,C,,
LIMKW-1,T_LIMKW-1,4393,WIND,Limekiln Extension Ltd,T,TRUE,Limekiln Wind Farm,LMKEXTWF,-1.917,106,P,,
LionB-1,T_LIONB-1,14729,BESS,Sembcorp (Wilton BESS) Ltd,T,TRUE,Wilton BESS,LION,-50,50,C,,
LionB-2,T_LIONB-2,14729,BESS,Sembcorp (Wilton BESS) Ltd,T,TRUE,Wilton BESS,LION,-50,50,C,,
LionB-3,T_LIONB-3,14729,BESS,Sembcorp (Wilton BESS) Ltd,T,TRUE,Wilton BESS,LION,-50,50,C,,
LITRB-1,E_LITRB-1,,BESS,Tesla Motors Limited,E,TRUE,Little Raith BESS,TESLA,-50,50,P,South Scotland,
LKSDB-1,T_LKSDB-1,8268,BESS,Lakeside Energy Storage Ltd,T,TRUE,Lakeside BESS,LAKESIDE,-99.9,105,P,,
LNCSO-1,T_LNCSW-1,2513,WIND,Lincs Wind Farm Ltd,T,TRUE,Lincs wind farm offshore BMU1,LINCSWFL,-4,150,P,,
LNCSO-2,T_LNCSW-2,2513,WIND,Lincs Wind Farm Ltd,T,TRUE,Lincs wind farm offshore BMU2,LINCSWFL,-4,150,P,,
LNMTH-1,E_LYNE1,115,BIOMASS,EP UK INVESTMENTS LIMITED,E,TRUE,LYNEMOUTH GENERATOR 1,EPUKI,-20,140,P,Northern,
LNMTH-2,E_LYNE2,115,BIOMASS,EP UK INVESTMENTS LIMITED,E,TRUE,LYNEMOUTH GENERATOR 2,EPUKI,-20,140,P,Northern,
LNMTH-3,E_LYNE3,115,BIOMASS,EP UK INVESTMENTS LIMITED,E,TRUE,LYNEMOUTH GENERATOR 3,EPUKI,-20,140,P,Northern,
LON-EON01,2__CEOND000,,,E.ON Next Energy Ltd,G,TRUE,2__CEOND000,NITTWO01,-156,2,C,London,
LON-GDF01,2__CRWED000,,,ENGIE Power Limited,G,TRUE,2__CRWED000,RWETDL,-47.623,4,C,London,
LON-NPE01,2__CNATP000,,,Npower Commercial Gas Limited,G,TRUE,NPEC London Area NATP,NPOWER02,-238,10,C,London,
LON-OCT01,2__CMRCY000,,,Octopus Energy Limited,G,TRUE,2__CMRCY000,MERCURY,-450.26,515.76,C,London,
LON-TFE01,2__CTGPL000,,,TotalEnergies Gas & Power Ltd,G,TRUE,2__CTGPL000,TFEGP,-357.615,8,C,London,
LRDSC-1,T_LRDSC-1,17750,OTHER,Statkraft Markets Gmbh,T,TRUE,Lister Storage 1,STATKRA1,-16.382,1.003,C,,
LSTWY-1,E_LSTWY-1,,,Conrad Energy (Trading) Ltd,E,TRUE,Lester Way,CONRAD,-1,12.72,C,Southern,
MANXENR-1,E_MANXENR-1,-73,OTHER,Smartestenergy Limited,E,TRUE,ENRON MANX,SMARTEST,-62.903,63.74,C,North Western,
MARK-1,E_MARK-1,140,BIOMASS,Edgware Energy Limited,E,TRUE,Rothes Bio-Plant CHP1,EDGWARE,-69.979,86.139,C,South Scotland,
MDLWH-1,E_MDLWH-1,,,Conrad Energy (Trading) Ltd,E,TRUE,Middlewich,CONRAD,0,20,C,Merseyside North Wales,
MEADD-1,T_MEADD-1,34,BIOMASS,ENGIE Power Limited,T,TRUE,Caledonian Paper,RWETDL,-50.1,22,C,,
MEDP-1,T_MEDP-1,-14,CCGT,Medway Power Ltd,T,TRUE,Medway Power,MEDWAY,-20,750,P,,
MID-AXPO1,2__EAXPO000,,,AXPO UK LIMITED,G,FALSE,2__EAXPO000,EGLUK,-23,35,C,Midlands,
MID-BGS01,2__EBGAS000,,,British Gas Trading Ltd,G,TRUE,2__EBGAS000,BRITGAS,-1.865,3.157,C,Midlands,
MID-EON01,2__EEOND000,,,E.ON Next Energy Ltd,G,TRUE,2__EEOND000,NITTWO01,-316,2,C,Midlands,
MID-GDF01,2__ERWED000,,,ENGIE Power Limited,G,TRUE,2__ERWED000,RWETDL,-112,8,C,Midlands,
MID-HPW01,2__EHPOW000,,,Drax Energy Solutions Limited,G,TRUE,2__EHPOW000,HAVEN,-251.859,19.6,C,Midlands,
MID-NPE01,2__ENATP000,,,Npower Commercial Gas Limited,G,TRUE,NPEC Midlands Area NATP,NPOWER02,-256,2,C,Midlands,
MID-OCT01,2__EMRCY000,,,Octopus Energy Limited,G,TRUE,2__EMRCY000,MERCURY,-557.042,571.2,C,Midlands,
MID-OVO01,2__EOVOE000,,,OVO Electricity Ltd,G,FALSE,2__EOVOE000,OVOE,-123.4,6.802,C,Midlands,
MID-TFE01,2__ETGPL000,,,TotalEnergies Gas & Power Ltd,G,TRUE,2__ETGPL000,TFEGP,-301.183,30,C,Midlands,
MIDMW-1,T_MIDMW-1,4440,WIND,OnPath Energy Limited,T,TRUE,MIDDLE MUIR WIND FARM,BANKSREN,-1,51,P,,
MILWW-1,T_MILWW-1,4682,WIND,Millennium Wind Energy Ltd,T,TRUE,MILWW,MILLEN07,-1,65,P,,
MINSW-1,E_MINSW-1,4517,WIND,Mobius Renewables Gen. (GB),E,TRUE,Minsca Wind Farm,AIRGEN,-0.26,38.123,C,South Scotland,
MKFRB-1,T_MKFRB-1,15164,BESS,HD777FRY Ltd,T,TRUE,Monk Fryston,CESMON01,-57.357,57,P,,
MKHLW-1,T_MKHLW-1,3260,WIND,SP Renewables (UK) Limited,T,TRUE,Mark Hill,SPCRE01,-2.5,53,P,,
MNW-AXPO1,2__DAXPO000,,,AXPO UK LIMITED,G,FALSE,2__DAXPO000,EGLUK,-18,6,C,Merseyside North Wales,
MNW-BGS01,2__DBGAS000,,,British Gas Trading Ltd,G,TRUE,2__DBGAS000,BRITGAS,-1.082,3.568,C,Merseyside North Wales,
MNW-EON01,2__DEOND000,,,E.ON Next Energy Ltd,G,TRUE,2__DEOND000,NITTWO01,-134.666,40,C,Merseyside North Wales,
MNW-GDF01,2__DRWED000,,,ENGIE Power Limited,G,TRUE,2__DRWED000,RWETDL,-66,60,C,Merseyside North Wales,
MNW-HVN01,2__DHAVE000,,,Drax Energy Solutions Limited,G,TRUE,2__DHAVE000,HAVEN,0,51.08,C,Merseyside North Wales,
MNW-NPE01,2__DNATP000,,,Npower Commercial Gas Limited,G,TRUE,NPEC MANWEB Area NATP,NPOWER02,-164,24,C,Merseyside North Wales,
MNW-OCT01,2__DMRCY000,,,Octopus Energy Limited,G,TRUE,2__DMRCY000,MERCURY,-310.548,292.32,C,Merseyside North Wales,
MNW-OVO01,2__DOVOE000,,,OVO Electricity Ltd,G,FALSE,2__DOVOE000,OVOE,-56.6,15.05,C,Merseyside North Wales,
MNW-TFE01,2__DTGPL000,,,TotalEnergies Gas & Power Ltd,G,TRUE,2__DTGPL000,TFEGP,-210.846,10,C,Merseyside North Wales,
MORFL-1,E_MORFL-1,-72,GAS,Conrad Energy (Trading) Ltd,E,TRUE,Moorfield Drive,CONRAD,-1,20,C,North Western,
MOSWD-1,T_EXMOSSD-1,-71,GAS,Orsted Power Sales (UK) Ltd,T,TRUE,Exxon Mossmoran,MAGNETIC,-20,4,C,,
MOWEO-1,T_MOWEO-1,2534,WIND,Moray Offshore Wind East Ltd,T,TRUE,Moray East OWF1,MOWEL,-4.089,300,P,,
MOWEO-2,T_MOWEO-2,2534,WIND,Moray Offshore Wind East Ltd,T,TRUE,Moray East OWF2,MOWEL,-5.304,300,P,,
MOWEO-3,T_MOWEO-3,2534,WIND,Moray Offshore Wind East Ltd,T,TRUE,Moray East OWF3,MOWEL,-3.304,300,P,,
MOWWO-1,T_MOWWO-1,6158,WIND,Moray Offshore Wind West Ltd,T,TRUE,Moray West OWF1,MOWWL,-3,215,P,,
MOWWO-2,T_MOWWO-2,6158,WIND,Moray Offshore Wind West Ltd,T,TRUE,Moray West OWF2,MOWWL,-3,215,P,,
MOWWO-3,T_MOWWO-3,6158,WIND,Moray Offshore Wind West Ltd,T,TRUE,Moray West OWF3,MOWWL,-3,143,P,,
MOWWO-4,T_MOWWO-4,6158,WIND,Moray Offshore Wind West Ltd,T,TRUE,Moray West OWF4,MOWWL,-4,287,P,,
MOYEW-1,E_MOYEW-1,3647,WIND,Eneco Energy Trade,E,TRUE,Moy Windfarm,ENECOUK,-0.4,60,C,North Scotland,
MRWD-1,T_MRWD-1,-14,CCGT,Marchwood Power Limited,T,TRUE,Marchwood Power Ltd,MPL,-15,920,P,,
MYGPW-1,T_MYGPW-1,4437,WIND,Minnygap Energy Limited,T,TRUE,Minnygap Wind Farm,MEL,-0.4,25,P,,
NANT-1,T_NANT-1,-70,HYDRO,SSE Generation Ltd,T,TRUE,Nant,SSEGEN,-0.238,20,P,,
NEE-AXPO1,2__FAXPO000,,,AXPO UK LIMITED,G,FALSE,2__FAXPO000,EGLUK,-8,23,C,Northern,
NEE-BGS01,2__FBGAS000,,,British Gas Trading Ltd,G,TRUE,2__FBGAS000,BRITGAS,-1.114,2.227,C,Northern,
NEE-EON01,2__FEOND000,,,E.ON Next Energy Ltd,G,TRUE,2__FEOND000,NITTWO01,-174,2,C,Northern,
NEE-GDF01,2__FRWED000,,,ENGIE Power Limited,G,TRUE,2__FRWED000,RWETDL,-72,38,C,Northern,
NEE-HPW01,2__FHPOW000,,,Drax Energy Solutions Limited,G,TRUE,2__FHPOW000,HAVEN,-156.42,12,C,Northern,
NEE-HVN01,2__FHAVE000,,,Drax Energy Solutions Limited,G,TRUE,2__FHAVE000,HAVEN,0,34.98,C,Northern,
NEE-NPE01,2__FNATP000,,,Npower Commercial Gas Limited,G,TRUE,NPEC Northern Area NATP,NPOWER02,-104,12,C,Northern,
NEE-OCT01,2__FMRCY000,,,Octopus Energy Limited,G,TRUE,2__FMRCY000,MERCURY,-328.017,369.88,C,Northern,
NEE-OVO01,2__FOVOE000,,,OVO Electricity Ltd,G,FALSE,2__FOVOE000,OVOE,-59.8,35.9,C,Northern,
NEE-TFE01,2__FTGPL000,,,TotalEnergies Gas & Power Ltd,G,TRUE,2__FTGPL000,TFEGP,-126.65,10,C,Northern,
NEWPB-1,E_NEWPB-1,6929,BESS,Field Newport Ltd,E,TRUE,Newport BESS,FIELDNEW,-20.931,20.933,P,South Wales,
NEWTB-1,E_NEWTB-1,7780,BESS,EDF Energy Customers Limited,E,TRUE,Newton wood BESS,LENCO,-52,52,C,East Midlands,
NLSSC-1,T_NLSSC-1,,,Flexitricity Limited,T,TRUE,Neilston,FLEXTRCY,-13.275,3.476,C,,
NLSTB-1,T_NLSTB-1,8830,BESS,Statkraft Markets Gmbh,T,TRUE,Neilston Battery 1,STATKRA1,-50,50,C,,
NNGAO-1,T_NNGAO-1,2522,WIND,Neart Na Gaoithe Offshore Wind,T,TRUE,Neart Na Gaiothe WF 1,NNG01,-3,224,P,,
NNGAO-2,T_NNGAO-2,2522,WIND,Neart Na Gaoithe Offshore Wind,T,TRUE,Neart Na Gaiothe WF 2,NNG01,-4.055,224,P,,
NOKYW-1,T_NOKYW-1,6607,WIND,North Kyle Wind farm Ltd,T,TRUE,North Kyle Wind Farm-1,NKWFL,-2,106,P,,
NOKYW-2,T_NOKYW-2,6607,WIND,North Kyle Wind farm Ltd,T,TRUE,North Kyle Wind Farm-2,NKWFL,-2,106,P,,
NSC-ATL01,2__PIMPO000,,,SSE Energy Supply Limited,G,TRUE,IMPO North Scotland,SSE,-25.604,308.4,C,North Scotland,
NSC-AXPO1,2__PAXPO000,,,AXPO UK LIMITED,G,FALSE,2__PAXPO000,EGLUK,-5,85,C,North Scotland,
NSC-BGS01,2__PBGAS000,,,British Gas Trading Ltd,G,TRUE,2__PBGAS000,BRITGAS,-0.628,1.245,C,North Scotland,
NSC-BIZ01,2__PBIZZ000,,,British Gas Trading Ltd,G,TRUE,2__PBIZZ000,BRITGAS,-17.106,2,C,North Scotland,
NSC-EDF01,2__PEDFE000,,,EDF Energy Customers Limited,G,TRUE,EDFE_North Scotland,LENCO,-40,4,C,North Scotland,
NSC-ENR01,2__PENRD000,,,British Gas Trading Ltd,G,TRUE,2__PENRD000,BRITGAS,-57.838,12,C,North Scotland,
NSC-EON01,2__PEOND000,,,E.ON Next Energy Ltd,G,TRUE,2__PEOND000,NITTWO01,-38,14,C,North Scotland,
NSC-GDF01,2__PRWED000,,,ENGIE Power Limited,G,TRUE,2__PRWED000,RWETDL,-38,64,C,North Scotland,
NSC-HPW01,2__PHPOW000,,,Drax Energy Solutions Limited,G,TRUE,2__PHPOW000,HAVEN,-36.358,9.46,C,North Scotland,
NSC-HVN01,2__PHAVE000,,,Drax Energy Solutions Limited,G,TRUE,2__PHAVE000,HAVEN,0,35.5,C,North Scotland,
NSC-LON01,2__PLOND000,,,EDF Energy Customers Limited,G,TRUE,Default LOND BMU for _P,LENCO,-100,20,C,North Scotland,
NSC-NPE01,2__PNATP000,,,Npower Commercial Gas Limited,G,TRUE,NPEC Scottish Hydro Area NATP,NPOWER02,-76,56,C,North Scotland,
NSC-OCT01,2__PMRCY000,,,Octopus Energy Limited,G,TRUE,2__PMRCY000,MERCURY,-119.551,164.92,C,North Scotland,
NSC-OVO01,2__POVOE000,,,OVO Electricity Ltd,G,FALSE,2__POVOE000,OVOE,-165,230.204,C,North Scotland,
NSC-SPC01,2__PSPOW000,,,ScottishPower Energy Retail,G,TRUE,2__PSPOW000,SPSUP01,-32.4,43.4,C,North Scotland,
NSC-TFE01,2__PTGPL000,,,TotalEnergies Gas & Power Ltd,G,FALSE,2__PTGPL000,TFEGP,-58.621,4.133,C,North Scotland,
NTAWB-1,E_NTAWB-1,9275,BESS,EDF Energy Customers Limited,E,TRUE,North Tawton BESS,LENCO,-32,32,C,South Western,
NTRVB-1,T_NTRVB-1,8283,BESS,Arenko Cleantech Limited,T,TRUE,Native River,AG,-57,57,C,,
NURSB-1,T_NURSB-1,9673,BESS,EDF Energy Customers Limited,T,TRUE,Nursling Battery Storage,LENCO,-52,48,C,,
NWP-BGS01,2__GBGAS000,,,British Gas Trading Ltd,G,TRUE,2__GBGAS000,BRITGAS,-1.276,1.678,C,North Western,
NWP-EON01,2__GEOND000,,,E.ON Next Energy Ltd,G,TRUE,2__GEOND000,NITTWO01,-316,2,C,North Western,
NWP-GDF01,2__GRWED000,,,ENGIE Power Limited,G,TRUE,2__GRWED000,RWETDL,-96,16,C,North Western,
NWP-HPW01,2__GHPOW000,,,Drax Energy Solutions Limited,G,TRUE,2__GHPOW000,HAVEN,-213.36,21.5,C,North Western,
NWP-HVN01,2__GHAVE000,,,Drax Energy Solutions Limited,G,TRUE,2__GHAVE000,HAVEN,0,61.36,C,North Western,
NWP-NPE01,2__GNATP000,,,Npower Commercial Gas Limited,G,TRUE,NPEC NORWEB Area NATP,NPOWER02,-250,36,C,North Western,
NWP-OCT01,2__GMRCY000,,,Octopus Energy Limited,G,TRUE,2__GMRCY000,MERCURY,-524.516,574.84,C,North Western,
NWP-OVO01,2__GOVOE000,,,OVO Electricity Ltd,G,FALSE,2__GOVOE000,OVOE,-87.6,12.26,C,North Western,
NWP-TFE01,2__GTGPL000,,,TotalEnergies Gas & Power Ltd,G,TRUE,2__GTGPL000,TFEGP,-216.509,84,C,North Western,
OCHLB-1,T_OCHLB-1,-69,BESS,HD143OCK Ltd,T,TRUE,Ocker Hill,CESGOL01,-57.624,58,P,,
OLDHB-1,E_OLDHB-1,11160,BESS,Field Oldham Ltd,E,TRUE,Oldham BESS,FIELD,-20,20,P,North Western,
OMNDO-1,T_OMNDW-1,2509,WIND,Ormonde Energy Ltd,T,TRUE,Ormonde Energy Limited 1,ORMONDE,0,150.76,P,,
OVRHB-1,E_OVRHB-1,11590,BESS,Flexitricity Limited,E,TRUE,Overhill BESS,FLEXTRCY,-0.386,49,P,North Scotland,
PEHE-1,T_PEHE-1,-17,CCGT,SSE Thermal Generation,T,TRUE,Peterhead Block 1,SSETGSL,-0.074,1200,P,,
PEMB-11,T_PEMB-11,-18,CCGT,RWE Generation UK plc,T,TRUE,Pembroke Unit 11,INNOGY01,-15,475,P,,
PEMB-21,T_PEMB-21,-16,CCGT,RWE Generation UK plc,T,TRUE,Pembroke Unit 21,INNOGY01,-15,475,P,,
PEMB-31,T_PEMB-31,-16,CCGT,RWE Generation UK plc,T,TRUE,Pembroke Unit 31,INNOGY01,-15,475,P,,
PEMB-41,T_PEMB-41,-16,CCGT,RWE Generation UK plc,T,TRUE,Pembroke Unit 41,INNOGY01,-15,475,P,,
PEMB-51,T_PEMB-51,-16,CCGT,RWE Generation UK plc,T,TRUE,Pembroke Unit 51,INNOGY01,-15,475,P,,
PETEM1,E_PETEM1,-59,CCGT,River Nene Power Limited,E,TRUE,Peterborough,CENPB,-5,245,P,Eastern,
PETEM3,E_PETEM3,-59,BESS,River Nene Power Limited,E,TRUE,Peterborough Power 3,CENPB,-48.5,49.227,C,Eastern,
PGBIW-1,T_PGBIW-1,4434,WIND,EDF Energy Customers Limited,T,TRUE,Pogbie WF,LENCO,0,10,C,,
PGBRK-1,E_PGBRKL,,,Peak Gen Top Co Limited,E,TRUE,E_PGBRKL,PEAKGEN,-2.028,20,P,Southern,
PGBRY-1,E_PGBARY,,,Peak Gen Top Co Limited,E,TRUE,E_PGBARY,PEAKGEN,-0.5,20.318,P,South Wales,
PGCOV-1,E_PGCOVE,,,Peak Gen Top Co Limited,E,TRUE,E_PGCOVE,PEAKGEN,-0.1,6,P,East Midlands,
PGDID-1,E_PGDIDC,,,Peak Gen Top Co Limited,E,TRUE,E_PGDIDC,PEAKGEN,-0.1,6,P,Southern,
PGEXT-1,E_PGEXTR,,,Peak Gen Top Co Limited,E,TRUE,E_PGEXTR,PEAKGEN,-0.5,20.439,P,South Western,
PGFAR-1,E_PGFARE,,,Peak Gen Top Co Limited,E,TRUE,E_PGFARE,PEAKGEN,-0.5,20,P,Southern,
PGHAT-1,E_PGHATF,,,Peak Gen Top Co Limited,E,TRUE,E_PGHATF,PEAKGEN,-0.1,6,P,Eastern,
PGHAY-1,E_PGHAYD,,,Peak Gen Top Co Limited,E,TRUE,E_PGHAYD,PEAKGEN,-0.1,6.398,P,North Western,
PGHVT-1,E_PGHVNT,,,Peak Gen Top Co Limited,E,TRUE,E_PGHVNT,PEAKGEN,-0.5,20,P,Southern,
PGLAN-1,E_PGLLAN,,,Peak Gen Top Co Limited,E,TRUE,E_PGLLAN,PEAKGEN,-0.5,20.525,P,South Wales,
PGPET-1,E_PGPETE,,,Peak Gen Top Co Limited,E,TRUE,Peakgen Power 2,PEAKGEN,-8.5,20,P,Eastern,
PGSOU-1,E_PGSOUT,,,Peak Gen Top Co Limited,E,TRUE,E_PGSOUT,PEAKGEN,-0.5,24,P,Southern,
PIBUW-1,E_PIBUW-1,6147,WIND,Npower Commercial Gas Limited,E,TRUE,Pines Burn Wind Farm,NPOWER02,0,36,P,South Scotland,
PILLB-1,E_PILLB-1,7005,BESS,BP Gas Marketing Limited,E,TRUE,Pillswood 1 Battery Storage,BPGAS,-49.9,49.9,P,Yorkshire,
PILLB-2,E_PILLB-2,7360,BESS,BP Gas Marketing Limited,E,TRUE,Pillswood 2 Battery Storage,BPGAS,-49.9,49.9,P,Yorkshire,
PINFB-1,T_PINFB-1,12725,BESS,Zenobe Capenhurst Limited,T,TRUE,T_PINFB-1,ZENOBE2,-27.88,27.08,C,,
PINFB-2,T_PINFB-2,12725,BESS,Zenobe Capenhurst Limited,T,TRUE,T_PINFB-2,ZENOBE2,-26.82,26,C,,
PINFB-3,T_PINFB-3,12725,BESS,Zenobe Capenhurst Limited,T,TRUE,T_PINFB-3,ZENOBE2,-26,26,C,,
PINFB-4,T_PINFB-4,12725,BESS,Zenobe Capenhurst Limited,T,TRUE,T_PINFB-4,ZENOBE2,-26,26,C,,
PLYRK-1,E_PLYRK-1,,OTHER,Conrad Energy (Trading) Ltd,E,FALSE,Plymouth Rock,CONRAD,-1,15,C,South Western,
PNYCB-1,T_PNYCB-1,6927,BESS,Arenko Cleantech Limited,T,TRUE,Pen y Cymoedd Battery,AG,-22,22,P,,
PNYCW-1,T_PNYCW-1,4595,WIND,Pen y Cymoedd Wind Farm LTD,T,TRUE,PNYCW-1 Export,PYC,-17.16,228,P,,
POOBD-1,T_POOBD-1,,,EDF Energy Customers Limited,T,TRUE,T_POOBD-1,LENCO,-8,5.5,C,,
POTES-1,E_POTES-1,11857,BESS,Arenko Cleantech Limited,E,TRUE,Port of Tyne Energy Storage,AG,-35,35,C,Northern,
RAKE-1,E_RAKE-1,,,Conrad Energy (Trading) Ltd,E,TRUE,Rake Lane,CONRAD,-1,20,C,North Western,
RASSP-1,E_RASSP-1,,,Flexitricity Limited,E,TRUE,Rassau Sync Con  Set,FLEXTRCY,-2.697,49,C,South Wales,
RCBKO-1,T_RCBKO-1,2515,WIND,Race Bank Wind Farm Ltd,T,TRUE,RACE_BANK_Z01,DONG011,-3,284,P,,
RCBKO-2,T_RCBKO-2,6501,WIND,Race Bank Wind Farm Ltd,T,TRUE,RACE_BANK_Z02,DONG011,-3,290,P,,
RDFRB-1,E_RDFRB-1,,,Conrad Energy (Trading) Ltd,E,TRUE,Redfield Road B,CONRAD,-1,20,C,East Midlands,
RDFRD-1,E_RDFRD-1,,,Conrad Energy (Trading) Ltd,E,TRUE,Redfield Road,CONRAD,-1,20.5,C,East Midlands,
RDSCR-1,E_RDSCR-1,,,Conrad Energy (Trading) Ltd,E,TRUE,Redscar,CONRAD,0,40,C,North Western,
RHEI-4,E_RHEI-1,,,Statkraft Markets Gmbh,E,TRUE,E_RHEI-1,STATKRA1,0,50,P,Merseyside North Wales,
RICHB-1,T_RICHB-1,8195,OTHER,Limejump Energy Limited,T,TRUE,Richborough Energy Park 1,ANGEL,-49.9,49.9,C,,
RICHB-2,T_RICHB-2,8195,OTHER,Limejump Energy Limited,T,TRUE,Richborough Energy Park 2,ANGEL,-49.9,49.9,C,,
RMPNO-1,T_RMPNO-1,2520,WIND,Rampion Offshore Windfarm Ltd,T,TRUE,Rampion Offshore Wind BMU 1,RAMPION,-10.7,200.1,P,,
RMPNO-2,T_RMPNO-2,2520,WIND,Rampion Offshore Windfarm Ltd,T,TRUE,Rampion Offshore Wind BMU 2,RAMPION,-10.7,200.1,P,,
ROARB-1,E_ROARB-1,7989,BESS,Tesla Motors Limited,E,TRUE,Roaring Hill BESS,TESLA,-50,50,P,South Scotland,
ROCK-1,T_ROCK-1,-18,CCGT,Rocksavage Power Company Ltd,T,TRUE,Rocksavage Power Station,RPCL,-13.2,810,P,,
ROOSB-1,E_ROOSB-1,19570,BESS,CBS ENERGY STORAGE ASSETS LTD,E,TRUE,Roosecote BESS,REGPOWER,-49,49,C,North Western,
RREW-1,T_RREW-1,2496,WIND,RWE Renewables UK Robin Rigg,T,TRUE,T_RREW-1,ROBINRIG,-6,114.293,P,,
RRWW-1,T_RRWW-1,2497,WIND,RWE Renewables UK Robin Rigg,T,TRUE,T_RRWW-1,ROBINRIG,-6,90.838,P,,
RTHSC-1,T_RTHSC-1,,BESS,Flexitricity Limited,T,TRUE,Rothienorman,FLEXTRCY,-10,2.095,C,,
RYHPS-1,T_RYHPS-1,-19,CCGT,VPI Power Limited,T,TRUE,T_RYHPS-1,SPGEN01,-15,720.98,P,,
SAKNW-1,T_SAKNW-1,4574,WIND,Sandy Knowe Wind Farm Ltd,T,TRUE,Sandy Knowe Wind Farm,SANDYWF1,-1,87,P,,
SANQW-1,T_SANQW-1,4441,WIND,SANQUHAR CWCL,T,TRUE,SANQUHAR,SCWCL,0,32.08,P,,
SCCL-1,T_SCCL-1,-20,CCGT,SCCL,T,TRUE,Unit 1,SALTEND,-10,408.2,P,,
SCCL-2,T_SCCL-2,-20,CCGT,SCCL,T,TRUE,Unit 2,SALTEND,-10,409.1,P,,
SCCL-3,T_SCCL-3,-20,CCGT,SCCL,T,TRUE,Unit 3,SALTEND,-77.5,409.3,P,,
SEAB-1,T_SEAB-1,-21,CCGT,Seabank Power Limited,T,TRUE,Seabank Power Module,SEABANK,-11,830,P,,
SEAB-2,T_SEAB-2,-21,CCGT,Seabank Power Limited,T,TRUE,Seabank Power Module 2,SEABANK,-11,406,P,,
SEE-AXPO1,2__JAXPO000,,,AXPO UK LIMITED,G,FALSE,2__JAXPO000,EGLUK,-2,8,C,South Eastern,
SEE-BGS01,2__JBGAS000,,,British Gas Trading Ltd,G,TRUE,2__JBGAS000,BRITGAS,-1.633,3.311,C,South Eastern,
SEE-ENR01,2__JENRD000,,,British Gas Trading Ltd,G,TRUE,2__JENRD000,BRITGAS,-113.458,28,C,South Eastern,
SEE-EON01,2__JEOND000,,,E.ON Next Energy Ltd,G,TRUE,2__JEOND000,NITTWO01,-172,2,C,South Eastern,
SEE-GDF01,2__JRWED000,,,ENGIE Power Limited,G,TRUE,2__JRWED000,RWETDL,-35.75,20,C,South Eastern,
SEE-HVN01,2__JHAVE000,,,Drax Energy Solutions Limited,G,TRUE,2__JHAVE000,HAVEN,0,8.4,C,South Eastern,
SEE-NPE01,2__JNATP000,,,Npower Commercial Gas Limited,G,TRUE,NPEC SEEBOARD Area NATP,NPOWER02,-190.472,66,C,South Eastern,
SEE-OCT01,2__JMRCY000,,,Octopus Energy Limited,G,TRUE,2__JMRCY000,MERCURY,-614.654,660.52,C,South Eastern,
SEE-TFE01,2__JTGPL000,,,TotalEnergies Gas & Power Ltd,G,TRUE,2__JTGPL000,TFEGP,-174.707,56,C,South Eastern,
SEE-VTF01,2__JVETS000,,,Vattenfall Energy Trading,G,TRUE,VTS_GSP_J_009,VTS,-3.5,148,C,South Eastern,
SEEL-1,T_SEEL-1,-24,OCGT,Spalding Energy Expansion Ltd,T,TRUE,Spalding Energy Expansion Ltd,SPALDI,-10,300,P,,
SEVIU-1,E_SEVINGTN,,,UK Power Reserve Limited,E,TRUE,Sevington District Energy,UKPR,0,10.3,C,South Eastern,
SGRWO-1,T_SGRWO-1,14144,WIND,Seagreen Wind Energy Limited,T,TRUE,Seagreen1 Offshore WF 1,SWEL001,-4.3,358,P,,
SGRWO-2,T_SGRWO-2,14144,WIND,Seagreen Wind Energy Limited,T,TRUE,Seagreen1 Offshore WF 2,SWEL001,-2.64,220,P,,
SGRWO-3,T_SGRWO-3,14144,WIND,Seagreen Wind Energy Limited,T,TRUE,Seagreen1 Offshore WF 3,SWEL001,-4.43,374.618,P,,
SGRWO-4,T_SGRWO-4,14144,WIND,Seagreen Wind Energy Limited,T,TRUE,Seagreen1 Offshore WF 4,SWEL001,-2.6,140,P,,
SGRWO-5,T_SGRWO-5,14144,WIND,Seagreen Wind Energy Limited,T,TRUE,Seagreen1 Offshore WF 5,SWEL001,-3.42,300,P,,
SGRWO-6,T_SGRWO-6,14144,WIND,Seagreen Wind Energy Limited,T,TRUE,Seagreen1 Offshore WF 6,SWEL001,-5.6,380,P,,
SHBA-1,T_SHBA-1,-23,CCGT,EP UK INVESTMENTS LIMITED,T,TRUE,SOUTH HUMBER BANK P/S PHASE 1,EPUKI,-10,821.4,P,,
SHBA-2,T_SHBA-2,-23,CCGT,EP UK INVESTMENTS LIMITED,T,TRUE,SOUTH HUMBER BANK P/S PHASE 2,EPUKI,-10,580,P,,
SHILB-1,E_SHILB-1,7012,OTHER,Octopus Energy Trading Limited,E,TRUE,Shilton Lane BESS,COPPER,-40,40,C,South Scotland,
SHOS-1,E_SHOS-1,-22,CCGT,VPI Power Limited,E,TRUE,Shoreham Power Station,SPGEN01,-16,460,P,South Eastern,
SHRSO-1,T_SHRSW-1,2512,WIND,Scira Offshore Energy Limited,T,TRUE,Sheringham Shoal Unit 1,SCIRA,-1.1,158.4,P,,
SHRSO-2,T_SHRSW-2,2512,WIND,Scira Offshore Energy Limited,T,TRUE,Sheringham Shoal Unit 2,SCIRA,-1.1,158.4,P,,
SIZB-1,T_SIZB-1,-60,NUCLEAR,EDF Energy Nuclear Generation,T,TRUE,Sizewell B Genrator 1,BEGL001,-20,656.92,P,,
SIZB-2,T_SIZB-2,-60,NUCLEAR,EDF Energy Nuclear Generation,T,TRUE,Sizewell B Genrator 2,BEGL001,-20,630,P,,
SKELB-1,E_SKELB-1,7985,BESS,Tesla Motors Limited,E,TRUE,Skelmersdale Battery,TESLA,-50.642,49.9,P,North Western,
SLOY-1,M_SLOY-1,14006,HYDRO,SSE Generation Ltd,T,TRUE,Sloy G1,SSEGEN,-0.118,50,P,,
SLOY-2,T_SLOY-2,14006,HYDRO,SSE Generation Ltd,T,TRUE,Sloy G2,SSEGEN,-0.022,41,P,,
SLOY-3,T_SLOY-3,14006,HYDRO,SSE Generation Ltd,T,TRUE,Sloy G3,SSEGEN,-0.038,41.46,P,,
SLOY-4,M_SLOY-4,14006,HYDRO,SSE Generation Ltd,T,TRUE,Sloy G4,SSEGEN,-0.02,40,P,,
SOFWO-11,T_SOFOW-11,6556,WIND,Sofia Offshore Wind Farm Ltd,T,TRUE,Sofia Offshore Wind BMU 1,SOFIA,-15,457,P,,
SOFWO-12,T_SOFOW-12,6556,WIND,Sofia Offshore Wind Farm Ltd,T,TRUE,Sofia Offshore Wind BMU 2,SOFIA,-15,457,P,,
SOFWO-21,T_SOFOW-21,6556,WIND,Sofia Offshore Wind Farm Ltd,T,TRUE,Sofia Offshore Wind BMU 3,SOFIA,-15,457,P,,
SOFWO-22,T_SOFOW-22,6556,WIND,Sofia Offshore Wind Farm Ltd,T,TRUE,Sofia Offshore Wind BMU 4,SOFIA,-15,457,P,,
SOKYW-1,T_SOKYW-1,4586,WIND,South Kyle Wind Farm Limited,T,TRUE,South Kyle Wind Farm,GBSKYL,-2,426.916,P,,
SOLUU-1,E_SOLUTIA,,,UK Power Reserve Limited,E,TRUE,Solutia Power Station,UKPR,0,15.8,C,South Wales,
SPLN-1,T_SPLN-1,-24,CCGT,Spalding Energy Company Ltd,T,TRUE,Spalding Power Station,SPAL,-10,950,P,,
SSC-ATL01,2__NIMPO000,,,SSE Energy Supply Limited,G,TRUE,IMPO South Scotland,SSE,-168.24,81,C,South Scotland,
SSC-AXPO1,2__NAXPO000,,,AXPO UK LIMITED,G,FALSE,2__NAXPO000,EGLUK,-24,90,C,South Scotland,
SSC-BGS01,2__NBGAS000,,,British Gas Trading Ltd,G,TRUE,2__NBGAS000,BRITGAS,-1.528,1.663,C,South Scotland,
SSC-ENR01,2__NENRD000,,,British Gas Trading Ltd,G,TRUE,2__NENRD000,BRITGAS,-130.094,60,C,South Scotland,
SSC-EON01,2__NEOND000,,,E.ON Next Energy Ltd,G,TRUE,2__NEOND000,NITTWO01,-116,2,C,South Scotland,
SSC-GDF01,2__NRWED000,,,ENGIE Power Limited,G,TRUE,2__NRWED000,RWETDL,-44,230,C,South Scotland,
SSC-HPW01,2__NHPOW000,,,Drax Energy Solutions Limited,G,TRUE,2__NHPOW000,HAVEN,-124.808,52,C,South Scotland,
SSC-HVN01,2__NHAVE000,,,Drax Energy Solutions Limited,G,TRUE,2__NHAVE000,HAVEN,0,113.1,C,South Scotland,
SSC-LON01,2__NLOND000,,,EDF Energy Customers Limited,G,TRUE,Default LOND BMU for _N,LENCO,-360,20,C,South Scotland,
SSC-NPE01,2__NNATP000,,,Npower Commercial Gas Limited,G,TRUE,NPEC Scottish Power Area NATP,NPOWER02,-144,114,C,South Scotland,
SSC-OCT01,2__NMRCY000,,,Octopus Energy Limited,G,TRUE,2__NMRCY000,MERCURY,-339.975,348.6,C,South Scotland,
SSC-SPC01,2__NSPOW000,,,ScottishPower Energy Retail,G,TRUE,2__NSPOW000,SPSUP01,-272.4,51.4,C,South Scotland,
SSC-TFE01,2__NTGPL000,,,TotalEnergies Gas & Power Ltd,G,FALSE,2__NTGPL000,TFEGP,-135.331,4,C,South Scotland,
STALB-1,E_STALB-1,10429,BESS,KXP Immingham Ltd,E,TRUE,KXP Immingham BESS,KXPIMM,-83.066,80.844,C,Yorkshire,
STAY-1,T_STAY-1,-25,CCGT,RWE Generation UK plc,T,TRUE,Staythorpe Unit 1,INNOGY01,-15,464.4,P,,
STAY-2,T_STAY-2,-25,CCGT,RWE Generation UK plc,T,TRUE,Staythorpe Unit 2,INNOGY01,-15,464.4,P,,
STAY-3,T_STAY-3,-25,CCGT,RWE Generation UK plc,T,TRUE,Staythorpe Unit 3,INNOGY01,-15,464.4,P,,
STAY-4,T_STAY-4,-25,CCGT,RWE Generation UK plc,T,TRUE,Staythorpe Unit 4,INNOGY01,-15,464.4,P,,
STH-AXPO1,2__HAXPO000,,,AXPO UK LIMITED,G,FALSE,2__HAXPO000,EGLUK,-42,75,C,Southern,
STH-BGS01,2__HBGAS000,,,British Gas Trading Ltd,G,TRUE,2__HBGAS000,BRITGAS,-2.664,4.951,C,Southern,
STH-ENR01,2__HENRD000,,,British Gas Trading Ltd,G,TRUE,2__HENRD000,BRITGAS,-197.324,4,C,Southern,
STH-EON01,2__HEOND000,,,E.ON Next Energy Ltd,G,TRUE,2__HEOND000,NITTWO01,-232.115,2,C,Southern,
STH-GDF01,2__HRWED000,,,ENGIE Power Limited,G,TRUE,2__HRWED000,RWETDL,-128,42,C,Southern,
STH-HPW01,2__HHPOW000,,,Drax Energy Solutions Limited,G,TRUE,2__HHPOW000,HAVEN,-301.003,38,C,Southern,
STH-HVN01,2__HHAVE000,,,Drax Energy Solutions Limited,G,TRUE,2__HHAVE000,HAVEN,0,61.12,C,Southern,
STH-NPE01,2__HNATP000,,,Npower Commercial Gas Limited,G,TRUE,NPEC Southern Area NATP,NPOWER02,-232,76,C,Southern,
STH-OCT01,2__HMRCY000,,,Octopus Energy Limited,G,TRUE,2__HMRCY000,MERCURY,-749.137,835.8,C,Southern,
STH-TFE01,2__HTGPL000,,,TotalEnergies Gas & Power Ltd,G,TRUE,2__HTGPL000,TFEGP,-257.229,912.53,C,Southern,
STLGW-1,T_STLGW-1,4597,WIND,Stronelairg Windfarm Limited,T,TRUE,Stronelairg Windfarm 1,STLG,-2.756,108,P,,
STLGW-2,T_STLGW-2,4597,WIND,Stronelairg Windfarm Limited,T,TRUE,Stronelairg Windfarm 2,STLG,-2,108,P,,
STLGW-3,T_STLGW-3,4597,WIND,Stronelairg Windfarm Limited,T,TRUE,Stronelairg Windfarm 3,STLG,-3.316,108,P,,
STRHW-1,E_STRHW-1,7476,WIND,ENGIE Power Limited,E,TRUE,Strathrory Wind Farm,RWETDL,-0.5,36,C,North Scotland,
STRNW-1,T_STRNW-1,4625,WIND,Strathy Wind Farm Limited,T,TRUE,Strathy North Wind Farm 1,STRTHWFL,-0.6,70,P,,
SUDME-1,E_SUDME-1,17343,BESS,Conrad Energy (Trading) Ltd,E,TRUE,Sudmeadow,CONRAD,-1.1,40,C,Midlands,
SUNDB-1,T_SUNDB-1,7283,BESS,Pivoted Power LLP,T,TRUE,SUNDON BESS,PIVOT,-57,50.246,C,,
SUTB-1,T_SUTB-1,-61,CCGT,SUTTON BRIDGE POWER GENERATION,T,TRUE,BMUid for Sutton Bridge Power,SUTTBRGE,-8,850,P,,
SUTBS-1,T_SUTBS-1,16008,OTHER,EDF Energy Customers Limited,T,TRUE,Sutton Bridge Solar Farm,LENCO,-2,49.419,C,,
SVRP-10,T_SVRP-10,-62,CCGT,Severn Power Limited,T,TRUE,Dong Energy Severn Power Ut 10,DONGSVR,-9,425,P,,
SVRP-20,T_SVRP-20,-62,CCGT,Severn Power Limited,T,TRUE,Dong Energy Severn Power Ut 20,DONGSVR,-9,425,P,,
SWA-AXPO1,2__KAXPO000,,,AXPO UK LIMITED,G,FALSE,2__KAXPO000,EGLUK,-50,3,C,South Wales,
SWA-BGS01,2__KBGAS000,,,British Gas Trading Ltd,G,TRUE,2__KBGAS000,BRITGAS,-0.782,1.973,C,South Wales,
SWA-ENR01,2__KENRD000,,,British Gas Trading Ltd,G,TRUE,2__KENRD000,BRITGAS,-52.322,36,C,South Wales,
SWA-EON01,2__KEOND000,,,E.ON Next Energy Ltd,G,TRUE,2__KEOND000,NITTWO01,-73.027,26,C,South Wales,
SWA-GDF01,2__KRWED000,,,ENGIE Power Limited,G,TRUE,2__KRWED000,RWETDL,-16,56,C,South Wales,
SWA-HPW01,2__KHPOW000,,,Drax Energy Solutions Limited,G,TRUE,2__KHPOW000,HAVEN,-121.955,5.5,C,South Wales,
SWA-HVN01,2__KHAVE000,,,Drax Energy Solutions Limited,G,TRUE,2__KHAVE000,HAVEN,0,99.22,C,South Wales,
SWA-LON01,2__KLOND000,,,EDF Energy Customers Limited,G,TRUE,LE Default BMUid SWAE,LENCO,-180,36,C,South Wales,
SWA-NPE01,2__KNATP000,,,Npower Commercial Gas Limited,G,TRUE,NPEC South Wales Area NATP,NPOWER02,-161.584,34,C,South Wales,
SWA-OCT01,2__KMRCY000,,,Octopus Energy Limited,G,TRUE,2__KMRCY000,MERCURY,-202.018,205.8,C,South Wales,
SWA-TFE01,2__KTGPL000,,,TotalEnergies Gas & Power Ltd,G,TRUE,2__KTGPL000,TFEGP,-112.313,100,C,South Wales,
SWA-UKP01,2__KUKPR000,,,UK Power Reserve Limited,G,TRUE,UK_Power_Reserve_K,UKPR,0,66,C,South Wales,
SWBKW-1,E_SWBKW-1,4449,WIND,Vattenfall Energy Trading,E,TRUE,Solwaybank WF,VTS,0,34,C,South Scotland,
SWDNB-1,E_SWDNB-1,11787,BESS,Conrad Energy (Trading) Ltd,E,TRUE,Swindon,CONRAD,-19.794,19,C,Southern,
SWT-AXPO1,2__LAXPO000,,,AXPO UK LIMITED,G,FALSE,2__LAXPO000,EGLUK,-10,30,C,South Western,
SWT-BGS01,2__LBGAS000,,,British Gas Trading Ltd,G,TRUE,2__LBGAS000,BRITGAS,-1.738,3.804,C,South Western,
SWT-ENR01,2__LENRD000,,,British Gas Trading Ltd,G,TRUE,2__LENRD000,BRITGAS,-95.682,24,C,South Western,
SWT-EON01,2__LEOND000,,,E.ON Next Energy Ltd,G,TRUE,2__LEOND000,NITTWO01,-120,2,C,South Western,
SWT-GDF01,2__LRWED000,,,ENGIE Power Limited,G,TRUE,2__LRWED000,RWETDL,-74,72,C,South Western,
SWT-HVN01,2__LHAVE000,,,Drax Energy Solutions Limited,G,TRUE,2__LHAVE000,HAVEN,0,29.72,C,South Western,
SWT-LON01,2__LLOND000,,,EDF Energy Customers Limited,G,TRUE,LE Default BMUid SWEB,LENCO,-200,90,C,South Western,
SWT-NPE01,2__LNATP000,,,Npower Commercial Gas Limited,G,TRUE,NPEC South Western Area NATP,NPOWER02,-98,32,C,South Western,
SWT-OCT01,2__LMRCY000,,,Octopus Energy Limited,G,TRUE,2__LMRCY000,MERCURY,-406.587,387.52,C,South Western,
SWT-OVO01,2__LOVOE000,,,OVO Electricity Ltd,G,FALSE,2__LOVOE000,OVOE,-75,29.581,C,South Western,
SWT-SWT01,2__LSWEB000,,,EDF Energy Customers Limited,G,TRUE,SWEB Default BMUid SWEB,LENCO,-2,2,C,South Western,
SWT-TFE01,2__LTGPL000,,,TotalEnergies Gas & Power Ltd,G,TRUE,2__LTGPL000,TFEGP,-216.871,205.511,C,South Western,
SZJNB-1,T_SZJNB-1,8439,BESS,Arenko Cleantech Limited,T,TRUE,Sizing John,AG,-57,57,C,,
T_FERGD-1,T_FERGD-1,,,EDF Energy Customers Limited,T,FALSE,NR Ferguslie 1,LENCO,0,5.053,P,,
T_FERGD-2,T_FERGD-2,,,EDF Energy Customers Limited,T,FALSE,NR Ferguslie 2,LENCO,0,2.303,P,,
TAYL2G,E_TAYL2G,-63,OCGT,Uniper UK Limited,E,TRUE,E_TAYL2G,EECL,-2.3,73.325,P,London,
TAYL3G,E_TAYL3G,-63,OCGT,Uniper UK Limited,E,TRUE,E_TAYL3G,EECL,-2.3,72,P,London,
TDBNW-1,T_TDBNW-1,3457,WIND,SSE Generation Ltd,T,TRUE,Toddleburn,SSEGEN,-1,31.6,P,,
TDRVE-1,E_TDRVE-1,,OTHER,Conrad Energy (Trading) Ltd,E,TRUE,The Drove,CONRAD,-5.916,6,C,South Western,
TEBWB-1,T_TEBWB-1,8895,BESS,Arenko Cleantech Limited,T,TRUE,Tebworth BESS Power Park,AG,-39.9,39.9,C,,
TEBWS-1,T_TEBWS-1,8894,SOLAR,Sundon Green Limited,T,TRUE,Tebworth PV Power Park,SUNDONGR,-1,45.928,P,,
THMRB-1,E_THMRB-1,,BESS,Tesla Motors Limited,E,TRUE,Thame Road BESS,TESLA,-49.5,49.5,P,Eastern,
THNTO-1,T_THNTO-1,6299,WIND,Thanet Offshore Wind Limited,T,TRUE,Thanet Offshore Wind Limited 1,TOW,-3,287.699,P,,
THNTO-2,T_THNTO-2,6299,WIND,Thanet Offshore Wind Limited,T,TRUE,Thanet Offshore Wind Limited 2,TOW,-3,230.159,P,,
THRNL-1,E_THRNL-1,-64,GAS,Whitetower Energy Limited,E,TRUE,THORNHILL PS,FDUN1,-6,50,P,Yorkshire,
THUPG-1,T_THUPG-1,7696,GAS,THURROCK POWER LIMITED,T,FALSE,T_THUPG-1,THRKGAS,-4.3,180,P,,
THUPG-2,T_THUPG-2,7696,GAS,THURROCK POWER LIMITED,T,FALSE,T_THUPG-2,THRKGAS,-4.3,170,P,,
THURB-1,T_THURB-1,7696,BESS,THURROCK STORAGE LIMITED,T,TRUE,T_THURB-1,THRKBESS,-100,100,P,,
THURB-2,T_THURB-2,7696,BESS,THURROCK STORAGE LIMITED,T,TRUE,T_THURB-2,THRKBESS,-100,100,P,,
THURB-3,T_THURB-3,7696,BESS,THURROCK STORAGE LIMITED,T,TRUE,T_THURB-3,THRKBESS,-100,100,P,,
TIBG-1,E_TGP1,17874,SOLAR,ESBIG Trading Ltd,E,TRUE,Tilbury Green Power One,ESBIGT,0,43,P,Eastern,
TKNEW-1,T_TKNEW-1,2532,WIND,Triton Knoll Offshore Wind,T,TRUE,Triton Knoll OSP East 1,TKWFL,-6.621,412,P,,
TKNWW-1,T_TKNWW-1,2532,WIND,Triton Knoll Offshore Wind,T,TRUE,Triton Knoll OSP west 1,TKWFL,-6.509,412,P,,
TLYMW-1,E_TLYMW-1,4599,WIND,EDF Energy Customers Limited,E,TRUE,Tullymurdoch Wind Farm,LENCO,0,13.856,C,North Scotland,
TODSD-1,T_TODSD-1,,BESS,Drax Energy Solutions Limited,T,TRUE,BS Tod Point Supply,HAVEN,-33.15,2,C,,
TOLLB-1,E_TOLLB-1,6949,BESS,Tollgate Energy Storage Ltd,E,TRUE,Tollgate Energy Storage,TOLL,-50.481,49,P,Eastern,
TORN-1,T_TORN-1,-65,NUCLEAR,EDF Energy Nuclear Generation,T,TRUE,Torness Generator 1,BEGL001,-35,652,P,,
TORN-2,T_TORN-2,-65,NUCLEAR,EDF Energy Nuclear Generation,T,TRUE,Torness Generator 2,BEGL001,-35,700,P,,
TORQB-1,E_TORQB-1,9046,BESS,Conrad Energy (Trading) Ltd,E,TRUE,Torquay,CONRAD,-23.041,22.364,C,South Western,
TRFPK-1,E_TRFPK-1,-68,OCGT,Conrad Energy (Trading) Ltd,E,TRUE,Trafalgar Park,CONRAD,-1.1,14,C,East Midlands,
TRLGW-1,T_TRLGW-1,,WIND,Smartestenergy Limited,T,TRUE,T_TRLGW-1,SMARTEST,0,18.742,C,,
TRMFD-1,T__KYELT003,,,AXPO UK LIMITED,T,TRUE,ASW tremorfa,EGLUK,-134,2,C,,
TSREP-1,T_TSREP-1,153,BIOMASS,MGT TEESSIDE LTD.,T,TRUE,MGT TEESIDE TEESREP MAIN,TEESREP,-45,285,P,,
TULWW-1,E_TULWW-1,3190,WIND,Eneco Energy Trade,E,TRUE,Tullo Windfarm,ENECOUK,-9.538,17,P,North Scotland,
TULWW-2,E_TULWW-2,3818,WIND,Eneco Energy Trade,E,TRUE,Tullo Extension,ENECOUK,-0.4,25,C,North Scotland,
TWSHW-1,T_TWSHW-1,4457,WIND,Twentyshilling Limited,T,TRUE,Twenty Shilling Wind Farm,TWENTYSH,-7.324,37.8,P,,
TYLNB-1,T_TYLNB-1,20402,BESS,Pivoted Power LLP,T,TRUE,Tye Lane BESS,PIVOT,-57,58,P,,
TYLNS-1,T_TYLNS-1,9610,SOLAR,DAMSONGREEN ENERGYFARM LIMITED,T,TRUE,Tye Lane Solar,DAMSON,0,49.9,C,,
USKM-13,T_USKM-13,6089,BIOMASS,SIMEC Uskmouth Power Limited,T,TRUE,Uskmouth 13,USKMOUTH,0,14,P,,
USKMB-2,T_USKMB-2,10936,OTHER,UES Asset 1 Limited,T,TRUE,UES Asset 1 limited BMU1 BESS1,UES12025,-57.5,57.5,P,,
USKMB-3,T_USKMB-3,10936,OTHER,UES Asset 1 Limited,T,TRUE,UES Asset 1 limited BMU1 BESS2,UES12025,-57.5,57.5,P,,
USKMB-4,T_USKMB-4,10936,OTHER,E.ON UK Battery Storage,T,TRUE,Uskmouth Battery Unit 4,EONUKBSS,-57.5,57.5,P,,
USKMB-5,T_USKMB-5,10936,OTHER,E.ON UK Battery Storage,T,TRUE,Uskmouth Battery Unit 5,EONUKBSS,-57.5,57.5,P,,
VKING-2,E_VKING-2,-67,GAS,Whitetower Energy Limited,E,TRUE,Viking,FDUN1,-6,50,P,Northern,
VKNGW-1,T_VKNGW-1,4622,WIND,Viking Energy Wind Farm LLP,T,TRUE,Viking Energy Windfarm BMU-1,VIKING,-3,121.8,P,,
VKNGW-2,T_VKNGW-2,4622,WIND,Viking Energy Wind Farm LLP,T,TRUE,Viking Energy Windfarm BMU-2,VIKING,-3,121.8,P,,
VKNGW-3,T_VKNGW-3,4622,WIND,Viking Energy Wind Farm LLP,T,TRUE,Viking Energy Windfarm BMU-3,VIKING,-3,121.8,P,,
VKNGW-4,T_VKNGW-4,4622,WIND,Viking Energy Wind Farm LLP,T,TRUE,Viking Energy Windfarm BMU-4,VIKING,-3,121.8,P,,
WBUGT-1,T_WBUGT-1,-27,OCGT,EDF Energy (Thermal Generation,T,TRUE,West Burton GT 01,WBURTONB,0,21.94,P,,
WBUGT-4,T_WBUGT-4,-27,OCGT,EDF Energy (Thermal Generation,T,TRUE,West Burton GT 04,WBURTONB,0,21,P,,
WBURB-1,T_WBURB-1,-27,CCGT,West Burton B Limited,T,TRUE,West Burton B Unit 1,WESTBURB,-60,470,P,,
WBURB-2,T_WBURB-2,-27,CCGT,West Burton B Limited,T,TRUE,West Burton B Unit 2,WESTBURB,-7.56,470,P,,
WBURB-3,T_WBURB-3,-27,CCGT,West Burton B Limited,T,TRUE,West Burton B Unit 3,WESTBURB,-60,470,P,,
WBURB-41,T_WBURB-41,-27,BESS,West Burton B Limited,T,TRUE,West Burton B Battery,WESTBURB,-30,31,P,,
WBURB-43,T_WBURB-43,-27,BESS,West Burton B Limited,T,TRUE,West Burton B Battery,WESTBURB,-30.338,31,P,,
WDNSO-1,T_WDNSO-1,2519,WIND,Morecambe Wind Limited,T,TRUE,West of Duddon Sands Offshore1,MWLWODS1,-5,197,P,,
WDNSO-2,T_WDNSO-2,2519,WIND,Morecambe Wind Limited,T,TRUE,West of Duddon Sands Offshore2,MWLWODS1,-5,201,P,,
WDRGW-1,T_WDRGW-1,4430,WIND,Windy Rig Wind Farm Limited,T,TRUE,Windy Rig Wind Farm,WINDYRIG,-0.76,42.8,P,,
WHIHW-1,T_WHIHW-1,4502,WIND,Whiteside Hill,T,TRUE,Whiteside Hill WF,WHWF1985,-0.1,27.52,P,,
WHILW-1,T_WHILW-1,3489,WIND,SP Renewables (UK) Limited,T,TRUE,T_WHILW-1,SPCRE01,-10,309,P,,
WHILW-2,T_WHILW-2,2757,WIND,SP Renewables (UK) Limited,T,TRUE,Whitelee Extension,SPCRE01,-3.5,206,P,,
WHLWB-1,T_WHLWB-1,7174,BESS,SP Renewables (UK) Limited,T,TRUE,Whitelee 1 Battery,SPCRE01,-50.2,50.2,C,,
WHTBB-1,E_WHTBB-1,9563,BESS,Field Whitebirk Ltd,E,TRUE,Whitebirk BESS,FIELDWHI,-25,25,P,North Western,
WILCT-1,T_WILCT-1,35,BIOMASS,SembCorp Utilities (UK) Ltd,T,TRUE,ETOL - Wilton Site,EAGLE2,-120,182,P,,
WISHB-1,T_WISHB-1,9522,BESS,Zenobe Wishaw Limited,T,TRUE,Wishaw BESS,ZENOBE3,-51,51,C,,
WISTW-2,T_WISTW-2,4615,WIND,BROCKLOCH RIG WINDFARM LTD,T,TRUE,Brockloch Rig 2 WF Exp A,BRWLTD,-0.336,61.5,P,,
WLNYO-2,T_WLNYO-2,2506,WIND,Walney Offshore Windfarms Ltd,T,TRUE,WALNEY_2,DONG003,-2.886,183.6,P,,
WLNYO-3,T_WLNYO-3,2533,WIND,Walney Extension Ltd,T,TRUE,WALNEY_3,DONG012,-3,330,P,,
WLNYO-4,T_WLNYO-4,2533,WIND,Walney Extension Ltd,T,TRUE,WALNEY_4,DONG012,-6.651,330,P,,
WLNYO-4,T_WLNYO-4,2533,WIND,Walney Extension Ltd,T,TRUE,WALNEY_4,DONG012,-6.651,330,P,,
WLNYW-1,T_WLNYW-1,2500,WIND,Walney Offshore Windfarms Ltd,T,TRUE,WALNEY_1,DONG003,-2,182,P,,
WOLVB-1,E_WOLVB-1,6977,BESS,EDF Energy Customers Limited,E,TRUE,Wolverhampton West BESS,LENCO,-52,56,C,Midlands,
WTGTB-1,T_WTGTB-1,10690,BESS,HD144WHI Ltd,T,TRUE,Whitegate,CESWHI01,-57,58,P,,
WTMSO-1,T_WTMSO-1,2545,WIND,Westermost Rough Limited,T,TRUE,WESTERMOST_ROUGH,DONG008,-40,205,P,,
WTRLN-1,E_WTRLN-1,-66,GAS,Conrad Energy (Trading) Ltd,E,TRUE,Water Lane,CONRAD,-1,20,C,South Western,
YEP-ATL01,2__MIMPO000,,,SSE Energy Supply Limited,G,TRUE,2__MIMPO000,SSE,-130.28,43.8,C,Yorkshire,
YEP-AXPO1,2__MAXPO000,,,AXPO UK LIMITED,G,FALSE,2__MAXPO000,EGLUK,-22,95,C,Yorkshire,
YEP-BGS01,2__MBGAS000,,,British Gas Trading Ltd,G,TRUE,2__MBGAS000,BRITGAS,-1.686,3.093,C,Yorkshire,
YEP-ENR01,2__MENRD000,,,British Gas Trading Ltd,G,TRUE,2__MENRD000,BRITGAS,-154.854,32,C,Yorkshire,
YEP-EON01,2__MEOND000,,,E.ON Next Energy Ltd,G,TRUE,2__MEOND000,NITTWO01,-276,2,C,Yorkshire,
YEP-GDF01,2__MRWED000,,,ENGIE Power Limited,G,TRUE,2__MRWED000,RWETDL,-148,26,C,Yorkshire,
YEP-HPW01,2__MHPOW000,,,Drax Energy Solutions Limited,G,TRUE,2__MHPOW000,HAVEN,-231.079,4,C,Yorkshire,
YEP-HVN01,2__MHAVE000,,,Drax Energy Solutions Limited,G,TRUE,2__MHAVE000,HAVEN,0,120.24,C,Yorkshire,
YEP-LON01,2__MLOND000,,,EDF Energy Customers Limited,G,TRUE,LE Default BMUid YELG,LENCO,-210,16,C,Yorkshire,
YEP-NPE01,2__MNATP000,,,Npower Commercial Gas Limited,G,TRUE,NPEC Yorkshire Area NATP,NPOWER02,-236,78,C,Yorkshire,
YEP-OCT01,2__MMRCY000,,,Octopus Energy Limited,G,TRUE,2__MMRCY000,MERCURY,-481.441,520.24,C,Yorkshire,
YEP-OVO01,2__MOVOE000,,,OVO Electricity Ltd,G,FALSE,2__MOVOE000,OVOE,-80,2.6,C,Yorkshire,
YEP-TFE01,2__MTGPL000,,,TotalEnergies Gas & Power Ltd,G,TRUE,2__MTGPL000,TFEGP,-201.515,64,C,Yorkshire,
