{
"type": "FeatureCollection",
"name": "ETYS boundary GIS data Mar25",
"features": [
{ "type": "Feature", "properties": { "Boundary_n": "NW2", "ID": "BND001" }, "geometry": { "type": "LineString", "coordinates": [ [ -5.0892915, 53.0118901 ], [ -4.8435868, 52.9994051 ], [ -4.8283451, 52.9997461 ], [ -4.8080351, 53.0001955 ], [ -4.7801119, 53.0008079 ], [ -4.7242794, 53.0020134 ], [ -4.6710005, 53.0031352 ], [ -4.6076003, 53.0044383 ], [ -4.5467575, 53.0056544 ], [ -4.4809616, 53.0084524 ], [ -4.3798129, 53.0149179 ], [ -4.2787658, 53.0243498 ], [ -4.1725179, 53.0338196 ], [ -4.0688384, 53.041619 ], [ -3.988215, 53.0504345 ], [ -3.9151579, 53.0621812 ], [ -3.850339, 53.0765129 ], [ -3.8026083, 53.0877736 ], [ -3.765001, 53.1004367 ], [ -3.7173848, 53.117774 ], [ -3.6697372, 53.1350784 ], [ -3.6119475, 53.1555173 ], [ -3.5717247, 53.1711933 ], [ -3.5365754, 53.188334 ], [ -3.5014617, 53.2100557 ], [ -3.4814116, 53.2255339 ], [ -3.4664332, 53.2394355 ], [ -3.453957, 53.2517902 ], [ -3.444058, 53.2656539 ], [ -3.4417561, 53.2763875 ], [ -3.441946, 53.2840337 ], [ -3.442174, 53.2932117 ], [ -3.4423641, 53.300862 ], [ -3.4425923, 53.3100447 ], [ -3.4478629, 53.316119 ], [ -3.4531693, 53.3237285 ], [ -3.4610332, 53.3313228 ], [ -3.4869075, 53.3402778 ], [ -3.5049784, 53.3446887 ], [ -3.5256518, 53.3506016 ], [ -3.551616, 53.3610639 ], [ -3.5878287, 53.3698745 ], [ -3.6164599, 53.3818397 ], [ -3.6476914, 53.3937734 ], [ -3.6763844, 53.4057354 ], [ -3.7154, 53.4175729 ], [ -3.7467337, 53.4294993 ], [ -3.7858887, 53.4428669 ], [ -3.8198751, 53.4547582 ], [ -3.8486123, 53.4636315 ], [ -3.872148, 53.471029 ], [ -3.890474, 53.4769556 ], [ -3.9139718, 53.4828086 ], [ -3.9401341, 53.4901654 ], [ -3.9818131, 53.4972992 ], [ -4.0416854, 53.5056998 ], [ -4.0937794, 53.5126523 ], [ -4.1406558, 53.518121 ], [ -4.1926505, 53.5219475 ], [ -4.242086, 53.5257963 ], [ -4.2967254, 53.5295417 ], [ -4.3358619, 53.5335303 ], [ -4.3854832, 53.5388766 ], [ -4.4555593, 53.5391973 ], [ -4.5412297, 53.5391934 ], [ -4.6059547, 53.5364348 ], [ -4.6473456, 53.534092 ], [ -4.7076416, 53.5386752 ], [ -5.0427246, 53.5403074 ] ] } },
{ "type": "Feature", "properties": { "Boundary_n": "B7a", "ID": "BND002" }, "geometry": { "type": "LineString", "coordinates": [ [ -4.9822998, 53.7584544 ], [ -4.4393202, 53.8153375 ], [ -4.3761201, 53.8188424 ], [ -4.2249193, 53.8242258 ], [ -4.0490379, 53.8278581 ], [ -3.8347395, 53.8319133 ], [ -3.6202213, 53.8294476 ], [ -3.4440365, 53.8178732 ], [ -3.3064375, 53.801463 ], [ -3.232239, 53.7881843 ], [ -3.1438967, 53.7689443 ], [ -3.0591503, 53.7475871 ], [ -3.002614, 53.7299553 ], [ -2.9568722, 53.7182756 ], [ -2.9040052, 53.7005861 ], [ -2.8618705, 53.6888555 ], [ -2.8303396, 53.6810637 ], [ -2.8025034, 53.6792999 ], [ -2.760978, 53.683719 ], [ -2.7162509, 53.6982739 ], [ -2.6715669, 53.7168813 ], [ -2.6269039, 53.7395418 ], [ -2.5716521, 53.7602468 ], [ -2.5302009, 53.7788191 ], [ -2.5096119, 53.7972384 ], [ -2.4994247, 53.813543 ], [ -2.4692609, 53.8274623 ], [ -2.4293059, 53.8474348 ], [ -2.4022867, 53.8671258 ], [ -2.3877098, 53.880646 ], [ -2.3683515, 53.8864128 ], [ -2.256314, 53.9071456 ], [ -2.2434857, 53.911748 ], [ -2.2151715, 53.9179267 ], [ -2.1637564, 53.92872 ], [ -2.101875, 53.9425739 ], [ -2.0274787, 53.9624785 ], [ -1.9394568, 53.9839431 ], [ -1.8305298, 54.0099354 ], [ -1.721744, 54.0328118 ], [ -1.594329, 54.0540979 ], [ -1.4768268, 54.0707132 ], [ -1.3669589, 54.0811401 ], [ -1.272646, 54.0900016 ], [ -1.1861059, 54.0972943 ], [ -1.0837428, 54.1059691 ], [ -0.9655359, 54.1129601 ], [ -0.8525003, 54.1198543 ], [ -0.7551561, 54.123726 ], [ -0.6498648, 54.1289702 ], [ -0.5548796, 54.1357754 ], [ -0.4541017, 54.1471005 ], [ -0.3770106, 54.1585929 ], [ -0.2787667, 54.1682616 ], [ -0.1742126, 54.1840378 ], [ -0.0884516, 54.1968606 ], [ 0.016752, 54.2171305 ], [ 0.1121139, 54.2421728 ], [ 0.1912648, 54.261229 ], [ 0.2022341, 54.2641785 ], [ 0.2838661, 54.2785062 ], [ 0.3819451, 54.2941051 ], [ 0.5025073, 54.3155451 ], [ 0.6014754, 54.332619 ], [ 0.6341457, 54.3351677 ], [ 0.7250977, 54.3437499 ], [ 1.0629272, 54.3869553 ] ] } },
{ "type": "Feature", "properties": { "Boundary_n": "B8", "ID": "BND003" }, "geometry": { "type": "LineString", "coordinates": [ [ -5.2624512, 52.1958233 ], [ -4.9195323, 52.2104704 ], [ -4.8490301, 52.2165526 ], [ -4.7032826, 52.230175 ], [ -4.5868586, 52.2430322 ], [ -4.4289546, 52.2580566 ], [ -4.3025333, 52.2693314 ], [ -4.1905296, 52.2787272 ], [ -4.0321156, 52.2946643 ], [ -3.8935804, 52.3086928 ], [ -3.7572339, 52.3239655 ], [ -3.6287855, 52.3554977 ], [ -3.4612579, 52.4114765 ], [ -3.3321257, 52.4684795 ], [ -3.2341661, 52.5254056 ], [ -3.1552516, 52.5732525 ], [ -3.0762834, 52.6178266 ], [ -3.0189319, 52.6687818 ], [ -2.9486001, 52.7200772 ], [ -2.8703964, 52.7868246 ], [ -2.8272019, 52.8303563 ], [ -2.7293303, 52.9106713 ], [ -2.7269608, 52.9136747 ], [ -2.7075876, 52.9272349 ], [ -2.7004065, 52.9347566 ], [ -2.6932741, 52.9437806 ], [ -2.6599514, 52.9889496 ], [ -2.6429832, 53.0040522 ], [ -2.6285724, 53.0206748 ], [ -2.6092034, 53.0388463 ], [ -2.5897898, 53.0570357 ], [ -2.5702863, 53.0737309 ], [ -2.5506601, 53.0874152 ], [ -2.5234552, 53.101118 ], [ -2.4887921, 53.1193916 ], [ -2.4538119, 53.1270498 ], [ -2.4137062, 53.1316682 ], [ -2.3610099, 53.1362809 ], [ -2.2982358, 53.1408695 ], [ -2.2404641, 53.1454153 ], [ -2.1751813, 53.1499913 ], [ -2.109823, 53.1529415 ], [ -2.0419385, 53.1542784 ], [ -1.98163, 53.1556328 ], [ -1.9238484, 53.1569929 ], [ -1.86858, 53.1569064 ], [ -1.8183143, 53.1582964 ], [ -1.7629719, 53.1626736 ], [ -1.7151608, 53.1625989 ], [ -1.6799106, 53.1625365 ], [ -1.6372724, 53.157781 ], [ -1.6020471, 53.1561795 ], [ -1.5719812, 53.1514891 ], [ -1.549395, 53.1498606 ], [ -1.5243454, 53.1481753 ], [ -1.4943799, 53.1434144 ], [ -1.4516487, 53.1402155 ], [ -1.4138657, 53.1400457 ], [ -1.3811136, 53.1413719 ], [ -1.3406398, 53.1471905 ], [ -1.305174, 53.1530279 ], [ -1.2721202, 53.160407 ], [ -1.241395, 53.1708538 ], [ -1.2080104, 53.1828193 ], [ -1.1770895, 53.1948113 ], [ -1.1486489, 53.2068262 ], [ -1.1276873, 53.2204262 ], [ -1.1142933, 53.2340967 ], [ -1.1061966, 53.2432238 ], [ -1.0952909, 53.2536072 ], [ -1.0517773, 53.3150733 ], [ -1.0447482, 53.32344 ], [ -1.0359358, 53.3317951 ], [ -1.0288896, 53.3401736 ], [ -1.011211, 53.3569122 ], [ -0.9934895, 53.3747312 ], [ -0.972156, 53.3893548 ], [ -0.9525646, 53.3997614 ], [ -0.9329456, 53.4112385 ], [ -0.9186558, 53.420657 ], [ -0.8989883, 53.4310846 ], [ -0.8721321, 53.4435683 ], [ -0.8470176, 53.4560805 ], [ -0.8236581, 53.4686234 ], [ -0.8038906, 53.476943 ], [ -0.78951, 53.4821186 ], [ -0.7751143, 53.4872945 ], [ -0.7589027, 53.4935205 ], [ -0.7373016, 53.4996787 ], [ -0.7048958, 53.5056891 ], [ -0.6689602, 53.5084371 ], [ -0.6348822, 53.5079872 ], [ -0.6008008, 53.5075199 ], [ -0.5649362, 53.5059283 ], [ -0.5238472, 53.5021723 ], [ -0.4738135, 53.497171 ], [ -0.4345422, 53.4922932 ], [ -0.3935926, 53.4852352 ], [ -0.3634694, 53.4772815 ], [ -0.3403451, 53.4736907 ], [ -0.3154951, 53.4689763 ], [ -0.2905253, 53.4674983 ], [ -0.2637723, 53.4660028 ], [ -0.2405373, 53.4656423 ], [ -0.2172459, 53.4663392 ], [ -0.1885855, 53.4669409 ], [ -0.1635014, 53.4675851 ], [ -0.1384244, 53.4682142 ], [ -0.1078794, 53.4698481 ], [ -0.0753965, 53.4735825 ], [ -0.0392618, 53.4782976 ], [ -0.0121233, 53.4820972 ], [ 0.0186114, 53.4858237 ], [ 0.0476461, 53.4906488 ], [ 0.0802131, 53.4943283 ], [ 0.123725, 53.4999397 ], [ 0.1691656, 53.5065746 ], [ 0.2091825, 53.5122436 ], [ 0.2419681, 53.5169692 ], [ 0.2767563, 53.5237985 ], [ 0.3078955, 53.5296256 ], [ 0.3462753, 53.5353017 ], [ 0.3847968, 53.5420452 ], [ 0.4251671, 53.5487457 ], [ 0.4582656, 53.5545182 ], [ 0.4969318, 53.5612476 ], [ 0.5322562, 53.5702103 ], [ 0.5674132, 53.5770134 ], [ 0.600803, 53.5838565 ], [ 0.6435416, 53.5926535 ], [ 0.680785, 53.6004871 ], [ 0.721582, 53.6071578 ], [ 0.757133, 53.6150267 ], [ 0.7963813, 53.6228113 ], [ 0.8134201, 53.6278562 ], [ 0.8170611, 53.6277682 ], [ 0.942443, 53.6498408 ], [ 1.0821533, 53.685322 ] ] } },
{ "type": "Feature", "properties": { "Boundary_n": "B9", "ID": "BND004" }, "geometry": { "type": "LineString", "coordinates": [ [ 1.5867698, 53.6344221 ], [ 1.4714398, 53.6231895 ], [ 1.4467058, 53.620894 ], [ 1.4171331, 53.6187209 ], [ 1.3798528, 53.6137998 ], [ 1.3232544, 53.6093692 ], [ 1.2788262, 53.6046191 ], [ 1.2219549, 53.5972314 ], [ 1.1533261, 53.5916034 ], [ 1.0872151, 53.5858831 ], [ 1.0332412, 53.5798522 ], [ 0.9865721, 53.5736463 ], [ 0.9471688, 53.5672516 ], [ 0.9000713, 53.5566551 ], [ 0.8575198, 53.5430337 ], [ 0.8147252, 53.5265145 ], [ 0.7694831, 53.5086126 ], [ 0.7218144, 53.4893347 ], [ 0.6692076, 53.4672896 ], [ 0.6340372, 53.4506904 ], [ 0.6109803, 53.4352862 ], [ 0.5903522, 53.4198485 ], [ 0.5743628, 53.4028933 ], [ 0.5579784, 53.38165 ], [ 0.5415044, 53.359009 ], [ 0.5342529, 53.3333475 ], [ 0.5300771, 53.3148226 ], [ 0.5284056, 53.2976998 ], [ 0.531034, 53.2762279 ], [ 0.5339352, 53.2576315 ], [ 0.5366992, 53.2376423 ], [ 0.5372501, 53.219155 ], [ 0.5353159, 53.1993235 ], [ 0.533529, 53.1809369 ], [ 0.5248683, 53.1641417 ], [ 0.5185676, 53.147317 ], [ 0.5148845, 53.1332761 ], [ 0.5088783, 53.1193048 ], [ 0.5026179, 53.1025407 ], [ 0.4913171, 53.0816831 ], [ 0.4803184, 53.0636653 ], [ 0.4670191, 53.0457184 ], [ 0.4433421, 53.0154304 ], [ 0.4229418, 52.9949091 ], [ 0.3977351, 52.9717346 ], [ 0.37284, 52.9513737 ], [ 0.3478932, 52.9296519 ], [ 0.3232478, 52.9107347 ], [ 0.3009571, 52.8917911 ], [ 0.2718436, 52.8730105 ], [ 0.2406117, 52.8556787 ], [ 0.214343, 52.8424026 ], [ 0.1928013, 52.8304235 ], [ 0.1735721, 52.8184004 ], [ 0.1521978, 52.8078076 ], [ 0.1307525, 52.7958458 ], [ 0.1119106, 52.787964 ], [ 0.0929916, 52.7787124 ], [ 0.0765625, 52.7721622 ], [ 0.057777, 52.7642867 ], [ 0.0435624, 52.7563262 ], [ 0.0271763, 52.749781 ], [ 0.0083514, 52.7405426 ], [ -0.0241739, 52.7301934 ], [ -0.0290604, 52.7248088 ], [ -0.0430288, 52.7195936 ], [ -0.0525309, 52.7129296 ], [ -0.0688336, 52.7063922 ], [ -0.0918479, 52.7013431 ], [ -0.1148457, 52.6962908 ], [ -0.1377525, 52.6925999 ], [ -0.15604, 52.6901901 ], [ -0.1741735, 52.6905052 ], [ -0.1990332, 52.6922964 ], [ -0.2305577, 52.6969249 ], [ -0.2486273, 52.6985923 ], [ -0.262097, 52.7015467 ], [ -0.2755704, 52.7044994 ], [ -0.2844456, 52.7087427 ], [ -0.2933898, 52.7116207 ], [ -0.3044778, 52.7172668 ], [ -0.3111593, 52.7201083 ], [ -0.3222578, 52.7257557 ], [ -0.3448703, 52.7468274 ], [ -0.3538578, 52.7511937 ], [ -0.3787088, 52.7614309 ], [ -0.4152284, 52.7704176 ], [ -0.449685, 52.7751335 ], [ -0.4933882, 52.77998 ], [ -0.5464914, 52.7821071 ], [ -0.5882269, 52.7798242 ], [ -0.6208793, 52.7731842 ], [ -0.6606466, 52.7610078 ], [ -0.7186563, 52.7292201 ], [ -0.7450155, 52.6943785 ], [ -0.7677803, 52.6478798 ], [ -0.7821581, 52.6122457 ], [ -0.8037247, 52.5518197 ], [ -0.8276876, 52.5015226 ], [ -0.8516506, 52.4650395 ], [ -0.8840006, 52.4413092 ], [ -0.9187468, 52.4208544 ], [ -0.9834468, 52.3952725 ], [ -1.0810958, 52.366018 ], [ -1.15598, 52.3389402 ], [ -1.27055, 52.3032797 ], [ -1.3422026, 52.2787919 ], [ -1.3770381, 52.2660408 ], [ -1.4050639, 52.2560801 ], [ -1.4386727, 52.2454186 ], [ -1.4744874, 52.2334101 ], [ -1.5125277, 52.2200429 ], [ -1.5550093, 52.2066942 ], [ -1.6018984, 52.1906428 ], [ -1.6420781, 52.1813375 ], [ -1.6778039, 52.176071 ], [ -1.7246714, 52.172204 ], [ -1.7894939, 52.1670001 ], [ -1.8543177, 52.1631189 ], [ -1.8923229, 52.1618563 ], [ -1.925819, 52.1592192 ], [ -1.9437416, 52.159251 ], [ -1.9706513, 52.159287 ], [ -1.997586, 52.1593133 ], [ -2.0245337, 52.1593298 ], [ -2.0606374, 52.166136 ], [ -2.1058749, 52.1708789 ], [ -2.1579286, 52.1750626 ], [ -2.2349288, 52.1792183 ], [ -2.3755018, 52.1859906 ], [ -2.491147, 52.188506 ], [ -2.6224263, 52.1991751 ], [ -2.7488792, 52.2084273 ], [ -2.8961544, 52.2201175 ], [ -3.0298843, 52.2275493 ], [ -3.0412337, 52.2288502 ], [ -3.1590492, 52.229256 ], [ -3.2902964, 52.2309623 ], [ -3.4195116, 52.2367496 ], [ -3.5598572, 52.2392733 ], [ -3.6775304, 52.2392538 ], [ -3.8133055, 52.2347992 ], [ -3.9381608, 52.2277183 ], [ -4.0465686, 52.2205553 ], [ -4.1504498, 52.2147452 ], [ -4.2593012, 52.2088476 ], [ -4.3652849, 52.1973069 ], [ -4.4786481, 52.1883551 ], [ -4.5806459, 52.1836437 ], [ -4.6532589, 52.1808183 ], [ -4.7011973, 52.1812441 ], [ -4.749291, 52.1830377 ], [ -4.7675157, 52.1826599 ], [ -5.2679443, 52.1553996 ] ] } },
{ "type": "Feature", "properties": { "Boundary_n": "EC1", "ID": "BND005" }, "geometry": { "type": "LineString", "coordinates": [ [ 0.3900146, 53.6430096 ], [ 0.3216398, 53.6474225 ], [ 0.3086068, 53.6482137 ], [ 0.2750356, 53.6518384 ], [ 0.2376246, 53.6560147 ], [ 0.2023163, 53.6582749 ], [ 0.1716156, 53.6604153 ], [ 0.1448255, 53.663385 ], [ 0.121028, 53.6653459 ], [ 0.085772, 53.6694208 ], [ 0.053566, 53.6734265 ], [ 0.0497339, 53.6739817 ], [ 0.0074557, 53.6787046 ], [ -0.0395172, 53.6839961 ], [ -0.0772951, 53.6885929 ], [ -0.1035517, 53.6915218 ], [ -0.1391365, 53.6946511 ], [ -0.1770708, 53.6987617 ], [ -0.2057738, 53.7031607 ], [ -0.2290652, 53.7060132 ], [ -0.2516034, 53.7088475 ], [ -0.2803886, 53.7113395 ], [ -0.3021907, 53.7132102 ], [ -0.3255528, 53.7141664 ], [ -0.3465404, 53.7122423 ], [ -0.3628045, 53.7078692 ], [ -0.372041, 53.7028895 ], [ -0.3788396, 53.6969096 ], [ -0.3864047, 53.6886413 ], [ -0.3892732, 53.6807542 ], [ -0.3913243, 53.6696364 ], [ -0.3925681, 53.6608324 ], [ -0.392151, 53.6474141 ], [ -0.3912018, 53.6372956 ], [ -0.3870072, 53.6248331 ], [ -0.3790654, 53.6114516 ], [ -0.3705186, 53.6012974 ], [ -0.3604639, 53.5920417 ], [ -0.3482079, 53.5827751 ], [ -0.3335983, 53.5739211 ], [ -0.3167806, 53.5672844 ], [ -0.3046938, 53.5625635 ], [ -0.2910678, 53.5578118 ], [ -0.2722042, 53.5520658 ], [ -0.25564, 53.5477098 ], [ -0.2360515, 53.5432918 ], [ -0.217259, 53.5393381 ], [ -0.1902693, 53.5356574 ], [ -0.1558335, 53.5313699 ], [ -0.1251087, 53.5275976 ], [ -0.1040431, 53.5289058 ], [ -0.0905305, 53.5286065 ], [ -0.0649603, 53.5293658 ], [ -0.0295698, 53.5307845 ], [ -0.0037894, 53.5350819 ], [ 0.0303483, 53.539634 ], [ 0.0569393, 53.5430234 ], [ 0.0745854, 53.5475176 ], [ 0.0937109, 53.5510877 ], [ 0.1211701, 53.5544609 ], [ 0.1525958, 53.5595324 ], [ 0.1771656, 53.5634269 ], [ 0.199427, 53.56648 ], [ 0.2141439, 53.5697205 ], [ 0.2342748, 53.5737306 ], [ 0.2482374, 53.5765436 ], [ 0.2652078, 53.578832 ], [ 0.2775437, 53.5803323 ], [ 0.2838109, 53.5819851 ], [ 0.2908426, 53.5836181 ], [ 0.2985919, 53.5847824 ], [ 0.3009198, 53.5851784 ], [ 0.4064941, 53.6039144 ] ] } },
{ "type": "Feature", "properties": { "Boundary_n": "EC3", "ID": "BND006" }, "geometry": { "type": "LineString", "coordinates": [ [ 0.249939, 53.12535 ], [ 0.0741577, 52.9486379 ], [ 0.068882, 52.9352717 ], [ 0.0677996, 52.9323202 ], [ 0.0573943, 52.9153522 ], [ 0.0499697, 52.8977945 ], [ 0.0444293, 52.8767517 ], [ 0.0389907, 52.8581546 ], [ 0.0353016, 52.8320592 ], [ 0.0344364, 52.8026154 ], [ 0.0287493, 52.7729345 ], [ 0.0279415, 52.7450644 ], [ 0.0329247, 52.7195065 ], [ 0.0379111, 52.6957895 ], [ 0.0460227, 52.6816249 ], [ 0.0588607, 52.6685032 ], [ 0.0708621, 52.6598784 ], [ 0.0809883, 52.6524313 ], [ 0.0948849, 52.6454551 ], [ 0.1087698, 52.6390357 ], [ 0.1254795, 52.63311 ], [ 0.1468629, 52.6270761 ], [ 0.1664421, 52.6232916 ], [ 0.1935119, 52.6193167 ], [ 0.2225601, 52.6174852 ], [ 0.2572273, 52.6154958 ], [ 0.2957524, 52.6150441 ], [ 0.3299204, 52.6191018 ], [ 0.3641815, 52.6237055 ], [ 0.3973571, 52.6261557 ], [ 0.4240247, 52.6293167 ], [ 0.4479603, 52.6330793 ], [ 0.4663935, 52.6380842 ], [ 0.4899055, 52.646285 ], [ 0.5056948, 52.6524965 ], [ 0.5167235, 52.6583019 ], [ 0.5319084, 52.6673489 ], [ 0.5432797, 52.6759698 ], [ 0.5515939, 52.6824527 ], [ 0.5579634, 52.6884398 ], [ 0.5610593, 52.6905973 ], [ 0.5652935, 52.6944098 ], [ 0.5735889, 52.7003623 ], [ 0.6066456, 52.747006 ], [ 0.724315, 52.9314718 ], [ 0.9063721, 53.3095445 ] ] } },
{ "type": "Feature", "properties": { "Boundary_n": "EC5", "ID": "BND007" }, "geometry": { "type": "LineString", "coordinates": [ [ 1.9226074, 53.235633 ], [ 1.8426722, 53.2568888 ], [ 1.8328368, 53.2617127 ], [ 1.8110412, 53.2692207 ], [ 1.7753244, 53.2783617 ], [ 1.7253231, 53.2869042 ], [ 1.6765553, 53.292031 ], [ 1.6263017, 53.299442 ], [ 1.5702883, 53.3036855 ], [ 1.5086967, 53.3058622 ], [ 1.437287, 53.299401 ], [ 1.3743085, 53.2881672 ], [ 1.3056784, 53.2715642 ], [ 1.2373116, 53.2549894 ], [ 1.1850112, 53.2390199 ], [ 1.1503221, 53.2224983 ], [ 1.1135634, 53.2005954 ], [ 1.0769745, 53.1787644 ], [ 1.0461575, 53.1622817 ], [ 1.0225226, 53.1477885 ], [ 1.0005317, 53.1311018 ], [ 0.9712771, 53.1082038 ], [ 0.9384432, 53.081199 ], [ 0.8996618, 53.0384485 ], [ 0.8847579, 53.0186387 ], [ 0.8678989, 52.9936487 ], [ 0.8299055, 52.9535439 ], [ 0.8129635, 52.9213961 ], [ 0.7919856, 52.8760973 ], [ 0.778727, 52.8474449 ], [ 0.7638846, 52.8189559 ], [ 0.7412118, 52.7492321 ], [ 0.7358272, 52.7426436 ], [ 0.7339587, 52.7370754 ], [ 0.7282824, 52.7182034 ], [ 0.72101, 52.7027342 ], [ 0.7155391, 52.6906255 ], [ 0.7100123, 52.6763451 ], [ 0.7061779, 52.6598293 ], [ 0.7005593, 52.6400963 ], [ 0.6966901, 52.6203623 ], [ 0.6909986, 52.5952653 ], [ 0.6835704, 52.5681458 ], [ 0.6778256, 52.5389349 ], [ 0.6704304, 52.5076916 ], [ 0.6613289, 52.4734202 ], [ 0.6572309, 52.4360367 ], [ 0.6565379, 52.3966021 ], [ 0.6624948, 52.3529737 ], [ 0.6715536, 52.3043623 ], [ 0.6791365, 52.2644228 ], [ 0.6884656, 52.2329759 ], [ 0.7027365, 52.2056717 ], [ 0.7105035, 52.1817258 ], [ 0.7181196, 52.1589639 ], [ 0.7339436, 52.1380614 ], [ 0.7386582, 52.1307827 ], [ 0.7465217, 52.1193461 ], [ 0.7559783, 52.1078868 ], [ 0.7669789, 52.0943739 ], [ 0.7780523, 52.0828931 ], [ 0.7906927, 52.0703734 ], [ 0.7985215, 52.0610503 ], [ 0.8110972, 52.048575 ], [ 0.8219586, 52.0361936 ], [ 0.8329419, 52.0268258 ], [ 0.8422584, 52.0155052 ], [ 0.853177, 52.0041516 ], [ 0.8624999, 51.9948714 ], [ 0.8701297, 51.985672 ], [ 0.880964, 51.9753792 ], [ 0.8919015, 51.9660721 ], [ 0.8996263, 51.9578745 ], [ 0.9089609, 51.9506337 ], [ 0.9213519, 51.9403343 ], [ 0.9306436, 51.933113 ], [ 0.9430815, 51.9248092 ], [ 0.9492953, 51.9206597 ], [ 0.9570597, 51.9154759 ], [ 0.9632134, 51.9103482 ], [ 0.9757096, 51.9040334 ], [ 0.9865336, 51.8967939 ], [ 0.9942515, 51.8916276 ], [ 1.0020192, 51.8874433 ], [ 1.0129249, 51.8821763 ], [ 1.0176025, 51.8800601 ], [ 1.0269521, 51.875829 ], [ 1.0332217, 51.8736615 ], [ 1.0425034, 51.8684556 ], [ 1.0423843, 51.8665016 ], [ 1.0656738, 51.8493528 ], [ 1.0778147, 51.8376772 ], [ 1.0885106, 51.8283034 ], [ 1.109778, 51.8085964 ], [ 1.1233513, 51.7951763 ], [ 1.1370299, 51.7837642 ], [ 1.1522807, 51.7723177 ], [ 1.1675723, 51.7618707 ], [ 1.1841355, 51.7474374 ], [ 1.1976878, 51.736097 ], [ 1.2096149, 51.7248307 ], [ 1.2216713, 51.7155451 ], [ 1.2322719, 51.7082876 ], [ 1.242778, 51.7000569 ], [ 1.2580353, 51.6916679 ], [ 1.2732683, 51.6832869 ], [ 1.2902323, 51.6768103 ], [ 1.3040886, 51.6714249 ], [ 1.3164328, 51.6670733 ], [ 1.3288541, 51.6636968 ], [ 1.342941, 51.661237 ], [ 1.366529, 51.6584336 ], [ 1.3902003, 51.656599 ], [ 1.4091143, 51.6549338 ], [ 1.4265375, 51.6542966 ], [ 1.4393069, 51.6548044 ], [ 1.4524763, 51.6592045 ], [ 1.4690337, 51.6654377 ], [ 1.4807472, 51.6708777 ], [ 1.4926819, 51.6782734 ], [ 1.5126877, 51.6863587 ], [ 1.5246675, 51.6937702 ], [ 1.5352893, 51.7032098 ], [ 1.5528578, 51.7173344 ], [ 1.5689912, 51.7325342 ], [ 1.5831242, 51.7438814 ], [ 1.5972901, 51.7552484 ], [ 1.6132087, 51.7675648 ], [ 1.6358272, 51.7816427 ], [ 1.6633352, 51.7955659 ], [ 1.6856003, 51.8057132 ], [ 1.7110103, 51.8147539 ], [ 1.7378262, 51.8217408 ], [ 1.7575719, 51.823983 ], [ 1.7706096, 51.8244777 ], [ 1.7899664, 51.8237187 ], [ 1.8155066, 51.8207003 ], [ 1.8345845, 51.8179343 ], [ 1.8519009, 51.8142354 ], [ 1.8642359, 51.8097284 ], [ 1.8780237, 51.8041602 ], [ 1.8932656, 51.7975349 ], [ 1.9051278, 51.7900493 ], [ 1.9137573, 51.7826986 ], [ 1.9285073, 51.7731109 ], [ 1.940177, 51.7646527 ], [ 1.953123, 51.7541616 ], [ 1.9603917, 51.7488914 ], [ 1.9660518, 51.7436856 ], [ 1.975903, 51.7343411 ], [ 1.9886329, 51.722904 ], [ 1.9986016, 51.714568 ], [ 2.0053588, 51.7063759 ], [ 2.0138616, 51.6991061 ], [ 2.0191621, 51.6919727 ], [ 2.0249216, 51.6877825 ], [ 2.0321128, 51.6825576 ], [ 2.0391399, 51.6763528 ], [ 2.0461636, 51.6701542 ], [ 2.0546119, 51.6629169 ], [ 2.0662232, 51.6555443 ], [ 2.0751357, 51.6512531 ], [ 2.083869, 51.6459816 ], [ 2.0900655, 51.6447394 ], [ 2.1024601, 51.6422524 ], [ 2.121203, 51.6394948 ], [ 2.1402702, 51.6386817 ], [ 2.154573, 51.638071 ], [ 2.1739835, 51.6391989 ], [ 2.191816, 51.640392 ], [ 2.2068184, 51.6436692 ], [ 2.2239504, 51.6497991 ], [ 2.2393378, 51.6550308 ], [ 2.2517352, 51.6613797 ], [ 2.2680578, 51.6715061 ], [ 2.2842322, 51.6806681 ], [ 2.2990336, 51.6908966 ], [ 2.3102934, 51.6993148 ], [ 2.3199713, 51.7078151 ], [ 2.335602, 51.7220308 ], [ 2.3509069, 51.7343003 ], [ 2.3700501, 51.7494211 ], [ 2.3871923, 51.7706882 ], [ 2.3987815, 51.7882505 ], [ 2.4105714, 51.8149358 ], [ 2.4256621, 51.8497122 ], [ 2.4410839, 51.8775304 ], [ 2.4535307, 51.906632 ], [ 2.4590856, 51.9341154 ], [ 2.4739453, 51.9664928 ], [ 2.4855996, 51.9908671 ], [ 2.5026994, 52.0171862 ], [ 2.5142728, 52.0407194 ], [ 2.5252546, 52.0612258 ], [ 2.5398535, 52.0826968 ], [ 2.5498357, 52.0981042 ], [ 2.5581989, 52.11362 ], [ 2.5649019, 52.1292515 ], [ 2.5735397, 52.1459051 ], [ 2.577705, 52.157457 ], [ 2.5809781, 52.1647943 ], [ 2.5840271, 52.1710799 ], [ 2.5892251, 52.1794218 ], [ 2.5927412, 52.1878487 ], [ 2.6007991, 52.201467 ], [ 2.6053354, 52.206648 ], [ 2.6060239, 52.2098537 ], [ 2.6882266, 52.3634347 ] ] } },
{ "type": "Feature", "properties": { "Boundary_n": "LE1", "ID": "BND008" }, "geometry": { "type": "LineString", "coordinates": [ [ 2.7410889, 52.3521186 ], [ 2.7313079, 52.3304741 ], [ 2.7216948, 52.3166895 ], [ 2.7044294, 52.2890478 ], [ 2.6936025, 52.2658492 ], [ 2.6829432, 52.2438389 ], [ 2.6745524, 52.2241029 ], [ 2.6648492, 52.2091621 ], [ 2.6561731, 52.187079 ], [ 2.6521135, 52.1707022 ], [ 2.6501432, 52.1554198 ], [ 2.644179, 52.1391392 ], [ 2.6383704, 52.1240374 ], [ 2.6275285, 52.0997075 ], [ 2.6164084, 52.073038 ], [ 2.603246, 52.0452868 ], [ 2.5880505, 52.0164543 ], [ 2.5716981, 51.9935859 ], [ 2.5518482, 51.973244 ], [ 2.5311504, 51.9458548 ], [ 2.5148862, 51.9229921 ], [ 2.5048037, 51.9033906 ], [ 2.4967851, 51.8848779 ], [ 2.4904001, 51.8639312 ], [ 2.4763983, 51.8433319 ], [ 2.4670759, 51.8296009 ], [ 2.4577574, 51.8158678 ], [ 2.4503544, 51.8020509 ], [ 2.4452902, 51.791665 ], [ 2.4358551, 51.7767594 ], [ 2.4239734, 51.7572489 ], [ 2.4160457, 51.7387357 ], [ 2.4063629, 51.7214841 ], [ 2.3953479, 51.7090113 ], [ 2.3862368, 51.6964508 ], [ 2.3755062, 51.6863278 ], [ 2.364923, 51.6773689 ], [ 2.3463481, 51.6652373 ], [ 2.3302257, 51.6577115 ], [ 2.3137104, 51.6466645 ], [ 2.2974697, 51.6379608 ], [ 2.2814983, 51.6316016 ], [ 2.2635187, 51.6241507 ], [ 2.2478359, 51.6201349 ], [ 2.2320231, 51.6149424 ], [ 2.2183783, 51.6120165 ], [ 2.2067462, 51.6101647 ], [ 2.1913496, 51.6084953 ], [ 2.1740584, 51.6069 ], [ 2.1645925, 51.6073157 ], [ 2.1513481, 51.6078971 ], [ 2.139996, 51.6083941 ], [ 2.1251218, 51.6114009 ], [ 2.1047041, 51.615827 ], [ 2.0899575, 51.6200004 ], [ 2.0752097, 51.6241733 ], [ 2.0603325, 51.6271709 ], [ 2.0457136, 51.6325124 ], [ 2.0368971, 51.6387844 ], [ 2.0242924, 51.6452129 ], [ 2.0081569, 51.6541437 ], [ 1.9995826, 51.6627559 ], [ 1.9896252, 51.6761372 ], [ 1.9802996, 51.6953798 ], [ 1.9686935, 51.7111804 ], [ 1.9568305, 51.7246346 ], [ 1.9448312, 51.7369158 ], [ 1.9362405, 51.7455169 ], [ 1.9241105, 51.7566161 ], [ 1.9099526, 51.7666227 ], [ 1.8956639, 51.7754566 ], [ 1.8792245, 51.7820178 ], [ 1.8610098, 51.789827 ], [ 1.8350757, 51.796768 ], [ 1.810667, 51.8001118 ], [ 1.7916971, 51.8008754 ], [ 1.7724877, 51.7992886 ], [ 1.7468607, 51.7908932 ], [ 1.7251545, 51.7835145 ], [ 1.7132967, 51.7792735 ], [ 1.699186, 51.7715909 ], [ 1.6790372, 51.7606133 ], [ 1.6547531, 51.7462621 ], [ 1.6345093, 51.7341045 ], [ 1.6162861, 51.7230404 ], [ 1.5979584, 51.710802 ], [ 1.5775123, 51.6962869 ], [ 1.5593226, 51.6852154 ], [ 1.5430305, 51.6740667 ], [ 1.5288689, 51.6651892 ], [ 1.5127075, 51.6552091 ], [ 1.498328, 51.6439816 ], [ 1.4722769, 51.6296597 ], [ 1.450701, 51.6222278 ], [ 1.4274693, 51.6172077 ], [ 1.4064684, 51.6156323 ], [ 1.3855814, 51.6152264 ], [ 1.3648055, 51.6159891 ], [ 1.3421402, 51.6168168 ], [ 1.321363, 51.6175722 ], [ 1.2989152, 51.6207369 ], [ 1.2823519, 51.6260431 ], [ 1.2637853, 51.6302367 ], [ 1.2418691, 51.6392559 ], [ 1.2147055, 51.6531644 ], [ 1.1874158, 51.6658918 ], [ 1.1620044, 51.6785487 ], [ 1.1310015, 51.6925656 ], [ 1.1074482, 51.7051431 ], [ 1.0857754, 51.7176522 ], [ 1.066087, 51.7312646 ], [ 1.0482816, 51.7448118 ], [ 1.0287757, 51.7607663 ], [ 1.0129549, 51.7754258 ], [ 0.9986896, 51.7864809 ], [ 0.9840194, 51.7928528 ], [ 0.9711398, 51.7979866 ], [ 0.9488651, 51.8046046 ], [ 0.9300782, 51.8075747 ], [ 0.9168905, 51.8091842 ], [ 0.8999078, 51.8109147 ], [ 0.8866198, 51.8113462 ], [ 0.8509164, 51.8124184 ], [ 0.8179674, 51.8098258 ], [ 0.7868156, 51.8053808 ], [ 0.7568619, 51.8001946 ], [ 0.7299036, 51.7931551 ], [ 0.7029453, 51.7827791 ], [ 0.6610101, 51.7698057 ], [ 0.6160796, 51.758312 ], [ 0.5651583, 51.7501533 ], [ 0.5238223, 51.7475571 ], [ 0.4818871, 51.7542328 ], [ 0.4489381, 51.760166 ], [ 0.41539, 51.7735128 ], [ 0.3854363, 51.7853733 ], [ 0.3608743, 51.801306 ], [ 0.3174231, 51.8260256 ], [ 0.2864678, 51.8410492 ], [ 0.2811032, 51.8458972 ], [ 0.2644205, 51.8522286 ], [ 0.2459222, 51.8597798 ], [ 0.2274204, 51.8673277 ], [ 0.2070225, 51.8749248 ], [ 0.1847141, 51.8825682 ], [ 0.1565995, 51.8891829 ], [ 0.1283196, 51.893443 ], [ 0.0980654, 51.896574 ], [ 0.0563204, 51.898813 ], [ 0.0163969, 51.8998163 ], [ -0.0178987, 51.8994925 ], [ -0.0561465, 51.8969052 ], [ -0.0867158, 51.895297 ], [ -0.1231356, 51.8914701 ], [ -0.1575862, 51.8887612 ], [ -0.1958338, 51.8861291 ], [ -0.24938, 51.881483 ], [ -0.3124805, 51.8770263 ], [ -0.3546149, 51.8720795 ], [ -0.3834631, 51.8668316 ], [ -0.4142024, 51.8616174 ], [ -0.4584523, 51.8531528 ], [ -0.4890949, 51.8490926 ], [ -0.5428942, 51.8384477 ], [ -0.5948112, 51.8312456 ], [ -0.633237, 51.8249439 ], [ -0.6698442, 51.8185851 ], [ -0.689195, 51.8130714 ], [ -0.7046544, 51.8086593 ], [ -0.7338526, 51.7950965 ], [ -0.7534331, 51.7848715 ], [ -0.7691568, 51.7745761 ], [ -0.7829703, 51.7642434 ], [ -0.7949323, 51.7527007 ], [ -0.804965, 51.7399598 ], [ -0.8170909, 51.7248882 ], [ -0.8293632, 51.7097853 ], [ -0.8377909, 51.6911304 ], [ -0.8460266, 51.6748391 ], [ -0.8508397, 51.6525822 ], [ -0.8539669, 51.6290779 ], [ -0.8548376, 51.6137504 ], [ -0.859559, 51.5926748 ], [ -0.8602467, 51.5797114 ], [ -0.8570768, 51.5690227 ], [ -0.8537047, 51.5618722 ], [ -0.8434964, 51.5364726 ], [ -0.840082, 51.5269791 ], [ -0.8352725, 51.5056881 ], [ -0.8317526, 51.4997401 ], [ -0.8303618, 51.489129 ], [ -0.828861, 51.4808682 ], [ -0.82725, 51.4749577 ], [ -0.8238009, 51.467839 ], [ -0.8222341, 51.4607516 ], [ -0.8205646, 51.4560154 ], [ -0.8170885, 51.4488889 ], [ -0.8155574, 51.4394358 ], [ -0.812302, 51.4276109 ], [ -0.8089871, 51.4169602 ], [ -0.805844, 51.4039687 ], [ -0.8008418, 51.3897632 ], [ -0.7900985, 51.3754452 ], [ -0.7795128, 51.3599618 ], [ -0.7710301, 51.340994 ], [ -0.762492, 51.3220197 ], [ -0.753858, 51.3053965 ], [ -0.7451727, 51.2899475 ], [ -0.7384875, 51.2721851 ], [ -0.7317528, 51.2555976 ], [ -0.724978, 51.240187 ], [ -0.7180963, 51.2259554 ], [ -0.7132616, 51.210574 ], [ -0.7067149, 51.1927987 ], [ -0.6999457, 51.1773849 ], [ -0.6969336, 51.1620431 ], [ -0.6881976, 51.1466195 ], [ -0.6812471, 51.1347398 ], [ -0.6725772, 51.1216267 ], [ -0.6678014, 51.1050682 ], [ -0.6629914, 51.089676 ], [ -0.6581249, 51.0754578 ], [ -0.6552468, 51.0589246 ], [ -0.6540751, 51.0459457 ], [ -0.6507215, 51.0388107 ], [ -0.651101, 51.0317504 ], [ -0.6516962, 51.019995 ], [ -0.6387607, 50.9808977 ], [ -0.6318883, 50.892616 ], [ -0.6367106, 50.8418248 ], [ -0.6470988, 50.7865606 ], [ -0.6534236, 50.7371183 ], [ -0.6988283, 50.6162511 ] ] } },
{ "type": "Feature", "properties": { "Boundary_n": "NW1", "ID": "BND009" }, "geometry": { "type": "LineString", "coordinates": [ [ -4.9987793, 53.4144432 ], [ -4.911026, 53.4281535 ], [ -4.8855561, 53.4333276 ], [ -4.8476778, 53.4449448 ], [ -4.7890649, 53.4569799 ], [ -4.7534702, 53.4654332 ], [ -4.710212, 53.4755809 ], [ -4.6666904, 53.4826226 ], [ -4.6205651, 53.4897022 ], [ -4.561373, 53.495456 ], [ -4.5100515, 53.5026008 ], [ -4.4636761, 53.5065357 ], [ -4.4248517, 53.5072264 ], [ -4.3834481, 53.5079509 ], [ -4.3365822, 53.5041155 ], [ -4.2999916, 53.4985476 ], [ -4.2684995, 53.4913417 ], [ -4.2395233, 53.4825452 ], [ -4.2078146, 53.4707036 ], [ -4.1841481, 53.4633649 ], [ -4.1603257, 53.452941 ], [ -4.141763, 53.4439764 ], [ -4.1336128, 53.4363952 ], [ -4.1225613, 53.4226998 ], [ -4.1214883, 53.4027 ], [ -4.1200879, 53.3765711 ], [ -4.1267228, 53.3564892 ], [ -4.1388138, 53.3424783 ], [ -4.1533718, 53.3269005 ], [ -4.1731185, 53.312777 ], [ -4.2002208, 53.2939382 ], [ -4.2249718, 53.2797321 ], [ -4.2548084, 53.2639303 ], [ -4.2847264, 53.2496585 ], [ -4.3171455, 53.235339 ], [ -4.3544823, 53.2193957 ], [ -4.3920584, 53.2065038 ], [ -4.4322415, 53.1950815 ], [ -4.4700424, 53.1867465 ], [ -4.5127272, 53.1752616 ], [ -4.5580256, 53.1652212 ], [ -4.6006373, 53.153702 ], [ -4.6509833, 53.1435385 ], [ -4.6862306, 53.1367187 ], [ -4.7088347, 53.1316706 ], [ -4.7338714, 53.1250463 ], [ -4.749178, 53.1247251 ], [ -4.8916626, 53.1105142 ] ] } },
{ "type": "Feature", "properties": { "Boundary_n": "NW3", "ID": "BND010" }, "geometry": { "type": "LineString", "coordinates": [ [ -5.1004028, 52.7030187 ], [ -4.8303577, 52.7032314 ], [ -4.8225079, 52.7034183 ], [ -4.7914363, 52.705721 ], [ -4.7318993, 52.7102529 ], [ -4.6700327, 52.7163834 ], [ -4.5822566, 52.7246289 ], [ -4.502517, 52.7342161 ], [ -4.4355143, 52.7419307 ], [ -4.3048647, 52.763523 ], [ -4.2004069, 52.787719 ], [ -4.1183615, 52.8051276 ], [ -4.0284668, 52.8288275 ], [ -3.9283639, 52.8576103 ], [ -3.8536056, 52.8780887 ], [ -3.7888701, 52.898176 ], [ -3.7191892, 52.9204363 ], [ -3.6468538, 52.9491811 ], [ -3.5713715, 52.9780412 ], [ -3.4981014, 53.0069855 ], [ -3.4324359, 53.0359639 ], [ -3.3929455, 53.0563176 ], [ -3.3639727, 53.073426 ], [ -3.3322932, 53.0939402 ], [ -3.3195676, 53.1175706 ], [ -3.2906552, 53.1481793 ], [ -3.2907078, 53.1498736 ], [ -3.2774901, 53.1635331 ], [ -3.2669169, 53.1754918 ], [ -3.2562717, 53.1857394 ], [ -3.2482472, 53.1926411 ], [ -3.2403393, 53.2046794 ], [ -3.2351543, 53.2167066 ], [ -3.235579, 53.2338283 ], [ -3.238674, 53.2475263 ], [ -3.2500516, 53.2611482 ], [ -3.2670349, 53.2765646 ], [ -3.2867957, 53.2902306 ], [ -3.3009092, 53.2987585 ], [ -3.3207182, 53.310707 ], [ -3.3489781, 53.3243809 ], [ -3.3771234, 53.3328647 ], [ -3.4027029, 53.3449341 ], [ -3.4281851, 53.3534291 ], [ -3.4537081, 53.3618764 ], [ -3.4848698, 53.3702567 ], [ -3.5074115, 53.3734714 ], [ -3.5328697, 53.3784137 ], [ -3.5498587, 53.3817094 ], [ -3.5612637, 53.3850816 ], [ -3.5867892, 53.3900261 ], [ -3.6194728, 53.4026273 ], [ -3.6219516, 53.402593 ], [ -3.629576, 53.4056045 ], [ -3.6334396, 53.4078913 ], [ -3.6372588, 53.4093996 ], [ -3.6460973, 53.4116202 ], [ -3.6536509, 53.4130781 ], [ -3.6600711, 53.4161182 ], [ -3.6689884, 53.4191261 ], [ -3.676672, 53.4221541 ], [ -3.6856122, 53.4251677 ], [ -3.6958689, 53.4289534 ], [ -3.7074527, 53.433514 ], [ -3.7151876, 53.4365592 ], [ -3.7241198, 53.4388001 ], [ -3.7279962, 53.4403247 ], [ -3.7382594, 53.4433416 ], [ -3.7447144, 53.4456242 ], [ -3.751176, 53.4479085 ], [ -3.7563223, 53.4494196 ], [ -3.7717103, 53.4531636 ], [ -3.7871257, 53.4569142 ], [ -3.8027229, 53.4622617 ], [ -3.8131681, 53.4660972 ], [ -3.8261469, 53.4699003 ], [ -3.8430126, 53.4744518 ], [ -3.8611752, 53.4789913 ], [ -3.8782047, 53.4843613 ], [ -3.8964481, 53.4889159 ], [ -3.9121976, 53.4935173 ], [ -3.9280801, 53.4989337 ], [ -3.9478093, 53.5042997 ], [ -3.9663164, 53.5096988 ], [ -3.9810552, 53.5151662 ], [ -3.997103, 53.5206236 ], [ -4.0171347, 53.5268496 ], [ -4.0372244, 53.5330879 ], [ -4.0534122, 53.5385835 ], [ -4.0695159, 53.5432656 ], [ -4.0937372, 53.5503035 ], [ -4.1168864, 53.5582065 ], [ -4.1357071, 53.5628781 ], [ -4.1519942, 53.5676009 ], [ -4.1696084, 53.5723099 ], [ -4.1856765, 53.5753822 ], [ -4.2095213, 53.5783254 ], [ -4.2427738, 53.582787 ], [ -4.282417, 53.5862995 ], [ -4.2958735, 53.5885874 ], [ -4.324024, 53.5944149 ], [ -4.3909827, 53.598714 ], [ -4.4669906, 53.6046712 ], [ -4.5373831, 53.6107134 ], [ -4.605045, 53.6167997 ], [ -4.666397, 53.6192839 ], [ -4.7039666, 53.618552 ], [ -4.7299893, 53.6180125 ], [ -4.7790527, 53.6218376 ], [ -4.9520874, 53.6218376 ], [ -5.2597046, 53.6234666 ] ] } },
{ "type": "Feature", "properties": { "Boundary_n": "NW4", "ID": "BND011" }, "geometry": { "type": "LineString", "coordinates": [ [ -5.1278687, 52.5763499 ], [ -4.9191284, 52.5613254 ], [ -4.6169475, 52.5706082 ], [ -4.604473, 52.5724245 ], [ -4.5487648, 52.575294 ], [ -4.4653521, 52.5802994 ], [ -4.3616361, 52.5857022 ], [ -4.2274947, 52.5916681 ], [ -4.0918021, 52.6050363 ], [ -3.9908336, 52.6130839 ], [ -3.8775603, 52.6288584 ], [ -3.7599115, 52.6475645 ], [ -3.6581865, 52.6749878 ], [ -3.5634314, 52.7007765 ], [ -3.4709626, 52.7265032 ], [ -3.3786435, 52.7567988 ], [ -3.2957473, 52.7823951 ], [ -3.2103087, 52.8126604 ], [ -3.1270263, 52.8459906 ], [ -3.0665675, 52.8776185 ], [ -3.0263596, 52.9060089 ], [ -3.0215239, 52.9153791 ], [ -2.996521, 52.9353967 ], [ -2.9942681, 52.949991 ], [ -2.9818774, 52.9673301 ], [ -2.9694495, 52.9846994 ], [ -2.9622014, 53.0020561 ], [ -2.954981, 53.0210188 ], [ -2.9505008, 53.0447343 ], [ -2.951096, 53.0637116 ], [ -2.9543669, 53.0842901 ], [ -2.9549701, 53.1033569 ], [ -2.9580552, 53.1176576 ], [ -2.9586661, 53.1368001 ], [ -2.9646086, 53.1575243 ], [ -2.9677694, 53.1735098 ], [ -2.9709381, 53.1895234 ], [ -2.9740619, 53.2039577 ], [ -2.979792, 53.2167778 ], [ -2.9855887, 53.2312292 ], [ -2.9914525, 53.2473114 ], [ -2.999827, 53.2585534 ], [ -3.0135512, 53.2697812 ], [ -3.0273003, 53.2810166 ], [ -3.0411386, 53.2938936 ], [ -3.0603475, 53.3067145 ], [ -3.0769205, 53.3195774 ], [ -3.0961905, 53.3323818 ], [ -3.1235651, 53.3451735 ], [ -3.1430262, 53.3597152 ], [ -3.1679132, 53.3742233 ], [ -3.1873871, 53.3871498 ], [ -3.2039549, 53.3951833 ], [ -3.2183749, 53.4131518 ], [ -3.2297807, 53.4245797 ], [ -3.235627, 53.4327779 ], [ -3.249742, 53.4441824 ], [ -3.2585396, 53.45571 ], [ -3.2699324, 53.4655346 ], [ -3.2869586, 53.4786272 ], [ -3.3012081, 53.4901056 ], [ -3.3072364, 53.5000357 ], [ -3.3187115, 53.5099079 ], [ -3.3274862, 53.5198278 ], [ -3.3388943, 53.5280509 ], [ -3.3530435, 53.5362498 ], [ -3.3701589, 53.5477745 ], [ -3.3843537, 53.5559891 ], [ -3.4040302, 53.5641379 ], [ -3.4208842, 53.5706462 ], [ -3.4603695, 53.5869713 ], [ -3.4912362, 53.5966795 ], [ -3.5391425, 53.6129235 ], [ -3.5756421, 53.6225736 ], [ -3.6233506, 53.6337649 ], [ -3.6986791, 53.64454 ], [ -3.7769392, 53.6552687 ], [ -3.8386404, 53.6645284 ], [ -3.9115133, 53.6735964 ], [ -3.9590621, 53.6779393 ], [ -4.0230509, 53.6802842 ], [ -4.0873238, 53.6843167 ], [ -4.142914, 53.6850525 ], [ -4.1789246, 53.6844079 ], [ -4.209393, 53.6838586 ], [ -4.2396415, 53.681597 ], [ -4.3258667, 53.6869485 ] ] } },
{ "type": "Feature", "properties": { "Boundary_n": "SC1", "ID": "BND012" }, "geometry": { "type": "LineString", "coordinates": [ [ -5.4629517, 50.9116925 ], [ -5.2027478, 50.976161 ], [ -5.1683602, 50.9871489 ], [ -5.1156806, 51.0023436 ], [ -5.0690961, 51.0161047 ], [ -5.0245112, 51.028517 ], [ -4.9471336, 51.0414915 ], [ -4.8350592, 51.057561 ], [ -4.7189193, 51.0735671 ], [ -4.6313519, 51.0864535 ], [ -4.5356008, 51.0993825 ], [ -4.4296154, 51.1123555 ], [ -4.3092709, 51.1241104 ], [ -4.2277941, 51.1378961 ], [ -4.1543698, 51.1476971 ], [ -4.0584201, 51.1551027 ], [ -3.9276733, 51.1575846 ], [ -3.8051863, 51.158606 ], [ -3.7009873, 51.1580301 ], [ -3.5946999, 51.1560943 ], [ -3.4858166, 51.1501257 ], [ -3.3853188, 51.1415212 ], [ -3.2951075, 51.1289754 ], [ -3.2031738, 51.1176904 ], [ -3.1313405, 51.1100841 ], [ -3.0509723, 51.103663 ], [ -2.9912734, 51.0997895 ], [ -2.9235252, 51.0946182 ], [ -2.8701444, 51.0881465 ], [ -2.8270284, 51.0842302 ], [ -2.7798305, 51.0802995 ], [ -2.7366771, 51.0763443 ], [ -2.6853753, 51.0762232 ], [ -2.6441368, 51.077373 ], [ -2.5865023, 51.0836066 ], [ -2.5083283, 51.0910283 ], [ -2.4464579, 51.0958933 ], [ -2.3951548, 51.102099 ], [ -2.3601445, 51.107068 ], [ -2.3332916, 51.1107795 ], [ -2.3146895, 51.1119592 ], [ -2.2446612, 51.1205619 ], [ -2.0116239, 51.1475872 ], [ -1.9828993, 51.1499241 ], [ -1.927295, 51.158465 ], [ -1.8554215, 51.1693683 ], [ -1.7854465, 51.1815416 ], [ -1.7236546, 51.1950308 ], [ -1.6702004, 51.2034422 ], [ -1.6289302, 51.2132524 ], [ -1.5815492, 51.2229733 ], [ -1.5362251, 51.2314184 ], [ -1.4949735, 51.2398962 ], [ -1.4496165, 51.2483066 ], [ -1.3919186, 51.2578193 ], [ -1.3361934, 51.2686118 ], [ -1.2907466, 51.2782371 ], [ -1.2576332, 51.2867399 ], [ -1.2102129, 51.2937416 ], [ -1.1585331, 51.3032452 ], [ -1.1336603, 51.3092843 ], [ -1.1129434, 51.3140956 ], [ -1.096312, 51.3189732 ], [ -1.0735233, 51.3237492 ], [ -1.0570476, 51.3247718 ], [ -1.0365226, 51.3244416 ], [ -1.0077912, 51.3239729 ], [ -0.9811564, 51.3222514 ], [ -0.9484896, 51.3178511 ], [ -0.9158236, 51.3134442 ], [ -0.8832147, 51.3077457 ], [ -0.8588459, 51.3021796 ], [ -0.8243733, 51.2925801 ], [ -0.8000927, 51.2844416 ], [ -0.7778265, 51.277617 ], [ -0.755637, 51.2695039 ], [ -0.7355081, 51.2614238 ], [ -0.7154139, 51.2533411 ], [ -0.6992906, 51.2466169 ], [ -0.6791399, 51.2385295 ], [ -0.6568864, 51.2316783 ], [ -0.6163791, 51.2218949 ], [ -0.5859213, 51.2135786 ], [ -0.5577056, 51.2040162 ], [ -0.5210932, 51.1968409 ], [ -0.4886319, 51.1910293 ], [ -0.4542284, 51.1851715 ], [ -0.4093238, 51.1803481 ], [ -0.374614, 51.1770245 ], [ -0.3438211, 51.1737551 ], [ -0.3171574, 51.1705832 ], [ -0.2884763, 51.1686456 ], [ -0.2557596, 51.1653222 ], [ -0.2126939, 51.1617409 ], [ -0.1779089, 51.1583458 ], [ -0.1451194, 51.1562777 ], [ -0.1081365, 51.155377 ], [ -0.0711632, 51.1544689 ], [ -0.040223, 51.1549845 ], [ -0.0176564, 51.1544207 ], [ 0.0008991, 51.155237 ], [ 0.0317761, 51.1557404 ], [ 0.0627837, 51.1575155 ], [ 0.1041932, 51.1577182 ], [ 0.1498488, 51.1603662 ], [ 0.1831914, 51.1607589 ], [ 0.2121, 51.1638434 ], [ 0.2472583, 51.1654627 ], [ 0.2890104, 51.1694585 ], [ 0.3287315, 51.1722075 ], [ 0.3645956, 51.1776344 ], [ 0.3899268, 51.1833595 ], [ 0.4111227, 51.1891981 ], [ 0.5759739, 51.2222698 ], [ 0.6460221, 51.2340546 ], [ 0.7254797, 51.2517261 ], [ 0.7882094, 51.2680826 ], [ 0.9016456, 51.3024122 ], [ 1.0072407, 51.3494512 ], [ 1.099767, 51.4075299 ], [ 1.1881482, 51.4454995 ], [ 1.230554, 51.4581496 ], [ 1.2686292, 51.4683649 ], [ 1.3170019, 51.4781963 ], [ 1.3757954, 51.4889121 ], [ 1.4283202, 51.4985441 ], [ 1.4806176, 51.5055902 ], [ 1.5265072, 51.5102851 ], [ 1.5661077, 51.5139175 ], [ 1.6175519, 51.5119363 ], [ 1.6731117, 51.5097706 ], [ 1.7304674, 51.5049332 ], [ 1.7835723, 51.498953 ], [ 1.8324235, 51.491834 ], [ 1.885248, 51.4832419 ], [ 1.9399852, 51.4732576 ], [ 1.9966287, 51.4618777 ], [ 2.0407833, 51.4497119 ], [ 2.0934354, 51.4397342 ], [ 2.1441649, 51.4311017 ], [ 2.2010643, 51.4221713 ], [ 2.2601654, 51.4143918 ], [ 2.3116291, 51.412085 ], [ 2.373844, 51.413124 ], [ 2.4365298, 51.4179684 ], [ 2.516692, 51.4297063 ], [ 2.5633045, 51.4378274 ], [ 2.6120178, 51.4458294 ], [ 2.6863637, 51.4590306 ], [ 2.7840466, 51.4749257 ], [ 2.8394859, 51.4850974 ], [ 2.8699575, 51.4952055 ], [ 2.996521, 51.5121612 ] ] } },
{ "type": "Feature", "properties": { "Boundary_n": "SC1.5", "ID": "BND013" }, "geometry": { "type": "LineString", "coordinates": [ [ -1.2854004, 50.5273968 ], [ -1.3180239, 50.5435073 ], [ -1.3278133, 50.5526392 ], [ -1.3475896, 50.5657708 ], [ -1.3695377, 50.5750587 ], [ -1.385379, 50.5855485 ], [ -1.3990723, 50.5998704 ], [ -1.4147021, 50.6167869 ], [ -1.4323333, 50.633744 ], [ -1.449761, 50.653326 ], [ -1.467362, 50.6715584 ], [ -1.4832136, 50.6883883 ], [ -1.4968788, 50.7090822 ], [ -1.5082831, 50.7336334 ], [ -1.5218845, 50.753076 ], [ -1.5395398, 50.7725697 ], [ -1.5532864, 50.7894283 ], [ -1.5689567, 50.8076131 ], [ -1.586569, 50.8322185 ], [ -1.6001521, 50.8542191 ], [ -1.6056036, 50.8748448 ], [ -1.6091015, 50.891594 ], [ -1.6105797, 50.9134432 ], [ -1.6120205, 50.9340121 ], [ -1.6116726, 50.9481338 ], [ -1.6093145, 50.960948 ], [ -1.6069309, 50.972483 ], [ -1.5940901, 50.9916092 ], [ -1.5708071, 51.0144603 ], [ -1.5623272, 51.0246357 ], [ -1.5497318, 51.0373331 ], [ -1.5225467, 51.057557 ], [ -1.493073, 51.0803038 ], [ -1.4720207, 51.0980146 ], [ -1.4613119, 51.1132889 ], [ -1.4505901, 51.1285615 ], [ -1.444249, 51.1349012 ], [ -1.4148449, 51.1563434 ], [ -1.3874733, 51.1790971 ], [ -1.3685435, 51.1929626 ], [ -1.3392222, 51.2092394 ], [ -1.2975896, 51.2253272 ], [ -1.2560084, 51.2414292 ], [ -1.2185755, 51.2536951 ], [ -1.1853319, 51.2634421 ], [ -1.1562978, 51.2719977 ], [ -1.1253079, 51.2779541 ], [ -1.0964126, 51.2826515 ], [ -1.067496, 51.2873323 ], [ -1.0386373, 51.2907339 ], [ -1.013875, 51.2941956 ], [ -0.9870866, 51.296312 ], [ -0.9623442, 51.2984517 ], [ -0.945873, 51.2994533 ], [ -0.9273512, 51.3004188 ], [ -0.9109384, 51.3001362 ], [ -0.8985743, 51.3012081 ], [ -0.8903702, 51.3010689 ], [ -0.8578265, 51.2940631 ], [ -0.8155505, 51.271312 ], [ -0.7951722, 51.2645269 ], [ -0.7790402, 51.2565232 ], [ -0.7629354, 51.2485109 ], [ -0.7487839, 51.2431157 ], [ -0.734605, 51.2364304 ], [ -0.7162852, 51.2296818 ], [ -0.7022576, 51.221706 ], [ -0.6802784, 51.2109769 ], [ -0.6579937, 51.2015779 ], [ -0.6377639, 51.1947555 ], [ -0.6216467, 51.1892898 ], [ -0.6032545, 51.1838315 ], [ -0.5767606, 51.1769149 ], [ -0.5443935, 51.1698067 ], [ -0.5139643, 51.1614961 ], [ -0.4812674, 51.1557326 ], [ -0.4425574, 51.14853 ], [ -0.393689, 51.1423512 ], [ -0.3489743, 51.1349634 ], [ -0.3101421, 51.1303093 ], [ -0.2652909, 51.1254692 ], [ -0.2082703, 51.1190451 ], [ -0.157196, 51.1153302 ], [ -0.0977681, 51.1139867 ], [ -0.0487, 51.1128014 ], [ 0.0065901, 51.112736 ], [ 0.0497247, 51.1142591 ], [ 0.1009308, 51.1154924 ], [ 0.150345, 51.1193733 ], [ 0.2017639, 51.1231516 ], [ 0.25937, 51.1267859 ], [ 0.3169552, 51.1303831 ], [ 0.360148, 51.133073 ], [ 0.4032893, 51.1356664 ], [ 0.450621, 51.1393985 ], [ 0.5043038, 51.1455313 ], [ 0.5437985, 51.1533482 ], [ 0.5878849, 51.1674579 ], [ 0.6279043, 51.1816823 ], [ 0.6616081, 51.1935152 ], [ 0.6764166, 51.1994998 ], [ 0.6994992, 51.2065237 ], [ 0.7100168, 51.2100664 ], [ 0.7162516, 51.2111581 ], [ 0.724533, 51.2121842 ], [ 0.7329166, 51.2144899 ], [ 0.7453944, 51.2166635 ], [ 0.7579767, 51.220117 ], [ 0.7684907, 51.2236609 ], [ 0.7788884, 51.2259343 ], [ 0.791572, 51.2306686 ], [ 0.8108597, 51.2402883 ], [ 0.8131182, 51.2427815 ], [ 0.8448748, 51.2545964 ], [ 0.861164, 51.2681002 ], [ 0.8698795, 51.2742428 ], [ 0.9167987, 51.2958268 ], [ 0.9699833, 51.3159381 ], [ 1.0104177, 51.3313034 ], [ 1.0529953, 51.3478643 ], [ 1.0999503, 51.3668248 ], [ 1.1448868, 51.3858338 ], [ 1.1767281, 51.3962952 ], [ 1.217034, 51.4090205 ], [ 1.273911, 51.4224245 ], [ 1.3378345, 51.4226912 ], [ 1.3732406, 51.4265422 ], [ 1.4312453, 51.4295449 ], [ 1.476682, 51.4304214 ], [ 1.5199407, 51.4300777 ], [ 1.5610187, 51.4285164 ], [ 1.6062011, 51.4267821 ], [ 1.6511242, 51.4224697 ], [ 1.6957811, 51.4155788 ], [ 1.738114, 51.4061927 ], [ 1.7841402, 51.3927845 ], [ 1.8200187, 51.381053 ], [ 1.8497276, 51.3695605 ], [ 1.8813417, 51.3566959 ], [ 1.9170447, 51.3436508 ], [ 1.9527281, 51.3305955 ], [ 1.9867614, 51.3214539 ], [ 2.0127235, 51.3139289 ], [ 2.0490675, 51.3072423 ], [ 2.0895077, 51.3003654 ], [ 2.1378625, 51.2905595 ], [ 2.1640884, 51.2855571 ], [ 2.2024641, 51.2787295 ], [ 2.2368918, 51.2733432 ], [ 2.2592987, 51.2710627 ], [ 2.2735063, 51.2691447 ], [ 2.8692622, 51.2577325 ] ] } },
{ "type": "Feature", "properties": { "Boundary_n": "SC2", "ID": "BND014" }, "geometry": { "type": "LineString", "coordinates": [ [ 2.9772949, 52.1520293 ], [ 2.9103234, 52.1029399 ], [ 2.9077219, 52.0991866 ], [ 2.8393831, 52.0430192 ], [ 2.7944337, 52.0038428 ], [ 2.7620836, 51.9640871 ], [ 2.7373507, 51.9342975 ], [ 2.7053014, 51.8958402 ], [ 2.6840237, 51.8594655 ], [ 2.6570389, 51.8272312 ], [ 2.6355239, 51.8050491 ], [ 2.6065648, 51.772914 ], [ 2.5805074, 51.7470852 ], [ 2.5522631, 51.7200699 ], [ 2.5265915, 51.6967971 ], [ 2.5072964, 51.6745169 ], [ 2.4889411, 51.659915 ], [ 2.4642606, 51.6443149 ], [ 2.4435733, 51.627242 ], [ 2.4233547, 51.6140065 ], [ 2.4053601, 51.6019553 ], [ 2.3805988, 51.5850608 ], [ 2.3568978, 51.5771192 ], [ 2.3523333, 51.5734643 ], [ 2.3433549, 51.567434 ], [ 2.3302607, 51.5615869 ], [ 2.319082, 51.5543671 ], [ 2.3015861, 51.5461404 ], [ 2.2823314, 51.5405621 ], [ 2.2630817, 51.5349807 ], [ 2.2461838, 51.5318652 ], [ 2.2229736, 51.5277376 ], [ 2.1977109, 51.523695 ], [ 2.1703962, 51.5197358 ], [ 2.1430868, 51.5157699 ], [ 2.1182634, 51.5155497 ], [ 2.0976951, 51.5164288 ], [ 2.0791833, 51.5172168 ], [ 2.0627278, 51.5179146 ], [ 2.0424362, 51.521344 ], [ 2.0221414, 51.5247702 ], [ 2.0081554, 51.5292135 ], [ 1.9984198, 51.5347642 ], [ 1.984979, 51.5443261 ], [ 1.9740052, 51.5576406 ], [ 1.9628866, 51.5696742 ], [ 1.9556081, 51.5789762 ], [ 1.9444794, 51.5910075 ], [ 1.9355403, 51.6042316 ], [ 1.9264623, 51.6161796 ], [ 1.9172434, 51.626845 ], [ 1.9036201, 51.635117 ], [ 1.8939836, 51.6419398 ], [ 1.8846141, 51.6513224 ], [ 1.8768995, 51.6567796 ], [ 1.8713817, 51.6634328 ], [ 1.8657275, 51.6688055 ], [ 1.8600725, 51.6741785 ], [ 1.8566149, 51.6807474 ], [ 1.8472288, 51.6901286 ], [ 1.8396361, 51.6968641 ], [ 1.829707, 51.7011224 ], [ 1.8217083, 51.704016 ], [ 1.8073744, 51.7058765 ], [ 1.7951066, 51.7076529 ], [ 1.784772, 51.7080654 ], [ 1.7762398, 51.7058336 ], [ 1.7677099, 51.7036024 ], [ 1.7549144, 51.7002525 ], [ 1.7440518, 51.6955382 ], [ 1.7374589, 51.6919409 ], [ 1.7307358, 51.687063 ], [ 1.7220801, 51.6835502 ], [ 1.7153585, 51.6786679 ], [ 1.7041162, 51.6701084 ], [ 1.6973986, 51.665228 ], [ 1.6906825, 51.6603473 ], [ 1.683838, 51.6541852 ], [ 1.676868, 51.6467413 ], [ 1.6701568, 51.6418597 ], [ 1.6633156, 51.6356986 ], [ 1.6545425, 51.6308963 ], [ 1.645514, 51.6235317 ], [ 1.6366165, 51.6174471 ], [ 1.6257849, 51.6127209 ], [ 1.6127616, 51.6067921 ], [ 1.6020589, 51.6033401 ], [ 1.591237, 51.5986169 ], [ 1.5761572, 51.5927638 ], [ 1.5568298, 51.585784 ], [ 1.539823, 51.5812871 ], [ 1.5291252, 51.5778305 ], [ 1.5204966, 51.5742979 ], [ 1.5055575, 51.5697154 ], [ 1.4906169, 51.565128 ], [ 1.4714249, 51.5594111 ], [ 1.4501788, 51.5537724 ], [ 1.4331832, 51.5492546 ], [ 1.4203103, 51.5445835 ], [ 1.4034393, 51.5413433 ], [ 1.386324, 51.5355354 ], [ 1.3628997, 51.5286675 ], [ 1.3415456, 51.5217218 ], [ 1.3203088, 51.5160465 ], [ 1.3011462, 51.5103052 ], [ 1.2799163, 51.5046255 ], [ 1.2567413, 51.5002984 ], [ 1.233571, 51.495963 ], [ 1.2078655, 51.4865658 ], [ 1.1992586, 51.483004 ], [ 1.186298, 51.4770208 ], [ 1.1667873, 51.4673992 ], [ 1.1494632, 51.4589858 ], [ 1.1303121, 51.4531995 ], [ 1.115291, 51.4472741 ], [ 1.0980942, 51.4401305 ], [ 1.0810131, 51.4342715 ], [ 1.0595728, 51.425975 ], [ 1.0424906, 51.420104 ], [ 1.0274836, 51.4141622 ], [ 1.0207273, 51.4079476 ], [ 1.0120215, 51.4030836 ], [ 0.9988495, 51.3944989 ], [ 0.9813269, 51.3834813 ], [ 0.9681625, 51.3748927 ], [ 0.9573838, 51.370092 ], [ 0.9465202, 51.3640078 ], [ 0.9356621, 51.3579091 ], [ 0.922389, 51.3480263 ], [ 0.9091194, 51.3381408 ], [ 0.9002102, 51.3306934 ], [ 0.8847051, 51.3183083 ], [ 0.8846045, 51.3170258 ], [ 0.8757762, 51.3095916 ], [ 0.8689931, 51.3020909 ], [ 0.8579933, 51.2934366 ], [ 0.8492559, 51.287282 ], [ 0.8407169, 51.2836916 ], [ 0.8277598, 51.276378 ], [ 0.8213865, 51.2740064 ], [ 0.7635498, 51.2516015 ], [ 0.724725, 51.2406862 ], [ 0.7036621, 51.2336468 ], [ 0.6785107, 51.2267254 ], [ 0.6471233, 51.2187074 ], [ 0.5908185, 51.2062871 ], [ 0.5573932, 51.1983029 ], [ 0.5176708, 51.1879217 ], [ 0.4616034, 51.1780003 ], [ 0.4076994, 51.1692748 ], [ 0.3518893, 51.1618644 ], [ 0.3002176, 51.1543134 ], [ 0.2525945, 51.1466323 ], [ 0.1923146, 51.1354016 ], [ 0.1261515, 51.1255895 ], [ 0.078555, 51.1178295 ], [ 0.0309988, 51.110055 ], [ -0.0104104, 51.1046576 ], [ -0.0619214, 51.0982274 ], [ -0.1219642, 51.0893873 ], [ -0.1819596, 51.0805182 ], [ -0.2212994, 51.0737178 ], [ -0.2461357, 51.0691462 ], [ -0.2606903, 51.0656198 ], [ -0.2735844, 51.0581744 ], [ -0.2925685, 51.0508727 ], [ -0.3054939, 51.0408667 ], [ -0.3142362, 51.0320534 ], [ -0.318781, 51.024441 ], [ -0.323319, 51.0168241 ], [ -0.3259908, 51.0065884 ], [ -0.3286614, 50.9963494 ], [ -0.3273065, 50.984739 ], [ -0.3238864, 50.9730881 ], [ -0.3184324, 50.9613946 ], [ -0.3167727, 50.9549232 ], [ -0.309142, 50.9457456 ], [ -0.301508, 50.9365686 ], [ -0.2958021, 50.9287342 ], [ -0.2901901, 50.9196096 ], [ -0.2902661, 50.9183247 ], [ -0.2689692, 50.8972833 ], [ -0.2591111, 50.88938 ], [ -0.2509425, 50.8828957 ], [ -0.2395132, 50.8748093 ], [ -0.2319255, 50.8656255 ], [ -0.2263507, 50.856495 ], [ -0.2209505, 50.8460462 ], [ -0.2194998, 50.8369898 ], [ -0.2181257, 50.8266477 ], [ -0.2187975, 50.8163457 ], [ -0.2215524, 50.8048155 ], [ -0.2262547, 50.7946236 ], [ -0.2329949, 50.7844707 ], [ -0.2399679, 50.7704575 ], [ -0.2486613, 50.7616323 ], [ -0.2596236, 50.7489923 ], [ -0.2664342, 50.7375422 ], [ -0.2732392, 50.7260913 ], [ -0.2780873, 50.7133113 ], [ -0.2871669, 50.6980396 ], [ -0.2920153, 50.685252 ], [ -0.2927173, 50.6736634 ], [ -0.2914641, 50.660741 ], [ -0.2880223, 50.6503502 ], [ -0.284582, 50.6399581 ], [ -0.2830221, 50.632185 ], [ -0.281855, 50.6179723 ], [ -0.2819338, 50.6166835 ], [ -0.2416992, 50.5623044 ] ] } },
{ "type": "Feature", "properties": { "Boundary_n": "SC3", "ID": "BND015" }, "geometry": { "type": "LineString", "coordinates": [ [ 2.8894043, 52.247983 ], [ 2.8616452, 52.2179188 ], [ 2.8608127, 52.2114879 ], [ 2.859316, 52.1999166 ], [ 2.8526452, 52.1808368 ], [ 2.843562, 52.1592912 ], [ 2.8328988, 52.1417077 ], [ 2.8229047, 52.129265 ], [ 2.8103388, 52.1130715 ], [ 2.7974579, 52.0943144 ], [ 2.7804235, 52.0757586 ], [ 2.7637298, 52.0597727 ], [ 2.7446464, 52.0413212 ], [ 2.722856, 52.0178376 ], [ 2.7079748, 51.9991942 ], [ 2.692945, 51.9792681 ], [ 2.6780908, 51.9606274 ], [ 2.6699558, 51.9455394 ], [ 2.6579906, 51.9332122 ], [ 2.6504983, 51.9232526 ], [ 2.6404646, 51.9095474 ], [ 2.6283621, 51.8959401 ], [ 2.6177138, 51.8771125 ], [ 2.6099298, 51.8645933 ], [ 2.6024627, 51.8546363 ], [ 2.5972271, 51.8458639 ], [ 2.5919928, 51.837092 ], [ 2.5889878, 51.8295049 ], [ 2.5837579, 51.8207336 ], [ 2.5786854, 51.8132433 ], [ 2.5734593, 51.8044723 ], [ 2.5663215, 51.7970781 ], [ 2.5542761, 51.7834748 ], [ 2.5443058, 51.7697755 ], [ 2.5348011, 51.7599164 ], [ 2.5249958, 51.7474973 ], [ 2.519635, 51.7374471 ], [ 2.5099911, 51.7263071 ], [ 2.5003531, 51.7151685 ], [ 2.4953063, 51.7076782 ], [ 2.4837629, 51.6979125 ], [ 2.4719197, 51.6855861 ], [ 2.4580195, 51.6733538 ], [ 2.4463405, 51.6623062 ], [ 2.4390945, 51.6536293 ], [ 2.4318497, 51.6449511 ], [ 2.4223954, 51.6350881 ], [ 2.4066082, 51.6242234 ], [ 2.3973131, 51.6156373 ], [ 2.3859588, 51.6071442 ], [ 2.3725502, 51.5987373 ], [ 2.3569347, 51.5891514 ], [ 2.3413255, 51.5795567 ], [ 2.3302846, 51.5736172 ], [ 2.3086515, 51.5655753 ], [ 2.2851093, 51.5589004 ], [ 2.2553973, 51.5524907 ], [ 2.2343609, 51.5495558 ], [ 2.2153878, 51.5465288 ], [ 2.1943491, 51.5435827 ], [ 2.1755172, 51.5418232 ], [ 2.1524235, 51.5389605 ], [ 2.1337364, 51.5384775 ], [ 2.1109237, 51.5381677 ], [ 2.0942915, 51.5375918 ], [ 2.0798611, 51.5382053 ], [ 2.0636484, 51.5414652 ], [ 2.0478517, 51.5485651 ], [ 2.033971, 51.5542972 ], [ 2.0161026, 51.5614809 ], [ 2.004416, 51.5684044 ], [ 1.9905231, 51.574133 ], [ 1.9788246, 51.5810549 ], [ 1.966986, 51.5866969 ], [ 1.959267, 51.5921629 ], [ 1.953893, 51.6001068 ], [ 1.9487884, 51.6106139 ], [ 1.9434077, 51.6185585 ], [ 1.9360951, 51.6278677 ], [ 1.9305748, 51.6345333 ], [ 1.9232534, 51.6438399 ], [ 1.9197955, 51.6504253 ], [ 1.9124688, 51.6597359 ], [ 1.9050009, 51.667765 ], [ 1.8976619, 51.6770718 ], [ 1.8900621, 51.683829 ], [ 1.8845137, 51.6904886 ], [ 1.8810428, 51.6970676 ], [ 1.873564, 51.7050982 ], [ 1.8658059, 51.7105614 ], [ 1.8580486, 51.7160281 ], [ 1.8440646, 51.7217468 ], [ 1.8340978, 51.7260185 ], [ 1.8202382, 51.7330189 ], [ 1.8099963, 51.7347212 ], [ 1.8018283, 51.7363426 ], [ 1.7935252, 51.7366778 ], [ 1.7831495, 51.7370925 ], [ 1.7748455, 51.7374263 ], [ 1.766406, 51.7364739 ], [ 1.7578412, 51.7342418 ], [ 1.7469416, 51.7295283 ], [ 1.7340929, 51.7261771 ], [ 1.7209871, 51.7202604 ], [ 1.709954, 51.7142584 ], [ 1.7030832, 51.7080905 ], [ 1.6941339, 51.7020051 ], [ 1.6827246, 51.6921528 ], [ 1.673397, 51.6822168 ], [ 1.6664019, 51.6747546 ], [ 1.6574547, 51.6686749 ], [ 1.6504624, 51.6612176 ], [ 1.6434746, 51.6537681 ], [ 1.6344103, 51.6463946 ], [ 1.6253488, 51.6390201 ], [ 1.616412, 51.6329244 ], [ 1.6076041, 51.6281116 ], [ 1.5966043, 51.622099 ], [ 1.5857263, 51.6173649 ], [ 1.5747277, 51.6113431 ], [ 1.5638511, 51.6066107 ], [ 1.5529813, 51.6018738 ], [ 1.5379598, 51.5972932 ], [ 1.5250103, 51.5926293 ], [ 1.507785, 51.586836 ], [ 1.4864244, 51.5811988 ], [ 1.4628554, 51.5743478 ], [ 1.4352665, 51.5689286 ], [ 1.4141415, 51.5658405 ], [ 1.3906946, 51.5602567 ], [ 1.3566263, 51.5524786 ], [ 1.3205101, 51.5447383 ], [ 1.2802381, 51.5384283 ], [ 1.2484153, 51.5318495 ], [ 1.2124807, 51.5266592 ], [ 1.1808178, 51.5226015 ], [ 1.1574762, 51.518239 ], [ 1.1257875, 51.5141714 ], [ 1.0982651, 51.5099444 ], [ 1.0581364, 51.5048398 ], [ 1.0180937, 51.5010073 ], [ 0.980232, 51.4983837 ], [ 0.946642, 51.4968906 ], [ 0.9151211, 51.4953202 ], [ 0.8919307, 51.4934795 ], [ 0.8709366, 51.4928507 ], [ 0.8563142, 51.4933137 ], [ 0.8478447, 51.4922911 ], [ 0.81995, 51.4958239 ], [ 0.8035781, 51.4976262 ], [ 0.779178, 51.5022476 ], [ 0.7526061, 51.505651 ], [ 0.7278809, 51.5064181 ], [ 0.7072778, 51.5070533 ], [ 0.6886236, 51.5063414 ], [ 0.6718312, 51.5030007 ], [ 0.661227, 51.4994692 ], [ 0.6546397, 51.4945263 ], [ 0.6480586, 51.489585 ], [ 0.6472624, 51.4793295 ], [ 0.6529513, 51.4727336 ], [ 0.6566572, 51.4674794 ], [ 0.6621269, 51.4583185 ], [ 0.6636795, 51.451847 ], [ 0.6649289, 51.4415285 ], [ 0.6641199, 51.4312723 ], [ 0.6631091, 51.4184518 ], [ 0.6621027, 51.4056317 ], [ 0.6464023, 51.3893984 ], [ 0.6326719, 51.3718217 ], [ 0.6150329, 51.3556741 ], [ 0.5971494, 51.3369449 ], [ 0.5810425, 51.3143073 ], [ 0.5620595, 51.2826945 ], [ 0.5539323, 51.2572189 ], [ 0.552148, 51.2328852 ], [ 0.5541194, 51.2070294 ], [ 0.5601802, 51.1798064 ], [ 0.5661783, 51.1513169 ], [ 0.5706816, 51.1293437 ], [ 0.577215, 51.1073046 ], [ 0.5837606, 51.0864882 ], [ 0.5886392, 51.0696475 ], [ 0.5940764, 51.0604835 ], [ 0.5973303, 51.0500629 ], [ 0.6440735, 50.9964718 ], [ 1.0176086, 50.7390625 ] ] } },
{ "type": "Feature", "properties": { "Boundary_n": "SW1", "ID": "BND016" }, "geometry": { "type": "LineString", "coordinates": [ [ -5.5865479, 51.8459593 ], [ -5.5362357, 51.8786423 ], [ -5.4771193, 51.8992949 ], [ -5.3345282, 51.9496393 ], [ -5.1494215, 52.0026538 ], [ -4.9808088, 52.0334251 ], [ -4.8189081, 52.0596202 ], [ -4.6143924, 52.0792717 ], [ -4.4519236, 52.0895706 ], [ -4.3320253, 52.0908261 ], [ -4.1699211, 52.1029386 ], [ -4.0362022, 52.1062218 ], [ -3.9409944, 52.106779 ], [ -3.859812, 52.1070854 ], [ -3.772087, 52.1098937 ], [ -3.6840527, 52.1102022 ], [ -3.6142308, 52.1110519 ], [ -3.5649174, 52.1111289 ], [ -3.1853942, 52.1121203 ], [ -3.0734738, 52.1107207 ], [ -3.0489063, 52.1129098 ], [ -3.0067786, 52.1151057 ], [ -2.9576247, 52.1172417 ], [ -2.9049576, 52.1172033 ], [ -2.8452913, 52.1084708 ], [ -2.7751064, 52.1041096 ], [ -2.7189348, 52.1020228 ], [ -2.6452552, 52.0975544 ], [ -2.5821504, 52.0887636 ], [ -2.5436428, 52.0820993 ], [ -2.5120905, 52.0731207 ], [ -2.4995631, 52.0672785 ], [ -2.4870226, 52.063356 ], [ -2.4745042, 52.0574859 ], [ -2.4619899, 52.0516152 ], [ -2.4526203, 52.0457699 ], [ -2.437037, 52.0340626 ], [ -2.4308204, 52.0282124 ], [ -2.4215108, 52.0184656 ], [ -2.4122293, 52.0067813 ], [ -2.3998101, 51.9951017 ], [ -2.3936675, 51.9834774 ], [ -2.3844134, 51.9699073 ], [ -2.3814149, 51.9582944 ], [ -2.3753056, 51.9447357 ], [ -2.3722668, 51.9369849 ], [ -2.3725305, 51.9157032 ], [ -2.3726502, 51.9060305 ], [ -2.3727938, 51.8944236 ], [ -2.3728895, 51.8866857 ], [ -2.3729852, 51.8789482 ], [ -2.3794367, 51.8634952 ], [ -2.382665, 51.855753 ], [ -2.3890691, 51.8441512 ], [ -2.3954912, 51.8306178 ], [ -2.4050135, 51.8190252 ], [ -2.4082312, 51.8112925 ], [ -2.4145708, 51.803579 ], [ -2.4209221, 51.7939543 ], [ -2.4241275, 51.7862468 ], [ -2.4335567, 51.7804926 ], [ -2.4430231, 51.7708775 ], [ -2.4524872, 51.7612507 ], [ -2.4619495, 51.7516167 ], [ -2.4745476, 51.7400539 ], [ -2.4902569, 51.728499 ], [ -2.5028385, 51.7169401 ], [ -2.5153593, 51.7111908 ], [ -2.5247769, 51.7034986 ], [ -2.5373074, 51.6958156 ], [ -2.5529805, 51.6842713 ], [ -2.5686311, 51.6746628 ], [ -2.590529, 51.6612049 ], [ -2.6092888, 51.649659 ], [ -2.6186765, 51.6419529 ], [ -2.6342964, 51.6323279 ], [ -2.6468095, 51.6207622 ], [ -2.6561959, 51.6111249 ], [ -2.6686953, 51.5995574 ], [ -2.6811931, 51.5879937 ], [ -2.696798, 51.5745007 ], [ -2.7092781, 51.5629333 ], [ -2.7217364, 51.555228 ], [ -2.7310844, 51.5475169 ], [ -2.7435347, 51.5398101 ], [ -2.7622022, 51.5282473 ], [ -2.7746472, 51.5186059 ], [ -2.7964011, 51.5070429 ], [ -2.8119295, 51.4993323 ], [ -2.8305593, 51.4916243 ], [ -2.8522838, 51.4819826 ], [ -2.8771036, 51.4704082 ], [ -2.8988122, 51.4607582 ], [ -2.920511, 51.4491736 ], [ -2.9391018, 51.4395167 ], [ -2.9607783, 51.4259934 ], [ -2.9855364, 51.4086036 ], [ -3.010283, 51.3950672 ], [ -3.0442995, 51.3795874 ], [ -3.0659446, 51.3718378 ], [ -3.0968595, 51.3621404 ], [ -3.1215923, 51.3563164 ], [ -3.1587036, 51.350443 ], [ -3.2143788, 51.3445235 ], [ -3.2669578, 51.338585 ], [ -4.1638184, 51.3374757 ], [ -5.6332397, 51.2790987 ] ] } },
{ "type": "Feature", "properties": { "Boundary_n": "B7", "ID": "BND017" }, "geometry": { "type": "LineString", "coordinates": [ [ -5.5838013, 54.4476859 ], [ -3.0710987, 54.6429009 ], [ -2.8761196, 54.6470417 ], [ -2.7494784, 54.6481417 ], [ -2.6987894, 54.6464713 ], [ -2.6443436, 54.6406163 ], [ -2.5785384, 54.6201101 ], [ -2.5129288, 54.5996195 ], [ -2.4510635, 54.5770388 ], [ -2.4256404, 54.568832 ], [ -2.3812866, 54.5449864 ], [ -2.3529009, 54.5318728 ], [ -2.3231515, 54.5132705 ], [ -2.2647957, 54.5031044 ], [ -2.1918275, 54.4908753 ], [ -2.1228071, 54.4682841 ], [ -2.0363334, 54.4540179 ], [ -1.9105719, 54.4376929 ], [ -1.7852579, 54.4191942 ], [ -1.6423557, 54.4088304 ], [ -1.5101917, 54.4086565 ], [ -1.4959034, 54.408629 ], [ -1.3171933, 54.4205499 ], [ -1.1990671, 54.4345642 ], [ -1.0770871, 54.4567353 ], [ -0.9691659, 54.4789079 ], [ -0.8248669, 54.5049383 ], [ -0.7089215, 54.5269532 ], [ -0.6144635, 54.5469783 ], [ -0.5271234, 54.5649343 ], [ -0.4139666, 54.5888545 ], [ -0.3184408, 54.6150148 ], [ -0.2302572, 54.634944 ], [ -0.0796612, 54.6603546 ], [ 0.0378943, 54.6755803 ], [ 0.1043948, 54.6872661 ], [ 0.269165, 54.7135155 ], [ 0.585022, 54.7452352 ], [ 0.920105, 54.7690086 ] ] } },
{ "type": "Feature", "properties": { "Boundary_n": "B0", "ID": "BND018" }, "geometry": { "type": "LineString", "coordinates": [ [ -5.6634521, 59.3079642 ], [ -5.592041, 58.8279612 ], [ -5.5815875, 58.7941151 ], [ -5.5799314, 58.7820024 ], [ -5.5795848, 58.7604201 ], [ -5.5820076, 58.7401316 ], [ -5.5794526, 58.721336 ], [ -5.5768986, 58.7025588 ], [ -5.5657282, 58.6772914 ], [ -5.558054, 58.6586827 ], [ -5.5529775, 58.640023 ], [ -5.5473706, 58.617363 ], [ -5.541801, 58.5947355 ], [ -5.5336787, 58.5721869 ], [ -5.5252314, 58.5469993 ], [ -5.5140809, 58.5205773 ], [ -5.5063819, 58.5007597 ], [ -5.4952999, 58.4743793 ], [ -5.4849333, 58.4533426 ], [ -5.4771363, 58.432249 ], [ -5.4696959, 58.4138254 ], [ -5.4619356, 58.3927648 ], [ -5.4521595, 58.3757622 ], [ -5.4397011, 58.3575128 ], [ -5.4299675, 58.3405252 ], [ -5.4177306, 58.3236167 ], [ -5.4053439, 58.3054003 ], [ -5.3931529, 58.2885149 ], [ -5.3834971, 58.2715649 ], [ -5.3713702, 58.254688 ], [ -5.3586055, 58.2352437 ], [ -5.3464193, 58.2157477 ], [ -5.3309087, 58.1924215 ], [ -5.3134862, 58.1731168 ], [ -5.2966037, 58.1577497 ], [ -5.282139, 58.1396682 ], [ -5.2598184, 58.1218578 ], [ -5.2428023, 58.1052175 ], [ -5.2232637, 58.088661 ], [ -5.2065333, 58.0733326 ], [ -5.1925994, 58.0605665 ], [ -5.1759683, 58.0479227 ], [ -5.1608044, 58.0368547 ], [ -5.1442756, 58.0255704 ], [ -5.1316304, 58.0138349 ], [ -5.1188043, 58.0034896 ], [ -5.1023439, 57.9908548 ], [ -5.0863205, 57.9767431 ], [ -5.0694028, 57.9629454 ], [ -5.0528386, 57.9490465 ], [ -5.0365794, 57.9377565 ], [ -5.0226274, 57.9264862 ], [ -5.0131912, 57.917909 ], [ -5.0103871, 57.9158784 ], [ -5.0049095, 57.911812 ], [ -4.999635, 57.9056266 ], [ -4.9942981, 57.9001418 ], [ -4.9877504, 57.893334 ], [ -4.9826475, 57.8857966 ], [ -4.9764098, 57.8789857 ], [ -4.966145, 57.8694745 ], [ -4.9559944, 57.8613627 ], [ -4.9471413, 57.8532303 ], [ -4.9368228, 57.8444544 ], [ -4.9252021, 57.8358969 ], [ -4.9164368, 57.8284969 ], [ -4.9066209, 57.8203885 ], [ -4.8967426, 57.8108838 ], [ -4.8826154, 57.7994261 ], [ -4.8708212, 57.7905265 ], [ -4.8586376, 57.7813006 ], [ -4.8468127, 57.772721 ], [ -4.8355016, 57.7640191 ], [ -4.8236743, 57.7536958 ], [ -4.8131851, 57.7468558 ], [ -4.8025078, 57.7379326 ], [ -4.7930205, 57.7304321 ], [ -4.7819312, 57.7216421 ], [ -4.7694668, 57.7129135 ], [ -4.7556551, 57.7035239 ], [ -4.7378858, 57.6942539 ], [ -4.724052, 57.6877659 ], [ -4.7131026, 57.6818101 ], [ -4.7011356, 57.6778968 ], [ -4.6918045, 57.6739053 ], [ -4.6824174, 57.6692236 ], [ -4.670625, 57.6644824 ], [ -4.6594913, 57.6601023 ], [ -4.6470648, 57.655769 ], [ -4.6318523, 57.6516513 ], [ -4.6200641, 57.647649 ], [ -4.6057935, 57.642887 ], [ -4.5911586, 57.6398494 ], [ -4.5791594, 57.6360012 ], [ -4.5700092, 57.6333469 ], [ -4.5608555, 57.632156 ], [ -4.5529351, 57.6295257 ], [ -4.5437341, 57.6269096 ], [ -4.5346019, 57.624963 ], [ -4.5267959, 57.6236922 ], [ -4.5215642, 57.6223794 ], [ -4.5138035, 57.6217979 ], [ -4.5034115, 57.6198304 ], [ -4.4930522, 57.6193065 ], [ -4.480111, 57.6188247 ], [ -4.4658265, 57.617676 ], [ -4.4528307, 57.6165042 ], [ -4.4437034, 57.6152706 ], [ -4.435951, 57.6154075 ], [ -4.4307917, 57.6154853 ], [ -4.4243526, 57.6155668 ], [ -4.416546, 57.6142617 ], [ -4.4061983, 57.613689 ], [ -4.3919783, 57.6131625 ], [ -4.3867525, 57.6125731 ], [ -4.3815744, 57.6126703 ], [ -4.3763492, 57.6120803 ], [ -4.3710778, 57.6108026 ], [ -4.3659004, 57.6108993 ], [ -4.3593358, 57.6096454 ], [ -4.3528592, 57.6097772 ], [ -4.3410925, 57.6086821 ], [ -4.3332683, 57.6081769 ], [ -4.3121647, 57.6032023 ], [ -4.2978763, 57.6028566 ], [ -4.279712, 57.6026124 ], [ -4.251264, 57.6023623 ], [ -4.2215171, 57.6021116 ], [ -4.1943433, 57.6018572 ], [ -4.1659159, 57.6023315 ], [ -4.1361413, 57.6020345 ], [ -4.1024884, 57.6023956 ], [ -4.0714655, 57.6035159 ], [ -4.0456975, 57.6059783 ], [ -4.0147804, 57.6092004 ], [ -3.9916207, 57.6123005 ], [ -3.9646295, 57.6168253 ], [ -3.9261559, 57.6256397 ], [ -3.8901156, 57.631655 ], [ -3.855347, 57.6376432 ], [ -3.8347936, 57.6427425 ], [ -3.8168235, 57.6478054 ], [ -3.7988697, 57.6535555 ], [ -3.7757843, 57.6614383 ], [ -3.7475058, 57.6700743 ], [ -3.7269275, 57.6765418 ], [ -3.7089122, 57.6822871 ], [ -3.6823832, 57.6901779 ], [ -3.647696, 57.6991492 ], [ -3.6157153, 57.709505 ], [ -3.5757055, 57.7228018 ], [ -3.5463857, 57.7345489 ], [ -3.5224808, 57.747666 ], [ -3.4877821, 57.7623193 ], [ -3.4557355, 57.7769426 ], [ -3.4289849, 57.7886499 ], [ -3.4075876, 57.7988715 ], [ -3.378102, 57.8120328 ], [ -3.3540061, 57.8251398 ], [ -3.3245713, 57.8440294 ], [ -3.3058265, 57.8570882 ], [ -3.2897792, 57.8701281 ], [ -3.273733, 57.8846057 ], [ -3.2603886, 57.8990639 ], [ -3.2496785, 57.9091986 ], [ -3.2415851, 57.913572 ], [ -3.2244873, 57.9410989 ], [ -2.9937744, 58.133021 ], [ -2.7003898, 58.4311866 ], [ -2.4884033, 58.665513 ], [ -2.2521973, 58.9074826 ], [ -2.076416, 59.0998464 ], [ -2.0477229, 59.139144 ] ] } },
{ "type": "Feature", "properties": { "Boundary_n": "B6", "ID": "BND019" }, "geometry": { "type": "LineString", "coordinates": [ [ -5.625, 54.4844001 ], [ -5.4164902, 54.5214873 ], [ -5.3816312, 54.5288435 ], [ -5.3431644, 54.5345032 ], [ -5.2999374, 54.5402817 ], [ -5.2366995, 54.5493431 ], [ -5.1684567, 54.5576107 ], [ -5.084171, 54.5653761 ], [ -4.9827339, 54.5753598 ], [ -4.8623397, 54.5866608 ], [ -4.7306887, 54.5981312 ], [ -4.600718, 54.6121759 ], [ -4.5944907, 54.6132344 ], [ -4.4386151, 54.6259041 ], [ -4.3215453, 54.6311717 ], [ -4.2062071, 54.6399663 ], [ -4.1999163, 54.6410104 ], [ -4.0987726, 54.6521893 ], [ -4.0024182, 54.6715191 ], [ -3.9184403, 54.6943363 ], [ -3.8435769, 54.7179785 ], [ -3.7827126, 54.7414585 ], [ -3.7036529, 54.7691005 ], [ -3.6435225, 54.7918167 ], [ -3.5796146, 54.8204 ], [ -3.5283562, 54.8460617 ], [ -3.4982567, 54.8657481 ], [ -3.4878953, 54.8803805 ], [ -3.4639297, 54.904979 ], [ -3.4217294, 54.9270461 ], [ -3.3677856, 54.9464385 ], [ -3.3308841, 54.9538424 ], [ -3.2441382, 54.9579996 ], [ -3.2407338, 54.9580382 ], [ -3.2276825, 54.9581863 ], [ -3.2040953, 54.9600519 ], [ -3.1821, 54.9612544 ], [ -3.1551683, 54.9641123 ], [ -3.1300586, 54.9679164 ], [ -3.1172215, 54.9699827 ], [ -3.1039312, 54.9733485 ], [ -3.0901332, 54.9776929 ], [ -3.0752936, 54.9833555 ], [ -3.0542473, 54.9904046 ], [ -3.0336725, 54.9977939 ], [ -3.0198422, 55.0041639 ], [ -3.0109899, 55.0085306 ], [ -2.9987695, 55.0142703 ], [ -2.9893821, 55.019999 ], [ -2.9821508, 55.024058 ], [ -2.9761034, 55.0287827 ], [ -2.9717661, 55.0334976 ], [ -2.9691711, 55.0385377 ], [ -2.9681847, 55.0415578 ], [ -2.9666623, 55.0449444 ], [ -2.9644522, 55.0466599 ], [ -2.9598911, 55.0480649 ], [ -2.9564667, 55.0491195 ], [ -2.9507626, 55.051528 ], [ -2.9462318, 55.0542613 ], [ -2.9423152, 55.0573498 ], [ -2.937844, 55.0611327 ], [ -2.9333775, 55.0649432 ], [ -2.9282799, 55.0684075 ], [ -2.9230965, 55.0704995 ], [ -2.9132792, 55.0740222 ], [ -2.9016894, 55.0782296 ], [ -2.8924505, 55.0830999 ], [ -2.8890177, 55.0858833 ], [ -2.8908584, 55.0876071 ], [ -2.8938807, 55.0896258 ], [ -2.8886944, 55.0931234 ], [ -2.8822923, 55.0959562 ], [ -2.8770791, 55.09915 ], [ -2.8753942, 55.1019435 ], [ -2.8736936, 55.1043851 ], [ -2.8695908, 55.1058502 ], [ -2.8654784, 55.1072871 ], [ -2.8613475, 55.1083389 ], [ -2.8554439, 55.1097698 ], [ -2.8489584, 55.1118714 ], [ -2.8436662, 55.114296 ], [ -2.8437071, 55.1160641 ], [ -2.8455512, 55.1185286 ], [ -2.8443849, 55.1196019 ], [ -2.840818, 55.1199851 ], [ -2.8342915, 55.1214542 ], [ -2.8277647, 55.1228624 ], [ -2.824807, 55.1243037 ], [ -2.8272271, 55.126444 ], [ -2.8296396, 55.1278687 ], [ -2.8320551, 55.1292937 ], [ -2.8327003, 55.1317904 ], [ -2.8315704, 55.1353762 ], [ -2.8298001, 55.1368073 ], [ -2.8268132, 55.1371478 ], [ -2.8208309, 55.1379088 ], [ -2.8148415, 55.1383097 ], [ -2.8100417, 55.1383684 ], [ -2.8058525, 55.1383598 ], [ -2.8040586, 55.138353 ], [ -2.7992796, 55.1390618 ], [ -2.7950986, 55.1401366 ], [ -2.790916, 55.1412117 ], [ -2.7837398, 55.1437323 ], [ -2.778343, 55.1451993 ], [ -2.763623, 55.1537296 ], [ -2.7566812, 55.156178 ], [ -2.7518002, 55.1574112 ], [ -2.7482575, 55.1578369 ], [ -2.7454011, 55.1582606 ], [ -2.740354, 55.1591068 ], [ -2.7317379, 55.1607835 ], [ -2.7268085, 55.1624239 ], [ -2.7176952, 55.1652939 ], [ -2.714209, 55.1665207 ], [ -2.7114559, 55.1677416 ], [ -2.7087626, 55.169362 ], [ -2.7020824, 55.1742238 ], [ -2.6961211, 55.1815199 ], [ -2.6934391, 55.1843646 ], [ -2.6894898, 55.1896474 ], [ -2.6874833, 55.1916851 ], [ -2.6821872, 55.1969934 ], [ -2.6795089, 55.1998561 ], [ -2.6735928, 55.2072258 ], [ -2.6730311, 55.2096761 ], [ -2.6690201, 55.2146037 ], [ -2.6662537, 55.2170723 ], [ -2.6627946, 55.2191455 ], [ -2.6599797, 55.2199874 ], [ -2.657075, 55.2200072 ], [ -2.650649, 55.220876 ], [ -2.6456771, 55.2221434 ], [ -2.6407415, 55.2238239 ], [ -2.6357904, 55.2255043 ], [ -2.6345162, 55.2275765 ], [ -2.6340187, 55.2300622 ], [ -2.6334403, 55.2317226 ], [ -2.6314622, 55.2342209 ], [ -2.6280792, 55.2375606 ], [ -2.6260427, 55.2396456 ], [ -2.6254999, 55.2417356 ], [ -2.6249556, 55.243826 ], [ -2.6222314, 55.2459386 ], [ -2.6179985, 55.2476449 ], [ -2.6144822, 55.2493443 ], [ -2.6175545, 55.2510002 ], [ -2.6219765, 55.2513865 ], [ -2.6249049, 55.2517744 ], [ -2.6278686, 55.2525813 ], [ -2.6307965, 55.2529689 ], [ -2.6360037, 55.2545913 ], [ -2.6389671, 55.2549876 ], [ -2.6419782, 55.2558069 ], [ -2.6449908, 55.2566264 ], [ -2.6464977, 55.2570363 ], [ -2.6474296, 55.2591337 ], [ -2.6411547, 55.2625576 ], [ -2.636211, 55.2651194 ], [ -2.6305311, 55.2685111 ], [ -2.6241564, 55.2719326 ], [ -2.6177079, 55.2757464 ], [ -2.6126338, 55.2791045 ], [ -2.6075664, 55.2820576 ], [ -2.6016768, 55.284568 ], [ -2.5972274, 55.287458 ], [ -2.5942873, 55.2891238 ], [ -2.5906374, 55.2908107 ], [ -2.5864941, 55.2946905 ], [ -2.581566, 55.298155 ], [ -2.578074, 55.3011846 ], [ -2.5744932, 55.3029339 ], [ -2.5716781, 55.3051109 ], [ -2.5703749, 55.3077126 ], [ -2.5682816, 55.3094699 ], [ -2.5631757, 55.3112239 ], [ -2.556548, 55.3121454 ], [ -2.5536196, 55.3130274 ], [ -2.5537233, 55.3155792 ], [ -2.553827, 55.318133 ], [ -2.5501864, 55.3198778 ], [ -2.5456574, 55.3198562 ], [ -2.5426546, 55.3198558 ], [ -2.5389021, 55.3198551 ], [ -2.5344993, 55.3215942 ], [ -2.5293423, 55.323334 ], [ -2.5241814, 55.3250747 ], [ -2.5205211, 55.3268188 ], [ -2.5168804, 55.3290048 ], [ -2.5132828, 55.3324829 ], [ -2.5103912, 55.3350932 ], [ -2.5074906, 55.3376991 ], [ -2.5045823, 55.340709 ], [ -2.5010021, 55.3446758 ], [ -2.4966211, 55.3477689 ], [ -2.4921542, 55.3490905 ], [ -2.4891908, 55.3500035 ], [ -2.4825067, 55.3502167 ], [ -2.4780188, 55.350708 ], [ -2.4727854, 55.35204 ], [ -2.4706046, 55.3538735 ], [ -2.4661422, 55.3556801 ], [ -2.4639401, 55.3574827 ], [ -2.4594212, 55.3579381 ], [ -2.4556403, 55.3579326 ], [ -2.4511048, 55.3579259 ], [ -2.4473138, 55.3574709 ], [ -2.4442923, 55.3574663 ], [ -2.4397841, 55.3583577 ], [ -2.4352726, 55.3592392 ], [ -2.4299855, 55.3592171 ], [ -2.4269687, 55.3592352 ], [ -2.4224288, 55.35839 ], [ -2.4156117, 55.3563328 ], [ -2.4118278, 55.3554291 ], [ -2.4080477, 55.354526 ], [ -2.4035132, 55.3531875 ], [ -2.3974688, 55.351005 ], [ -2.3929395, 55.3492654 ], [ -2.3891715, 55.348415 ], [ -2.3861564, 55.347563 ], [ -2.3816437, 55.3475934 ], [ -2.3748778, 55.3507329 ], [ -2.3688711, 55.3542382 ], [ -2.3636004, 55.35645 ], [ -2.3628474, 55.3564501 ], [ -2.3575659, 55.3578032 ], [ -2.3515322, 55.3591393 ], [ -2.3454854, 55.3613708 ], [ -2.3416855, 55.3636228 ], [ -2.3409285, 55.3653693 ], [ -2.3424447, 55.3670928 ], [ -2.3424436, 55.3675311 ], [ -2.3447104, 55.3697069 ], [ -2.3469806, 55.3723186 ], [ -2.3461924, 55.3754734 ], [ -2.3416378, 55.3777009 ], [ -2.337078, 55.3799306 ], [ -2.3325131, 55.3821624 ], [ -2.3332489, 55.3843986 ], [ -2.3392634, 55.3862916 ], [ -2.3460873, 55.3889662 ], [ -2.3483797, 55.3915782 ], [ -2.3438221, 55.3955372 ], [ -2.3407362, 55.3987473 ], [ -2.3368988, 55.402354 ], [ -2.3361143, 55.40462 ], [ -2.3322984, 55.4068266 ], [ -2.3322905, 55.4086112 ], [ -2.3277485, 55.4076316 ], [ -2.3246942, 55.40676 ], [ -2.3224008, 55.4067731 ], [ -2.3139834, 55.4077114 ], [ -2.3078383, 55.4099866 ], [ -2.3024896, 55.411745 ], [ -2.3001693, 55.4148609 ], [ -2.3000446, 55.4168563 ], [ -2.291685, 55.4189397 ], [ -2.2863468, 55.4202216 ], [ -2.2778319, 55.4212762 ], [ -2.271621, 55.4227299 ], [ -2.2700931, 55.4253365 ], [ -2.2685401, 55.4279846 ], [ -2.2615314, 55.4307786 ], [ -2.2522788, 55.4326 ], [ -2.2414776, 55.4331298 ], [ -2.2314144, 55.4345527 ], [ -2.2237685, 55.4345188 ], [ -2.2166986, 55.4351597 ], [ -2.2120706, 55.4360538 ], [ -2.2082232, 55.4364976 ], [ -2.2036091, 55.4369397 ], [ -2.2004823, 55.4387397 ], [ -2.1965108, 55.4423587 ], [ -2.1917072, 55.4464835 ], [ -2.1892769, 55.4492287 ], [ -2.1852862, 55.4519954 ], [ -2.1836119, 55.4556265 ], [ -2.1788515, 55.4588218 ], [ -2.1772882, 55.4610199 ], [ -2.1749397, 55.4632331 ], [ -2.1725889, 55.4650128 ], [ -2.1694679, 55.466789 ], [ -2.1686187, 55.4699233 ], [ -2.1714721, 55.4736854 ], [ -2.1758316, 55.4779567 ], [ -2.1817376, 55.4809485 ], [ -2.1845742, 55.4826059 ], [ -2.1881928, 55.4838332 ], [ -2.1926613, 55.4849815 ], [ -2.1965833, 55.4858247 ], [ -2.1982253, 55.4861505 ], [ -2.1989506, 55.4897438 ], [ -2.1996052, 55.4934453 ], [ -2.2027161, 55.4965409 ], [ -2.2050188, 55.4979207 ], [ -2.2065109, 55.4989058 ], [ -2.2102047, 55.5018805 ], [ -2.2116644, 55.5069069 ], [ -2.2130279, 55.5125441 ], [ -2.2150771, 55.5170339 ], [ -2.2193844, 55.5212789 ], [ -2.2215885, 55.5255592 ], [ -2.2215425, 55.5314525 ], [ -2.2219884, 55.5378862 ], [ -2.223362, 55.5436477 ], [ -2.2257209, 55.546371 ], [ -2.2303153, 55.5489278 ], [ -2.2347282, 55.5527784 ], [ -2.2392716, 55.5559613 ], [ -2.2424192, 55.5596624 ], [ -2.2470373, 55.5636467 ], [ -2.2516582, 55.5672113 ], [ -2.2555052, 55.5712085 ], [ -2.2611846, 55.5746542 ], [ -2.2658809, 55.5772071 ], [ -2.2706359, 55.5777945 ], [ -2.2754293, 55.5778269 ], [ -2.2810489, 55.5787073 ], [ -2.2866829, 55.5800048 ], [ -2.2922616, 55.5824042 ], [ -2.2898018, 55.5848939 ], [ -2.2873558, 55.5873285 ], [ -2.2857063, 55.5897775 ], [ -2.285604, 55.5938007 ], [ -2.2862522, 55.5993966 ], [ -2.2869408, 55.6039578 ], [ -2.2885012, 55.6059949 ], [ -2.2916925, 55.6075196 ], [ -2.2949091, 55.6085014 ], [ -2.2997368, 55.6099748 ], [ -2.304577, 55.610946 ], [ -2.3094016, 55.6134036 ], [ -2.3142227, 55.6173231 ], [ -2.3149904, 55.6203468 ], [ -2.3149668, 55.6218729 ], [ -2.3125133, 55.6229133 ], [ -2.3100497, 55.6244637 ], [ -2.3075395, 55.628564 ], [ -2.3075039, 55.630606 ], [ -2.3115849, 55.630057 ], [ -2.3180991, 55.6299956 ], [ -2.3229841, 55.6299492 ], [ -2.3270286, 55.6305259 ], [ -2.3278186, 55.6320868 ], [ -2.3236084, 55.6388488 ], [ -2.3183511, 55.6429194 ], [ -2.3158882, 55.6436402 ], [ -2.3115516, 55.6450756 ], [ -2.3090987, 55.6461513 ], [ -2.3053807, 55.6472319 ], [ -2.3023228, 55.6486671 ], [ -2.2991799, 55.6490337 ], [ -2.2966432, 55.6490419 ], [ -2.2921001, 55.6476303 ], [ -2.2888554, 55.6458676 ], [ -2.2862413, 55.6448101 ], [ -2.2830288, 55.6441069 ], [ -2.2785348, 55.6434095 ], [ -2.2779013, 55.6434114 ], [ -2.2722238, 55.6437838 ], [ -2.2703234, 55.6437894 ], [ -2.264692, 55.6448722 ], [ -2.2627913, 55.6448777 ], [ -2.2614782, 55.6441705 ], [ -2.2594186, 55.6416896 ], [ -2.2581073, 55.6409834 ], [ -2.2542655, 55.6402846 ], [ -2.2485839, 55.6403023 ], [ -2.2423484, 55.6406835 ], [ -2.2386041, 55.6414054 ], [ -2.2361254, 55.6424763 ], [ -2.2336273, 55.6431919 ], [ -2.2317635, 55.6439068 ], [ -2.2299385, 55.6453328 ], [ -2.2319647, 55.6474632 ], [ -2.2371382, 55.6488774 ], [ -2.2403423, 55.6492273 ], [ -2.2422934, 55.6502884 ], [ -2.2448629, 55.6509927 ], [ -2.2461709, 55.6517018 ], [ -2.2418655, 55.6535029 ], [ -2.2381371, 55.655294 ], [ -2.23061, 55.6578048 ], [ -2.2275077, 55.6592416 ], [ -2.2225948, 55.6621206 ], [ -2.2177157, 55.6653682 ], [ -2.2172274, 55.667886 ], [ -2.2185589, 55.6693147 ], [ -2.22177, 55.6703753 ], [ -2.2218105, 55.6710948 ], [ -2.2150724, 55.6743817 ], [ -2.2101507, 55.6776419 ], [ -2.2058518, 55.6809034 ], [ -2.2015632, 55.684531 ], [ -2.1985502, 55.688163 ], [ -2.1979936, 55.6899743 ], [ -2.1955162, 55.6917937 ], [ -2.1898066, 55.6925408 ], [ -2.1872974, 55.6936373 ], [ -2.1861003, 55.6954574 ], [ -2.1848908, 55.6972745 ], [ -2.1830213, 55.6983731 ], [ -2.177372, 55.7009414 ], [ -2.1691345, 55.7035102 ], [ -2.1634954, 55.7071689 ], [ -2.1616448, 55.7090038 ], [ -2.1675368, 55.7108443 ], [ -2.1714333, 55.71193 ], [ -2.1753106, 55.7133594 ], [ -2.1766682, 55.715185 ], [ -2.1773698, 55.7166478 ], [ -2.1742553, 55.718865 ], [ -2.1710819, 55.7192612 ], [ -2.167889, 55.7192881 ], [ -2.160196, 55.7200473 ], [ -2.155747, 55.7215331 ], [ -2.1532121, 55.722644 ], [ -2.1512905, 55.7237299 ], [ -2.1500659, 55.7262875 ], [ -2.15012, 55.7277627 ], [ -2.1508194, 55.7292374 ], [ -2.1521649, 55.7307113 ], [ -2.1522875, 55.7336805 ], [ -2.152368, 55.7355415 ], [ -2.1524518, 55.7377656 ], [ -2.1505586, 55.7392466 ], [ -2.1473368, 55.7396253 ], [ -2.144086, 55.7392594 ], [ -2.141459, 55.7385104 ], [ -2.1388457, 55.737774 ], [ -2.1362208, 55.7366677 ], [ -2.1316664, 55.7359323 ], [ -2.1284338, 55.7359389 ], [ -2.1252131, 55.7363165 ], [ -2.1194351, 55.7378078 ], [ -2.1168914, 55.7392974 ], [ -2.1137102, 55.7411623 ], [ -2.1111525, 55.7422834 ], [ -2.1144438, 55.7441372 ], [ -2.1190201, 55.7452551 ], [ -2.1197007, 55.7460116 ], [ -2.1152059, 55.7475108 ], [ -2.1126329, 55.7482615 ], [ -2.107485, 55.7501244 ], [ -2.1029879, 55.7516371 ], [ -2.0997871, 55.7535089 ], [ -2.0985234, 55.7550045 ], [ -2.0998247, 55.7550053 ], [ -2.1037684, 55.7565053 ], [ -2.1070401, 55.7572508 ], [ -2.1109501, 55.7583327 ], [ -2.1116199, 55.7594366 ], [ -2.1058288, 55.7617017 ], [ -2.1006544, 55.7628427 ], [ -2.0948074, 55.7628748 ], [ -2.0908962, 55.7628716 ], [ -2.086986, 55.7628691 ], [ -2.0830716, 55.7624981 ], [ -2.0784942, 55.7613813 ], [ -2.0752278, 55.7606391 ], [ -2.0739129, 55.7598911 ], [ -2.0687053, 55.7595311 ], [ -2.062859, 55.7595635 ], [ -2.0570115, 55.7610215 ], [ -2.0537744, 55.7621547 ], [ -2.0518382, 55.7632915 ], [ -2.0505769, 55.7663153 ], [ -2.0466838, 55.767821 ], [ -2.0408338, 55.7696944 ], [ -2.035623, 55.7700953 ], [ -2.031712, 55.7701192 ], [ -2.0271457, 55.7697743 ], [ -2.0225754, 55.7690094 ], [ -2.0173574, 55.7686392 ], [ -2.0127924, 55.7682717 ], [ -2.0121404, 55.7682733 ], [ -2.0082284, 55.7682825 ], [ -2.0017096, 55.7686513 ], [ -1.9958382, 55.769427 ], [ -1.9893114, 55.7709431 ], [ -1.9821239, 55.7728384 ], [ -1.9755856, 55.7743529 ], [ -1.9710057, 55.7754884 ], [ -1.9670831, 55.7758691 ], [ -1.9618453, 55.7770058 ], [ -1.9546525, 55.7773893 ], [ -1.9467943, 55.7785283 ], [ -1.9369699, 55.7796685 ], [ -1.9304171, 55.7804288 ], [ -1.9231996, 55.7815673 ], [ -1.9159542, 55.7838417 ], [ -1.9093726, 55.7853601 ], [ -1.8941773, 55.7902976 ], [ -1.8689944, 55.7982941 ], [ -1.7033049, 55.842769 ], [ -1.6908996, 55.8450732 ], [ -1.6715921, 55.8489161 ], [ -1.6495073, 55.8535297 ], [ -1.6177303, 55.86201 ], [ -1.5817285, 55.8720456 ], [ -1.5428571, 55.8813036 ], [ -1.5094523, 55.8913669 ], [ -1.4675597, 55.9053389 ], [ -1.4226813, 55.9216903 ], [ -1.3762122, 55.9380774 ], [ -1.309675, 55.9615614 ], [ -1.2356143, 55.9866914 ], [ -1.1554322, 56.0110849 ], [ -1.0746576, 56.0363715 ], [ -0.9933139, 56.0617586 ], [ -0.850132, 56.0998713 ], [ -0.7268451, 56.1259933 ], [ -0.7179435, 56.1283912 ], [ -0.6254794, 56.1540477 ], [ -0.6161043, 56.1597708 ], [ -0.5795288, 56.170023 ] ] } },
{ "type": "Feature", "properties": { "Boundary_n": "B5", "ID": "BND020" }, "geometry": { "type": "LineString", "coordinates": [ [ -6.078186, 55.0988019 ], [ -5.8612346, 55.1716182 ], [ -5.8377474, 55.1759757 ], [ -5.8057596, 55.1834712 ], [ -5.7640086, 55.194136 ], [ -5.7146395, 55.2043071 ], [ -5.659118, 55.216079 ], [ -5.5869414, 55.2383598 ], [ -5.4991473, 55.2696531 ], [ -5.4195001, 55.2949086 ], [ -5.3373478, 55.3216135 ], [ -5.2610592, 55.3445168 ], [ -5.2008692, 55.3647926 ], [ -5.1358953, 55.3894736 ], [ -5.1030748, 55.4061192 ], [ -5.082513, 55.4181367 ], [ -5.0572631, 55.4353018 ], [ -5.0336322, 55.4574533 ], [ -5.0183908, 55.4736521 ], [ -5.0080855, 55.4882907 ], [ -5.0017867, 55.5057073 ], [ -4.9963691, 55.5180736 ], [ -4.9934819, 55.5303793 ], [ -4.9919723, 55.5440927 ], [ -4.991834, 55.5592209 ], [ -4.9940749, 55.5721291 ], [ -4.9989159, 55.5856996 ], [ -5.0039201, 55.6014305 ], [ -5.0089876, 55.6178891 ], [ -5.0167688, 55.6364534 ], [ -5.0194097, 55.6544318 ], [ -5.0182267, 55.6725186 ], [ -5.0143816, 55.6892332 ], [ -5.0053652, 55.705366 ], [ -4.9948812, 55.7193289 ], [ -4.9949501, 55.7200923 ], [ -4.9347741, 55.8877756 ], [ -4.9307263, 55.8976922 ], [ -4.9277887, 55.9092177 ], [ -4.9227187, 55.9186156 ], [ -4.9166296, 55.9274926 ], [ -4.9124842, 55.9363273 ], [ -4.9103268, 55.9456623 ], [ -4.9078982, 55.951728 ], [ -4.9023888, 55.9562292 ], [ -4.8901095, 55.9608923 ], [ -4.8767822, 55.9650295 ], [ -4.8633229, 55.9675312 ], [ -4.8449434, 55.9696002 ], [ -4.8275388, 55.9716436 ], [ -4.8110211, 55.9725717 ], [ -4.7973417, 55.9723393 ], [ -4.7855696, 55.9715159 ], [ -4.7737564, 55.9701461 ], [ -4.7608051, 55.9666156 ], [ -4.7429507, 55.9626507 ], [ -4.7220181, 55.9565664 ], [ -4.6991525, 55.950526 ], [ -4.6832283, 55.9459663 ], [ -4.666378, 55.9419717 ], [ -4.6524112, 55.9373667 ], [ -4.6403912, 55.9327179 ], [ -4.6255943, 55.930304 ], [ -4.6059759, 55.9280027 ], [ -4.5699716, 55.9276906 ], [ -4.5524987, 55.9285931 ], [ -4.5447974, 55.929843 ], [ -4.5177564, 55.9280287 ], [ -4.4872259, 55.9253095 ], [ -4.4812118, 55.9248696 ], [ -4.4757288, 55.9244281 ], [ -4.4711677, 55.9228551 ], [ -4.4686203, 55.9217954 ], [ -4.4670136, 55.9201556 ], [ -4.4658586, 55.9187697 ], [ -4.4648093, 55.9171344 ], [ -4.4622016, 55.9152395 ], [ -4.460096, 55.9133356 ], [ -4.4584859, 55.9114215 ], [ -4.4563752, 55.9097917 ], [ -4.4543129, 55.9084444 ], [ -4.4522262, 55.9070937 ], [ -4.4501404, 55.9057435 ], [ -4.4475863, 55.9046823 ], [ -4.4455887, 55.9044449 ], [ -4.4416326, 55.9045259 ], [ -4.4381793, 55.9045976 ], [ -4.4332227, 55.9046975 ], [ -4.4292574, 55.9047772 ], [ -4.4252196, 55.9037454 ], [ -4.4231828, 55.9029516 ], [ -4.4206506, 55.9021677 ], [ -4.4185961, 55.9010961 ], [ -4.4170374, 55.9000146 ], [ -4.4159564, 55.8986455 ], [ -4.4153942, 55.8975444 ], [ -4.4143314, 55.896453 ], [ -4.4128052, 55.8959273 ], [ -4.4102581, 55.8948657 ], [ -4.4077114, 55.8938039 ], [ -4.403659, 55.8924942 ], [ -4.4011111, 55.8914326 ], [ -4.3975727, 55.8903907 ], [ -4.3940348, 55.8893487 ], [ -4.3920007, 55.8885549 ], [ -4.3899844, 55.8880388 ], [ -4.3869075, 55.8864317 ], [ -4.3853693, 55.8856281 ], [ -4.3843438, 55.8850924 ], [ -4.3812679, 55.8834854 ], [ -4.3782098, 55.882156 ], [ -4.3751519, 55.8808285 ], [ -4.3726248, 55.8800468 ], [ -4.369569, 55.8787196 ], [ -4.3675196, 55.8776455 ], [ -4.3644974, 55.8768688 ], [ -4.360946, 55.8755478 ], [ -4.3574128, 55.8745056 ], [ -4.3539141, 55.8740183 ], [ -4.3508765, 55.8729663 ], [ -4.3478561, 55.8721917 ], [ -4.3458264, 55.8713985 ], [ -4.3424287, 55.8702202 ], [ -4.3388343, 55.8691698 ], [ -4.3332929, 55.8686236 ], [ -4.3272272, 55.8684975 ], [ -4.3217607, 55.8679933 ], [ -4.3172676, 55.8669008 ], [ -4.3117262, 55.8652621 ], [ -4.3059601, 55.8637073 ], [ -4.3024406, 55.8626567 ], [ -4.2989959, 55.8613539 ], [ -4.295027, 55.8597149 ], [ -4.2909833, 55.8587903 ], [ -4.2859661, 55.8577396 ], [ -4.2787772, 55.8565208 ], [ -4.2742092, 55.8559324 ], [ -4.2682185, 55.8559744 ], [ -4.2632761, 55.8559744 ], [ -4.2564242, 55.8560164 ], [ -4.25107, 55.8566048 ], [ -4.2460902, 55.8577817 ], [ -4.2421588, 55.8592737 ], [ -4.2367297, 55.86148 ], [ -4.2312632, 55.863161 ], [ -4.2236998, 55.8644216 ], [ -4.2155375, 55.8647998 ], [ -4.200336, 55.8645897 ], [ -4.1910503, 55.8639174 ], [ -4.1836368, 55.8640014 ], [ -4.1761484, 55.8649259 ], [ -4.1643167, 55.8676992 ], [ -4.1506878, 55.872657 ], [ -4.1409528, 55.87669 ], [ -4.12987, 55.8803025 ], [ -4.1205843, 55.8821507 ], [ -4.1118977, 55.8834947 ], [ -4.1035107, 55.8846707 ], [ -4.0850143, 55.8847547 ], [ -4.0695882, 55.8856787 ], [ -4.0556972, 55.8868126 ], [ -4.0418436, 55.8875266 ], [ -4.0261179, 55.8886185 ], [ -4.0100178, 55.8916 ], [ -4.0004326, 55.8935316 ], [ -3.9906977, 55.8936576 ], [ -3.9839581, 55.8924399 ], [ -3.9758706, 55.8900463 ], [ -3.9617924, 55.8847547 ], [ -3.9486128, 55.8808486 ], [ -3.9298917, 55.8772781 ], [ -3.9061508, 55.8749639 ], [ -3.8828049, 55.874069 ], [ -3.8609832, 55.8731464 ], [ -3.844054, 55.8723551 ], [ -3.8278813, 55.8717598 ], [ -3.8112814, 55.8707439 ], [ -3.7943123, 55.869523 ], [ -3.7735968, 55.8675177 ], [ -3.7459738, 55.8653829 ], [ -3.7297953, 55.8637266 ], [ -3.7162227, 55.8622376 ], [ -3.700431, 55.8609917 ], [ -3.687588, 55.8596969 ], [ -3.6842028, 55.859534 ], [ -3.6694336, 55.8583581 ], [ -3.6600071, 55.8574303 ], [ -3.6596333, 55.8574348 ], [ -3.6248471, 55.8568511 ], [ -3.6236761, 55.8567463 ], [ -3.6148486, 55.8559587 ], [ -3.6048311, 55.854549 ], [ -3.5937156, 55.8541692 ], [ -3.5826631, 55.8551787 ], [ -3.5815607, 55.8552 ], [ -3.5809902, 55.8552187 ], [ -3.577845, 55.8570086 ], [ -3.5762708, 55.8579055 ], [ -3.5743168, 55.8594656 ], [ -3.5727315, 55.8601452 ], [ -3.5711744, 55.8617023 ], [ -3.5664246, 55.8644041 ], [ -3.5632839, 55.8673136 ], [ -3.5609418, 55.8702208 ], [ -3.5606192, 55.8731106 ], [ -3.5595423, 55.8780277 ], [ -3.5592706, 55.8829588 ], [ -3.5594103, 55.8874528 ], [ -3.5603886, 55.8930906 ], [ -3.5622651, 55.9007899 ], [ -3.5654749, 55.911286 ], [ -3.567289, 55.9163415 ], [ -3.5700605, 55.9248957 ], [ -3.5757743, 55.9334775 ], [ -3.5776218, 55.9384246 ], [ -3.5842092, 55.9461115 ], [ -3.5890582, 55.9515953 ], [ -3.5943611, 55.9570784 ], [ -3.6081227, 55.969395 ], [ -3.6121323, 55.9725546 ], [ -3.6185755, 55.9775903 ], [ -3.627734, 55.9824902 ], [ -3.6412132, 55.9868469 ], [ -3.6552539, 55.9894858 ], [ -3.6689577, 55.9911194 ], [ -3.6801904, 55.9920408 ], [ -3.6923965, 55.9942187 ], [ -3.705651, 56.0002491 ], [ -3.7127276, 56.0102976 ], [ -3.7154234, 56.0174138 ], [ -3.7151492, 56.0360462 ], [ -3.714432, 56.0369091 ], [ -3.7122155, 56.0382197 ], [ -3.7062279, 56.0402228 ], [ -3.7020983, 56.0413468 ], [ -3.6979365, 56.0418316 ], [ -3.6933732, 56.0418954 ], [ -3.6868779, 56.0413463 ], [ -3.6796021, 56.0403812 ], [ -3.6734783, 56.0396132 ], [ -3.6696261, 56.0386006 ], [ -3.6657844, 56.0378009 ], [ -3.6626831, 56.0365651 ], [ -3.6592233, 56.0357606 ], [ -3.6557538, 56.0347436 ], [ -3.6515233, 56.0337353 ], [ -3.6461542, 56.0327432 ], [ -3.6384867, 56.0313564 ], [ -3.6304314, 56.0297615 ], [ -3.6262049, 56.0287537 ], [ -3.6215991, 56.027751 ], [ -3.6181334, 56.0267325 ], [ -3.6158262, 56.0261244 ], [ -3.6062622, 56.024483 ], [ -3.5649735, 56.0185847 ], [ -3.5509171, 56.0154032 ], [ -3.5289246, 56.011204 ], [ -3.507146, 56.0092376 ], [ -3.4754929, 56.0062678 ], [ -3.4303261, 56.0068011 ], [ -3.4087232, 56.0070243 ], [ -3.3890856, 56.0072149 ], [ -3.3400846, 56.0078612 ], [ -3.3008557, 56.0083224 ], [ -3.2557808, 56.0099335 ], [ -3.2126535, 56.0115107 ], [ -3.1695431, 56.0141938 ], [ -3.1362521, 56.0178888 ], [ -3.1127724, 56.0226032 ], [ -3.0834526, 56.0329934 ], [ -3.0501758, 56.0502104 ], [ -3.0147554, 56.0686469 ], [ -2.9890451, 56.0813755 ], [ -2.9592603, 56.0964637 ], [ -2.9273186, 56.1150599 ], [ -2.8852344, 56.1315151 ], [ -2.8450762, 56.1410732 ], [ -2.7929342, 56.1449486 ], [ -2.722807, 56.1454722 ], [ -2.664809, 56.1435683 ], [ -2.5969326, 56.1393966 ], [ -2.525127, 56.1352213 ], [ -2.4633094, 56.1321143 ], [ -2.4157412, 56.1266092 ], [ -2.3601292, 56.1222823 ], [ -2.3106916, 56.1167655 ], [ -2.2669344, 56.1146583 ], [ -2.2189434, 56.1148466 ], [ -2.1444783, 56.1185615 ], [ -2.0490284, 56.1280523 ], [ -1.9570702, 56.1386537 ], [ -1.8907534, 56.1503554 ], [ -1.8033301, 56.1655848 ], [ -1.6582321, 56.192566 ], [ -1.5500477, 56.2125594 ], [ -1.5354742, 56.2137386 ], [ -1.4117432, 56.2357182 ] ] } },
{ "type": "Feature", "properties": { "Boundary_n": "B4", "ID": "BND021" }, "geometry": { "type": "LineString", "coordinates": [ [ -6.413269, 55.218057 ], [ -6.1149475, 55.2252214 ], [ -6.0008731, 55.2302157 ], [ -5.9076253, 55.236537 ], [ -5.9029451, 55.2366916 ], [ -5.8963928, 55.2369074 ], [ -5.8851607, 55.2372769 ], [ -5.8654487, 55.2373885 ], [ -5.8429852, 55.2381201 ], [ -5.8195853, 55.2388779 ], [ -5.7945255, 55.2418204 ], [ -5.7686268, 55.245853 ], [ -5.7364673, 55.2532848 ], [ -5.7080282, 55.2605945 ], [ -5.6796598, 55.2689683 ], [ -5.6496302, 55.2800672 ], [ -5.6186622, 55.2917334 ], [ -5.595879, 55.3004694 ], [ -5.5778136, 55.3095999 ], [ -5.5571293, 55.3214955 ], [ -5.5357976, 55.3371812 ], [ -5.5218949, 55.3515819 ], [ -5.5089134, 55.367064 ], [ -5.4861453, 55.4022923 ], [ -5.478853, 55.4181999 ], [ -5.4732335, 55.4313665 ], [ -5.4647996, 55.4451707 ], [ -5.455561, 55.4611916 ], [ -5.4479954, 55.4744624 ], [ -5.4433554, 55.4887517 ], [ -5.4388271, 55.5046926 ], [ -5.435207, 55.5200833 ], [ -5.4301878, 55.5426475 ], [ -5.4286966, 55.5613175 ], [ -5.4289399, 55.5646008 ], [ -5.4283035, 55.5690084 ], [ -5.4272461, 55.5845545 ], [ -5.414028, 55.6353411 ], [ -5.4134646, 55.6391034 ], [ -5.411952, 55.6428947 ], [ -5.4098221, 55.6499168 ], [ -5.4093677, 55.6547515 ], [ -5.4081284, 55.6612189 ], [ -5.4068861, 55.6676868 ], [ -5.4058099, 55.6757681 ], [ -5.4028889, 55.6844416 ], [ -5.3998536, 55.6920492 ], [ -5.3967026, 55.6985903 ], [ -5.3915419, 55.7041126 ], [ -5.3865398, 55.7112504 ], [ -5.3760349, 55.7207008 ], [ -5.3691157, 55.7278985 ], [ -5.3613421, 55.7362028 ], [ -5.3544101, 55.7434093 ], [ -5.3494335, 55.7511042 ], [ -5.3426475, 55.7599344 ], [ -5.335863, 55.7698071 ], [ -5.3327456, 55.778991 ], [ -5.3287302, 55.7871956 ], [ -5.3267006, 55.7948809 ], [ -5.3255839, 55.8015069 ], [ -5.3253991, 55.8091233 ], [ -5.3241861, 55.8162199 ], [ -5.3247724, 55.8221804 ], [ -5.3244468, 55.8287095 ], [ -5.3222042, 55.8352936 ], [ -5.3210238, 55.8429406 ], [ -5.3170662, 55.8517576 ], [ -5.3130135, 55.8600057 ], [ -5.3097717, 55.866608 ], [ -5.3063168, 55.8710358 ], [ -5.2999527, 55.8755202 ], [ -5.2934431, 55.8783844 ], [ -5.289917, 55.890716 ], [ -5.2267456, 55.9676501 ], [ -5.1925664, 56.0035249 ], [ -5.1889853, 56.0057431 ], [ -5.1819801, 56.0117653 ], [ -5.1750978, 56.0188472 ], [ -5.1690518, 56.0248463 ], [ -5.1622358, 56.0324565 ], [ -5.1510168, 56.0439099 ], [ -5.1406027, 56.0542917 ], [ -5.133567, 56.0629096 ], [ -5.1240979, 56.0712291 ], [ -5.1149278, 56.0789519 ], [ -5.1050345, 56.0861396 ], [ -5.0891235, 56.0982617 ], [ -5.0760907, 56.1076394 ], [ -5.0602129, 56.117644 ], [ -5.0389546, 56.1299305 ], [ -5.0225753, 56.1389112 ], [ -5.0054406, 56.1462708 ], [ -4.9897886, 56.1530753 ], [ -4.9748508, 56.1593164 ], [ -4.9605666, 56.1649856 ], [ -4.9438988, 56.1713517 ], [ -4.9255596, 56.1771916 ], [ -4.9099849, 56.1824322 ], [ -4.8977941, 56.1854203 ], [ -4.8822885, 56.1893573 ], [ -4.8678573, 56.1928617 ], [ -4.8557286, 56.1953128 ], [ -4.8402285, 56.1984585 ], [ -4.8294104, 56.1999049 ], [ -4.8199134, 56.2012111 ], [ -4.8111157, 56.2013892 ], [ -4.8042792, 56.202054 ], [ -4.7964354, 56.2022046 ], [ -4.7905108, 56.2023074 ], [ -4.7754484, 56.2048337 ], [ -4.7717208, 56.2049477 ], [ -4.76421, 56.2056945 ], [ -4.7586, 56.2063932 ], [ -4.7540234, 56.2076153 ], [ -4.7465291, 56.2083764 ], [ -4.7407534, 56.2095621 ], [ -4.7327384, 56.2106952 ], [ -4.7251168, 56.2129851 ], [ -4.7194642, 56.2136785 ], [ -4.7138736, 56.215438 ], [ -4.7101159, 56.2160801 ], [ -4.7054506, 56.217808 ], [ -4.6981167, 56.220212 ], [ -4.6906913, 56.2236291 ], [ -4.684201, 56.2270143 ], [ -4.6805446, 56.2297885 ], [ -4.6768382, 56.233567 ], [ -4.6750777, 56.2367907 ], [ -4.6736498, 56.2432874 ], [ -4.6742483, 56.250829 ], [ -4.6746129, 56.255666 ], [ -4.6759397, 56.2609877 ], [ -4.679229, 56.2667947 ], [ -4.6815574, 56.2726248 ], [ -4.6871238, 56.2796653 ], [ -4.6926311, 56.2851461 ], [ -4.6969057, 56.2894277 ], [ -4.7011014, 56.2931394 ], [ -4.7062989, 56.29736 ], [ -4.7115373, 56.3021192 ], [ -4.7177244, 56.3063309 ], [ -4.7208514, 56.3089696 ], [ -4.7239314, 56.3110636 ], [ -4.7249087, 56.3115534 ], [ -4.7327603, 56.3160058 ], [ -4.7404091, 56.3192922 ], [ -4.7474505, 56.3223745 ], [ -4.7554746, 56.3249405 ], [ -4.7634058, 56.3274314 ], [ -4.7672607, 56.3293576 ], [ -4.7711106, 56.3312809 ], [ -4.7760139, 56.3332464 ], [ -4.782973, 56.3367742 ], [ -4.7915227, 56.3417373 ], [ -4.80209, 56.3467014 ], [ -4.8123267, 56.3498974 ], [ -4.8183761, 56.3514412 ], [ -4.8223556, 56.3534543 ], [ -4.8272285, 56.3548817 ], [ -4.8350686, 56.3572964 ], [ -4.840012, 56.3587719 ], [ -4.8508042, 56.3621694 ], [ -4.8577185, 56.3646397 ], [ -4.863691, 56.3656186 ], [ -4.8706544, 56.3681192 ], [ -4.8785335, 56.3705628 ], [ -4.8837925, 56.3727422 ], [ -4.8879551, 56.373847 ], [ -4.8950137, 56.3758854 ], [ -4.9037882, 56.3772307 ], [ -4.9166571, 56.3796314 ], [ -4.9259235, 56.3817702 ], [ -4.9563887, 56.3858762 ], [ -4.9694795, 56.3868215 ], [ -4.9822564, 56.3865579 ], [ -4.9960218, 56.3862725 ], [ -5.0222823, 56.3824582 ], [ -5.0349093, 56.3810741 ], [ -5.0456093, 56.3797454 ], [ -5.0553759, 56.3789806 ], [ -5.0651578, 56.3787421 ], [ -5.0729792, 56.378549 ], [ -5.0837096, 56.3782708 ], [ -5.0944989, 56.3785421 ], [ -5.103283, 56.37936 ], [ -5.1081748, 56.380284 ], [ -5.1082438, 56.3808332 ], [ -5.1154069, 56.384444 ], [ -5.1185583, 56.3865451 ], [ -5.1217104, 56.3886463 ], [ -5.1248888, 56.3907574 ], [ -5.1282904, 56.3934804 ], [ -5.1318982, 56.397332 ], [ -5.1321831, 56.4006771 ], [ -5.1303701, 56.4060797 ], [ -5.1272698, 56.4123044 ], [ -5.1246642, 56.4182181 ], [ -5.1230432, 56.4225538 ], [ -5.1215138, 56.4264593 ], [ -5.1197634, 56.4301742 ], [ -5.1178597, 56.4327943 ], [ -5.1124803, 56.4357545 ], [ -5.1077881, 56.4395724 ], [ -5.1039036, 56.4422675 ], [ -5.098261, 56.4451175 ], [ -5.09404, 56.4471193 ], [ -5.0907949, 56.4470366 ], [ -5.0865528, 56.4469616 ], [ -5.072937, 56.4488311 ], [ -5.0600893, 56.448496 ], [ -5.0541449, 56.4470356 ], [ -5.0486695, 56.44623 ], [ -5.0406829, 56.4445607 ], [ -5.0298458, 56.4423905 ], [ -5.0187174, 56.4407271 ], [ -5.0112811, 56.4394432 ], [ -5.0016071, 56.4379019 ], [ -4.987148, 56.4346268 ], [ -4.9735146, 56.431501 ], [ -4.954669, 56.427856 ], [ -4.9411476, 56.4266305 ], [ -4.9192324, 56.4246782 ], [ -4.8942669, 56.4217151 ], [ -4.8502818, 56.4160244 ], [ -4.8173749, 56.410182 ], [ -4.77925, 56.4052003 ], [ -4.7510177, 56.4001406 ], [ -4.7207829, 56.3924276 ], [ -4.6919935, 56.3844297 ], [ -4.6891008, 56.3834681 ], [ -4.6586107, 56.3735683 ], [ -4.6255268, 56.3612602 ], [ -4.596389, 56.3463268 ], [ -4.5664293, 56.3309759 ], [ -4.5361894, 56.3118393 ], [ -4.5119927, 56.2952958 ], [ -4.4867602, 56.2776904 ], [ -4.4674509, 56.2626002 ], [ -4.4511735, 56.2495741 ], [ -4.4292425, 56.2357006 ], [ -4.4071611, 56.2206959 ], [ -4.3861654, 56.2037074 ], [ -4.36214, 56.1866554 ], [ -4.3408934, 56.1709895 ], [ -4.3277503, 56.1600562 ], [ -4.3119453, 56.1508384 ], [ -4.2873993, 56.1391313 ], [ -4.2591351, 56.1280507 ], [ -4.2311769, 56.1196903 ], [ -4.2131799, 56.1122089 ], [ -4.2081384, 56.1110943 ], [ -4.1986741, 56.1097647 ], [ -4.1829566, 56.110044 ], [ -4.1690491, 56.1121024 ], [ -4.1482565, 56.1167069 ], [ -4.1285396, 56.1222122 ], [ -4.1089252, 56.128629 ], [ -4.0897775, 56.1365776 ], [ -4.074432, 56.1444653 ], [ -4.0633204, 56.1504542 ], [ -4.0521967, 56.156446 ], [ -4.0394167, 56.1624693 ], [ -4.0255016, 56.1682081 ], [ -4.0168483, 56.1714011 ], [ -4.0076374, 56.1742959 ], [ -3.9903119, 56.1782537 ], [ -3.9664159, 56.1823285 ], [ -3.9440171, 56.185408 ], [ -3.918899, 56.1879195 ], [ -3.889459, 56.1907983 ], [ -3.8633531, 56.1929547 ], [ -3.8384386, 56.1947674 ], [ -3.8139443, 56.1951295 ], [ -3.791057, 56.1954808 ], [ -3.7652906, 56.1953026 ], [ -3.7321241, 56.1951535 ], [ -3.7006416, 56.1946665 ], [ -3.666826, 56.1946412 ], [ -3.6344506, 56.1954238 ], [ -3.6010305, 56.196043 ], [ -3.56521, 56.1953173 ], [ -3.5406964, 56.1943959 ], [ -3.5168024, 56.1932051 ], [ -3.4891633, 56.1917379 ], [ -3.472073, 56.1904272 ], [ -3.4572619, 56.19 ], [ -3.4423258, 56.1901929 ], [ -3.42691, 56.1913037 ], [ -3.4080787, 56.1930745 ], [ -3.387163, 56.1954712 ], [ -3.3711894, 56.1981144 ], [ -3.3590667, 56.2013236 ], [ -3.3546707, 56.2041366 ], [ -3.3530255, 56.2063029 ], [ -3.3530419, 56.2093704 ], [ -3.3547119, 56.2127267 ], [ -3.3574631, 56.2154604 ], [ -3.3613335, 56.2178721 ], [ -3.3635393, 56.2193826 ], [ -3.3646778, 56.2228458 ], [ -3.3685097, 56.2265991 ], [ -3.3716474, 56.2307749 ], [ -3.3739362, 56.2324375 ], [ -3.3755003, 56.2387633 ], [ -3.3763417, 56.2425508 ], [ -3.3772624, 56.2471712 ], [ -3.3796958, 56.2530479 ], [ -3.3797549, 56.2581274 ], [ -3.3798546, 56.2619258 ], [ -3.3768854, 56.266619 ], [ -3.3723825, 56.2704858 ], [ -3.3650048, 56.2756222 ], [ -3.3573271, 56.2804121 ], [ -3.3504896, 56.285599 ], [ -3.3437426, 56.2911863 ], [ -3.3379215, 56.295871 ], [ -3.3303117, 56.3010706 ], [ -3.3242144, 56.3058319 ], [ -3.3165431, 56.3102026 ], [ -3.3098198, 56.3145065 ], [ -3.3024424, 56.318357 ], [ -3.2971354, 56.3205418 ], [ -3.2872583, 56.3266199 ], [ -3.2850398, 56.3279048 ], [ -3.2811792, 56.3305246 ], [ -3.277794, 56.3336531 ], [ -3.2744549, 56.3363439 ], [ -3.270306, 56.3403448 ], [ -3.2428083, 56.3676018 ], [ -3.2353724, 56.3700574 ], [ -3.2174392, 56.3779522 ], [ -3.194148, 56.3864964 ], [ -3.1729624, 56.394423 ], [ -3.150702, 56.4023553 ], [ -3.1263167, 56.4114941 ], [ -3.1125412, 56.4169642 ], [ -3.0881576, 56.4266899 ], [ -3.0668085, 56.4334268 ], [ -3.0402396, 56.4360189 ], [ -3.0124053, 56.439133 ], [ -2.9804913, 56.4440945 ], [ -2.9546703, 56.451113 ], [ -2.9353951, 56.4600683 ], [ -2.9246779, 56.4613405 ], [ -2.9117929, 56.4620349 ], [ -2.8978488, 56.4633298 ], [ -2.8868779, 56.4589091 ], [ -2.8676518, 56.4572332 ], [ -2.8416452, 56.4595424 ], [ -2.8202247, 56.4606047 ], [ -2.7949792, 56.4586544 ], [ -2.7713786, 56.4585084 ], [ -2.7499571, 56.4571314 ], [ -2.7323701, 56.4551182 ], [ -2.7126372, 56.4590319 ], [ -2.6920896, 56.4664353 ], [ -2.6723301, 56.4761246 ], [ -2.6358826, 56.4828555 ], [ -2.5940337, 56.4896104 ], [ -2.5500161, 56.4969572 ], [ -2.4908881, 56.5037617 ], [ -2.4123384, 56.5118002 ], [ -2.341257, 56.5185819 ], [ -2.2787425, 56.5253032 ], [ -2.2064626, 56.5337987 ], [ -2.1611082, 56.5398349 ], [ -2.1167998, 56.5458554 ], [ -2.0735321, 56.5524576 ], [ -2.0302217, 56.5590449 ], [ -1.9955439, 56.565024 ], [ -1.9532369, 56.5721885 ], [ -1.8989269, 56.5823203 ], [ -1.8216146, 56.6001815 ], [ -1.8183458, 56.6007759 ], [ -1.7888378, 56.6108951 ], [ -1.6704718, 56.6204954 ] ] } },
{ "type": "Feature", "properties": { "Boundary_n": "B3b", "ID": "BND022" }, "geometry": { "type": "LineString", "coordinates": [ [ -7.1795654, 55.7069978 ], [ -7.0518662, 55.7355123 ], [ -7.0277224, 55.7365253 ], [ -6.9430467, 55.7452499 ], [ -6.8313387, 55.7612635 ], [ -6.7306969, 55.7767331 ], [ -6.6557231, 55.7890406 ], [ -6.6484216, 55.7903658 ], [ -6.5918458, 55.8008804 ], [ -6.5100716, 55.8196243 ], [ -6.4213348, 55.8438135 ], [ -6.4159927, 55.8460946 ], [ -6.3475868, 55.8694907 ], [ -6.2866184, 55.8936357 ], [ -6.2009359, 55.9333196 ], [ -6.1530536, 55.9601478 ], [ -6.1313424, 55.9682363 ], [ -6.0835879, 55.9792966 ], [ -6.0489148, 55.9899103 ], [ -6.0072116, 56.0060067 ], [ -5.9583925, 56.0265376 ], [ -5.9243411, 56.0444786 ], [ -5.870639, 56.0778344 ], [ -5.861676, 56.0834031 ], [ -5.8046925, 56.1232163 ], [ -5.7528089, 56.1586681 ], [ -5.7028974, 56.1951057 ], [ -5.6507952, 56.2349368 ], [ -5.6083586, 56.2755061 ], [ -5.5835634, 56.2996349 ], [ -5.5638331, 56.3183817 ], [ -5.5461465, 56.3392108 ], [ -5.5374161, 56.3523331 ], [ -5.5323623, 56.3610117 ], [ -5.5219538, 56.3740853 ], [ -5.5132251, 56.3850037 ], [ -5.5063182, 56.3970153 ], [ -5.5027748, 56.4014082 ], [ -5.5010024, 56.4036049 ], [ -5.4923616, 56.4098086 ], [ -5.4906544, 56.411987 ], [ -5.4877716, 56.4152642 ], [ -5.4830691, 56.4196591 ], [ -5.4777082, 56.4247772 ], [ -5.471175, 56.4295854 ], [ -5.4646341, 56.434397 ], [ -5.4586325, 56.4388326 ], [ -5.4502953, 56.4447759 ], [ -5.4437273, 56.4499466 ], [ -5.4352554, 56.4555276 ], [ -5.4292362, 56.4596239 ], [ -5.4238646, 56.4637079 ], [ -5.4154365, 56.4696619 ], [ -5.4069875, 56.4756154 ], [ -5.4002834, 56.4797322 ], [ -5.3902125, 56.4848653 ], [ -5.3770843, 56.4904833 ], [ -5.3659411, 56.4947593 ], [ -5.3529329, 56.4995046 ], [ -5.3461075, 56.5022277 ], [ -5.3391619, 56.5038633 ], [ -5.3303014, 56.5058949 ], [ -5.3220103, 56.5071797 ], [ -5.3137817, 56.5091727 ], [ -5.308715, 56.5103686 ], [ -5.3009719, 56.5108013 ], [ -5.2932715, 56.5113328 ], [ -5.2881334, 56.511699 ], [ -5.2836215, 56.5117093 ], [ -5.2791206, 56.5117231 ], [ -5.2752393, 56.5113853 ], [ -5.2700228, 56.5103773 ], [ -5.2642352, 56.5101251 ], [ -5.2596619, 56.5092052 ], [ -5.2557093, 56.5083661 ], [ -5.2524385, 56.5077731 ], [ -5.2484599, 56.506502 ], [ -5.2431942, 56.505266 ], [ -5.2392136, 56.5039786 ], [ -5.2359272, 56.5029694 ], [ -5.2325827, 56.5012531 ], [ -5.2292305, 56.4995581 ], [ -5.2252111, 56.4979297 ], [ -5.2205549, 56.495501 ], [ -5.2165835, 56.4934043 ], [ -5.2131428, 56.4910543 ], [ -5.2103264, 56.4883107 ], [ -5.206923, 56.4855244 ], [ -5.2061028, 56.4826541 ], [ -5.204522, 56.4787805 ], [ -5.2023268, 56.4764215 ], [ -5.2008908, 56.4750734 ], [ -5.2000303, 56.473003 ], [ -5.1978639, 56.4706058 ], [ -5.1967861, 56.4675553 ], [ -5.1946274, 56.4647666 ], [ -5.1922809, 56.4613435 ], [ -5.1906774, 56.4578383 ], [ -5.1891049, 56.4543163 ], [ -5.1882543, 56.45148 ], [ -5.1868099, 56.4490116 ], [ -5.1854265, 56.4461587 ], [ -5.1840297, 56.4429586 ], [ -5.1825453, 56.4397943 ], [ -5.181067, 56.4369942 ], [ -5.1790418, 56.4345529 ], [ -5.1764118, 56.4321284 ], [ -5.1750194, 56.4293278 ], [ -5.172937, 56.426912 ], [ -5.1708068, 56.4245022 ], [ -5.1687393, 56.4227947 ], [ -5.1672446, 56.4207205 ], [ -5.1657925, 56.418996 ], [ -5.1642078, 56.4162151 ], [ -5.1617193, 56.4070619 ], [ -5.1603185, 56.4042774 ], [ -5.1589521, 56.4015041 ], [ -5.1567644, 56.39803 ], [ -5.1539154, 56.3942218 ], [ -5.1524208, 56.3914377 ], [ -5.1509389, 56.3890027 ], [ -5.1488679, 56.3869424 ], [ -5.146119, 56.3848862 ], [ -5.1433065, 56.3821243 ], [ -5.1398896, 56.3790414 ], [ -5.1364957, 56.3763113 ], [ -5.1317236, 56.3728948 ], [ -5.1276193, 56.3698141 ], [ -5.1209431, 56.3667894 ], [ -5.1149152, 56.3637514 ], [ -5.1082575, 56.3603882 ], [ -5.1010801, 56.357765 ], [ -5.0939629, 56.3558474 ], [ -5.0817157, 56.3530146 ], [ -5.0657648, 56.3509955 ], [ -5.0492999, 56.3493648 ], [ -5.0297311, 56.3485093 ], [ -5.0147126, 56.3479066 ], [ -4.9976146, 56.3466094 ], [ -4.9766894, 56.3447026 ], [ -4.9578944, 56.3436694 ], [ -4.9453905, 56.3422892 ], [ -4.938248, 56.3411916 ], [ -4.9295283, 56.3397147 ], [ -4.9213045, 56.3378458 ], [ -4.9130695, 56.3356294 ], [ -4.907171, 56.3331247 ], [ -4.8979519, 56.3303163 ], [ -4.8923569, 56.3279091 ], [ -4.8886689, 56.3261444 ], [ -4.8854935, 56.3239926 ], [ -4.8825579, 56.3218924 ], [ -4.8794447, 56.3187188 ], [ -4.8764195, 56.3159053 ], [ -4.8755538, 56.3134554 ], [ -4.8749397, 56.310728 ], [ -4.8731561, 56.3085626 ], [ -4.8726316, 56.3056719 ], [ -4.8715848, 56.3038545 ], [ -4.8710429, 56.3006091 ], [ -4.870971, 56.3002443 ], [ -4.8721579, 56.2935164 ], [ -4.8723056, 56.2905542 ], [ -4.8744062, 56.2846371 ], [ -4.8793483, 56.2769537 ], [ -4.8885879, 56.268862 ], [ -4.9024901, 56.2609789 ], [ -4.912362, 56.2554111 ], [ -4.9152574, 56.2539669 ], [ -4.92376, 56.249096 ], [ -4.9362255, 56.2441655 ], [ -4.9513285, 56.2380693 ], [ -4.9712694, 56.230105 ], [ -4.9894482, 56.2225137 ], [ -5.0064559, 56.2152968 ], [ -5.0277187, 56.2065769 ], [ -5.0450016, 56.1990582 ], [ -5.0644678, 56.1897341 ], [ -5.0770756, 56.1823397 ], [ -5.0909356, 56.1727659 ], [ -5.1036284, 56.1628702 ], [ -5.1136949, 56.1523453 ], [ -5.1226679, 56.1422539 ], [ -5.1284483, 56.1322862 ], [ -5.1328109, 56.1240485 ], [ -5.1357151, 56.1184224 ], [ -5.1385467, 56.1137964 ], [ -5.1408011, 56.1092222 ], [ -5.1436514, 56.1046252 ], [ -5.1459379, 56.1017553 ], [ -5.1476741, 56.0999487 ], [ -5.150575, 56.0970513 ], [ -5.1576244, 56.0899141 ], [ -5.1586783, 56.087799 ], [ -5.165939, 56.0830028 ], [ -5.1754088, 56.0777773 ], [ -5.1868069, 56.0724453 ], [ -5.1996294, 56.0653268 ], [ -5.2099362, 56.0590199 ], [ -5.2214633, 56.0511408 ], [ -5.2358692, 56.04042 ], [ -5.2527038, 56.0281719 ], [ -5.265648, 56.0157406 ], [ -5.277945, 56.0028869 ], [ -5.2913691, 55.9890864 ], [ -5.3046549, 55.9733966 ], [ -5.305228, 55.9726692 ], [ -5.3182737, 55.9544989 ], [ -5.3300096, 55.9363594 ], [ -5.335128, 55.9223659 ], [ -5.3383477, 55.9087791 ], [ -5.3415643, 55.8952163 ], [ -5.3435518, 55.8820583 ], [ -5.3460658, 55.8678434 ], [ -5.3474399, 55.8550966 ], [ -5.3473444, 55.854041 ], [ -5.3470839, 55.8441777 ], [ -5.3457217, 55.8361231 ], [ -5.3462676, 55.8288041 ], [ -5.3485491, 55.8200848 ], [ -5.349157, 55.8135012 ], [ -5.3515113, 55.8046465 ], [ -5.3550354, 55.7946729 ], [ -5.3586543, 55.7861627 ], [ -5.3623278, 55.7779454 ], [ -5.3688563, 55.7677113 ], [ -5.3761244, 55.7571963 ], [ -5.3804421, 55.7493224 ], [ -5.381925, 55.745096 ], [ -5.3873189, 55.7362345 ], [ -5.389699, 55.7343713 ], [ -5.3926833, 55.7321304 ], [ -5.3968099, 55.7284203 ], [ -5.4008728, 55.723995 ], [ -5.4062588, 55.7202529 ], [ -5.4103452, 55.7161902 ], [ -5.414999, 55.711396 ], [ -5.4189864, 55.7062652 ], [ -5.4230013, 55.7014941 ], [ -5.4263503, 55.6963868 ], [ -5.4290345, 55.690944 ], [ -5.4329137, 55.6847555 ], [ -5.4356234, 55.6796768 ], [ -5.4382671, 55.6738889 ], [ -5.4401838, 55.6670549 ], [ -5.4414053, 55.6595341 ], [ -5.4432858, 55.6523575 ], [ -5.4445351, 55.6452047 ], [ -5.446944, 55.6369589 ], [ -5.449445, 55.6297834 ], [ -5.4506249, 55.6219424 ], [ -5.4525259, 55.6151506 ], [ -5.4537661, 55.6080295 ], [ -5.455037, 55.6012673 ], [ -5.4568997, 55.5941397 ], [ -5.4582311, 55.5880941 ], [ -5.4595607, 55.5820533 ], [ -5.4602983, 55.5763816 ], [ -5.4616574, 55.570699 ], [ -5.4629855, 55.564668 ], [ -5.463655, 55.5583083 ], [ -5.463141, 55.5526908 ], [ -5.4625955, 55.5467263 ], [ -5.4643494, 55.5385914 ], [ -5.4661333, 55.5308139 ], [ -5.4695877, 55.5208905 ], [ -5.4732625, 55.5134237 ], [ -5.4779809, 55.5038321 ], [ -5.481451, 55.4942862 ], [ -5.483838, 55.486528 ], [ -5.4851778, 55.4809011 ], [ -5.4949802, 55.4727441 ], [ -5.4969184, 55.4662373 ], [ -5.498578, 55.4636819 ], [ -5.5109626, 55.4475794 ], [ -5.5120545, 55.4457606 ], [ -5.5274653, 55.4288884 ], [ -5.5433241, 55.4106094 ], [ -5.5565404, 55.3927846 ], [ -5.571804, 55.3764148 ], [ -5.5729148, 55.3749676 ], [ -5.5905765, 55.3574758 ], [ -5.6114082, 55.340588 ], [ -5.633911, 55.3282316 ], [ -5.6630385, 55.316119 ], [ -5.6966888, 55.3037641 ], [ -5.7355689, 55.2910014 ], [ -5.7724496, 55.2802837 ], [ -5.8060889, 55.2704396 ], [ -5.8102971, 55.2692528 ], [ -5.8349927, 55.2628476 ], [ -5.8502369, 55.2606008 ], [ -5.8771852, 55.2576191 ], [ -5.91044, 55.255473 ], [ -5.9448909, 55.2529259 ], [ -5.9786837, 55.2500388 ], [ -5.9830139, 55.2498926 ], [ -6.0026258, 55.2478263 ], [ -6.0191909, 55.2462116 ], [ -6.1825562, 55.2399861 ], [ -6.3912964, 55.235288 ] ] } },
{ "type": "Feature", "properties": { "Boundary_n": "B2a", "ID": "BND023" }, "geometry": { "type": "LineString", "coordinates": [ [ -1.6973877, 58.0807807 ], [ -1.7502272, 58.0775552 ], [ -1.7633494, 58.0775733 ], [ -1.8014457, 58.0733991 ], [ -1.8027651, 58.0726973 ], [ -1.8526643, 58.0650099 ], [ -1.8933307, 58.0587128 ], [ -1.9208571, 58.0552133 ], [ -1.9418258, 58.0503051 ], [ -1.9601635, 58.0446945 ], [ -1.9758707, 58.0362794 ], [ -1.9928669, 58.0264669 ], [ -2.0046181, 58.0180617 ], [ -2.0124437, 58.0117602 ], [ -2.0176495, 58.0047634 ], [ -2.0215416, 57.9963719 ], [ -2.0630384, 57.9489078 ], [ -2.109375, 57.8739746 ], [ -2.1697998, 57.8184295 ], [ -2.2027588, 57.7833042 ], [ -2.2412109, 57.7422815 ], [ -2.2576904, 57.7100167 ], [ -2.2851562, 57.6718484 ], [ -2.3071289, 57.6277581 ], [ -2.3730469, 57.5777244 ], [ -2.411499, 57.5453129 ], [ -2.4609375, 57.5128726 ], [ -2.5158691, 57.4508608 ], [ -2.5186724, 57.4485935 ], [ -2.5211644, 57.4466279 ], [ -2.5251378, 57.4435335 ], [ -2.5296138, 57.440166 ], [ -2.5335913, 57.4370871 ], [ -2.5360883, 57.4340493 ], [ -2.5385434, 57.4309878 ], [ -2.5409207, 57.4273441 ], [ -2.5422857, 57.4237152 ], [ -2.5437031, 57.4193011 ], [ -2.5451207, 57.4151638 ], [ -2.546033, 57.4110332 ], [ -2.5474563, 57.4069044 ], [ -2.5483371, 57.4030387 ], [ -2.5482176, 57.3997313 ], [ -2.5481128, 57.3969744 ], [ -2.5480407, 57.3936895 ], [ -2.5469422, 57.3898592 ], [ -2.5463243, 57.3865662 ], [ -2.5447322, 57.3832895 ], [ -2.5431482, 57.3802877 ], [ -2.5405052, 57.3767358 ], [ -2.5378811, 57.373734 ], [ -2.5352546, 57.3707333 ], [ -2.5321577, 57.3682863 ], [ -2.5290494, 57.3652942 ], [ -2.5254338, 57.362576 ], [ -2.5223498, 57.3604052 ], [ -2.5192489, 57.3582325 ], [ -2.5161487, 57.3563321 ], [ -2.5130664, 57.3544347 ], [ -2.5094937, 57.3528127 ], [ -2.5049108, 57.3514667 ], [ -2.5008576, 57.3498491 ], [ -2.495796, 57.3482349 ], [ -2.4902001, 57.3460766 ], [ -2.4846358, 57.3450076 ], [ -2.4760085, 57.3428591 ], [ -2.4724464, 57.3415107 ], [ -2.4683832, 57.340164 ], [ -2.4628125, 57.3382794 ], [ -2.4542081, 57.3366757 ], [ -2.4471285, 57.335611 ], [ -2.4400525, 57.3345459 ], [ -2.4319811, 57.3337546 ], [ -2.4259237, 57.3329573 ], [ -2.4183625, 57.3324348 ], [ -2.4128075, 57.3316361 ], [ -2.4072573, 57.3311087 ], [ -2.4007015, 57.3305836 ], [ -2.3961667, 57.3303231 ], [ -2.3921379, 57.3303322 ], [ -2.3891149, 57.3303397 ], [ -2.3840761, 57.330352 ], [ -2.3820603, 57.330357 ], [ -2.3790365, 57.3303644 ], [ -2.3755111, 57.3306445 ], [ -2.3729915, 57.3306509 ], [ -2.3510742, 57.3294866 ], [ -2.2302246, 57.3294866 ], [ -2.142334, 57.3354166 ], [ -2.0214844, 57.3383813 ], [ -1.9006348, 57.3443098 ], [ -1.7028809, 57.3472738 ], [ -1.5545654, 57.3532009 ], [ -1.3116772, 57.3640051 ], [ -1.1206055, 57.3739384 ] ] } },
{ "type": "Feature", "properties": { "Boundary_n": "B2", "ID": "BND024" }, "geometry": { "type": "LineString", "coordinates": [ [ -7.3223877, 55.9799454 ], [ -7.2343772, 55.9800712 ], [ -7.2234711, 55.9805489 ], [ -7.2078868, 55.9812295 ], [ -7.1829668, 55.9823135 ], [ -7.1505237, 55.985453 ], [ -7.116666, 55.9895133 ], [ -7.0781315, 55.9937631 ], [ -7.0366136, 55.9989907 ], [ -7.033498, 55.999123 ], [ -6.9914718, 56.0008768 ], [ -6.9603451, 56.0021677 ], [ -6.9218176, 56.0063597 ], [ -6.8661706, 56.0112311 ], [ -6.8092066, 56.0178652 ], [ -6.8015472, 56.0190394 ], [ -6.7370236, 56.0276735 ], [ -6.6695881, 56.0381197 ], [ -6.6189045, 56.0452804 ], [ -6.5758723, 56.0512606 ], [ -6.5298199, 56.058206 ], [ -6.4656911, 56.0710151 ], [ -6.3802913, 56.0897769 ], [ -6.3147429, 56.1051694 ], [ -6.2583765, 56.1193392 ], [ -6.2111202, 56.1314301 ], [ -6.1672176, 56.1460053 ], [ -6.1596809, 56.148877 ], [ -6.10963, 56.165393 ], [ -6.0670544, 56.1790314 ], [ -6.0155426, 56.1981931 ], [ -5.9700393, 56.2154037 ], [ -5.9245301, 56.2334853 ], [ -5.8849823, 56.2487447 ], [ -5.8547226, 56.2628424 ], [ -5.8259299, 56.2760077 ], [ -5.7988239, 56.2908799 ], [ -5.7732477, 56.305707 ], [ -5.736872, 56.3243868 ], [ -5.701853, 56.3412725 ], [ -5.6651942, 56.3582155 ], [ -5.6347841, 56.3749701 ], [ -5.6091511, 56.392478 ], [ -5.6016353, 56.3979889 ], [ -5.5908849, 56.4124765 ], [ -5.582509, 56.4222504 ], [ -5.5739279, 56.4303008 ], [ -5.5668272, 56.4374379 ], [ -5.5612028, 56.4436673 ], [ -5.5554736, 56.4490346 ], [ -5.5482632, 56.4553169 ], [ -5.5379903, 56.4625539 ], [ -5.5292009, 56.4688823 ], [ -5.5220687, 56.4760264 ], [ -5.5149361, 56.4831739 ], [ -5.5136421, 56.4858138 ], [ -5.5079744, 56.492057 ], [ -5.5035014, 56.4947966 ], [ -5.4989545, 56.4966605 ], [ -5.4916321, 56.5020864 ], [ -5.4721159, 56.5121974 ], [ -5.4572815, 56.5212954 ], [ -5.4453751, 56.5285853 ], [ -5.435044, 56.5358301 ], [ -5.4245247, 56.5413423 ], [ -5.4155809, 56.5468103 ], [ -5.4019748, 56.5532795 ], [ -5.3851754, 56.5598441 ], [ -5.3714633, 56.566338 ], [ -5.3543803, 56.5711914 ], [ -5.3324682, 56.5788709 ], [ -5.3122737, 56.5864605 ], [ -5.2904528, 56.5923181 ], [ -5.2652947, 56.5974127 ], [ -5.2389989, 56.6024185 ], [ -5.2123097, 56.6066418 ], [ -5.1862865, 56.6097568 ], [ -5.1676897, 56.6119102 ], [ -5.1456606, 56.6142265 ], [ -5.1206488, 56.6183459 ], [ -5.1030863, 56.6215338 ], [ -5.0858583, 56.6254951 ], [ -5.0622356, 56.6296443 ], [ -5.0434562, 56.6327358 ], [ -5.0216232, 56.6367559 ], [ -4.999867, 56.6407331 ], [ -4.9797404, 56.644635 ], [ -4.9640745, 56.6485625 ], [ -4.9471655, 56.6541531 ], [ -4.924173, 56.6615507 ], [ -4.9010736, 56.6708213 ], [ -4.8825866, 56.6782343 ], [ -4.8656785, 56.6856087 ], [ -4.8440841, 56.6939409 ], [ -4.827155, 56.7013037 ], [ -4.8118025, 56.708637 ], [ -4.7932656, 56.7160413 ], [ -4.7716722, 56.7252571 ], [ -4.7437553, 56.7337259 ], [ -4.7234417, 56.7385338 ], [ -4.7045144, 56.7424556 ], [ -4.6871488, 56.7454636 ], [ -4.6666141, 56.7485354 ], [ -4.6446151, 56.7524985 ], [ -4.6099644, 56.7575959 ], [ -4.5900108, 56.7623197 ], [ -4.5694559, 56.7671377 ], [ -4.5490742, 56.7710443 ], [ -4.5283363, 56.7750024 ], [ -4.5031693, 56.7816471 ], [ -4.4777777, 56.7883259 ], [ -4.4550464, 56.7947627 ], [ -4.4344998, 56.8004385 ], [ -4.4066874, 56.8072961 ], [ -4.3739326, 56.8148688 ], [ -4.3387174, 56.8258735 ], [ -4.3034113, 56.8380719 ], [ -4.2674336, 56.85071 ], [ -4.2598657, 56.8534057 ], [ -4.2381204, 56.860736 ], [ -4.195276, 56.8738297 ], [ -4.1549151, 56.8857664 ], [ -4.1177957, 56.8949744 ], [ -4.0800013, 56.9034517 ], [ -4.0482407, 56.910131 ], [ -4.0090114, 56.9168034 ], [ -3.9725337, 56.9226406 ], [ -3.9297379, 56.928552 ], [ -3.8695177, 56.9337904 ], [ -3.7962757, 56.9384212 ], [ -3.7373439, 56.9392385 ], [ -3.6974626, 56.9397537 ], [ -3.66545, 56.9384323 ], [ -3.651028, 56.9377443 ], [ -3.5760498, 56.9359845 ], [ -3.3618164, 56.9299901 ], [ -3.1256104, 56.915 ], [ -2.7960205, 56.8880026 ], [ -2.5048828, 56.8699935 ], [ -2.2565984, 56.8432981 ], [ -2.0733186, 56.8340138 ], [ -1.9006348, 56.8339493 ], [ -1.4666748, 56.8429636 ], [ -1.2304687, 56.8609858 ], [ -0.9118652, 56.8699935 ] ] } },
{ "type": "Feature", "properties": { "Boundary_n": "B1a", "ID": "BND025" }, "geometry": { "type": "LineString", "coordinates": [ [ -7.3168945, 56.1914245 ], [ -7.1679037, 56.1414366 ], [ -7.1551424, 56.1381274 ], [ -7.1318327, 56.1343066 ], [ -7.0940735, 56.127241 ], [ -7.0388906, 56.1199403 ], [ -6.9860949, 56.1163647 ], [ -6.9162045, 56.1144303 ], [ -6.8521082, 56.1160676 ], [ -6.7536424, 56.1199892 ], [ -6.6464683, 56.1231955 ], [ -6.5465079, 56.1279563 ], [ -6.4661615, 56.1367032 ], [ -6.4001911, 56.1496731 ], [ -6.3292227, 56.1647037 ], [ -6.2584064, 56.1816089 ], [ -6.1894529, 56.2003341 ], [ -6.1136923, 56.2211765 ], [ -6.0567469, 56.2403953 ], [ -6.0485052, 56.2445184 ], [ -5.9713535, 56.2711163 ], [ -5.9128196, 56.2942003 ], [ -5.8728918, 56.3128281 ], [ -5.8384936, 56.3342084 ], [ -5.80209, 56.3536889 ], [ -5.7670771, 56.3721478 ], [ -5.723339, 56.3908919 ], [ -5.6762032, 56.4116784 ], [ -5.6394951, 56.4321551 ], [ -5.6078838, 56.4515131 ], [ -5.5979713, 56.4586129 ], [ -5.5686382, 56.480681 ], [ -5.5626555, 56.4895126 ], [ -5.5546689, 56.4964843 ], [ -5.5485775, 56.5052285 ], [ -5.5392028, 56.513271 ], [ -5.5329629, 56.5201952 ], [ -5.5283599, 56.5261252 ], [ -5.5221303, 56.5330366 ], [ -5.5107372, 56.5410712 ], [ -5.4974664, 56.5482003 ], [ -5.4824271, 56.555384 ], [ -5.4621028, 56.5627231 ], [ -5.4434191, 56.5690689 ], [ -5.4230239, 56.5753864 ], [ -5.3975265, 56.5838131 ], [ -5.3703514, 56.5932528 ], [ -5.3455566, 56.6026975 ], [ -5.3185907, 56.610151 ], [ -5.2894734, 56.6157432 ], [ -5.2590509, 56.6214371 ], [ -5.2325309, 56.6260239 ], [ -5.2074677, 56.6304894 ], [ -5.1758901, 56.6361494 ], [ -5.1435154, 56.6427468 ], [ -5.1083516, 56.6475082 ], [ -5.0709751, 56.6522748 ], [ -5.0428038, 56.6578113 ], [ -5.0339168, 56.6580317 ], [ -4.996989, 56.6589317 ], [ -4.9816762, 56.6612247 ], [ -4.9712978, 56.6634057 ], [ -4.9554684, 56.6657165 ], [ -4.9431557, 56.6679405 ], [ -4.9309349, 56.6701587 ], [ -4.9206175, 56.6732944 ], [ -4.9121364, 56.6754237 ], [ -4.905343, 56.6775134 ], [ -4.8967968, 56.6806071 ], [ -4.8882492, 56.6837003 ], [ -4.8781978, 56.6877999 ], [ -4.8664693, 56.6929079 ], [ -4.8580451, 56.6969691 ], [ -4.8497079, 56.7019965 ], [ -4.8394182, 56.7060926 ], [ -4.8326643, 56.7101085 ], [ -4.8224989, 56.7151716 ], [ -4.8123296, 56.7202343 ], [ -4.7988619, 56.7282703 ], [ -4.7870695, 56.7353017 ], [ -4.7572461, 56.7426119 ], [ -4.5483398, 56.7888452 ], [ -4.2696232, 56.8708292 ], [ -4.2143626, 56.8900222 ], [ -4.2075076, 56.8940162 ], [ -4.1868628, 56.9040351 ], [ -4.1626397, 56.9181409 ], [ -4.1557108, 56.9241805 ], [ -4.1053077, 56.9454532 ], [ -3.7521773, 57.090971 ], [ -3.5705566, 57.1630571 ], [ -3.0644268, 57.3281691 ], [ -3.0539825, 57.3311141 ], [ -3.0348484, 57.336992 ], [ -3.0063062, 57.3459225 ], [ -2.9674225, 57.3577619 ], [ -2.916137, 57.3735256 ], [ -2.8758686, 57.3872145 ], [ -2.8359698, 57.4018098 ], [ -2.7937257, 57.4164883 ], [ -2.7582055, 57.4292369 ], [ -2.7281824, 57.4409593 ], [ -2.6946256, 57.4555944 ], [ -2.6592716, 57.4721672 ], [ -2.6237977, 57.4887434 ], [ -2.5882303, 57.5043542 ], [ -2.5651992, 57.5150774 ], [ -2.5404256, 57.5267773 ], [ -2.5136348, 57.5384823 ], [ -2.4905248, 57.5482458 ], [ -2.4707518, 57.5550851 ], [ -2.4493237, 57.5648331 ], [ -2.4315306, 57.5745748 ], [ -2.4100994, 57.5872256 ], [ -2.3923278, 57.5989137 ], [ -2.3744689, 57.6105939 ], [ -2.3619963, 57.6212908 ], [ -2.3477194, 57.6348952 ], [ -2.333433, 57.6485043 ], [ -2.321023, 57.663107 ], [ -2.3087823, 57.6787658 ], [ -2.3000681, 57.6934392 ], [ -2.2912065, 57.7070969 ], [ -2.2805591, 57.7236897 ], [ -2.2699215, 57.742247 ], [ -2.2610627, 57.7588642 ], [ -2.2539979, 57.7745126 ], [ -2.2450978, 57.790177 ], [ -2.2380382, 57.8078096 ], [ -2.2345964, 57.8234905 ], [ -2.2330329, 57.8431048 ], [ -2.2277638, 57.8597995 ], [ -2.222513, 57.8784738 ], [ -2.2154665, 57.901107 ], [ -2.2065528, 57.9227833 ], [ -2.1993908, 57.9385645 ], [ -2.1886022, 57.9602886 ], [ -2.1759352, 57.9810497 ], [ -2.1576764, 57.9988718 ], [ -2.1411933, 58.0127452 ], [ -2.120991, 58.0266311 ], [ -2.1007443, 58.0385409 ], [ -2.0767726, 58.0504588 ], [ -2.0546167, 58.0613876 ], [ -2.0268747, 58.0713262 ], [ -1.9953962, 58.0812674 ], [ -1.9620303, 58.0892155 ], [ -1.9230788, 58.0941729 ], [ -1.8859725, 58.0971333 ], [ -1.8395737, 58.1000766 ], [ -1.8098702, 58.1020337 ], [ -1.7894479, 58.1030025 ], [ -1.741333, 58.1040081 ] ] } },
{ "type": "Feature", "properties": { "Boundary_n": "B17", "ID": "BND026" }, "geometry": { "type": "LineString", "coordinates": [ [ -0.9091359, 53.0536066 ], [ -0.9169716, 53.0394608 ], [ -0.9276993, 53.0348044 ], [ -0.9360165, 53.0314592 ], [ -0.943412, 53.0259442 ], [ -0.9508344, 53.0198023 ], [ -0.9570301, 53.0143724 ], [ -0.9631468, 53.0096529 ], [ -0.9693407, 53.0041887 ], [ -0.9743194, 52.999427 ], [ -0.9807524, 52.9911985 ], [ -0.9860679, 52.982884 ], [ -0.9902443, 52.9745607 ], [ -0.994325, 52.9670089 ], [ -0.9974023, 52.9580624 ], [ -1.0015298, 52.9498449 ], [ -1.00758, 52.9327306 ], [ -1.0135961, 52.9156989 ], [ -1.0170514, 52.9021015 ], [ -1.0155122, 52.8945437 ], [ -1.015205, 52.885679 ], [ -1.0150215, 52.8754825 ], [ -1.0126994, 52.8645653 ], [ -1.0092312, 52.8543027 ], [ -1.0044853, 52.8460619 ], [ -1.000412, 52.8425606 ], [ -0.9997559, 52.8293209 ], [ -0.9973318, 52.8130383 ], [ -0.9964767, 52.8065955 ], [ -0.9945149, 52.7964725 ], [ -0.994111, 52.7854303 ], [ -0.992138, 52.7754206 ], [ -0.9912845, 52.7690527 ], [ -0.9919589, 52.7618309 ], [ -0.9926321, 52.75462 ], [ -0.9932207, 52.7483176 ], [ -0.9940658, 52.7393086 ], [ -0.9947522, 52.7320816 ], [ -0.9954307, 52.7248836 ], [ -0.9992186, 52.7151139 ], [ -1.0029134, 52.7062591 ], [ -1.00693, 52.6938543 ], [ -1.01077, 52.6832599 ], [ -1.0146009, 52.6726847 ], [ -1.0185827, 52.6603639 ], [ -1.0227929, 52.6454284 ], [ -1.028161, 52.6332291 ], [ -1.030764, 52.6200975 ], [ -1.0359435, 52.6097197 ], [ -1.0397754, 52.5984538 ], [ -1.0464868, 52.586432 ], [ -1.0531752, 52.5744477 ], [ -1.0614568, 52.5599846 ], [ -1.0681069, 52.548033 ], [ -1.0775227, 52.5362298 ], [ -1.0855837, 52.5235599 ], [ -1.0966136, 52.5084415 ], [ -1.1089204, 52.4942593 ], [ -1.1209776, 52.4826723 ], [ -1.1345116, 52.4694625 ], [ -1.1464865, 52.4579501 ], [ -1.1567929, 52.449795 ], [ -1.1656351, 52.4424555 ], [ -1.1759585, 52.4334875 ], [ -1.183385, 52.4261347 ], [ -1.1906812, 52.4204712 ], [ -1.1981985, 52.4114714 ], [ -1.2014076, 52.4048719 ], [ -1.2031248, 52.3999085 ], [ -1.2060971, 52.3966553 ], [ -1.2091801, 52.3917402 ], [ -1.2151668, 52.3844164 ], [ -1.2167578, 52.3811332 ], [ -1.2197688, 52.377061 ], [ -1.2213547, 52.3737822 ], [ -1.2286207, 52.3673501 ], [ -1.2301471, 52.3649061 ], [ -1.237242, 52.3609681 ], [ -1.2443296, 52.3570332 ], [ -1.2579346, 52.3588286 ], [ -1.2789295, 52.354307 ], [ -1.2926599, 52.3477652 ], [ -1.3081522, 52.3393058 ], [ -1.3306225, 52.3251165 ], [ -1.3579572, 52.3111087 ], [ -1.3784503, 52.2998824 ], [ -1.4003702, 52.2916553 ], [ -1.4171994, 52.2852631 ], [ -1.438976, 52.2780408 ], [ -1.4607163, 52.2708225 ], [ -1.4907829, 52.2608919 ], [ -1.510839, 52.2536166 ], [ -1.5308437, 52.2463594 ], [ -1.5524051, 52.2401258 ], [ -1.570588, 52.2357496 ], [ -1.5887565, 52.2313715 ], [ -1.6036108, 52.2278749 ], [ -1.6283325, 52.2226856 ], [ -1.6562783, 52.2175856 ], [ -1.6841827, 52.211536 ], [ -1.7087896, 52.2063567 ], [ -1.7398481, 52.2023091 ], [ -1.7708916, 52.1982463 ], [ -1.8099812, 52.1963148 ], [ -1.8361336, 52.1949789 ], [ -1.8736315, 52.1939193 ], [ -1.906146, 52.1927719 ], [ -1.9354728, 52.1924731 ], [ -1.9681116, 52.1912571 ], [ -1.9942267, 52.1908525 ], [ -2.0236159, 52.1914758 ], [ -2.0480689, 52.1910365 ], [ -2.0709052, 52.1915164 ], [ -2.0970058, 52.1939993 ], [ -2.1280492, 52.1965663 ], [ -2.170611, 52.2012845 ], [ -2.2231659, 52.2071209 ], [ -2.2658403, 52.2118106 ], [ -2.3002549, 52.2153859 ], [ -2.341366, 52.2200246 ], [ -2.3825377, 52.223674 ], [ -2.4249195, 52.2274362 ], [ -2.456072, 52.231909 ], [ -2.4811634, 52.2371572 ], [ -2.5194669, 52.2426215 ], [ -2.5473762, 52.2470373 ], [ -2.575697, 52.2513813 ], [ -2.6074317, 52.256751 ], [ -2.6262536, 52.2608796 ], [ -2.6411781, 52.265049 ], [ -2.6617088, 52.2701964 ], [ -2.6871301, 52.2774123 ], [ -2.7041374, 52.2815636 ], [ -2.7196671, 52.28666 ], [ -2.7299605, 52.2897401 ], [ -2.745408, 52.2948564 ], [ -2.7574414, 52.2999386 ], [ -2.7677994, 52.3050013 ], [ -2.7799133, 52.3110759 ], [ -2.7901261, 52.3151723 ], [ -2.8013909, 52.3233119 ], [ -2.8112089, 52.327277 ], [ -2.8167893, 52.3312763 ], [ -2.8222425, 52.3352909 ], [ -2.8312278, 52.3433275 ], [ -2.8368538, 52.3483331 ], [ -2.839165, 52.352306 ], [ -2.8394295, 52.3552777 ], [ -2.8503393, 52.3723222 ], [ -2.8541638, 52.3783378 ], [ -2.860643, 52.3903518 ], [ -2.8660657, 52.4053377 ], [ -2.87179, 52.4263979 ], [ -2.8772934, 52.4505621 ], [ -2.881201, 52.467732 ], [ -2.883649, 52.4879627 ], [ -2.88433, 52.5214418 ], [ -2.8810744, 52.554038 ], [ -2.8774711, 52.5786193 ], [ -2.8722219, 52.6074026 ], [ -2.8646036, 52.6290485 ], [ -2.854356, 52.6539283 ], [ -2.8445926, 52.6726068 ], [ -2.833074, 52.6934005 ], [ -2.8167437, 52.7184144 ], [ -2.8065051, 52.7362338 ], [ -2.7925654, 52.7529667 ], [ -2.7798131, 52.766544 ], [ -2.765398, 52.7811959 ], [ -2.7465706, 52.8033289 ], [ -2.7273225, 52.8223068 ], [ -2.7067723, 52.8456772 ], [ -2.6826729, 52.8701608 ], [ -2.6543705, 52.8902791 ], [ -2.6379274, 52.9052228 ], [ -2.6196715, 52.9201906 ], [ -2.5979015, 52.9362198 ], [ -2.5779418, 52.9534351 ], [ -2.552739, 52.971739 ], [ -2.5321458, 52.9824107 ], [ -2.5149959, 52.9920557 ], [ -2.4977316, 53.0005986 ], [ -2.4804417, 53.0091546 ], [ -2.4597561, 53.0210031 ], [ -2.4423577, 53.0295686 ], [ -2.4250023, 53.0392657 ], [ -2.4040801, 53.0500291 ], [ -2.3848589, 53.0597262 ], [ -2.3671971, 53.0660899 ], [ -2.3547846, 53.0703103 ], [ -2.3388831, 53.0767171 ], [ -2.3229531, 53.0831265 ], [ -2.3033619, 53.089449 ], [ -2.2891385, 53.0947703 ], [ -2.2784392, 53.0979227 ], [ -2.2659871, 53.1021774 ], [ -2.253571, 53.1075676 ], [ -2.2499969, 53.1086206 ], [ -2.2375064, 53.112877 ], [ -2.1918209, 53.1171426 ], [ -2.1740392, 53.1224969 ], [ -2.1417998, 53.1297967 ], [ -2.1147121, 53.1337098 ], [ -2.0840276, 53.1364621 ], [ -2.0532764, 53.1380449 ], [ -2.0205347, 53.139445 ], [ -1.9894874, 53.1396497 ], [ -1.9420263, 53.1427298 ], [ -1.9041216, 53.1453448 ], [ -1.8716198, 53.1469415 ], [ -1.8355335, 53.1485089 ], [ -1.8010541, 53.1476147 ], [ -1.7629367, 53.1465851 ], [ -1.7358209, 53.1459683 ], [ -1.7014792, 53.1463631 ], [ -1.6724977, 53.1456185 ], [ -1.6525733, 53.1451081 ], [ -1.6273781, 53.1435169 ], [ -1.6111571, 53.1432242 ], [ -1.5913852, 53.1405691 ], [ -1.5769342, 53.139052 ], [ -1.5624252, 53.137414 ], [ -1.5461304, 53.1345383 ], [ -1.5280761, 53.1316798 ], [ -1.513707, 53.1290311 ], [ -1.4957316, 53.1262861 ], [ -1.4777699, 53.1248056 ], [ -1.4526311, 53.1219985 ], [ -1.4147879, 53.1199578 ], [ -1.3858875, 53.1191886 ], [ -1.3624623, 53.1173916 ], [ -1.3408437, 53.1156028 ], [ -1.3174303, 53.1137648 ], [ -1.2976507, 53.1121125 ], [ -1.2741833, 53.1114336 ], [ -1.2508026, 53.1096989 ], [ -1.2345549, 53.1091377 ], [ -1.2183142, 53.1086316 ], [ -1.2002714, 53.1081429 ], [ -1.1840317, 53.1077116 ], [ -1.165986, 53.1072297 ], [ -1.1479385, 53.1067444 ], [ -1.1281773, 53.1050873 ], [ -1.1120276, 53.1035231 ], [ -1.0887639, 53.1006026 ], [ -1.0689146, 53.1000502 ], [ -1.0527709, 53.0984859 ], [ -1.038443, 53.096937 ], [ -1.0331383, 53.0956415 ], [ -1.0224254, 53.0941844 ], [ -1.0101303, 53.0904086 ], [ -0.9960298, 53.0866222 ], [ -0.9853191, 53.0851966 ], [ -0.9764129, 53.0838222 ], [ -0.9605383, 53.0799538 ], [ -0.9500812, 53.0762404 ], [ -0.9397355, 53.0714341 ], [ -0.9328815, 53.0678553 ], [ -0.9280742, 53.0620677 ], [ -0.9091359, 53.0536066 ] ] } },
{ "type": "Feature", "properties": { "Boundary_n": "B16", "ID": "BND027" }, "geometry": { "type": "LineString", "coordinates": [ [ -5.526123, 54.3709586 ], [ -4.9363464, 54.4156752 ], [ -4.9111863, 54.4176819 ], [ -4.8860199, 54.4196841 ], [ -4.868462, 54.421533 ], [ -4.8456843, 54.4219863 ], [ -4.8130618, 54.4256105 ], [ -4.7728452, 54.429377 ], [ -4.7451487, 54.4314023 ], [ -4.7350314, 54.4315975 ], [ -4.7274436, 54.4317432 ], [ -4.6945654, 54.4323696 ], [ -4.6566363, 54.4330847 ], [ -4.6161837, 54.4338353 ], [ -4.5603498, 54.4318772 ], [ -4.4766566, 54.4289022 ], [ -4.382824, 54.4245616 ], [ -4.2868969, 54.4261331 ], [ -4.1784361, 54.4293123 ], [ -4.0850417, 54.4307044 ], [ -3.9716333, 54.4367625 ], [ -3.8631602, 54.4411777 ], [ -3.7647374, 54.4453901 ], [ -3.6537271, 54.4541321 ], [ -3.5275097, 54.4643576 ], [ -3.4067426, 54.4784763 ], [ -3.3087745, 54.489288 ], [ -3.219775, 54.499247 ], [ -3.1377888, 54.5078397 ], [ -3.0723707, 54.5124427 ], [ -3.0122106, 54.5169021 ], [ -2.9495484, 54.5226078 ], [ -2.8966358, 54.5271313 ], [ -2.841604, 54.5285018 ], [ -2.7841102, 54.5294728 ], [ -2.7234422, 54.5281038 ], [ -2.6698847, 54.5239435 ], [ -2.6342534, 54.5196533 ], [ -2.6063542, 54.5152936 ], [ -2.5836432, 54.5094067 ], [ -2.5510316, 54.4975733 ], [ -2.5286458, 54.4827614 ], [ -2.5061001, 54.4709556 ], [ -2.4935588, 54.4650581 ], [ -2.4760947, 54.4547205 ], [ -2.4589268, 54.4384343 ], [ -2.4400574, 54.4204848 ], [ -2.4207807, 54.40854 ], [ -2.3883023, 54.3938313 ], [ -2.3763574, 54.3819698 ], [ -2.3639472, 54.371686 ], [ -2.3565283, 54.3643429 ], [ -2.349228, 54.3569754 ], [ -2.3394672, 54.3481371 ], [ -2.3250364, 54.3319161 ], [ -2.3129288, 54.3201405 ], [ -2.3035869, 54.3054053 ], [ -2.2999352, 54.2905663 ], [ -2.297915, 54.2817357 ], [ -2.2796631, 54.2684321 ], [ -2.252777, 54.2148788 ], [ -2.245133, 54.2059368 ], [ -2.2373975, 54.1895225 ], [ -2.2321768, 54.173113 ], [ -2.2220289, 54.1568179 ], [ -2.2141393, 54.1431513 ], [ -2.2064368, 54.1282451 ], [ -2.1962644, 54.1089733 ], [ -2.1861596, 54.0883104 ], [ -2.1785901, 54.0720876 ], [ -2.1685343, 54.0558701 ], [ -2.1610168, 54.0367688 ], [ -2.1559226, 54.0190601 ], [ -2.1533579, 54.0057966 ], [ -2.150817, 53.9925634 ], [ -2.145798, 53.9808039 ], [ -2.1432543, 53.9646498 ], [ -2.1381879, 53.9484659 ], [ -2.1355814, 53.9308148 ], [ -2.1304502, 53.9116814 ], [ -2.1229105, 53.8911575 ], [ -2.1154452, 53.8677848 ], [ -2.1029875, 53.8472952 ], [ -2.0904689, 53.8282351 ], [ -2.0805651, 53.8107359 ], [ -2.0657907, 53.7918079 ], [ -2.0460915, 53.7670604 ], [ -2.0313732, 53.7525211 ], [ -2.0142355, 53.7350887 ], [ -1.9971334, 53.7176697 ], [ -1.9800469, 53.7031543 ], [ -1.9678593, 53.6886564 ], [ -1.9532502, 53.6727174 ], [ -1.9435425, 53.6582497 ], [ -1.9338502, 53.6437942 ], [ -1.9265916, 53.6322416 ], [ -1.9242118, 53.6221524 ], [ -1.9169811, 53.6134705 ], [ -1.90974, 53.6019403 ], [ -1.8976374, 53.5889842 ], [ -1.8855781, 53.574596 ], [ -1.8711024, 53.5616383 ], [ -1.8590769, 53.5487011 ], [ -1.8446587, 53.5343348 ], [ -1.8351133, 53.5199758 ], [ -1.8207658, 53.502701 ], [ -1.8136727, 53.4883878 ], [ -1.8042285, 53.4698091 ], [ -1.7947806, 53.4526502 ], [ -1.7878131, 53.4312008 ], [ -1.7808707, 53.4098307 ], [ -1.7763051, 53.3913058 ], [ -1.769301, 53.3741179 ], [ -1.7671017, 53.3583996 ], [ -1.7601573, 53.3399172 ], [ -1.7484832, 53.3186722 ], [ -1.7272391, 53.2958879 ], [ -1.7107716, 53.2774303 ], [ -1.6990736, 53.2618407 ], [ -1.6825641, 53.2475959 ], [ -1.6636921, 53.2318836 ], [ -1.642398, 53.2175118 ], [ -1.6187939, 53.2047408 ], [ -1.5857253, 53.1905414 ], [ -1.5503106, 53.1748294 ], [ -1.5147739, 53.1632362 ], [ -1.4862951, 53.1588387 ], [ -1.4505856, 53.1542527 ], [ -1.4100189, 53.1524335 ], [ -1.3743396, 53.149325 ], [ -1.3243503, 53.1460696 ], [ -1.2768008, 53.1428631 ], [ -1.2316568, 53.1382089 ], [ -1.203073, 53.1364959 ], [ -1.1817714, 53.1320455 ], [ -1.1414818, 53.1245405 ], [ -1.0847094, 53.1140698 ], [ -1.0352363, 53.1022825 ], [ -0.9931216, 53.1004365 ], [ -0.9543406, 53.0912369 ], [ -0.937415, 53.082278 ], [ -0.9301855, 53.076353 ], [ -0.925359, 53.0733769 ], [ -0.9157106, 53.0674257 ], [ -0.9012731, 53.0555817 ], [ -0.8868327, 53.0437425 ], [ -0.8675682, 53.031852 ], [ -0.8362521, 53.0183621 ], [ -0.7929424, 53.0018149 ], [ -0.7473077, 52.9823298 ], [ -0.7041546, 52.9643353 ], [ -0.6658848, 52.9464134 ], [ -0.6301385, 52.9285394 ], [ -0.5801551, 52.9075779 ], [ -0.5377811, 52.8780707 ], [ -0.5119797, 52.858934 ], [ -0.4766019, 52.8411025 ], [ -0.4412341, 52.8247164 ], [ -0.410823, 52.8055334 ], [ -0.3875226, 52.7893478 ], [ -0.3404518, 52.7713414 ], [ -0.2743762, 52.7530151 ], [ -0.2031196, 52.7460377 ], [ -0.1576942, 52.7480889 ], [ -0.1264155, 52.7532515 ], [ -0.1021992, 52.7599741 ], [ -0.0779656, 52.7666941 ], [ -0.0513272, 52.7733658 ], [ -0.0270571, 52.7800803 ], [ -0.0049125, 52.7911461 ], [ 0.0175931, 52.8079621 ], [ 0.0327885, 52.8220557 ], [ 0.0598959, 52.83448 ], [ 0.0843762, 52.842636 ], [ 0.1233522, 52.8519369 ], [ 0.1307286, 52.8546709 ], [ 0.1429974, 52.8587474 ], [ 0.1552708, 52.8628232 ], [ 0.1700446, 52.8682896 ], [ 0.1873235, 52.8751481 ], [ 0.2045195, 52.8805666 ], [ 0.2244281, 52.8902638 ], [ 0.2445518, 52.9028496 ], [ 0.2647183, 52.9154477 ], [ 0.2825012, 52.9281023 ], [ 0.2978991, 52.9408171 ], [ 0.3157313, 52.9534886 ], [ 0.333695, 52.9676165 ], [ 0.3468552, 52.9818595 ], [ 0.3624561, 52.9960618 ], [ 0.383483, 53.01744 ], [ 0.3993732, 53.034582 ], [ 0.4107941, 53.0562255 ], [ 0.4173874, 53.0780076 ], [ 0.4265485, 53.1012252 ], [ 0.4305109, 53.1201925 ], [ 0.4394718, 53.1405383 ], [ 0.4407794, 53.1566718 ], [ 0.4420893, 53.1728208 ], [ 0.441324, 53.1934542 ], [ 0.4357853, 53.2156988 ], [ 0.4348921, 53.2349124 ], [ 0.4317849, 53.257156 ], [ 0.4337064, 53.2808026 ], [ 0.4404277, 53.3028946 ], [ 0.4447054, 53.325072 ], [ 0.4540432, 53.3486559 ], [ 0.4710636, 53.3750904 ], [ 0.4881374, 53.4015704 ], [ 0.5185359, 53.4382706 ], [ 0.5592749, 53.4778342 ], [ 0.5888928, 53.5027079 ], [ 0.6127815, 53.5187146 ], [ 0.6389423, 53.5316672 ], [ 0.6701283, 53.5445143 ], [ 0.6959417, 53.5529685 ], [ 0.7270727, 53.5643204 ], [ 0.7581061, 53.5741641 ], [ 0.7866656, 53.5840676 ], [ 0.8177758, 53.5939193 ], [ 0.8515966, 53.6052249 ], [ 0.8776222, 53.6136884 ], [ 0.9085295, 53.6205156 ], [ 0.9367926, 53.6258904 ], [ 0.9625753, 53.6313259 ], [ 0.9830082, 53.6338528 ], [ 1.0063118, 53.6393475 ], [ 1.0344837, 53.6431937 ], [ 1.0626645, 53.6470348 ], [ 1.1032886, 53.6490348 ], [ 1.1313414, 53.6513504 ], [ 1.1466325, 53.6524713 ], [ 1.1541867, 53.6522732 ], [ 1.1648253, 53.6565665 ], [ 1.1882572, 53.6620479 ], [ 1.2118957, 53.6690465 ], [ 1.2250865, 53.6732742 ], [ 1.3842773, 53.7324664 ] ] } },
{ "type": "Feature", "properties": { "Boundary_n": "B15", "ID": "BND028" }, "geometry": { "type": "LineString", "coordinates": [ [ 2.816038, 52.3361329 ], [ 2.7867117, 52.3104058 ], [ 2.7860363, 52.3049971 ], [ 2.7611576, 52.2713104 ], [ 2.7356202, 52.2312936 ], [ 2.7244832, 52.2102004 ], [ 2.7188791, 52.192148 ], [ 2.7151217, 52.1751229 ], [ 2.7113716, 52.1581257 ], [ 2.7041079, 52.1402337 ], [ 2.6968621, 52.12237 ], [ 2.6900116, 52.1077207 ], [ 2.6833002, 52.0941509 ], [ 2.6762276, 52.0774224 ], [ 2.6708623, 52.0606522 ], [ 2.6622564, 52.0451015 ], [ 2.6517399, 52.0275374 ], [ 2.6435397, 52.0151891 ], [ 2.6331875, 51.9987228 ], [ 2.62442, 51.9811642 ], [ 2.6175907, 51.9656582 ], [ 2.6146043, 51.9542179 ], [ 2.6080334, 51.9408383 ], [ 2.5996833, 51.9265002 ], [ 2.5896766, 51.9122492 ], [ 2.5834958, 51.9020415 ], [ 2.5755377, 51.8908719 ], [ 2.5672469, 51.8765971 ], [ 2.5628786, 51.8673914 ], [ 2.5566209, 51.8561874 ], [ 2.5541579, 51.8490017 ], [ 2.5480278, 51.8388509 ], [ 2.5420186, 51.829743 ], [ 2.5322435, 51.8166452 ], [ 2.5262528, 51.8075551 ], [ 2.5165057, 51.7944821 ], [ 2.5087641, 51.7844457 ], [ 2.5010328, 51.7744174 ], [ 2.4968431, 51.7663212 ], [ 2.4910022, 51.7582973 ], [ 2.4854925, 51.7533601 ], [ 2.4762457, 51.7444515 ], [ 2.4635963, 51.7346565 ], [ 2.4561325, 51.7267196 ], [ 2.4504337, 51.7197459 ], [ 2.4430891, 51.7128425 ], [ 2.4356463, 51.7049193 ], [ 2.4264577, 51.696045 ], [ 2.4207837, 51.6890882 ], [ 2.4116131, 51.6802247 ], [ 2.4044077, 51.6743631 ], [ 2.3971053, 51.6674845 ], [ 2.3898094, 51.6606088 ], [ 2.3825202, 51.6537369 ], [ 2.3754375, 51.6489051 ], [ 2.3665159, 51.6421032 ], [ 2.3559604, 51.6353702 ], [ 2.3438697, 51.6297214 ], [ 2.33169, 51.6230581 ], [ 2.3196176, 51.6174129 ], [ 2.3109309, 51.6126562 ], [ 2.2989694, 51.6080285 ], [ 2.2870155, 51.6034002 ], [ 2.276804, 51.5997268 ], [ 2.2649545, 51.5961141 ], [ 2.249742, 51.591614 ], [ 2.2379985, 51.5890145 ], [ 2.2260771, 51.5843889 ], [ 2.2108865, 51.5798903 ], [ 2.1990731, 51.5762763 ], [ 2.182259, 51.5718388 ], [ 2.1705385, 51.5692367 ], [ 2.1589113, 51.5676458 ], [ 2.1422904, 51.5652272 ], [ 2.1341091, 51.5655341 ], [ 2.1243786, 51.5669132 ], [ 2.1117029, 51.572462 ], [ 2.0972997, 51.5770588 ], [ 2.0828894, 51.581653 ], [ 2.0717466, 51.5861284 ], [ 2.0572392, 51.5897136 ], [ 2.0410812, 51.5933557 ], [ 2.0314001, 51.5957437 ], [ 2.0153872, 51.6014132 ], [ 2.0106197, 51.6036213 ], [ 1.996381, 51.6112604 ], [ 1.9854198, 51.6187877 ], [ 1.9778822, 51.6282305 ], [ 1.9654023, 51.6378587 ], [ 1.953124, 51.6505485 ], [ 1.943826, 51.6590532 ], [ 1.9363898, 51.6705632 ], [ 1.9257117, 51.6832224 ], [ 1.9152251, 51.6989687 ], [ 1.9044337, 51.7106334 ], [ 1.8951422, 51.7202028 ], [ 1.8905261, 51.7255017 ], [ 1.8828046, 51.7339974 ], [ 1.8781799, 51.7393031 ], [ 1.8687176, 51.7468403 ], [ 1.8640167, 51.751124 ], [ 1.8510891, 51.7567344 ], [ 1.8412067, 51.7581037 ], [ 1.8297252, 51.7605722 ], [ 1.8181765, 51.7620067 ], [ 1.8082822, 51.7633826 ], [ 1.79673, 51.7648153 ], [ 1.7884998, 51.7661295 ], [ 1.7801992, 51.7664175 ], [ 1.7684555, 51.764764 ], [ 1.7581958, 51.7599678 ], [ 1.7445597, 51.7542569 ], [ 1.7342502, 51.748431 ], [ 1.7153119, 51.7367409 ], [ 1.7050815, 51.7319473 ], [ 1.6947414, 51.7251064 ], [ 1.6827555, 51.7183245 ], [ 1.6706111, 51.7084718 ], [ 1.6617942, 51.6985174 ], [ 1.6496244, 51.6876569 ], [ 1.6408812, 51.6787308 ], [ 1.6287902, 51.6689198 ], [ 1.6151071, 51.6601685 ], [ 1.5980885, 51.6505201 ], [ 1.5828445, 51.6428608 ], [ 1.5626119, 51.6343442 ], [ 1.5457476, 51.6267406 ], [ 1.5256366, 51.6202601 ], [ 1.5088886, 51.6146919 ], [ 1.4891789, 51.608588 ], [ 1.4848867, 51.6080781 ], [ 1.4697133, 51.6046706 ], [ 1.4439853, 51.6016062 ], [ 1.4152266, 51.5999363 ], [ 1.3970977, 51.5985691 ], [ 1.3800881, 51.5978139 ], [ 1.3640815, 51.5963744 ], [ 1.3482465, 51.5968762 ], [ 1.3303002, 51.5974421 ], [ 1.3082379, 51.5994329 ], [ 1.2903941, 51.6012884 ], [ 1.2693778, 51.603239 ], [ 1.2473499, 51.6058662 ], [ 1.2285333, 51.6090425 ], [ 1.2075931, 51.6122807 ], [ 1.1898629, 51.6160684 ], [ 1.1723084, 51.6224541 ], [ 1.1536246, 51.6282222 ], [ 1.1422959, 51.6331221 ], [ 1.1279103, 51.6400695 ], [ 1.1113884, 51.647083 ], [ 1.1032484, 51.6525484 ], [ 1.0909795, 51.6600967 ], [ 1.0787373, 51.6683055 ], [ 1.0685221, 51.6751511 ], [ 1.0624673, 51.6805683 ], [ 1.0512086, 51.6881073 ], [ 1.0430473, 51.6942487 ], [ 1.0285692, 51.7018923 ], [ 1.0171925, 51.7081347 ], [ 1.0027147, 51.7164421 ], [ 0.994473, 51.7219462 ], [ 0.9872928, 51.7274219 ], [ 0.9812436, 51.7341874 ], [ 0.9720512, 51.7423686 ], [ 0.9650559, 51.7518173 ], [ 0.9579491, 51.7592915 ], [ 0.9529649, 51.7667163 ], [ 0.9468589, 51.7728506 ], [ 0.941675, 51.7763106 ], [ 0.9323318, 51.7812104 ], [ 0.9174512, 51.7842786 ], [ 0.9002848, 51.7867524 ], [ 0.883114, 51.7872259 ], [ 0.8701727, 51.7862534 ], [ 0.8561294, 51.7846461 ], [ 0.8366676, 51.7818574 ], [ 0.8204868, 51.7796405 ], [ 0.8065283, 51.7780242 ], [ 0.7925582, 51.7757447 ], [ 0.7763812, 51.7735253 ], [ 0.759106, 51.7706715 ], [ 0.7440048, 51.768421 ], [ 0.7286878, 51.7648522 ], [ 0.7135528, 51.7612761 ], [ 0.6952282, 51.757122 ], [ 0.6768672, 51.7529677 ], [ 0.6542363, 51.7482617 ], [ 0.6358778, 51.744105 ], [ 0.6038143, 51.7370045 ], [ 0.5792963, 51.7316943 ], [ 0.5584236, 51.7262592 ], [ 0.5315231, 51.7203315 ], [ 0.5207204, 51.7173002 ], [ 0.5014061, 51.7105353 ], [ 0.4758793, 51.7032797 ], [ 0.4510889, 51.6959795 ], [ 0.4296443, 51.6912325 ], [ 0.4200263, 51.6894903 ], [ 0.4039294, 51.6852708 ], [ 0.3922744, 51.682929 ], [ 0.3645294, 51.6730937 ], [ 0.3277593, 51.6567321 ], [ 0.3156734, 51.6489662 ], [ 0.3031034, 51.6381712 ], [ 0.2943003, 51.6287573 ], [ 0.2882018, 51.6208478 ], [ 0.2869186, 51.6142064 ], [ 0.2868698, 51.610877 ], [ 0.287982, 51.6075286 ], [ 0.2879512, 51.6035391 ], [ 0.2878868, 51.6002145 ], [ 0.2877843, 51.5948982 ], [ 0.290681, 51.5901622 ], [ 0.290605, 51.5875041 ], [ 0.2937933, 51.5803226 ], [ 0.2937148, 51.5778437 ], [ 0.2944075, 51.5743493 ], [ 0.2949969, 51.5689267 ], [ 0.2949583, 51.567744 ], [ 0.295606, 51.5646557 ], [ 0.2944702, 51.5572544 ], [ 0.2946662, 51.5529478 ], [ 0.2950583, 51.550063 ], [ 0.2960385, 51.5464466 ], [ 0.29728, 51.5417326 ], [ 0.2986826, 51.5364511 ], [ 0.2989572, 51.5336371 ], [ 0.2996086, 51.5308151 ], [ 0.2999098, 51.5282312 ], [ 0.3002343, 51.524932 ], [ 0.3038143, 51.5073381 ], [ 0.3048598, 51.5020506 ], [ 0.3069227, 51.4980101 ], [ 0.3079452, 51.4956757 ], [ 0.3086318, 51.4931115 ], [ 0.309302, 51.4910175 ], [ 0.3095252, 51.4870916 ], [ 0.3093905, 51.482714 ], [ 0.3091846, 51.4778894 ], [ 0.309786, 51.4739678 ], [ 0.3104173, 51.4709682 ], [ 0.310708, 51.4682078 ], [ 0.3106544, 51.4649998 ], [ 0.3105885, 51.4624832 ], [ 0.3105312, 51.4595126 ], [ 0.3104836, 51.4579146 ], [ 0.3099938, 51.4538179 ], [ 0.3090339, 51.4438334 ], [ 0.3073998, 51.4377471 ], [ 0.306149, 51.4343687 ], [ 0.3057041, 51.430989 ], [ 0.3045914, 51.4278678 ], [ 0.3034022, 51.4233928 ], [ 0.3021991, 51.4200391 ], [ 0.2998385, 51.4155813 ], [ 0.2971375, 51.4098082 ], [ 0.2966129, 51.4042168 ], [ 0.2964967, 51.4004128 ], [ 0.2964428, 51.3968575 ], [ 0.296757, 51.3930824 ], [ 0.2966792, 51.3890911 ], [ 0.2958579, 51.3844568 ], [ 0.2958026, 51.3807098 ], [ 0.2968434, 51.3767342 ], [ 0.2986087, 51.3727544 ], [ 0.2999419, 51.3691886 ], [ 0.305757, 51.3606675 ], [ 0.3046492, 51.3550118 ], [ 0.3119746, 51.3308593 ], [ 0.327672, 51.3075873 ], [ 0.343603, 51.2847364 ], [ 0.3565591, 51.2601146 ], [ 0.3623968, 51.2423505 ], [ 0.3695691, 51.2242571 ], [ 0.3796033, 51.2067827 ], [ 0.3934616, 51.1892604 ], [ 0.4073407, 51.1736145 ], [ 0.4185247, 51.1622949 ], [ 0.431494, 51.1504042 ], [ 0.440745, 51.1410243 ], [ 0.4489841, 51.1323322 ], [ 0.4647132, 51.1185736 ], [ 0.4730013, 51.1098458 ], [ 0.4785095, 51.105498 ], [ 0.4849068, 51.0980506 ], [ 0.4967056, 51.084463 ], [ 0.5066204, 51.0721579 ], [ 0.5110992, 51.0666395 ], [ 0.531863, 51.0477391 ], [ 0.5564321, 51.0276879 ], [ 0.6160253, 50.9829523 ], [ 0.697574, 50.9236771 ], [ 0.9832764, 50.7225468 ] ] } },
{ "type": "Feature", "properties": { "Boundary_n": "B14", "ID": "BND029" }, "geometry": { "type": "LineString", "coordinates": [ [ 0.2929661, 51.5473802 ], [ 0.2942113, 51.5438207 ], [ 0.2940776, 51.5416328 ], [ 0.2945927, 51.5387838 ], [ 0.294773, 51.5361418 ], [ 0.2950096, 51.5343908 ], [ 0.295591, 51.532642 ], [ 0.2954737, 51.5306982 ], [ 0.2953798, 51.5291739 ], [ 0.2952712, 51.5274263 ], [ 0.2955004, 51.5254942 ], [ 0.2956827, 51.5228815 ], [ 0.2961923, 51.5200407 ], [ 0.2966367, 51.5161315 ], [ 0.2973618, 51.5113315 ], [ 0.2978087, 51.5074515 ], [ 0.2985624, 51.5031151 ], [ 0.2993515, 51.4992469 ], [ 0.3001385, 51.4955559 ], [ 0.300565, 51.4914726 ], [ 0.3010436, 51.4882476 ], [ 0.3018415, 51.4847918 ], [ 0.3022946, 51.4811559 ], [ 0.3024371, 51.4779624 ], [ 0.3031834, 51.4736806 ], [ 0.3036168, 51.4698386 ], [ 0.3040221, 51.4655783 ], [ 0.3038051, 51.4621876 ], [ 0.3036154, 51.4592246 ], [ 0.3034126, 51.4560538 ], [ 0.3025352, 51.4529024 ], [ 0.3016029, 51.4491071 ], [ 0.3006582, 51.4449117 ], [ 0.2993559, 51.440315 ], [ 0.2977553, 51.4361585 ], [ 0.2954541, 51.4318036 ], [ 0.2921585, 51.4276885 ], [ 0.2891842, 51.4229584 ], [ 0.2869579, 51.4192608 ], [ 0.2843983, 51.4155723 ], [ 0.2829373, 51.4135266 ], [ 0.2682921, 51.3975304 ], [ 0.2666598, 51.3924085 ], [ 0.2619028, 51.3796371 ], [ 0.25038, 51.3679122 ], [ 0.2388729, 51.3562071 ], [ 0.2206076, 51.3446372 ], [ 0.203783, 51.3339002 ], [ 0.1842764, 51.3249906 ], [ 0.1648384, 51.3169182 ], [ 0.1413407, 51.3063371 ], [ 0.1124224, 51.2959001 ], [ 0.0795333, 51.2863972 ], [ 0.0481158, 51.2785605 ], [ 0.0126434, 51.2725096 ], [ -0.0227388, 51.2681373 ], [ -0.05117, 51.2669972 ], [ -0.0795603, 51.2650002 ], [ -0.1081184, 51.2647074 ], [ -0.1406118, 51.2636243 ], [ -0.1840054, 51.2627369 ], [ -0.2313624, 51.2610528 ], [ -0.2760964, 51.2593093 ], [ -0.3183417, 51.2583562 ], [ -0.3426877, 51.2596143 ], [ -0.3708932, 51.2634615 ], [ -0.3967551, 51.2689697 ], [ -0.4172271, 51.2777764 ], [ -0.4484914, 51.2884561 ], [ -0.4661786, 51.2946783 ], [ -0.4825585, 51.3008849 ], [ -0.493495, 51.3061563 ], [ -0.5112339, 51.3157853 ], [ -0.5330405, 51.3246318 ], [ -0.5494825, 51.3325517 ], [ -0.5577068, 51.3369393 ], [ -0.5686881, 51.3439292 ], [ -0.582417, 51.3535251 ], [ -0.6016216, 51.3640614 ], [ -0.6138939, 51.3727779 ], [ -0.6263503, 51.3806702 ], [ -0.649857, 51.3938765 ], [ -0.6622889, 51.4017728 ], [ -0.6733517, 51.4096541 ], [ -0.6817008, 51.4157904 ], [ -0.6886429, 51.4210455 ], [ -0.6942408, 51.4271483 ], [ -0.7012868, 51.4332854 ], [ -0.7110988, 51.4403266 ], [ -0.7208935, 51.4465073 ], [ -0.7279174, 51.4517883 ], [ -0.7335452, 51.456188 ], [ -0.7419814, 51.4623587 ], [ -0.7462337, 51.466743 ], [ -0.7519269, 51.4728823 ], [ -0.7575822, 51.4772944 ], [ -0.7618553, 51.4816882 ], [ -0.7789204, 51.5018582 ], [ -0.7874339, 51.5141087 ], [ -0.7991259, 51.5351605 ], [ -0.7984598, 51.5578481 ], [ -0.8016696, 51.5822986 ], [ -0.8048097, 51.6102528 ], [ -0.8053072, 51.6313113 ], [ -0.7988044, 51.6540616 ], [ -0.7936522, 51.6751156 ], [ -0.7841242, 51.6890786 ], [ -0.7717931, 51.7012793 ], [ -0.7552944, 51.7160934 ], [ -0.7428301, 51.7238887 ], [ -0.7249467, 51.7343458 ], [ -0.7037556, 51.7436643 ], [ -0.6786359, 51.7539568 ], [ -0.654956, 51.7634291 ], [ -0.6312829, 51.7711588 ], [ -0.6063094, 51.777177 ], [ -0.5752013, 51.7837196 ], [ -0.5456385, 51.7885943 ], [ -0.5146714, 51.7934516 ], [ -0.4836754, 51.7983019 ], [ -0.4555485, 51.803243 ], [ -0.4273542, 51.8090441 ], [ -0.4061984, 51.8122726 ], [ -0.3864477, 51.8164237 ], [ -0.3680941, 51.8205949 ], [ -0.3497263, 51.823864 ], [ -0.3327006, 51.8280057 ], [ -0.3128962, 51.8303341 ], [ -0.288807, 51.8361693 ], [ -0.2689547, 51.8393674 ], [ -0.2491537, 51.8426256 ], [ -0.2165596, 51.8474048 ], [ -0.1797308, 51.8521282 ], [ -0.1429395, 51.8550778 ], [ -0.1245252, 51.8574622 ], [ -0.087587, 51.8611641 ], [ -0.0705997, 51.8626761 ], [ -0.0450565, 51.8629763 ], [ -0.0068468, 51.8631093 ], [ 0.008734, 51.8637015 ], [ 0.0468836, 51.8629808 ], [ 0.0737313, 51.8624692 ], [ 0.1089737, 51.8590183 ], [ 0.1287328, 51.8576753 ], [ 0.1922607, 51.8510494 ], [ 0.2100113, 51.8415021 ], [ 0.2169372, 51.8386581 ], [ 0.2278719, 51.8312366 ], [ 0.2388402, 51.8247109 ], [ 0.2483902, 51.8182121 ], [ 0.2591555, 51.8081 ], [ 0.2699506, 51.7988949 ], [ 0.2820886, 51.7887782 ], [ 0.295466, 51.7759982 ], [ 0.3073187, 51.7614665 ], [ 0.3085744, 51.7587558 ], [ 0.3162952, 51.7460788 ], [ 0.3197018, 51.731736 ], [ 0.3218522, 51.7201096 ], [ 0.3226017, 51.7085335 ], [ 0.3220037, 51.6979066 ], [ 0.3181712, 51.6794207 ], [ 0.3112713, 51.6557377 ], [ 0.3080983, 51.6487565 ], [ 0.297787, 51.6384042 ], [ 0.2906017, 51.6341531 ], [ 0.2819392, 51.6281749 ], [ 0.2805212, 51.624083 ], [ 0.2799477, 51.6216025 ], [ 0.2792987, 51.6177538 ], [ 0.2786203, 51.6133597 ], [ 0.2789574, 51.6114003 ], [ 0.2782153, 51.6055745 ], [ 0.2773746, 51.5985117 ], [ 0.2846479, 51.5808695 ], [ 0.2896852, 51.5611801 ], [ 0.2929661, 51.5473802 ] ] } },
{ "type": "Feature", "properties": { "Boundary_n": "B13", "ID": "BND030" }, "geometry": { "type": "LineString", "coordinates": [ [ -5.2514648, 51.0586601 ], [ -5.0615066, 51.083051 ], [ -5.0419082, 51.0852457 ], [ -4.9343768, 51.1124534 ], [ -4.9177919, 51.1163562 ], [ -4.7251107, 51.1432665 ], [ -4.5774353, 51.167359 ], [ -4.4660715, 51.1871318 ], [ -4.3457106, 51.2015833 ], [ -4.2395751, 51.2175223 ], [ -4.1386261, 51.2279275 ], [ -4.0322687, 51.2419303 ], [ -3.939738, 51.2520945 ], [ -3.8440282, 51.2568428 ], [ -3.7651636, 51.2595457 ], [ -3.6721229, 51.2605639 ], [ -3.5537634, 51.2617729 ], [ -3.4807313, 51.2678615 ], [ -3.4019742, 51.272168 ], [ -3.3372883, 51.2763118 ], [ -3.2640327, 51.2769091 ], [ -3.1964171, 51.2774254 ], [ -3.1259482, 51.2761316 ], [ -3.0723233, 51.271099 ], [ -3.0300519, 51.269575 ], [ -2.973684, 51.2663113 ], [ -2.9116653, 51.2594827 ], [ -2.858161, 51.2561647 ], [ -2.7596605, 51.2475562 ], [ -2.6697672, 51.2386919 ], [ -2.5770351, 51.2318448 ], [ -2.4956373, 51.2248364 ], [ -2.414125, 51.2197526 ], [ -2.3635609, 51.2110253 ], [ -2.3327718, 51.2056689 ], [ -2.2992568, 51.1949792 ], [ -2.2264608, 51.1808146 ], [ -2.1760965, 51.1736882 ], [ -2.1482476, 51.1647678 ], [ -2.1065569, 51.1504743 ], [ -2.062318, 51.1325472 ], [ -2.0068266, 51.1094596 ], [ -1.9570356, 51.0898498 ], [ -1.9211173, 51.0755948 ], [ -1.8854616, 51.0542596 ], [ -1.8554335, 51.0346962 ], [ -1.8420394, 51.0204773 ], [ -1.8204691, 51.0026925 ], [ -1.793213, 50.9849621 ], [ -1.7799161, 50.969025 ], [ -1.7613231, 50.9477734 ], [ -1.7454995, 50.9283035 ], [ -1.7351078, 50.9123948 ], [ -1.7250507, 50.8894621 ], [ -1.7234179, 50.863096 ], [ -1.7217711, 50.8367666 ], [ -1.7228158, 50.8122351 ], [ -1.7208606, 50.7929717 ], [ -1.7273443, 50.7702607 ], [ -1.7395868, 50.7423618 ], [ -1.7517947, 50.7144962 ], [ -1.7611518, 50.6884045 ], [ -1.7760659, 50.6606196 ], [ -1.8139469, 50.6052222 ], [ -1.8485701, 50.5585969 ], [ -1.863616, 50.5206465 ], [ -1.8756239, 50.4896467 ], [ -1.9010354, 50.4639033 ], [ -1.9295301, 50.4244504 ], [ -1.9906865, 50.3765987 ], [ -2.2741699, 50.208549 ] ] } },
{ "type": "Feature", "properties": { "Boundary_n": "B12", "ID": "BND031" }, "geometry": { "type": "LineString", "coordinates": [ [ -5.2349854, 52.0997569 ], [ -5.076434, 52.1012169 ], [ -5.0463437, 52.1006058 ], [ -5.0399323, 52.1007535 ], [ -4.8968341, 52.1039608 ], [ -4.7514112, 52.1044158 ], [ -4.598031, 52.1113709 ], [ -4.4711929, 52.1241707 ], [ -4.3290753, 52.134472 ], [ -4.2147043, 52.1415918 ], [ -4.1235404, 52.1443513 ], [ -4.0494084, 52.1468069 ], [ -3.9815017, 52.1516645 ], [ -3.8922898, 52.1567329 ], [ -3.8013508, 52.1631906 ], [ -3.7333971, 52.1652989 ], [ -3.6612334, 52.1661652 ], [ -3.5614709, 52.1673492 ], [ -3.4679897, 52.1683815 ], [ -3.3851009, 52.1639152 ], [ -3.2958946, 52.1594835 ], [ -3.1834555, 52.1551622 ], [ -3.0427895, 52.1484795 ], [ -2.9406944, 52.1413181 ], [ -2.8579711, 52.135243 ], [ -2.7260671, 52.1267471 ], [ -2.6219968, 52.1245026 ], [ -2.5263446, 52.1182573 ], [ -2.4479233, 52.1131944 ], [ -2.3755682, 52.1132848 ], [ -2.3242794, 52.1133414 ], [ -2.2790804, 52.1133832 ], [ -2.2109309, 52.1094734 ], [ -2.1001825, 52.1041756 ], [ -2.0388415, 52.1026694 ], [ -1.9624616, 52.1037798 ], [ -1.9497368, 52.1050418 ], [ -1.9010083, 52.1087916 ], [ -1.8331018, 52.1085456 ], [ -1.7461292, 52.1068762 ], [ -1.6782648, 52.1052377 ], [ -1.5956745, 52.1021919 ], [ -1.5130657, 52.0977764 ], [ -1.4411061, 52.0946818 ], [ -1.3882663, 52.0917042 ], [ -1.3270017, 52.0873393 ], [ -1.2868695, 52.0844119 ], [ -1.2447623, 52.0762706 ], [ -1.2174482, 52.06955 ], [ -1.1881171, 52.0602142 ], [ -1.1651433, 52.0509397 ], [ -1.1506293, 52.0417473 ], [ -1.1381997, 52.0338708 ], [ -1.1299525, 52.0273297 ], [ -1.1176631, 52.0155858 ], [ -1.1053937, 52.003852 ], [ -1.0910739, 51.9908156 ], [ -1.0747555, 51.9751934 ], [ -1.0646745, 51.9622184 ], [ -1.0525503, 51.9479477 ], [ -1.038539, 51.9285393 ], [ -1.0268263, 51.9040464 ], [ -1.019335, 51.8796447 ], [ -1.0158946, 51.8591547 ], [ -1.0124326, 51.8399825 ], [ -1.0089354, 51.8221149 ], [ -1.0095492, 51.8055755 ], [ -1.0101424, 51.7890374 ], [ -1.0129022, 51.7699979 ], [ -1.0135054, 51.7535127 ], [ -1.0142488, 51.7332531 ], [ -1.0146654, 51.7218685 ], [ -1.0111297, 51.7053999 ], [ -1.0111761, 51.7041371 ], [ -0.9976875, 51.6751973 ], [ -0.9931752, 51.6656782 ], [ -0.9883861, 51.6466914 ], [ -0.9835827, 51.6290559 ], [ -0.9813349, 51.6156414 ], [ -0.9746548, 51.5994549 ], [ -0.9679888, 51.583298 ], [ -0.9611752, 51.5684123 ], [ -0.954747, 51.548379 ], [ -0.933173, 51.524097 ], [ -0.922405, 51.5172805 ], [ -0.9052528, 51.5024191 ], [ -0.8903658, 51.4902809 ], [ -0.8711013, 51.4754032 ], [ -0.8561111, 51.4619174 ], [ -0.8411644, 51.4484519 ], [ -0.8218941, 51.4322636 ], [ -0.8048607, 51.4201088 ], [ -0.7879194, 51.406663 ], [ -0.7730709, 51.3945676 ], [ -0.7602771, 51.3824892 ], [ -0.7475275, 51.3730648 ], [ -0.7306841, 51.3596626 ], [ -0.7159731, 51.3489335 ], [ -0.7054651, 51.3395811 ], [ -0.6908588, 51.330195 ], [ -0.6783584, 51.3221542 ], [ -0.661694, 51.3153732 ], [ -0.6261449, 51.3004327 ], [ -0.6135874, 51.2963163 ], [ -0.5968872, 51.2908314 ], [ -0.5885524, 51.2880916 ], [ -0.5802173, 51.2853509 ], [ -0.5697692, 51.2825731 ], [ -0.5551762, 51.278428 ], [ -0.5447682, 51.2743458 ], [ -0.5364306, 51.271602 ], [ -0.5259932, 51.2675133 ], [ -0.5072054, 51.2632939 ], [ -0.5030176, 51.2619169 ], [ -0.4925567, 51.2578209 ], [ -0.4820951, 51.2550332 ], [ -0.4674507, 51.2521764 ], [ -0.4487403, 51.250577 ], [ -0.4258108, 51.2475923 ], [ -0.4049827, 51.2459463 ], [ -0.3862551, 51.2443326 ], [ -0.363415, 51.2413479 ], [ -0.3406174, 51.2409883 ], [ -0.3241194, 51.2394384 ], [ -0.2741036, 51.2398749 ], [ -0.2491027, 51.2394332 ], [ -0.221978, 51.2402507 ], [ -0.1990716, 51.2398376 ], [ -0.1823706, 51.2408374 ], [ -0.1614464, 51.2430575 ], [ -0.142553, 51.246614 ], [ -0.1278656, 51.248943 ], [ -0.1132183, 51.249962 ], [ -0.0944905, 51.2509375 ], [ -0.0756868, 51.2518794 ], [ -0.0590347, 51.2515627 ], [ -0.0402517, 51.2525079 ], [ -0.0173167, 51.2533785 ], [ 0.0056448, 51.2542323 ], [ 0.0265293, 51.2551198 ], [ 0.0432506, 51.2560866 ], [ 0.0558295, 51.2571168 ], [ 0.0704489, 51.2581409 ], [ 0.0850277, 51.2578393 ], [ 0.1037688, 51.2574538 ], [ 0.1204137, 51.2571264 ], [ 0.1390811, 51.2554445 ], [ 0.1535288, 51.2525162 ], [ 0.1700538, 51.2495297 ], [ 0.1782364, 51.2467596 ], [ 0.1905085, 51.2426043 ], [ 0.1986896, 51.2398323 ], [ 0.2088081, 51.2344065 ], [ 0.2230799, 51.2288874 ], [ 0.2373447, 51.2233712 ], [ 0.2455136, 51.2205906 ], [ 0.2535329, 51.2152068 ], [ 0.2654791, 51.205833 ], [ 0.2735616, 51.2017519 ], [ 0.3625488, 51.141448 ], [ 0.9393311, 50.7034162 ] ] } },
{ "type": "Feature", "properties": { "Boundary_n": "B11", "ID": "BND032" }, "geometry": { "type": "LineString", "coordinates": [ [ -5.5480957, 54.4045444 ], [ -5.4104249, 54.4140596 ], [ -5.3493808, 54.4195749 ], [ -5.2365131, 54.4316831 ], [ -5.1002705, 54.438839 ], [ -4.9597466, 54.4486462 ], [ -4.8487793, 54.4577102 ], [ -4.7444764, 54.465211 ], [ -4.6332991, 54.4727673 ], [ -4.5446646, 54.4771298 ], [ -4.4651986, 54.4826209 ], [ -4.4174386, 54.4848183 ], [ -4.3606277, 54.4885047 ], [ -4.3060762, 54.4921298 ], [ -4.2559977, 54.494314 ], [ -4.1944558, 54.4953157 ], [ -4.1351802, 54.4962584 ], [ -4.0873024, 54.4970007 ], [ -4.0462524, 54.497624 ], [ -3.9984072, 54.4996884 ], [ -3.9483011, 54.5031185 ], [ -3.9050407, 54.5077823 ], [ -3.8662956, 54.5110226 ], [ -3.8206736, 54.5143471 ], [ -3.7841693, 54.517536 ], [ -3.7476248, 54.5193697 ], [ -3.7133899, 54.5238658 ], [ -3.6813876, 54.5256204 ], [ -3.6447981, 54.5274345 ], [ -3.6061166, 54.5304525 ], [ -3.5627594, 54.5322151 ], [ -3.5169807, 54.5341057 ], [ -3.4689346, 54.5373212 ], [ -3.4346182, 54.5390153 ], [ -3.4026869, 54.5406085 ], [ -3.3647854, 54.5443902 ], [ -3.3155542, 54.5495906 ], [ -3.2724469, 54.5551165 ], [ -3.2286671, 54.561 ], [ -3.1749335, 54.5686848 ], [ -3.1223998, 54.5783611 ], [ -3.0828014, 54.5829312 ], [ -3.0470227, 54.5853942 ], [ -3.0079892, 54.5896731 ], [ -2.9662914, 54.5954545 ], [ -2.921943, 54.6000471 ], [ -2.8891021, 54.6018625 ], [ -2.8677626, 54.6035979 ], [ -2.8581761, 54.6038163 ], [ -2.8351215, 54.6039534 ], [ -2.8123475, 54.6039653 ], [ -2.7987354, 54.6039493 ], [ -2.7686562, 54.6041593 ], [ -2.7195159, 54.6060273 ], [ -2.6773804, 54.6091266 ], [ -2.6377621, 54.609442 ], [ -2.6240042, 54.6081312 ], [ -2.6079468, 54.6068218 ], [ -2.5942217, 54.6041626 ], [ -2.5828156, 54.6014911 ], [ -2.569097, 54.5988298 ], [ -2.5555269, 54.5934506 ], [ -2.5396555, 54.5867503 ], [ -2.5238777, 54.5786956 ], [ -2.5083616, 54.5692262 ], [ -2.4973961, 54.5611013 ], [ -2.4864387, 54.552981 ], [ -2.4777644, 54.544868 ], [ -2.4690989, 54.5367594 ], [ -2.4583193, 54.5259546 ], [ -2.4475123, 54.5151689 ], [ -2.4389419, 54.5057313 ], [ -2.4307091, 54.4922333 ], [ -2.4224346, 54.4814123 ], [ -2.4077274, 54.4652137 ], [ -2.397433, 54.4517198 ], [ -2.3892114, 54.4409357 ], [ -2.380867, 54.4315146 ], [ -2.372549, 54.4220924 ], [ -2.3621008, 54.413972 ], [ -2.3494526, 54.4005747 ], [ -2.3322, 54.3832581 ], [ -2.3171015, 54.368617 ], [ -2.3026321, 54.3499213 ], [ -2.2880986, 54.3299559 ], [ -2.2749605, 54.3154308 ], [ -2.260591, 54.2967917 ], [ -2.2426096, 54.2767361 ], [ -2.2328483, 54.2594731 ], [ -2.2199207, 54.2410481 ], [ -2.215695, 54.2305331 ], [ -2.207119, 54.2199922 ], [ -2.201708, 54.2093567 ], [ -2.1964426, 54.2000276 ], [ -2.0654297, 53.9059562 ], [ -2.0132446, 53.8168689 ], [ -1.9528198, 53.7373403 ], [ -1.9006348, 53.6739344 ], [ -1.8621826, 53.6153209 ], [ -1.8209839, 53.5452036 ], [ -1.7770386, 53.4717005 ], [ -1.749959, 53.4508371 ], [ -1.7434914, 53.4390626 ], [ -1.7325982, 53.4245932 ], [ -1.7194735, 53.4087526 ], [ -1.7042002, 53.3942527 ], [ -1.6889275, 53.3823749 ], [ -1.6780797, 53.3679225 ], [ -1.6628921, 53.354789 ], [ -1.6521086, 53.3443359 ], [ -1.6412802, 53.333832 ], [ -1.6326337, 53.32465 ], [ -1.6218077, 53.3167706 ], [ -1.6131977, 53.3062992 ], [ -1.6023669, 53.2984016 ], [ -1.5916012, 53.2866135 ], [ -1.5808716, 53.2761721 ], [ -1.5701621, 53.2644283 ], [ -1.5528855, 53.2565363 ], [ -1.5377892, 53.2499741 ], [ -1.5291836, 53.2447333 ], [ -1.5097519, 53.2381265 ], [ -1.4925284, 53.2302536 ], [ -1.4753162, 53.2223718 ], [ -1.4559561, 53.2144731 ], [ -1.4279045, 53.2078146 ], [ -1.4063483, 53.2024892 ], [ -1.3934445, 53.1985159 ], [ -1.3762574, 53.1932188 ], [ -1.3568538, 53.1904901 ], [ -1.3395941, 53.1877746 ], [ -1.3179241, 53.1876075 ], [ -1.3049153, 53.1887969 ], [ -1.2853567, 53.1912251 ], [ -1.2679333, 53.1949616 ], [ -1.2504758, 53.1986959 ], [ -1.2328984, 53.2050163 ], [ -1.2152686, 53.2126337 ], [ -1.1975742, 53.2215491 ], [ -1.1819889, 53.231785 ], [ -1.1708844, 53.2381728 ], [ -1.157247, 53.2536317 ], [ -1.1436284, 53.2691009 ], [ -1.1341668, 53.2872417 ], [ -1.1246276, 53.3067177 ], [ -1.1153151, 53.3209885 ], [ -1.1038414, 53.3339514 ], [ -1.0924065, 53.3456167 ], [ -1.0764173, 53.3611746 ], [ -1.0625151, 53.3780884 ], [ -1.0463322, 53.3963131 ], [ -1.0302053, 53.4132356 ], [ -1.0139314, 53.4315157 ], [ -0.9978236, 53.4458592 ], [ -0.9794849, 53.4601931 ], [ -0.9635863, 53.4692776 ], [ -0.9431915, 53.4796414 ], [ -0.9340153, 53.4861604 ], [ -0.9249723, 53.4900356 ], [ -0.9045177, 53.5004164 ], [ -0.8773977, 53.5107286 ], [ -0.8569651, 53.5197871 ], [ -0.8410905, 53.5262449 ], [ -0.8319985, 53.530127 ], [ -0.7912618, 53.5361271 ], [ -0.7734425, 53.5412205 ], [ -0.7288788, 53.5526198 ], [ -0.7066256, 53.55632 ], [ -0.6844563, 53.5559995 ], [ -0.649047, 53.5541723 ], [ -0.6093275, 53.5496646 ], [ -0.5740283, 53.5451303 ], [ -0.5431565, 53.5420804 ], [ -0.5145498, 53.5377163 ], [ -0.4794237, 53.530571 ], [ -0.4442699, 53.5247289 ], [ -0.4069313, 53.5188491 ], [ -0.3783324, 53.5157422 ], [ -0.3475391, 53.5125895 ], [ -0.3124397, 53.5079705 ], [ -0.2749806, 53.5060381 ], [ -0.2220412, 53.5038835 ], [ -0.2065758, 53.5036387 ], [ -0.1734575, 53.5030773 ], [ -0.1424479, 53.5038893 ], [ -0.1047182, 53.5059011 ], [ -0.0646492, 53.5092067 ], [ -0.0290025, 53.5125596 ], [ 0.0066631, 53.5159011 ], [ 0.0402275, 53.5205972 ], [ 0.0760291, 53.5252424 ], [ 0.1119667, 53.5312126 ], [ 0.1480359, 53.5385045 ], [ 0.1793899, 53.5418884 ], [ 0.2175312, 53.546467 ], [ 0.2582653, 53.5549829 ], [ 0.285373, 53.5597704 ], [ 0.3102825, 53.5646 ], [ 0.3328683, 53.5681416 ], [ 0.3510167, 53.5717726 ], [ 0.3736307, 53.5753108 ], [ 0.3895844, 53.5789854 ], [ 0.4054168, 53.5813282 ], [ 0.9503174, 53.6706802 ] ] } },
{ "type": "Feature", "properties": { "Boundary_n": "B10", "ID": "BND033" }, "geometry": { "type": "LineString", "coordinates": [ [ -5.5618286, 51.2120454 ], [ -5.163491, 51.2168137 ], [ -5.1341983, 51.2162023 ], [ -5.1049214, 51.2155765 ], [ -5.0694168, 51.2150935 ], [ -5.0257462, 51.2160889 ], [ -4.9532553, 51.2203161 ], [ -4.8684439, 51.2260732 ], [ -4.7569813, 51.2362366 ], [ -4.661907, 51.2433721 ], [ -4.5687051, 51.2477865 ], [ -4.4693778, 51.2535491 ], [ -4.3307072, 51.2612218 ], [ -4.1881983, 51.2753412 ], [ -4.0599399, 51.286481 ], [ -3.9605833, 51.2957823 ], [ -3.8881022, 51.3033394 ], [ -3.7990034, 51.3136976 ], [ -3.6972716, 51.3228428 ], [ -3.5890895, 51.326743 ], [ -3.4807612, 51.3239985 ], [ -3.3891037, 51.3223097 ], [ -3.297434, 51.3218676 ], [ -3.2244895, 51.3198988 ], [ -3.1370237, 51.3101345 ], [ -3.0599963, 51.3028597 ], [ -2.9829833, 51.2968458 ], [ -2.8955237, 51.2934595 ], [ -2.7919473, 51.2899499 ], [ -2.7194252, 51.2862945 ], [ -2.7089928, 51.2863415 ], [ -2.6492164, 51.2800182 ], [ -2.599539, 51.2802015 ], [ -2.574453, 51.2776436 ], [ -2.5388241, 51.273779 ], [ -2.5012437, 51.2712219 ], [ -2.4534947, 51.2713007 ], [ -2.399303, 51.2713133 ], [ -2.3371001, 51.2726669 ], [ -2.277035, 51.276595 ], [ -2.187777, 51.2817386 ], [ -2.1296079, 51.2855521 ], [ -2.0423858, 51.2931797 ], [ -1.9656213, 51.3034241 ], [ -1.8347406, 51.3199505 ], [ -1.7369331, 51.3312491 ], [ -1.664063, 51.3413491 ], [ -1.589032, 51.3513975 ], [ -1.4950881, 51.3678868 ], [ -1.4239994, 51.3792758 ], [ -1.3278006, 51.3877813 ], [ -1.2231426, 51.3948642 ], [ -1.131187, 51.3940576 ], [ -1.0644639, 51.3907247 ], [ -1.0144747, 51.3850073 ], [ -0.9646934, 51.376576 ], [ -0.8986537, 51.3600477 ], [ -0.8244637, 51.3420876 ], [ -0.754664, 51.3215656 ], [ -0.711761, 51.3078923 ], [ -0.658612, 51.2889303 ], [ -0.6199935, 51.2740267 ], [ -0.5855549, 51.2604766 ], [ -0.5714179, 51.2537608 ], [ -0.5604464, 51.2471295 ], [ -0.5562718, 51.2444505 ], [ -0.5436751, 51.2390028 ], [ -0.5394943, 51.2376271 ], [ -0.5248961, 51.2321688 ], [ -0.5124919, 51.2293788 ], [ -0.5000651, 51.2278855 ], [ -0.4772898, 51.2249278 ], [ -0.456594, 51.2219987 ], [ -0.431673, 51.2202803 ], [ -0.4065906, 51.2198183 ], [ -0.3756576, 51.2193443 ], [ -0.3405782, 51.2187938 ], [ -0.2991523, 51.2207044 ], [ -0.2597877, 51.221324 ], [ -0.2203594, 51.2232209 ], [ -0.1829568, 51.2251312 ], [ -0.1498283, 51.2258342 ], [ -0.1207466, 51.2278886 ], [ -0.0875405, 51.2298679 ], [ -0.0604931, 51.233254 ], [ -0.0356219, 51.2340865 ], [ -0.0128816, 51.2336638 ], [ 0.014028, 51.2331393 ], [ 0.0429573, 51.2312638 ], [ 0.0718892, 51.2293743 ], [ 0.1007534, 51.2261849 ], [ 0.1296163, 51.2229765 ], [ 0.1479921, 51.2173974 ], [ 0.1684245, 51.2117768 ], [ 0.1907349, 51.2022055 ], [ 0.2108505, 51.1900609 ], [ 0.2268137, 51.1780145 ], [ 0.240561, 51.1634323 ], [ 0.2504187, 51.1541374 ], [ 0.2623176, 51.1448112 ], [ 0.2780488, 51.1302353 ], [ 0.3016329, 51.1090364 ], [ 0.3254421, 51.0930164 ], [ 0.349067, 51.0744242 ], [ 0.36861, 51.0572532 ], [ 0.3862236, 51.0427166 ], [ 0.4117613, 51.0241438 ], [ 0.4352794, 51.0069159 ], [ 0.4570281, 50.9948704 ], [ 0.4786774, 50.9815505 ], [ 0.498321, 50.9695676 ], [ 0.5199657, 50.957546 ], [ 0.5356923, 50.9482152 ], [ 0.5535156, 50.9401151 ], [ 0.5712271, 50.9307453 ], [ 0.6008046, 50.9172735 ], [ 0.6261942, 50.9026342 ], [ 0.6494754, 50.8867622 ], [ 0.6749571, 50.8733838 ], [ 0.6979641, 50.8549956 ], [ 0.7264911, 50.8301485 ], [ 0.7547469, 50.8028082 ], [ 0.78826, 50.7665242 ], [ 0.8180339, 50.7354526 ], [ 0.8292813, 50.7250692 ], [ 0.8630587, 50.6952086 ] ] } },
{ "type": "Feature", "properties": { "Boundary_n": "B1", "ID": "BND034" }, "geometry": { "type": "LineString", "coordinates": [ [ -6.9628501, 56.9175851 ], [ -6.730023, 56.910458 ], [ -6.5233074, 56.910458 ], [ -6.3100638, 56.906894 ], [ -5.8966325, 56.90927 ], [ -5.5027848, 56.90927 ], [ -5.2960692, 56.9152096 ], [ -5.1045852, 56.9282732 ], [ -4.9609722, 56.9401452 ], [ -4.8505426, 56.9570563 ], [ -4.8013116, 56.9677331 ], [ -4.7580645, 56.9795926 ], [ -4.6982258, 56.9991525 ], [ -4.6318592, 57.0198866 ], [ -4.499126, 57.0613202 ], [ -4.4384712, 57.078472 ], [ -4.353065, 57.0976844 ], [ -4.1901405, 57.1192495 ], [ -3.9997445, 57.1499508 ], [ -3.783237, 57.1847542 ], [ -3.7133345, 57.198018 ], [ -3.6494158, 57.2118663 ], [ -3.5145067, 57.2477885 ], [ -3.3893893, 57.2895557 ], [ -3.2675359, 57.3406706 ], [ -3.1380666, 57.4005079 ], [ -3.0183891, 57.4538098 ], [ -2.9707901, 57.4756061 ], [ -2.9248231, 57.4941739 ], [ -2.8878319, 57.5048424 ], [ -2.8508406, 57.5134627 ], [ -2.6669725, 57.5479233 ], [ -2.6000619, 57.5628072 ], [ -2.5375032, 57.5788516 ], [ -2.4885443, 57.5960551 ], [ -2.4472011, 57.6138332 ], [ -2.4145618, 57.6313113 ], [ -2.3873624, 57.6511098 ], [ -2.3628829, 57.6793329 ], [ -2.3471072, 57.7081154 ], [ -2.3286116, 57.7719946 ], [ -2.3046761, 57.8965239 ], [ -2.2883565, 57.9531433 ], [ -2.264421, 58.0090972 ], [ -2.2361336, 58.0407848 ], [ -2.1991424, 58.0707182 ], [ -2.1523593, 58.1012014 ], [ -2.0946966, 58.1236158 ], [ -1.9815469, 58.1609419 ], [ -1.8042067, 58.202242 ], [ -1.6986729, 58.210267 ] ] } }
]
}
