SETTLEMENT_DATE,SETTLEMENT_PERIOD,EMBEDDED_WIND_FORECAST,EMBEDDED_WIND_CAPACITY,EMBEDDED_SOLAR_FORECAST,EMBEDDED_SOLAR_CAPACITY,EMBEDDED_FORECAST_TOTAL
2026-07-23T00:00:00,5,529,6417,0,23301,529
2026-07-23T00:00:00,6,529,6417,0,23301,529
2026-07-23T00:00:00,7,529,6417,0,23301,529
2026-07-23T00:00:00,8,530,6417,0,23301,530
2026-07-23T00:00:00,9,542,6417,0,23301,542
2026-07-23T00:00:00,10,560,6417,0,23301,560
2026-07-23T00:00:00,11,570,6417,93,23301,663
2026-07-23T00:00:00,12,571,6417,253,23301,824
2026-07-23T00:00:00,13,562,6417,621,23301,1183
2026-07-23T00:00:00,14,543,6417,1586,23301,2129
2026-07-23T00:00:00,15,529,6417,2472,23301,3001
2026-07-23T00:00:00,16,524,6417,3477,23301,4001
2026-07-23T00:00:00,17,521,6417,4584,23301,5105
2026-07-23T00:00:00,18,514,6417,5853,23301,6367
2026-07-23T00:00:00,19,510,6417,7140,23301,7650
2026-07-23T00:00:00,20,509,6417,8162,23301,8671
2026-07-23T00:00:00,21,514,6417,8954,23301,9468
2026-07-23T00:00:00,22,526,6417,9258,23301,9784
2026-07-23T00:00:00,23,536,6417,9461,23301,9997
2026-07-23T00:00:00,24,545,6417,9401,23301,9946
2026-07-23T00:00:00,25,562,6417,9327,23301,9889
2026-07-23T00:00:00,26,587,6417,9281,23301,9868
2026-07-23T00:00:00,27,621,6417,9225,23301,9846
2026-07-23T00:00:00,28,660,6417,9179,23301,9839
2026-07-23T00:00:00,29,697,6417,9121,23301,9818
2026-07-23T00:00:00,30,734,6417,9012,23301,9746
2026-07-23T00:00:00,31,773,6417,8803,23301,9576
2026-07-23T00:00:00,32,813,6417,8334,23301,9147
2026-07-23T00:00:00,33,849,6417,7744,23301,8593
2026-07-23T00:00:00,34,879,6417,6980,23301,7859
2026-07-23T00:00:00,35,902,6417,6095,23301,6997
2026-07-23T00:00:00,36,917,6417,5068,23301,5985
2026-07-23T00:00:00,37,928,6417,4150,23301,5078
2026-07-23T00:00:00,38,935,6417,3360,23301,4295
2026-07-23T00:00:00,39,934,6417,2656,23301,3590
2026-07-23T00:00:00,40,925,6417,1701,23301,2626
2026-07-23T00:00:00,41,926,6417,903,23301,1829
2026-07-23T00:00:00,42,938,6417,365,23301,1303
2026-07-23T00:00:00,43,957,6417,84,23301,1041
2026-07-23T00:00:00,44,982,6417,19,23301,1001
2026-07-23T00:00:00,45,995,6417,0,23301,995
2026-07-23T00:00:00,46,991,6417,0,23301,991
2026-07-23T00:00:00,47,989,6417,0,23301,989
2026-07-23T00:00:00,48,981,6417,0,23301,981
2026-07-24T00:00:00,1,975,6417,0,23301,975
2026-07-24T00:00:00,2,965,6417,0,23301,965
2026-07-24T00:00:00,3,959,6417,0,23301,959
2026-07-24T00:00:00,4,953,6417,0,23301,953
2026-07-24T00:00:00,5,950,6417,0,23301,950
2026-07-24T00:00:00,6,949,6417,0,23301,949
2026-07-24T00:00:00,7,953,6417,0,23301,953
2026-07-24T00:00:00,8,961,6417,0,23301,961
2026-07-24T00:00:00,9,970,6417,0,23301,970
2026-07-24T00:00:00,10,981,6417,1,23301,982
2026-07-24T00:00:00,11,986,6417,95,23301,1081
2026-07-24T00:00:00,12,988,6417,265,23301,1253
2026-07-24T00:00:00,13,972,6417,660,23301,1632
2026-07-24T00:00:00,14,943,6417,1679,23301,2622
2026-07-24T00:00:00,15,962,6417,2648,23301,3610
2026-07-24T00:00:00,16,1032,6417,3686,23301,4718
2026-07-24T00:00:00,17,1119,6417,4854,23301,5973
2026-07-24T00:00:00,18,1222,6417,6185,23301,7407
2026-07-24T00:00:00,19,1312,6417,7598,23301,8910
2026-07-24T00:00:00,20,1387,6417,8821,23301,10208
2026-07-24T00:00:00,21,1450,6417,9799,23301,11249
2026-07-24T00:00:00,22,1499,6417,10431,23301,11930
2026-07-24T00:00:00,23,1548,6417,10940,23301,12488
2026-07-24T00:00:00,24,1597,6417,11091,23301,12688
2026-07-24T00:00:00,25,1649,6417,11193,23301,12842
2026-07-24T00:00:00,26,1704,6417,11142,23301,12846
2026-07-24T00:00:00,27,1758,6417,11118,23301,12876
2026-07-24T00:00:00,28,1810,6417,11015,23301,12825
2026-07-24T00:00:00,29,1858,6417,10879,23301,12737
2026-07-24T00:00:00,30,1901,6417,10610,23301,12511
2026-07-24T00:00:00,31,1936,6417,10246,23301,12182
2026-07-24T00:00:00,32,1964,6417,9575,23301,11539
2026-07-24T00:00:00,33,1978,6417,8790,23301,10768
2026-07-24T00:00:00,34,1977,6417,7891,23301,9868
2026-07-24T00:00:00,35,1962,6417,6884,23301,8846
2026-07-24T00:00:00,36,1934,6417,5668,23301,7602
2026-07-24T00:00:00,37,1889,6417,4605,23301,6494
2026-07-24T00:00:00,38,1829,6417,3728,23301,5557
2026-07-24T00:00:00,39,1751,6417,2915,23301,4666
2026-07-24T00:00:00,40,1661,6417,1866,23301,3527
2026-07-24T00:00:00,41,1597,6417,1021,23301,2618
2026-07-24T00:00:00,42,1564,6417,385,23301,1949
2026-07-24T00:00:00,43,1558,6417,79,23301,1637
2026-07-24T00:00:00,44,1578,6417,17,23301,1595
2026-07-24T00:00:00,45,1591,6417,0,23301,1591
2026-07-24T00:00:00,46,1592,6417,0,23301,1592
2026-07-24T00:00:00,47,1594,6417,0,23301,1594
2026-07-24T00:00:00,48,1591,6417,0,23301,1591
2026-07-25T00:00:00,1,1599,6417,0,23301,1599
2026-07-25T00:00:00,2,1617,6417,0,23301,1617
2026-07-25T00:00:00,3,1646,6417,0,23301,1646
2026-07-25T00:00:00,4,1687,6417,0,23301,1687
2026-07-25T00:00:00,5,1729,6417,0,23301,1729
2026-07-25T00:00:00,6,1770,6417,0,23301,1770
2026-07-25T00:00:00,7,1812,6417,0,23301,1812
2026-07-25T00:00:00,8,1852,6417,0,23301,1852
2026-07-25T00:00:00,9,1893,6417,0,23301,1893
2026-07-25T00:00:00,10,1934,6417,0,23301,1934
2026-07-25T00:00:00,11,1974,6417,95,23301,2069
2026-07-25T00:00:00,12,2012,6417,260,23301,2272
2026-07-25T00:00:00,13,2027,6417,659,23301,2686
2026-07-25T00:00:00,14,2022,6417,1626,23301,3648
2026-07-25T00:00:00,15,2029,6417,2609,23301,4638
2026-07-25T00:00:00,16,2054,6417,3581,23301,5635
2026-07-25T00:00:00,17,2123,6417,4645,23301,6768
2026-07-25T00:00:00,18,2241,6417,5819,23301,8060
2026-07-25T00:00:00,19,2353,6417,7055,23301,9408
2026-07-25T00:00:00,20,2463,6417,8081,23301,10544
2026-07-25T00:00:00,21,2563,6417,8923,23301,11486
2026-07-25T00:00:00,22,2650,6417,9626,23301,12276
2026-07-25T00:00:00,23,2721,6417,10216,23301,12937
2026-07-25T00:00:00,24,2772,6417,10550,23301,13322
2026-07-25T00:00:00,25,2822,6417,10800,23301,13622
2026-07-25T00:00:00,26,2870,6417,10869,23301,13739
2026-07-25T00:00:00,27,2912,6417,10853,23301,13765
2026-07-25T00:00:00,28,2948,6417,10616,23301,13564
2026-07-25T00:00:00,29,2971,6417,10312,23301,13283
2026-07-25T00:00:00,30,2982,6417,9819,23301,12801
2026-07-25T00:00:00,31,2968,6417,9239,23301,12207
2026-07-25T00:00:00,32,2929,6417,8444,23301,11373
2026-07-25T00:00:00,33,2875,6417,7569,23301,10444
2026-07-25T00:00:00,34,2808,6417,6638,23301,9446
2026-07-25T00:00:00,35,2729,6417,5582,23301,8311
2026-07-25T00:00:00,36,2635,6417,4439,23301,7074
2026-07-25T00:00:00,37,2523,6417,3454,23301,5977
2026-07-25T00:00:00,38,2402,6417,2679,23301,5081
2026-07-25T00:00:00,39,2264,6417,2019,23301,4283
2026-07-25T00:00:00,40,2115,6417,1212,23301,3327
2026-07-25T00:00:00,41,1985,6417,571,23301,2556
2026-07-25T00:00:00,42,1875,6417,242,23301,2117
2026-07-25T00:00:00,43,1794,6417,46,23301,1840
2026-07-25T00:00:00,44,1737,6417,8,23301,1745
2026-07-25T00:00:00,45,1697,6417,0,23301,1697
2026-07-25T00:00:00,46,1670,6417,0,23301,1670
2026-07-25T00:00:00,47,1647,6417,0,23301,1647
2026-07-25T00:00:00,48,1624,6417,0,23301,1624
2026-07-26T00:00:00,1,1604,6417,0,23301,1604
2026-07-26T00:00:00,2,1584,6417,0,23301,1584
2026-07-26T00:00:00,3,1568,6417,0,23301,1568
2026-07-26T00:00:00,4,1553,6417,0,23301,1553
2026-07-26T00:00:00,5,1539,6417,0,23301,1539
2026-07-26T00:00:00,6,1526,6417,0,23301,1526
2026-07-26T00:00:00,7,1515,6417,0,23301,1515
2026-07-26T00:00:00,8,1507,6417,0,23301,1507
2026-07-26T00:00:00,9,1499,6417,0,23301,1499
2026-07-26T00:00:00,10,1492,6417,0,23301,1492
2026-07-26T00:00:00,11,1478,6417,78,23301,1556
2026-07-26T00:00:00,12,1457,6417,173,23301,1630
2026-07-26T00:00:00,13,1421,6417,401,23301,1822
2026-07-26T00:00:00,14,1377,6417,1045,23301,2422
2026-07-26T00:00:00,15,1359,6417,1740,23301,3099
2026-07-26T00:00:00,16,1360,6417,2384,23301,3744
2026-07-26T00:00:00,17,1368,6417,3142,23301,4510
2026-07-26T00:00:00,18,1383,6417,3997,23301,5380
2026-07-26T00:00:00,19,1413,6417,4895,23301,6308
2026-07-26T00:00:00,20,1458,6417,5671,23301,7129
2026-07-26T00:00:00,21,1493,6417,6277,23301,7770
2026-07-26T00:00:00,22,1517,6417,6783,23301,8300
2026-07-26T00:00:00,23,1553,6417,7175,23301,8728
2026-07-26T00:00:00,24,1601,6417,7432,23301,9033
2026-07-26T00:00:00,25,1658,6417,7639,23301,9297
2026-07-26T00:00:00,26,1728,6417,7764,23301,9492
2026-07-26T00:00:00,27,1774,6417,7849,23301,9623
2026-07-26T00:00:00,28,1800,6417,7896,23301,9696
2026-07-26T00:00:00,29,1832,6417,7893,23301,9725
2026-07-26T00:00:00,30,1867,6417,7784,23301,9651
2026-07-26T00:00:00,31,1911,6417,7591,23301,9502
2026-07-26T00:00:00,32,1963,6417,7191,23301,9154
2026-07-26T00:00:00,33,1973,6417,6687,23301,8660
2026-07-26T00:00:00,34,1942,6417,5981,23301,7923
2026-07-26T00:00:00,35,1915,6417,5140,23301,7055
2026-07-26T00:00:00,36,1892,6417,4218,23301,6110
2026-07-26T00:00:00,37,1873,6417,3355,23301,5228
2026-07-26T00:00:00,38,1857,6417,2678,23301,4535
2026-07-26T00:00:00,39,1803,6417,2106,23301,3909
2026-07-26T00:00:00,40,1712,6417,1241,23301,2953
2026-07-26T00:00:00,41,1642,6417,614,23301,2256
2026-07-26T00:00:00,42,1593,6417,250,23301,1843
2026-07-26T00:00:00,43,1569,6417,48,23301,1617
2026-07-26T00:00:00,44,1570,6417,7,23301,1577
2026-07-26T00:00:00,45,1569,6417,0,23301,1569
2026-07-26T00:00:00,46,1562,6417,0,23301,1562
2026-07-26T00:00:00,47,1561,6417,0,23301,1561
2026-07-26T00:00:00,48,1567,6417,0,23301,1567
2026-07-27T00:00:00,1,1585,6417,0,23301,1585
2026-07-27T00:00:00,2,1615,6417,0,23301,1615
2026-07-27T00:00:00,3,1626,6417,0,23301,1626
2026-07-27T00:00:00,4,1610,6417,0,23301,1610
2026-07-27T00:00:00,5,1600,6417,0,23301,1600
2026-07-27T00:00:00,6,1597,6417,0,23301,1597
2026-07-27T00:00:00,7,1601,6417,0,23301,1601
2026-07-27T00:00:00,8,1613,6417,0,23301,1613
2026-07-27T00:00:00,9,1592,6417,0,23301,1592
2026-07-27T00:00:00,10,1533,6417,0,23301,1533
2026-07-27T00:00:00,11,1477,6417,69,23301,1546
2026-07-27T00:00:00,12,1424,6417,175,23301,1599
2026-07-27T00:00:00,13,1371,6417,511,23301,1882
2026-07-27T00:00:00,14,1319,6417,1467,23301,2786
2026-07-27T00:00:00,15,1299,6417,2507,23301,3806
2026-07-27T00:00:00,16,1310,6417,3317,23301,4627
2026-07-27T00:00:00,17,1329,6417,4387,23301,5716
2026-07-27T00:00:00,18,1355,6417,5409,23301,6764
2026-07-27T00:00:00,19,1389,6417,6450,23301,7839
2026-07-27T00:00:00,20,1429,6417,7492,23301,8921
2026-07-27T00:00:00,21,1462,6417,8290,23301,9752
2026-07-27T00:00:00,22,1490,6417,8958,23301,10448
2026-07-27T00:00:00,23,1532,6417,9439,23301,10971
2026-07-27T00:00:00,24,1588,6417,9799,23301,11387
2026-07-27T00:00:00,25,1655,6417,10121,23301,11776
2026-07-27T00:00:00,26,1736,6417,10394,23301,12130
2026-07-27T00:00:00,27,1785,6417,10605,23301,12390
2026-07-27T00:00:00,28,1805,6417,10680,23301,12485
2026-07-27T00:00:00,29,1837,6417,10653,23301,12490
2026-07-27T00:00:00,30,1881,6417,10459,23301,12340
2026-07-27T00:00:00,31,1936,6417,10055,23301,11991
2026-07-27T00:00:00,32,2001,6417,9459,23301,11460
2026-07-27T00:00:00,33,1995,6417,8585,23301,10580
2026-07-27T00:00:00,34,1920,6417,7315,23301,9235
2026-07-27T00:00:00,35,1859,6417,6140,23301,7999
2026-07-27T00:00:00,36,1814,6417,5077,23301,6891
2026-07-27T00:00:00,37,1784,6417,3729,23301,5513
2026-07-27T00:00:00,38,1772,6417,2786,23301,4558
2026-07-27T00:00:00,39,1730,6417,2068,23301,3798
2026-07-27T00:00:00,40,1664,6417,862,23301,2526
2026-07-27T00:00:00,41,1621,6417,282,23301,1903
2026-07-27T00:00:00,42,1601,6417,116,23301,1717
2026-07-27T00:00:00,43,1604,6417,36,23301,1640
2026-07-27T00:00:00,44,1629,6417,1,23301,1630
2026-07-27T00:00:00,45,1630,6417,0,23301,1630
2026-07-27T00:00:00,46,1604,6417,0,23301,1604
2026-07-27T00:00:00,47,1594,6417,0,23301,1594
2026-07-27T00:00:00,48,1600,6417,0,23301,1600
2026-07-28T00:00:00,1,1624,6417,0,23301,1624
2026-07-28T00:00:00,2,1665,6417,0,23301,1665
2026-07-28T00:00:00,3,1671,6417,0,23301,1671
2026-07-28T00:00:00,4,1639,6417,0,23301,1639
2026-07-28T00:00:00,5,1620,6417,0,23301,1620
2026-07-28T00:00:00,6,1615,6417,0,23301,1615
2026-07-28T00:00:00,7,1624,6417,0,23301,1624
2026-07-28T00:00:00,8,1645,6417,0,23301,1645
2026-07-28T00:00:00,9,1643,6417,0,23301,1643
2026-07-28T00:00:00,10,1615,6417,0,23301,1615
2026-07-28T00:00:00,11,1599,6417,60,23301,1659
2026-07-28T00:00:00,12,1594,6417,120,23301,1714
2026-07-28T00:00:00,13,1600,6417,358,23301,1958
2026-07-28T00:00:00,14,1616,6417,1106,23301,2722
2026-07-28T00:00:00,15,1631,6417,2101,23301,3732
2026-07-28T00:00:00,16,1645,6417,2704,23301,4349
2026-07-28T00:00:00,17,1673,6417,3682,23301,5355
2026-07-28T00:00:00,18,1713,6417,4707,23301,6420
2026-07-28T00:00:00,19,1766,6417,5738,23301,7504
2026-07-28T00:00:00,20,1831,6417,6954,23301,8785
2026-07-28T00:00:00,21,1884,6417,8042,23301,9926
2026-07-28T00:00:00,22,1927,6417,9027,23301,10954
2026-07-28T00:00:00,23,1983,6417,9605,23301,11588
2026-07-28T00:00:00,24,2051,6417,10016,23301,12067
2026-07-28T00:00:00,25,2131,6417,10241,23301,12372
2026-07-28T00:00:00,26,2223,6417,10344,23301,12567
2026-07-28T00:00:00,27,2241,6417,10321,23301,12562
2026-07-28T00:00:00,28,2182,6417,10226,23301,12408
2026-07-28T00:00:00,29,2128,6417,10070,23301,12198
2026-07-28T00:00:00,30,2080,6417,9788,23301,11868
2026-07-28T00:00:00,31,2038,6417,9365,23301,11403
2026-07-28T00:00:00,32,2002,6417,8937,23301,10939
2026-07-28T00:00:00,33,1973,6417,8195,23301,10168
2026-07-28T00:00:00,34,1952,6417,7020,23301,8972
2026-07-28T00:00:00,35,1938,6417,6068,23301,8006
2026-07-28T00:00:00,36,1931,6417,5228,23301,7159
2026-07-28T00:00:00,37,1931,6417,3998,23301,5929
2026-07-28T00:00:00,38,1937,6417,3151,23301,5088
2026-07-28T00:00:00,39,1903,6417,2584,23301,4487
2026-07-28T00:00:00,40,1827,6417,1442,23301,3269
2026-07-28T00:00:00,41,1757,6417,733,23301,2490
2026-07-28T00:00:00,42,1693,6417,334,23301,2027
2026-07-28T00:00:00,43,1637,6417,70,23301,1707
2026-07-28T00:00:00,44,1589,6417,0,23301,1589
2026-07-28T00:00:00,45,1550,6417,0,23301,1550
2026-07-28T00:00:00,46,1519,6417,0,23301,1519
2026-07-28T00:00:00,47,1497,6417,0,23301,1497
2026-07-28T00:00:00,48,1483,6417,0,23301,1483
2026-07-29T00:00:00,1,1479,6417,0,23301,1479
2026-07-29T00:00:00,2,1482,6417,0,23301,1482
2026-07-29T00:00:00,3,1449,6417,0,23301,1449
2026-07-29T00:00:00,4,1379,6417,0,23301,1379
2026-07-29T00:00:00,5,1315,6417,0,23301,1315
2026-07-29T00:00:00,6,1258,6417,0,23301,1258
2026-07-29T00:00:00,7,1208,6417,0,23301,1208
2026-07-29T00:00:00,8,1165,6417,0,23301,1165
2026-07-29T00:00:00,9,1129,6417,0,23301,1129
2026-07-29T00:00:00,10,1100,6417,0,23301,1100
2026-07-29T00:00:00,11,1077,6417,192,23301,1269
2026-07-29T00:00:00,12,1061,6417,549,23301,1610
2026-07-29T00:00:00,13,1050,6417,1109,23301,2159
2026-07-29T00:00:00,14,1046,6417,1969,23301,3015
2026-07-29T00:00:00,15,1039,6417,2928,23301,3967
2026-07-29T00:00:00,16,1030,6417,3595,23301,4625
2026-07-29T00:00:00,17,1028,6417,4579,23301,5607
2026-07-29T00:00:00,18,1033,6417,5557,23301,6590
2026-07-29T00:00:00,19,1045,6417,6527,23301,7572
2026-07-29T00:00:00,20,1064,6417,7627,23301,8691
2026-07-29T00:00:00,21,1090,6417,8533,23301,9623
2026-07-29T00:00:00,22,1124,6417,9308,23301,10432
2026-07-29T00:00:00,23,1164,6417,9742,23301,10906
2026-07-29T00:00:00,24,1212,6417,10091,23301,11303
2026-07-29T00:00:00,25,1268,6417,10337,23301,11605
2026-07-29T00:00:00,26,1330,6417,10508,23301,11838
2026-07-29T00:00:00,27,1337,6417,10582,23301,11919
2026-07-29T00:00:00,28,1288,6417,10565,23301,11853
2026-07-29T00:00:00,29,1246,6417,10468,23301,11714
2026-07-29T00:00:00,30,1213,6417,10266,23301,11479
2026-07-29T00:00:00,31,1187,6417,9911,23301,11098
2026-07-29T00:00:00,32,1168,6417,9500,23301,10668
2026-07-29T00:00:00,33,1157,6417,8778,23301,9935
2026-07-29T00:00:00,34,1154,6417,7623,23301,8777
2026-07-29T00:00:00,35,1158,6417,6651,23301,7809
2026-07-29T00:00:00,36,1169,6417,5732,23301,6901
2026-07-29T00:00:00,37,1189,6417,4399,23301,5588
2026-07-29T00:00:00,38,1215,6417,3485,23301,4700
2026-07-29T00:00:00,39,1191,6417,2839,23301,4030
2026-07-29T00:00:00,40,1118,6417,1634,23301,2752
2026-07-29T00:00:00,41,1055,6417,849,23301,1904
2026-07-29T00:00:00,42,1003,6417,400,23301,1403
2026-07-29T00:00:00,43,960,6417,41,23301,1001
2026-07-29T00:00:00,44,927,6417,0,23301,927
2026-07-29T00:00:00,45,903,6417,0,23301,903
2026-07-29T00:00:00,46,889,6417,0,23301,889
2026-07-29T00:00:00,47,883,6417,0,23301,883
2026-07-29T00:00:00,48,887,6417,0,23301,887
2026-07-30T00:00:00,1,901,6417,0,23301,901
2026-07-30T00:00:00,2,926,6417,0,23301,926
2026-07-30T00:00:00,3,916,6417,0,23301,916
2026-07-30T00:00:00,4,870,6417,0,23301,870
2026-07-30T00:00:00,5,830,6417,0,23301,830
2026-07-30T00:00:00,6,796,6417,0,23301,796
2026-07-30T00:00:00,7,768,6417,0,23301,768
2026-07-30T00:00:00,8,746,6417,0,23301,746
2026-07-30T00:00:00,9,729,6417,0,23301,729
2026-07-30T00:00:00,10,719,6417,0,23301,719
2026-07-30T00:00:00,11,713,6417,215,23301,928
2026-07-30T00:00:00,12,713,6417,635,23301,1348
2026-07-30T00:00:00,13,718,6417,1261,23301,1979
2026-07-30T00:00:00,14,728,6417,2145,23301,2873
2026-07-30T00:00:00,15,724,6417,3166,23301,3890
2026-07-30T00:00:00,16,709,6417,3901,23301,4610
2026-07-30T00:00:00,17,700,6417,4901,23301,5601
2026-07-30T00:00:00,18,697,6417,5947,23301,6644
2026-07-30T00:00:00,19,701,6417,6921,23301,7622
2026-07-30T00:00:00,20,711,6417,8004,23301,8715
2026-07-30T00:00:00,21,726,6417,8905,23301,9631
2026-07-30T00:00:00,22,747,6417,9610,23301,10357
2026-07-30T00:00:00,23,775,6417,9964,23301,10739
2026-07-30T00:00:00,24,808,6417,10224,23301,11032
2026-07-30T00:00:00,25,847,6417,10414,23301,11261
2026-07-30T00:00:00,26,893,6417,10543,23301,11436
2026-07-30T00:00:00,27,903,6417,10545,23301,11448
2026-07-30T00:00:00,28,876,6417,10456,23301,11332
2026-07-30T00:00:00,29,855,6417,10301,23301,11156
2026-07-30T00:00:00,30,842,6417,10042,23301,10884
2026-07-30T00:00:00,31,834,6417,9666,23301,10500
2026-07-30T00:00:00,32,833,6417,9237,23301,10070
2026-07-30T00:00:00,33,838,6417,8477,23301,9315
2026-07-30T00:00:00,34,850,6417,7342,23301,8192
2026-07-30T00:00:00,35,869,6417,6369,23301,7238
2026-07-30T00:00:00,36,895,6417,5481,23301,6376
2026-07-30T00:00:00,37,930,6417,4179,23301,5109
2026-07-30T00:00:00,38,973,6417,3308,23301,4281
2026-07-30T00:00:00,39,969,6417,2697,23301,3666
2026-07-30T00:00:00,40,917,6417,1515,23301,2432
2026-07-30T00:00:00,41,876,6417,756,23301,1632
2026-07-30T00:00:00,42,843,6417,357,23301,1200
2026-07-30T00:00:00,43,819,6417,36,23301,855
2026-07-30T00:00:00,44,805,6417,0,23301,805
2026-07-30T00:00:00,45,799,6417,0,23301,799
2026-07-30T00:00:00,46,802,6417,0,23301,802
2026-07-30T00:00:00,47,814,6417,0,23301,814
2026-07-30T00:00:00,48,837,6417,0,23301,837
2026-07-31T00:00:00,1,870,6417,0,23301,870
2026-07-31T00:00:00,2,916,6417,0,23301,916
2026-07-31T00:00:00,3,922,6417,0,23301,922
2026-07-31T00:00:00,4,885,6417,0,23301,885
2026-07-31T00:00:00,5,855,6417,0,23301,855
2026-07-31T00:00:00,6,831,6417,0,23301,831
2026-07-31T00:00:00,7,814,6417,0,23301,814
2026-07-31T00:00:00,8,804,6417,0,23301,804
2026-07-31T00:00:00,9,799,6417,0,23301,799
2026-07-31T00:00:00,10,801,6417,0,23301,801
2026-07-31T00:00:00,11,809,6417,166,23301,975
2026-07-31T00:00:00,12,823,6417,580,23301,1403
2026-07-31T00:00:00,13,844,6417,1166,23301,2010
2026-07-31T00:00:00,14,870,6417,1982,23301,2852
2026-07-31T00:00:00,15,874,6417,2992,23301,3866
2026-07-31T00:00:00,16,856,6417,3705,23301,4561
2026-07-31T00:00:00,17,846,6417,4619,23301,5465
2026-07-31T00:00:00,18,842,6417,5687,23301,6529
2026-07-31T00:00:00,19,845,6417,6633,23301,7478
2026-07-31T00:00:00,20,854,6417,7661,23301,8515
2026-07-31T00:00:00,21,868,6417,8553,23301,9421
2026-07-31T00:00:00,22,889,6417,9245,23301,10134
2026-07-31T00:00:00,23,916,6417,9596,23301,10512
2026-07-31T00:00:00,24,948,6417,9852,23301,10800
2026-07-31T00:00:00,25,986,6417,10041,23301,11027
2026-07-31T00:00:00,26,1030,6417,10172,23301,11202
2026-07-31T00:00:00,27,1042,6417,10209,23301,11251
2026-07-31T00:00:00,28,1023,6417,10139,23301,11162
2026-07-31T00:00:00,29,1010,6417,10004,23301,11014
2026-07-31T00:00:00,30,1003,6417,9771,23301,10774
2026-07-31T00:00:00,31,1002,6417,9405,23301,10407
2026-07-31T00:00:00,32,1006,6417,8994,23301,10000
2026-07-31T00:00:00,33,1017,6417,8229,23301,9246
2026-07-31T00:00:00,34,1033,6417,7130,23301,8163
2026-07-31T00:00:00,35,1055,6417,6182,23301,7237
2026-07-31T00:00:00,36,1084,6417,5347,23301,6431
2026-07-31T00:00:00,37,1119,6417,4087,23301,5206
2026-07-31T00:00:00,38,1162,6417,3219,23301,4381
2026-07-31T00:00:00,39,1164,6417,2605,23301,3769
2026-07-31T00:00:00,40,1127,6417,1444,23301,2571
2026-07-31T00:00:00,41,1100,6417,697,23301,1797
2026-07-31T00:00:00,42,1083,6417,337,23301,1420
2026-07-31T00:00:00,43,1074,6417,33,23301,1107
2026-07-31T00:00:00,44,1075,6417,0,23301,1075
2026-07-31T00:00:00,45,1084,6417,0,23301,1084
2026-07-31T00:00:00,46,1102,6417,0,23301,1102
2026-07-31T00:00:00,47,1130,6417,0,23301,1130
2026-07-31T00:00:00,48,1167,6417,0,23301,1167
2026-08-01T00:00:00,1,1216,6417,0,23301,1216
2026-08-01T00:00:00,2,1275,6417,0,23301,1275
2026-08-01T00:00:00,3,1284,6417,0,23301,1284
2026-08-01T00:00:00,4,1238,6417,0,23301,1238
2026-08-01T00:00:00,5,1199,6417,0,23301,1199
2026-08-01T00:00:00,6,1167,6417,0,23301,1167
2026-08-01T00:00:00,7,1143,6417,0,23301,1143
2026-08-01T00:00:00,8,1125,6417,0,23301,1125
2026-08-01T00:00:00,9,1115,6417,0,23301,1115
2026-08-01T00:00:00,10,1112,6417,0,23301,1112
2026-08-01T00:00:00,11,1116,6417,152,23301,1268
2026-08-01T00:00:00,12,1128,6417,539,23301,1667
2026-08-01T00:00:00,13,1148,6417,1085,23301,2233
2026-08-01T00:00:00,14,1177,6417,1852,23301,3029
2026-08-01T00:00:00,15,1175,6417,2878,23301,4053
2026-08-01T00:00:00,16,1143,6417,3552,23301,4695
2026-08-01T00:00:00,17,1120,6417,4382,23301,5502
2026-08-01T00:00:00,18,1105,6417,5478,23301,6583
2026-08-01T00:00:00,19,1098,6417,6410,23301,7508
2026-08-01T00:00:00,20,1099,6417,7431,23301,8530
2026-08-01T00:00:00,21,1107,6417,8355,23301,9462
2026-08-01T00:00:00,22,1122,6417,9101,23301,10223
2026-08-01T00:00:00,23,1144,6417,9491,23301,10635
2026-08-01T00:00:00,24,1173,6417,9816,23301,10989
2026-08-01T00:00:00,25,1210,6417,10065,23301,11275
2026-08-01T00:00:00,26,1253,6417,10214,23301,11467
2026-08-01T00:00:00,27,1257,6417,10266,23301,11523
2026-08-01T00:00:00,28,1222,6417,10223,23301,11445
2026-08-01T00:00:00,29,1193,6417,10109,23301,11302
2026-08-01T00:00:00,30,1171,6417,9883,23301,11054
2026-08-01T00:00:00,31,1156,6417,9523,23301,10679
2026-08-01T00:00:00,32,1146,6417,9109,23301,10255
2026-08-01T00:00:00,33,1143,6417,8294,23301,9437
2026-08-01T00:00:00,34,1147,6417,7168,23301,8315
2026-08-01T00:00:00,35,1156,6417,6180,23301,7336
2026-08-01T00:00:00,36,1173,6417,5378,23301,6551
2026-08-01T00:00:00,37,1196,6417,4113,23301,5309
2026-08-01T00:00:00,38,1226,6417,3251,23301,4477
2026-08-01T00:00:00,39,1221,6417,2624,23301,3845
2026-08-01T00:00:00,40,1182,6417,1432,23301,2614
2026-08-01T00:00:00,41,1150,6417,693,23301,1843
2026-08-01T00:00:00,42,1127,6417,330,23301,1457
2026-08-01T00:00:00,43,1111,6417,16,23301,1127
2026-08-01T00:00:00,44,1102,6417,0,23301,1102
2026-08-01T00:00:00,45,1101,6417,0,23301,1101
2026-08-01T00:00:00,46,1108,6417,0,23301,1108
2026-08-01T00:00:00,47,1122,6417,0,23301,1122
2026-08-01T00:00:00,48,1145,6417,0,23301,1145
2026-08-02T00:00:00,1,1176,6417,0,23301,1176
2026-08-02T00:00:00,2,1216,6417,0,23301,1216
2026-08-02T00:00:00,3,1216,6417,0,23301,1216
2026-08-02T00:00:00,4,1173,6417,0,23301,1173
2026-08-02T00:00:00,5,1137,6417,0,23301,1137
2026-08-02T00:00:00,6,1107,6417,0,23301,1107
2026-08-02T00:00:00,7,1083,6417,0,23301,1083
2026-08-02T00:00:00,8,1067,6417,0,23301,1067
2026-08-02T00:00:00,9,1056,6417,0,23301,1056
2026-08-02T00:00:00,10,1052,6417,0,23301,1052
2026-08-02T00:00:00,11,1054,6417,143,23301,1197
2026-08-02T00:00:00,12,1063,6417,511,23301,1574
2026-08-02T00:00:00,13,1078,6417,992,23301,2070
2026-08-02T00:00:00,14,1099,6417,1753,23301,2852
2026-08-02T00:00:00,15,1096,6417,2764,23301,3860
2026-08-02T00:00:00,16,1069,6417,3391,23301,4460
2026-08-02T00:00:00,17,1050,6417,4192,23301,5242
2026-08-02T00:00:00,18,1038,6417,5264,23301,6302
2026-08-02T00:00:00,19,1033,6417,6187,23301,7220
2026-08-02T00:00:00,20,1036,6417,7222,23301,8258
2026-08-02T00:00:00,21,1045,6417,8121,23301,9166
2026-08-02T00:00:00,22,1062,6417,8869,23301,9931
2026-08-02T00:00:00,23,1086,6417,9246,23301,10332
2026-08-02T00:00:00,24,1117,6417,9564,23301,10681
2026-08-02T00:00:00,25,1156,6417,9806,23301,10962
2026-08-02T00:00:00,26,1201,6417,9965,23301,11166
2026-08-02T00:00:00,27,1205,6417,10036,23301,11241
2026-08-02T00:00:00,28,1168,6417,10006,23301,11174
2026-08-02T00:00:00,29,1138,6417,9916,23301,11054
2026-08-02T00:00:00,30,1116,6417,9724,23301,10840
2026-08-02T00:00:00,31,1101,6417,9389,23301,10490
2026-08-02T00:00:00,32,1094,6417,8998,23301,10092
2026-08-02T00:00:00,33,1093,6417,8190,23301,9283
2026-08-02T00:00:00,34,1101,6417,7080,23301,8181
2026-08-02T00:00:00,35,1116,6417,6113,23301,7229
2026-08-02T00:00:00,36,1140,6417,5295,23301,6435
2026-08-02T00:00:00,37,1173,6417,4049,23301,5222
2026-08-02T00:00:00,38,1214,6417,3204,23301,4418
2026-08-02T00:00:00,39,1209,6417,2579,23301,3788
2026-08-02T00:00:00,40,1157,6417,1406,23301,2563
2026-08-02T00:00:00,41,1114,6417,663,23301,1777
2026-08-02T00:00:00,42,1081,6417,318,23301,1399
2026-08-02T00:00:00,43,1056,6417,16,23301,1072
2026-08-02T00:00:00,44,1040,6417,0,23301,1040
2026-08-02T00:00:00,45,1032,6417,0,23301,1032
2026-08-02T00:00:00,46,1034,6417,0,23301,1034
2026-08-02T00:00:00,47,1044,6417,0,23301,1044
2026-08-02T00:00:00,48,1065,6417,0,23301,1065
2026-08-03T00:00:00,1,1096,6417,0,23301,1096
2026-08-03T00:00:00,2,1138,6417,0,23301,1138
2026-08-03T00:00:00,3,1138,6417,0,23301,1138
2026-08-03T00:00:00,4,1092,6417,0,23301,1092
2026-08-03T00:00:00,5,1052,6417,0,23301,1052
2026-08-03T00:00:00,6,1020,6417,0,23301,1020
2026-08-03T00:00:00,7,993,6417,0,23301,993
2026-08-03T00:00:00,8,973,6417,0,23301,973
2026-08-03T00:00:00,9,960,6417,0,23301,960
2026-08-03T00:00:00,10,952,6417,0,23301,952
2026-08-03T00:00:00,11,952,6417,103,23301,1055
2026-08-03T00:00:00,12,957,6417,505,23301,1462
2026-08-03T00:00:00,13,970,6417,966,23301,1936
2026-08-03T00:00:00,14,989,6417,1704,23301,2693
2026-08-03T00:00:00,15,983,6417,2754,23301,3737
2026-08-03T00:00:00,16,954,6417,3360,23301,4314
2026-08-03T00:00:00,17,933,6417,4165,23301,5098
2026-08-03T00:00:00,18,920,6417,5230,23301,6150
2026-08-03T00:00:00,19,914,6417,6124,23301,7038
2026-08-03T00:00:00,20,915,6417,7185,23301,8100
2026-08-03T00:00:00,21,923,6417,8100,23301,9023
2026-08-03T00:00:00,22,937,6417,8787,23301,9724
2026-08-03T00:00:00,23,958,6417,9164,23301,10122
2026-08-03T00:00:00,24,984,6417,9441,23301,10425
2026-08-03T00:00:00,25,1017,6417,9653,23301,10670
2026-08-03T00:00:00,26,1056,6417,9800,23301,10856
2026-08-03T00:00:00,27,1060,6417,9858,23301,10918
2026-08-03T00:00:00,28,1029,6417,9825,23301,10854
2026-08-03T00:00:00,29,1003,6417,9717,23301,10720
2026-08-03T00:00:00,30,983,6417,9520,23301,10503
2026-08-03T00:00:00,31,969,6417,9206,23301,10175
2026-08-03T00:00:00,32,961,6417,8827,23301,9788
2026-08-03T00:00:00,33,958,6417,7969,23301,8927
2026-08-03T00:00:00,34,961,6417,6923,23301,7884
2026-08-03T00:00:00,35,970,6417,5951,23301,6921
2026-08-03T00:00:00,36,986,6417,5104,23301,6090
2026-08-03T00:00:00,37,1008,6417,3913,23301,4921
2026-08-03T00:00:00,38,1037,6417,3114,23301,4151
2026-08-03T00:00:00,39,1036,6417,2510,23301,3546
2026-08-03T00:00:00,40,1005,6417,1334,23301,2339
2026-08-03T00:00:00,41,982,6417,632,23301,1614
2026-08-03T00:00:00,42,966,6417,300,23301,1266
2026-08-03T00:00:00,43,957,6417,15,23301,972
2026-08-03T00:00:00,44,955,6417,0,23301,955
2026-08-03T00:00:00,45,960,6417,0,23301,960
2026-08-03T00:00:00,46,973,6417,0,23301,973
2026-08-03T00:00:00,47,992,6417,0,23301,992
2026-08-03T00:00:00,48,1020,6417,0,23301,1020
2026-08-04T00:00:00,1,1055,6417,0,23301,1055
2026-08-04T00:00:00,2,1099,6417,0,23301,1099
2026-08-04T00:00:00,3,1108,6417,0,23301,1108
2026-08-04T00:00:00,4,1079,6417,0,23301,1079
2026-08-04T00:00:00,5,1055,6417,0,23301,1055
2026-08-04T00:00:00,6,1036,6417,0,23301,1036
2026-08-04T00:00:00,7,1021,6417,0,23301,1021
2026-08-04T00:00:00,8,1012,6417,0,23301,1012
2026-08-04T00:00:00,9,1007,6417,0,23301,1007
2026-08-04T00:00:00,10,1008,6417,0,23301,1008
2026-08-04T00:00:00,11,1013,6417,85,23301,1098
2026-08-04T00:00:00,12,1024,6417,488,23301,1512
2026-08-04T00:00:00,13,1039,6417,927,23301,1966
2026-08-04T00:00:00,14,1060,6417,1684,23301,2744
2026-08-04T00:00:00,15,1059,6417,2729,23301,3788
2026-08-04T00:00:00,16,1035,6417,3325,23301,4360
2026-08-04T00:00:00,17,1017,6417,4117,23301,5134
2026-08-04T00:00:00,18,1006,6417,5186,23301,6192
2026-08-04T00:00:00,19,1001,6417,6093,23301,7094
2026-08-04T00:00:00,20,1003,6417,7143,23301,8146
2026-08-04T00:00:00,21,1010,6417,8054,23301,9064
2026-08-04T00:00:00,22,1023,6417,8718,23301,9741
2026-08-04T00:00:00,23,1042,6417,9104,23301,10146
2026-08-04T00:00:00,24,1067,6417,9389,23301,10456
2026-08-04T00:00:00,25,1097,6417,9609,23301,10706
2026-08-04T00:00:00,26,1134,6417,9766,23301,10900
2026-08-04T00:00:00,27,1135,6417,9826,23301,10961
2026-08-04T00:00:00,28,1098,6417,9797,23301,10895
2026-08-04T00:00:00,29,1068,6417,9694,23301,10762
2026-08-04T00:00:00,30,1042,6417,9503,23301,10545
2026-08-04T00:00:00,31,1023,6417,9198,23301,10221
2026-08-04T00:00:00,32,1009,6417,8826,23301,9835
2026-08-04T00:00:00,33,1001,6417,7971,23301,8972
2026-08-04T00:00:00,34,999,6417,6893,23301,7892
2026-08-04T00:00:00,35,1004,6417,5927,23301,6931
2026-08-04T00:00:00,36,1015,6417,5040,23301,6055
2026-08-04T00:00:00,37,1033,6417,3858,23301,4891
2026-08-04T00:00:00,38,1059,6417,3111,23301,4170
2026-08-04T00:00:00,39,1050,6417,2434,23301,3484
2026-08-04T00:00:00,40,1007,6417,1325,23301,2332
2026-08-04T00:00:00,41,970,6417,627,23301,1597
2026-08-04T00:00:00,42,941,6417,296,23301,1237
2026-08-04T00:00:00,43,919,6417,7,23301,926
2026-08-04T00:00:00,44,903,6417,0,23301,903
2026-08-04T00:00:00,45,894,6417,0,23301,894
2026-08-04T00:00:00,46,892,6417,0,23301,892
2026-08-04T00:00:00,47,897,6417,0,23301,897
2026-08-04T00:00:00,48,908,6417,0,23301,908
2026-08-05T00:00:00,1,927,6417,0,23301,927
2026-08-05T00:00:00,2,954,6417,0,23301,954
2026-08-05T00:00:00,3,947,6417,0,23301,947
2026-08-05T00:00:00,4,905,6417,0,23301,905
2026-08-05T00:00:00,5,870,6417,0,23301,870
2026-08-05T00:00:00,6,842,6417,0,23301,842
2026-08-05T00:00:00,7,822,6417,0,23301,822
2026-08-05T00:00:00,8,808,6417,0,23301,808
2026-08-05T00:00:00,9,801,6417,0,23301,801
2026-08-05T00:00:00,10,799,6417,0,23301,799
2026-08-05T00:00:00,11,803,6417,84,23301,887
2026-08-05T00:00:00,12,812,6417,494,23301,1306
2026-08-05T00:00:00,13,829,6417,923,23301,1752
2026-08-05T00:00:00,14,851,6417,1683,23301,2534
2026-08-05T00:00:00,15,852,6417,2723,23301,3575
2026-08-05T00:00:00,16,832,6417,3336,23301,4168
2026-08-05T00:00:00,17,818,6417,4114,23301,4932
2026-08-05T00:00:00,18,810,6417,5211,23301,6021
2026-08-05T00:00:00,19,808,6417,6128,23301,6936
2026-08-05T00:00:00,20,813,6417,7171,23301,7984
2026-08-05T00:00:00,21,823,6417,8065,23301,8888
2026-08-05T00:00:00,22,839,6417,8677,23301,9516
2026-08-05T00:00:00,23,862,6417,9055,23301,9917
2026-08-05T00:00:00,24,890,6417,9307,23301,10197
2026-08-05T00:00:00,25,925,6417,9507,23301,10432
2026-08-05T00:00:00,26,967,6417,9632,23301,10599
2026-08-05T00:00:00,27,974,6417,9675,23301,10649
2026-08-05T00:00:00,28,946,6417,9627,23301,10573
2026-08-05T00:00:00,29,924,6417,9504,23301,10428
2026-08-05T00:00:00,30,908,6417,9279,23301,10187
2026-08-05T00:00:00,31,897,6417,8991,23301,9888
2026-08-05T00:00:00,32,892,6417,8591,23301,9483
2026-08-05T00:00:00,33,893,6417,7753,23301,8646
2026-08-05T00:00:00,34,900,6417,6659,23301,7559
2026-08-05T00:00:00,35,914,6417,5742,23301,6656
2026-08-05T00:00:00,36,934,6417,4794,23301,5728
2026-08-05T00:00:00,37,961,6417,3674,23301,4635
2026-08-05T00:00:00,38,995,6417,2969,23301,3964
2026-08-05T00:00:00,39,994,6417,2253,23301,3247
2026-08-05T00:00:00,40,957,6417,1197,23301,2154
2026-08-05T00:00:00,41,927,6417,549,23301,1476
2026-08-05T00:00:00,42,904,6417,250,23301,1154
2026-08-05T00:00:00,43,888,6417,7,23301,895
2026-08-05T00:00:00,44,879,6417,0,23301,879
2026-08-05T00:00:00,45,876,6417,0,23301,876
2026-08-05T00:00:00,46,881,6417,0,23301,881
2026-08-05T00:00:00,47,893,6417,0,23301,893
2026-08-05T00:00:00,48,913,6417,0,23301,913
2026-07-23T00:00:00,5,529,6417,0,23301,529
2026-07-23T00:00:00,6,529,6417,0,23301,529
2026-07-23T00:00:00,7,529,6417,0,23301,529
2026-07-23T00:00:00,8,530,6417,0,23301,530
2026-07-23T00:00:00,9,542,6417,0,23301,542
2026-07-23T00:00:00,10,560,6417,0,23301,560
2026-07-23T00:00:00,11,570,6417,93,23301,663
2026-07-23T00:00:00,12,571,6417,253,23301,824
2026-07-23T00:00:00,13,562,6417,621,23301,1183
2026-07-23T00:00:00,14,543,6417,1586,23301,2129
2026-07-23T00:00:00,15,529,6417,2472,23301,3001
2026-07-23T00:00:00,16,524,6417,3477,23301,4001
2026-07-23T00:00:00,17,521,6417,4584,23301,5105
2026-07-23T00:00:00,18,514,6417,5853,23301,6367
2026-07-23T00:00:00,19,510,6417,7140,23301,7650
2026-07-23T00:00:00,20,509,6417,8162,23301,8671
2026-07-23T00:00:00,21,514,6417,8954,23301,9468
2026-07-23T00:00:00,22,526,6417,9258,23301,9784
2026-07-23T00:00:00,23,536,6417,9461,23301,9997
2026-07-23T00:00:00,24,545,6417,9401,23301,9946
2026-07-23T00:00:00,25,562,6417,9327,23301,9889
2026-07-23T00:00:00,26,587,6417,9281,23301,9868
2026-07-23T00:00:00,27,621,6417,9225,23301,9846
2026-07-23T00:00:00,28,660,6417,9179,23301,9839
2026-07-23T00:00:00,29,697,6417,9121,23301,9818
2026-07-23T00:00:00,30,734,6417,9012,23301,9746
2026-07-23T00:00:00,31,773,6417,8803,23301,9576
2026-07-23T00:00:00,32,813,6417,8334,23301,9147
2026-07-23T00:00:00,33,849,6417,7744,23301,8593
2026-07-23T00:00:00,34,879,6417,6980,23301,7859
2026-07-23T00:00:00,35,902,6417,6095,23301,6997
2026-07-23T00:00:00,36,917,6417,5068,23301,5985
2026-07-23T00:00:00,37,928,6417,4150,23301,5078
2026-07-23T00:00:00,38,935,6417,3360,23301,4295
2026-07-23T00:00:00,39,934,6417,2656,23301,3590
2026-07-23T00:00:00,40,925,6417,1701,23301,2626
2026-07-23T00:00:00,41,926,6417,903,23301,1829
2026-07-23T00:00:00,42,938,6417,365,23301,1303
2026-07-23T00:00:00,43,957,6417,84,23301,1041
2026-07-23T00:00:00,44,982,6417,19,23301,1001
2026-07-23T00:00:00,45,995,6417,0,23301,995
2026-07-23T00:00:00,46,991,6417,0,23301,991
2026-07-23T00:00:00,47,989,6417,0,23301,989
2026-07-23T00:00:00,48,981,6417,0,23301,981
2026-07-24T00:00:00,1,975,6417,0,23301,975
2026-07-24T00:00:00,2,965,6417,0,23301,965
2026-07-24T00:00:00,3,959,6417,0,23301,959
2026-07-24T00:00:00,4,953,6417,0,23301,953
2026-07-24T00:00:00,5,950,6417,0,23301,950
2026-07-24T00:00:00,6,949,6417,0,23301,949
2026-07-24T00:00:00,7,953,6417,0,23301,953
2026-07-24T00:00:00,8,961,6417,0,23301,961
2026-07-24T00:00:00,9,970,6417,0,23301,970
2026-07-24T00:00:00,10,981,6417,1,23301,982
2026-07-24T00:00:00,11,986,6417,95,23301,1081
2026-07-24T00:00:00,12,988,6417,265,23301,1253
2026-07-24T00:00:00,13,972,6417,660,23301,1632
2026-07-24T00:00:00,14,943,6417,1679,23301,2622
2026-07-24T00:00:00,15,962,6417,2648,23301,3610
2026-07-24T00:00:00,16,1032,6417,3686,23301,4718
2026-07-24T00:00:00,17,1119,6417,4854,23301,5973
2026-07-24T00:00:00,18,1222,6417,6185,23301,7407
2026-07-24T00:00:00,19,1312,6417,7598,23301,8910
2026-07-24T00:00:00,20,1387,6417,8821,23301,10208
2026-07-24T00:00:00,21,1450,6417,9799,23301,11249
2026-07-24T00:00:00,22,1499,6417,10431,23301,11930
2026-07-24T00:00:00,23,1548,6417,10940,23301,12488
2026-07-24T00:00:00,24,1597,6417,11091,23301,12688
2026-07-24T00:00:00,25,1649,6417,11193,23301,12842
2026-07-24T00:00:00,26,1704,6417,11142,23301,12846
2026-07-24T00:00:00,27,1758,6417,11118,23301,12876
2026-07-24T00:00:00,28,1810,6417,11015,23301,12825
2026-07-24T00:00:00,29,1858,6417,10879,23301,12737
2026-07-24T00:00:00,30,1901,6417,10610,23301,12511
2026-07-24T00:00:00,31,1936,6417,10246,23301,12182
2026-07-24T00:00:00,32,1964,6417,9575,23301,11539
2026-07-24T00:00:00,33,1978,6417,8790,23301,10768
2026-07-24T00:00:00,34,1977,6417,7891,23301,9868
2026-07-24T00:00:00,35,1962,6417,6884,23301,8846
2026-07-24T00:00:00,36,1934,6417,5668,23301,7602
2026-07-24T00:00:00,37,1889,6417,4605,23301,6494
2026-07-24T00:00:00,38,1829,6417,3728,23301,5557
2026-07-24T00:00:00,39,1751,6417,2915,23301,4666
2026-07-24T00:00:00,40,1661,6417,1866,23301,3527
2026-07-24T00:00:00,41,1597,6417,1021,23301,2618
2026-07-24T00:00:00,42,1564,6417,385,23301,1949
2026-07-24T00:00:00,43,1558,6417,79,23301,1637
2026-07-24T00:00:00,44,1578,6417,17,23301,1595
2026-07-24T00:00:00,45,1591,6417,0,23301,1591
2026-07-24T00:00:00,46,1592,6417,0,23301,1592
2026-07-24T00:00:00,47,1594,6417,0,23301,1594
2026-07-24T00:00:00,48,1591,6417,0,23301,1591
2026-07-25T00:00:00,1,1599,6417,0,23301,1599
2026-07-25T00:00:00,2,1617,6417,0,23301,1617
2026-07-25T00:00:00,3,1646,6417,0,23301,1646
2026-07-25T00:00:00,4,1687,6417,0,23301,1687
2026-07-25T00:00:00,5,1729,6417,0,23301,1729
2026-07-25T00:00:00,6,1770,6417,0,23301,1770
2026-07-25T00:00:00,7,1812,6417,0,23301,1812
2026-07-25T00:00:00,8,1852,6417,0,23301,1852
2026-07-25T00:00:00,9,1893,6417,0,23301,1893
2026-07-25T00:00:00,10,1934,6417,0,23301,1934
2026-07-25T00:00:00,11,1974,6417,95,23301,2069
2026-07-25T00:00:00,12,2012,6417,260,23301,2272
2026-07-25T00:00:00,13,2027,6417,659,23301,2686
2026-07-25T00:00:00,14,2022,6417,1626,23301,3648
2026-07-25T00:00:00,15,2029,6417,2609,23301,4638
2026-07-25T00:00:00,16,2054,6417,3581,23301,5635
2026-07-25T00:00:00,17,2123,6417,4645,23301,6768
2026-07-25T00:00:00,18,2241,6417,5819,23301,8060
2026-07-25T00:00:00,19,2353,6417,7055,23301,9408
2026-07-25T00:00:00,20,2463,6417,8081,23301,10544
2026-07-25T00:00:00,21,2563,6417,8923,23301,11486
2026-07-25T00:00:00,22,2650,6417,9626,23301,12276
2026-07-25T00:00:00,23,2721,6417,10216,23301,12937
2026-07-25T00:00:00,24,2772,6417,10550,23301,13322
2026-07-25T00:00:00,25,2822,6417,10800,23301,13622
2026-07-25T00:00:00,26,2870,6417,10869,23301,13739
2026-07-25T00:00:00,27,2912,6417,10853,23301,13765
2026-07-25T00:00:00,28,2948,6417,10616,23301,13564
2026-07-25T00:00:00,29,2971,6417,10312,23301,13283
2026-07-25T00:00:00,30,2982,6417,9819,23301,12801
2026-07-25T00:00:00,31,2968,6417,9239,23301,12207
2026-07-25T00:00:00,32,2929,6417,8444,23301,11373
2026-07-25T00:00:00,33,2875,6417,7569,23301,10444
2026-07-25T00:00:00,34,2808,6417,6638,23301,9446
2026-07-25T00:00:00,35,2729,6417,5582,23301,8311
2026-07-25T00:00:00,36,2635,6417,4439,23301,7074
2026-07-25T00:00:00,37,2523,6417,3454,23301,5977
2026-07-25T00:00:00,38,2402,6417,2679,23301,5081
2026-07-25T00:00:00,39,2264,6417,2019,23301,4283
2026-07-25T00:00:00,40,2115,6417,1212,23301,3327
2026-07-25T00:00:00,41,1985,6417,571,23301,2556
2026-07-25T00:00:00,42,1875,6417,242,23301,2117
2026-07-25T00:00:00,43,1794,6417,46,23301,1840
2026-07-25T00:00:00,44,1737,6417,8,23301,1745
2026-07-25T00:00:00,45,1697,6417,0,23301,1697
2026-07-25T00:00:00,46,1670,6417,0,23301,1670
2026-07-25T00:00:00,47,1647,6417,0,23301,1647
2026-07-25T00:00:00,48,1624,6417,0,23301,1624
2026-07-26T00:00:00,1,1604,6417,0,23301,1604
2026-07-26T00:00:00,2,1584,6417,0,23301,1584
2026-07-26T00:00:00,3,1568,6417,0,23301,1568
2026-07-26T00:00:00,4,1553,6417,0,23301,1553
2026-07-26T00:00:00,5,1539,6417,0,23301,1539
2026-07-26T00:00:00,6,1526,6417,0,23301,1526
2026-07-26T00:00:00,7,1515,6417,0,23301,1515
2026-07-26T00:00:00,8,1507,6417,0,23301,1507
2026-07-26T00:00:00,9,1499,6417,0,23301,1499
2026-07-26T00:00:00,10,1492,6417,0,23301,1492
2026-07-26T00:00:00,11,1478,6417,78,23301,1556
2026-07-26T00:00:00,12,1457,6417,173,23301,1630
2026-07-26T00:00:00,13,1421,6417,401,23301,1822
2026-07-26T00:00:00,14,1377,6417,1045,23301,2422
2026-07-26T00:00:00,15,1359,6417,1740,23301,3099
2026-07-26T00:00:00,16,1360,6417,2384,23301,3744
2026-07-26T00:00:00,17,1368,6417,3142,23301,4510
2026-07-26T00:00:00,18,1383,6417,3997,23301,5380
2026-07-26T00:00:00,19,1413,6417,4895,23301,6308
2026-07-26T00:00:00,20,1458,6417,5671,23301,7129
2026-07-26T00:00:00,21,1493,6417,6277,23301,7770
2026-07-26T00:00:00,22,1517,6417,6783,23301,8300
2026-07-26T00:00:00,23,1553,6417,7175,23301,8728
2026-07-26T00:00:00,24,1601,6417,7432,23301,9033
2026-07-26T00:00:00,25,1658,6417,7639,23301,9297
2026-07-26T00:00:00,26,1728,6417,7764,23301,9492
2026-07-26T00:00:00,27,1774,6417,7849,23301,9623
2026-07-26T00:00:00,28,1800,6417,7896,23301,9696
2026-07-26T00:00:00,29,1832,6417,7893,23301,9725
2026-07-26T00:00:00,30,1867,6417,7784,23301,9651
2026-07-26T00:00:00,31,1911,6417,7591,23301,9502
2026-07-26T00:00:00,32,1963,6417,7191,23301,9154
2026-07-26T00:00:00,33,1973,6417,6687,23301,8660
2026-07-26T00:00:00,34,1942,6417,5981,23301,7923
2026-07-26T00:00:00,35,1915,6417,5140,23301,7055
2026-07-26T00:00:00,36,1892,6417,4218,23301,6110
2026-07-26T00:00:00,37,1873,6417,3355,23301,5228
2026-07-26T00:00:00,38,1857,6417,2678,23301,4535
2026-07-26T00:00:00,39,1803,6417,2106,23301,3909
2026-07-26T00:00:00,40,1712,6417,1241,23301,2953
2026-07-26T00:00:00,41,1642,6417,614,23301,2256
2026-07-26T00:00:00,42,1593,6417,250,23301,1843
2026-07-26T00:00:00,43,1569,6417,48,23301,1617
2026-07-26T00:00:00,44,1570,6417,7,23301,1577
2026-07-26T00:00:00,45,1569,6417,0,23301,1569
2026-07-26T00:00:00,46,1562,6417,0,23301,1562
2026-07-26T00:00:00,47,1561,6417,0,23301,1561
2026-07-26T00:00:00,48,1567,6417,0,23301,1567
2026-07-27T00:00:00,1,1585,6417,0,23301,1585
2026-07-27T00:00:00,2,1615,6417,0,23301,1615
2026-07-27T00:00:00,3,1626,6417,0,23301,1626
2026-07-27T00:00:00,4,1610,6417,0,23301,1610
2026-07-27T00:00:00,5,1600,6417,0,23301,1600
2026-07-27T00:00:00,6,1597,6417,0,23301,1597
2026-07-27T00:00:00,7,1601,6417,0,23301,1601
2026-07-27T00:00:00,8,1613,6417,0,23301,1613
2026-07-27T00:00:00,9,1592,6417,0,23301,1592
2026-07-27T00:00:00,10,1533,6417,0,23301,1533
2026-07-27T00:00:00,11,1477,6417,69,23301,1546
2026-07-27T00:00:00,12,1424,6417,175,23301,1599
2026-07-27T00:00:00,13,1371,6417,511,23301,1882
2026-07-27T00:00:00,14,1319,6417,1467,23301,2786
2026-07-27T00:00:00,15,1299,6417,2507,23301,3806
2026-07-27T00:00:00,16,1310,6417,3317,23301,4627
2026-07-27T00:00:00,17,1329,6417,4387,23301,5716
2026-07-27T00:00:00,18,1355,6417,5409,23301,6764
2026-07-27T00:00:00,19,1389,6417,6450,23301,7839
2026-07-27T00:00:00,20,1429,6417,7492,23301,8921
2026-07-27T00:00:00,21,1462,6417,8290,23301,9752
2026-07-27T00:00:00,22,1490,6417,8958,23301,10448
2026-07-27T00:00:00,23,1532,6417,9439,23301,10971
2026-07-27T00:00:00,24,1588,6417,9799,23301,11387
2026-07-27T00:00:00,25,1655,6417,10121,23301,11776
2026-07-27T00:00:00,26,1736,6417,10394,23301,12130
2026-07-27T00:00:00,27,1785,6417,10605,23301,12390
2026-07-27T00:00:00,28,1805,6417,10680,23301,12485
2026-07-27T00:00:00,29,1837,6417,10653,23301,12490
2026-07-27T00:00:00,30,1881,6417,10459,23301,12340
2026-07-27T00:00:00,31,1936,6417,10055,23301,11991
2026-07-27T00:00:00,32,2001,6417,9459,23301,11460
2026-07-27T00:00:00,33,1995,6417,8585,23301,10580
2026-07-27T00:00:00,34,1920,6417,7315,23301,9235
2026-07-27T00:00:00,35,1859,6417,6140,23301,7999
2026-07-27T00:00:00,36,1814,6417,5077,23301,6891
2026-07-27T00:00:00,37,1784,6417,3729,23301,5513
2026-07-27T00:00:00,38,1772,6417,2786,23301,4558
2026-07-27T00:00:00,39,1730,6417,2068,23301,3798
2026-07-27T00:00:00,40,1664,6417,862,23301,2526
2026-07-27T00:00:00,41,1621,6417,282,23301,1903
2026-07-27T00:00:00,42,1601,6417,116,23301,1717
2026-07-27T00:00:00,43,1604,6417,36,23301,1640
2026-07-27T00:00:00,44,1629,6417,1,23301,1630
2026-07-27T00:00:00,45,1630,6417,0,23301,1630
2026-07-27T00:00:00,46,1604,6417,0,23301,1604
2026-07-27T00:00:00,47,1594,6417,0,23301,1594
2026-07-27T00:00:00,48,1600,6417,0,23301,1600
2026-07-28T00:00:00,1,1624,6417,0,23301,1624
2026-07-28T00:00:00,2,1665,6417,0,23301,1665
2026-07-28T00:00:00,3,1671,6417,0,23301,1671
2026-07-28T00:00:00,4,1639,6417,0,23301,1639
2026-07-28T00:00:00,5,1620,6417,0,23301,1620
2026-07-28T00:00:00,6,1615,6417,0,23301,1615
2026-07-28T00:00:00,7,1624,6417,0,23301,1624
2026-07-28T00:00:00,8,1645,6417,0,23301,1645
2026-07-28T00:00:00,9,1643,6417,0,23301,1643
2026-07-28T00:00:00,10,1615,6417,0,23301,1615
2026-07-28T00:00:00,11,1599,6417,60,23301,1659
2026-07-28T00:00:00,12,1594,6417,120,23301,1714
2026-07-28T00:00:00,13,1600,6417,358,23301,1958
2026-07-28T00:00:00,14,1616,6417,1106,23301,2722
2026-07-28T00:00:00,15,1631,6417,2101,23301,3732
2026-07-28T00:00:00,16,1645,6417,2704,23301,4349
2026-07-28T00:00:00,17,1673,6417,3682,23301,5355
2026-07-28T00:00:00,18,1713,6417,4707,23301,6420
2026-07-28T00:00:00,19,1766,6417,5738,23301,7504
2026-07-28T00:00:00,20,1831,6417,6954,23301,8785
2026-07-28T00:00:00,21,1884,6417,8042,23301,9926
2026-07-28T00:00:00,22,1927,6417,9027,23301,10954
2026-07-28T00:00:00,23,1983,6417,9605,23301,11588
2026-07-28T00:00:00,24,2051,6417,10016,23301,12067
2026-07-28T00:00:00,25,2131,6417,10241,23301,12372
2026-07-28T00:00:00,26,2223,6417,10344,23301,12567
2026-07-28T00:00:00,27,2241,6417,10321,23301,12562
2026-07-28T00:00:00,28,2182,6417,10226,23301,12408
2026-07-28T00:00:00,29,2128,6417,10070,23301,12198
2026-07-28T00:00:00,30,2080,6417,9788,23301,11868
2026-07-28T00:00:00,31,2038,6417,9365,23301,11403
2026-07-28T00:00:00,32,2002,6417,8937,23301,10939
2026-07-28T00:00:00,33,1973,6417,8195,23301,10168
2026-07-28T00:00:00,34,1952,6417,7020,23301,8972
2026-07-28T00:00:00,35,1938,6417,6068,23301,8006
2026-07-28T00:00:00,36,1931,6417,5228,23301,7159
2026-07-28T00:00:00,37,1931,6417,3998,23301,5929
2026-07-28T00:00:00,38,1937,6417,3151,23301,5088
2026-07-28T00:00:00,39,1903,6417,2584,23301,4487
2026-07-28T00:00:00,40,1827,6417,1442,23301,3269
2026-07-28T00:00:00,41,1757,6417,733,23301,2490
2026-07-28T00:00:00,42,1693,6417,334,23301,2027
2026-07-28T00:00:00,43,1637,6417,70,23301,1707
2026-07-28T00:00:00,44,1589,6417,0,23301,1589
2026-07-28T00:00:00,45,1550,6417,0,23301,1550
2026-07-28T00:00:00,46,1519,6417,0,23301,1519
2026-07-28T00:00:00,47,1497,6417,0,23301,1497
2026-07-28T00:00:00,48,1483,6417,0,23301,1483
2026-07-29T00:00:00,1,1479,6417,0,23301,1479
2026-07-29T00:00:00,2,1482,6417,0,23301,1482
2026-07-29T00:00:00,3,1449,6417,0,23301,1449
2026-07-29T00:00:00,4,1379,6417,0,23301,1379
2026-07-29T00:00:00,5,1315,6417,0,23301,1315
2026-07-29T00:00:00,6,1258,6417,0,23301,1258
2026-07-29T00:00:00,7,1208,6417,0,23301,1208
2026-07-29T00:00:00,8,1165,6417,0,23301,1165
2026-07-29T00:00:00,9,1129,6417,0,23301,1129
2026-07-29T00:00:00,10,1100,6417,0,23301,1100
2026-07-29T00:00:00,11,1077,6417,192,23301,1269
2026-07-29T00:00:00,12,1061,6417,549,23301,1610
2026-07-29T00:00:00,13,1050,6417,1109,23301,2159
2026-07-29T00:00:00,14,1046,6417,1969,23301,3015
2026-07-29T00:00:00,15,1039,6417,2928,23301,3967
2026-07-29T00:00:00,16,1030,6417,3595,23301,4625
2026-07-29T00:00:00,17,1028,6417,4579,23301,5607
2026-07-29T00:00:00,18,1033,6417,5557,23301,6590
2026-07-29T00:00:00,19,1045,6417,6527,23301,7572
2026-07-29T00:00:00,20,1064,6417,7627,23301,8691
2026-07-29T00:00:00,21,1090,6417,8533,23301,9623
2026-07-29T00:00:00,22,1124,6417,9308,23301,10432
2026-07-29T00:00:00,23,1164,6417,9742,23301,10906
2026-07-29T00:00:00,24,1212,6417,10091,23301,11303
2026-07-29T00:00:00,25,1268,6417,10337,23301,11605
2026-07-29T00:00:00,26,1330,6417,10508,23301,11838
2026-07-29T00:00:00,27,1337,6417,10582,23301,11919
2026-07-29T00:00:00,28,1288,6417,10565,23301,11853
2026-07-29T00:00:00,29,1246,6417,10468,23301,11714
2026-07-29T00:00:00,30,1213,6417,10266,23301,11479
2026-07-29T00:00:00,31,1187,6417,9911,23301,11098
2026-07-29T00:00:00,32,1168,6417,9500,23301,10668
2026-07-29T00:00:00,33,1157,6417,8778,23301,9935
2026-07-29T00:00:00,34,1154,6417,7623,23301,8777
2026-07-29T00:00:00,35,1158,6417,6651,23301,7809
2026-07-29T00:00:00,36,1169,6417,5732,23301,6901
2026-07-29T00:00:00,37,1189,6417,4399,23301,5588
2026-07-29T00:00:00,38,1215,6417,3485,23301,4700
2026-07-29T00:00:00,39,1191,6417,2839,23301,4030
2026-07-29T00:00:00,40,1118,6417,1634,23301,2752
2026-07-29T00:00:00,41,1055,6417,849,23301,1904
2026-07-29T00:00:00,42,1003,6417,400,23301,1403
2026-07-29T00:00:00,43,960,6417,41,23301,1001
2026-07-29T00:00:00,44,927,6417,0,23301,927
2026-07-29T00:00:00,45,903,6417,0,23301,903
2026-07-29T00:00:00,46,889,6417,0,23301,889
2026-07-29T00:00:00,47,883,6417,0,23301,883
2026-07-29T00:00:00,48,887,6417,0,23301,887
2026-07-30T00:00:00,1,901,6417,0,23301,901
2026-07-30T00:00:00,2,926,6417,0,23301,926
2026-07-30T00:00:00,3,916,6417,0,23301,916
2026-07-30T00:00:00,4,870,6417,0,23301,870
2026-07-30T00:00:00,5,830,6417,0,23301,830
2026-07-30T00:00:00,6,796,6417,0,23301,796
2026-07-30T00:00:00,7,768,6417,0,23301,768
2026-07-30T00:00:00,8,746,6417,0,23301,746
2026-07-30T00:00:00,9,729,6417,0,23301,729
2026-07-30T00:00:00,10,719,6417,0,23301,719
2026-07-30T00:00:00,11,713,6417,215,23301,928
2026-07-30T00:00:00,12,713,6417,635,23301,1348
2026-07-30T00:00:00,13,718,6417,1261,23301,1979
2026-07-30T00:00:00,14,728,6417,2145,23301,2873
2026-07-30T00:00:00,15,724,6417,3166,23301,3890
2026-07-30T00:00:00,16,709,6417,3901,23301,4610
2026-07-30T00:00:00,17,700,6417,4901,23301,5601
2026-07-30T00:00:00,18,697,6417,5947,23301,6644
2026-07-30T00:00:00,19,701,6417,6921,23301,7622
2026-07-30T00:00:00,20,711,6417,8004,23301,8715
2026-07-30T00:00:00,21,726,6417,8905,23301,9631
2026-07-30T00:00:00,22,747,6417,9610,23301,10357
2026-07-30T00:00:00,23,775,6417,9964,23301,10739
2026-07-30T00:00:00,24,808,6417,10224,23301,11032
2026-07-30T00:00:00,25,847,6417,10414,23301,11261
2026-07-30T00:00:00,26,893,6417,10543,23301,11436
2026-07-30T00:00:00,27,903,6417,10545,23301,11448
2026-07-30T00:00:00,28,876,6417,10456,23301,11332
2026-07-30T00:00:00,29,855,6417,10301,23301,11156
2026-07-30T00:00:00,30,842,6417,10042,23301,10884
2026-07-30T00:00:00,31,834,6417,9666,23301,10500
2026-07-30T00:00:00,32,833,6417,9237,23301,10070
2026-07-30T00:00:00,33,838,6417,8477,23301,9315
2026-07-30T00:00:00,34,850,6417,7342,23301,8192
2026-07-30T00:00:00,35,869,6417,6369,23301,7238
2026-07-30T00:00:00,36,895,6417,5481,23301,6376
2026-07-30T00:00:00,37,930,6417,4179,23301,5109
2026-07-30T00:00:00,38,973,6417,3308,23301,4281
2026-07-30T00:00:00,39,969,6417,2697,23301,3666
2026-07-30T00:00:00,40,917,6417,1515,23301,2432
2026-07-30T00:00:00,41,876,6417,756,23301,1632
2026-07-30T00:00:00,42,843,6417,357,23301,1200
2026-07-30T00:00:00,43,819,6417,36,23301,855
2026-07-30T00:00:00,44,805,6417,0,23301,805
2026-07-30T00:00:00,45,799,6417,0,23301,799
2026-07-30T00:00:00,46,802,6417,0,23301,802
2026-07-30T00:00:00,47,814,6417,0,23301,814
2026-07-30T00:00:00,48,837,6417,0,23301,837
2026-07-31T00:00:00,1,870,6417,0,23301,870
2026-07-31T00:00:00,2,916,6417,0,23301,916
2026-07-31T00:00:00,3,922,6417,0,23301,922
2026-07-31T00:00:00,4,885,6417,0,23301,885
2026-07-31T00:00:00,5,855,6417,0,23301,855
2026-07-31T00:00:00,6,831,6417,0,23301,831
2026-07-31T00:00:00,7,814,6417,0,23301,814
2026-07-31T00:00:00,8,804,6417,0,23301,804
2026-07-31T00:00:00,9,799,6417,0,23301,799
2026-07-31T00:00:00,10,801,6417,0,23301,801
2026-07-31T00:00:00,11,809,6417,166,23301,975
2026-07-31T00:00:00,12,823,6417,580,23301,1403
2026-07-31T00:00:00,13,844,6417,1166,23301,2010
2026-07-31T00:00:00,14,870,6417,1982,23301,2852
2026-07-31T00:00:00,15,874,6417,2992,23301,3866
2026-07-31T00:00:00,16,856,6417,3705,23301,4561
2026-07-31T00:00:00,17,846,6417,4619,23301,5465
2026-07-31T00:00:00,18,842,6417,5687,23301,6529
2026-07-31T00:00:00,19,845,6417,6633,23301,7478
2026-07-31T00:00:00,20,854,6417,7661,23301,8515
2026-07-31T00:00:00,21,868,6417,8553,23301,9421
2026-07-31T00:00:00,22,889,6417,9245,23301,10134
2026-07-31T00:00:00,23,916,6417,9596,23301,10512
2026-07-31T00:00:00,24,948,6417,9852,23301,10800
2026-07-31T00:00:00,25,986,6417,10041,23301,11027
2026-07-31T00:00:00,26,1030,6417,10172,23301,11202
2026-07-31T00:00:00,27,1042,6417,10209,23301,11251
2026-07-31T00:00:00,28,1023,6417,10139,23301,11162
2026-07-31T00:00:00,29,1010,6417,10004,23301,11014
2026-07-31T00:00:00,30,1003,6417,9771,23301,10774
2026-07-31T00:00:00,31,1002,6417,9405,23301,10407
2026-07-31T00:00:00,32,1006,6417,8994,23301,10000
2026-07-31T00:00:00,33,1017,6417,8229,23301,9246
2026-07-31T00:00:00,34,1033,6417,7130,23301,8163
2026-07-31T00:00:00,35,1055,6417,6182,23301,7237
2026-07-31T00:00:00,36,1084,6417,5347,23301,6431
2026-07-31T00:00:00,37,1119,6417,4087,23301,5206
2026-07-31T00:00:00,38,1162,6417,3219,23301,4381
2026-07-31T00:00:00,39,1164,6417,2605,23301,3769
2026-07-31T00:00:00,40,1127,6417,1444,23301,2571
2026-07-31T00:00:00,41,1100,6417,697,23301,1797
2026-07-31T00:00:00,42,1083,6417,337,23301,1420
2026-07-31T00:00:00,43,1074,6417,33,23301,1107
2026-07-31T00:00:00,44,1075,6417,0,23301,1075
2026-07-31T00:00:00,45,1084,6417,0,23301,1084
2026-07-31T00:00:00,46,1102,6417,0,23301,1102
2026-07-31T00:00:00,47,1130,6417,0,23301,1130
2026-07-31T00:00:00,48,1167,6417,0,23301,1167
2026-08-01T00:00:00,1,1216,6417,0,23301,1216
2026-08-01T00:00:00,2,1275,6417,0,23301,1275
2026-08-01T00:00:00,3,1284,6417,0,23301,1284
2026-08-01T00:00:00,4,1238,6417,0,23301,1238
2026-08-01T00:00:00,5,1199,6417,0,23301,1199
2026-08-01T00:00:00,6,1167,6417,0,23301,1167
2026-08-01T00:00:00,7,1143,6417,0,23301,1143
2026-08-01T00:00:00,8,1125,6417,0,23301,1125
2026-08-01T00:00:00,9,1115,6417,0,23301,1115
2026-08-01T00:00:00,10,1112,6417,0,23301,1112
2026-08-01T00:00:00,11,1116,6417,152,23301,1268
2026-08-01T00:00:00,12,1128,6417,539,23301,1667
2026-08-01T00:00:00,13,1148,6417,1085,23301,2233
2026-08-01T00:00:00,14,1177,6417,1852,23301,3029
2026-08-01T00:00:00,15,1175,6417,2878,23301,4053
2026-08-01T00:00:00,16,1143,6417,3552,23301,4695
2026-08-01T00:00:00,17,1120,6417,4382,23301,5502
2026-08-01T00:00:00,18,1105,6417,5478,23301,6583
2026-08-01T00:00:00,19,1098,6417,6410,23301,7508
2026-08-01T00:00:00,20,1099,6417,7431,23301,8530
2026-08-01T00:00:00,21,1107,6417,8355,23301,9462
2026-08-01T00:00:00,22,1122,6417,9101,23301,10223
2026-08-01T00:00:00,23,1144,6417,9491,23301,10635
2026-08-01T00:00:00,24,1173,6417,9816,23301,10989
2026-08-01T00:00:00,25,1210,6417,10065,23301,11275
2026-08-01T00:00:00,26,1253,6417,10214,23301,11467
2026-08-01T00:00:00,27,1257,6417,10266,23301,11523
2026-08-01T00:00:00,28,1222,6417,10223,23301,11445
2026-08-01T00:00:00,29,1193,6417,10109,23301,11302
2026-08-01T00:00:00,30,1171,6417,9883,23301,11054
2026-08-01T00:00:00,31,1156,6417,9523,23301,10679
2026-08-01T00:00:00,32,1146,6417,9109,23301,10255
2026-08-01T00:00:00,33,1143,6417,8294,23301,9437
2026-08-01T00:00:00,34,1147,6417,7168,23301,8315
2026-08-01T00:00:00,35,1156,6417,6180,23301,7336
2026-08-01T00:00:00,36,1173,6417,5378,23301,6551
2026-08-01T00:00:00,37,1196,6417,4113,23301,5309
2026-08-01T00:00:00,38,1226,6417,3251,23301,4477
2026-08-01T00:00:00,39,1221,6417,2624,23301,3845
2026-08-01T00:00:00,40,1182,6417,1432,23301,2614
2026-08-01T00:00:00,41,1150,6417,693,23301,1843
2026-08-01T00:00:00,42,1127,6417,330,23301,1457
2026-08-01T00:00:00,43,1111,6417,16,23301,1127
2026-08-01T00:00:00,44,1102,6417,0,23301,1102
2026-08-01T00:00:00,45,1101,6417,0,23301,1101
2026-08-01T00:00:00,46,1108,6417,0,23301,1108
2026-08-01T00:00:00,47,1122,6417,0,23301,1122
2026-08-01T00:00:00,48,1145,6417,0,23301,1145
2026-08-02T00:00:00,1,1176,6417,0,23301,1176
2026-08-02T00:00:00,2,1216,6417,0,23301,1216
2026-08-02T00:00:00,3,1216,6417,0,23301,1216
2026-08-02T00:00:00,4,1173,6417,0,23301,1173
2026-08-02T00:00:00,5,1137,6417,0,23301,1137
2026-08-02T00:00:00,6,1107,6417,0,23301,1107
2026-08-02T00:00:00,7,1083,6417,0,23301,1083
2026-08-02T00:00:00,8,1067,6417,0,23301,1067
2026-08-02T00:00:00,9,1056,6417,0,23301,1056
2026-08-02T00:00:00,10,1052,6417,0,23301,1052
2026-08-02T00:00:00,11,1054,6417,143,23301,1197
2026-08-02T00:00:00,12,1063,6417,511,23301,1574
2026-08-02T00:00:00,13,1078,6417,992,23301,2070
2026-08-02T00:00:00,14,1099,6417,1753,23301,2852
2026-08-02T00:00:00,15,1096,6417,2764,23301,3860
2026-08-02T00:00:00,16,1069,6417,3391,23301,4460
2026-08-02T00:00:00,17,1050,6417,4192,23301,5242
2026-08-02T00:00:00,18,1038,6417,5264,23301,6302
2026-08-02T00:00:00,19,1033,6417,6187,23301,7220
2026-08-02T00:00:00,20,1036,6417,7222,23301,8258
2026-08-02T00:00:00,21,1045,6417,8121,23301,9166
2026-08-02T00:00:00,22,1062,6417,8869,23301,9931
2026-08-02T00:00:00,23,1086,6417,9246,23301,10332
2026-08-02T00:00:00,24,1117,6417,9564,23301,10681
2026-08-02T00:00:00,25,1156,6417,9806,23301,10962
2026-08-02T00:00:00,26,1201,6417,9965,23301,11166
2026-08-02T00:00:00,27,1205,6417,10036,23301,11241
2026-08-02T00:00:00,28,1168,6417,10006,23301,11174
2026-08-02T00:00:00,29,1138,6417,9916,23301,11054
2026-08-02T00:00:00,30,1116,6417,9724,23301,10840
2026-08-02T00:00:00,31,1101,6417,9389,23301,10490
2026-08-02T00:00:00,32,1094,6417,8998,23301,10092
2026-08-02T00:00:00,33,1093,6417,8190,23301,9283
2026-08-02T00:00:00,34,1101,6417,7080,23301,8181
2026-08-02T00:00:00,35,1116,6417,6113,23301,7229
2026-08-02T00:00:00,36,1140,6417,5295,23301,6435
2026-08-02T00:00:00,37,1173,6417,4049,23301,5222
2026-08-02T00:00:00,38,1214,6417,3204,23301,4418
2026-08-02T00:00:00,39,1209,6417,2579,23301,3788
2026-08-02T00:00:00,40,1157,6417,1406,23301,2563
2026-08-02T00:00:00,41,1114,6417,663,23301,1777
2026-08-02T00:00:00,42,1081,6417,318,23301,1399
2026-08-02T00:00:00,43,1056,6417,16,23301,1072
2026-08-02T00:00:00,44,1040,6417,0,23301,1040
2026-08-02T00:00:00,45,1032,6417,0,23301,1032
2026-08-02T00:00:00,46,1034,6417,0,23301,1034
2026-08-02T00:00:00,47,1044,6417,0,23301,1044
2026-08-02T00:00:00,48,1065,6417,0,23301,1065
2026-08-03T00:00:00,1,1096,6417,0,23301,1096
2026-08-03T00:00:00,2,1138,6417,0,23301,1138
2026-08-03T00:00:00,3,1138,6417,0,23301,1138
2026-08-03T00:00:00,4,1092,6417,0,23301,1092
2026-08-03T00:00:00,5,1052,6417,0,23301,1052
2026-08-03T00:00:00,6,1020,6417,0,23301,1020
2026-08-03T00:00:00,7,993,6417,0,23301,993
2026-08-03T00:00:00,8,973,6417,0,23301,973
2026-08-03T00:00:00,9,960,6417,0,23301,960
2026-08-03T00:00:00,10,952,6417,0,23301,952
2026-08-03T00:00:00,11,952,6417,103,23301,1055
2026-08-03T00:00:00,12,957,6417,505,23301,1462
2026-08-03T00:00:00,13,970,6417,966,23301,1936
2026-08-03T00:00:00,14,989,6417,1704,23301,2693
2026-08-03T00:00:00,15,983,6417,2754,23301,3737
2026-08-03T00:00:00,16,954,6417,3360,23301,4314
2026-08-03T00:00:00,17,933,6417,4165,23301,5098
2026-08-03T00:00:00,18,920,6417,5230,23301,6150
2026-08-03T00:00:00,19,914,6417,6124,23301,7038
2026-08-03T00:00:00,20,915,6417,7185,23301,8100
2026-08-03T00:00:00,21,923,6417,8100,23301,9023
2026-08-03T00:00:00,22,937,6417,8787,23301,9724
2026-08-03T00:00:00,23,958,6417,9164,23301,10122
2026-08-03T00:00:00,24,984,6417,9441,23301,10425
2026-08-03T00:00:00,25,1017,6417,9653,23301,10670
2026-08-03T00:00:00,26,1056,6417,9800,23301,10856
2026-08-03T00:00:00,27,1060,6417,9858,23301,10918
2026-08-03T00:00:00,28,1029,6417,9825,23301,10854
2026-08-03T00:00:00,29,1003,6417,9717,23301,10720
2026-08-03T00:00:00,30,983,6417,9520,23301,10503
2026-08-03T00:00:00,31,969,6417,9206,23301,10175
2026-08-03T00:00:00,32,961,6417,8827,23301,9788
2026-08-03T00:00:00,33,958,6417,7969,23301,8927
2026-08-03T00:00:00,34,961,6417,6923,23301,7884
2026-08-03T00:00:00,35,970,6417,5951,23301,6921
2026-08-03T00:00:00,36,986,6417,5104,23301,6090
2026-08-03T00:00:00,37,1008,6417,3913,23301,4921
2026-08-03T00:00:00,38,1037,6417,3114,23301,4151
2026-08-03T00:00:00,39,1036,6417,2510,23301,3546
2026-08-03T00:00:00,40,1005,6417,1334,23301,2339
2026-08-03T00:00:00,41,982,6417,632,23301,1614
2026-08-03T00:00:00,42,966,6417,300,23301,1266
2026-08-03T00:00:00,43,957,6417,15,23301,972
2026-08-03T00:00:00,44,955,6417,0,23301,955
2026-08-03T00:00:00,45,960,6417,0,23301,960
2026-08-03T00:00:00,46,973,6417,0,23301,973
2026-08-03T00:00:00,47,992,6417,0,23301,992
2026-08-03T00:00:00,48,1020,6417,0,23301,1020
2026-08-04T00:00:00,1,1055,6417,0,23301,1055
2026-08-04T00:00:00,2,1099,6417,0,23301,1099
2026-08-04T00:00:00,3,1108,6417,0,23301,1108
2026-08-04T00:00:00,4,1079,6417,0,23301,1079
2026-08-04T00:00:00,5,1055,6417,0,23301,1055
2026-08-04T00:00:00,6,1036,6417,0,23301,1036
2026-08-04T00:00:00,7,1021,6417,0,23301,1021
2026-08-04T00:00:00,8,1012,6417,0,23301,1012
2026-08-04T00:00:00,9,1007,6417,0,23301,1007
2026-08-04T00:00:00,10,1008,6417,0,23301,1008
2026-08-04T00:00:00,11,1013,6417,85,23301,1098
2026-08-04T00:00:00,12,1024,6417,488,23301,1512
2026-08-04T00:00:00,13,1039,6417,927,23301,1966
2026-08-04T00:00:00,14,1060,6417,1684,23301,2744
2026-08-04T00:00:00,15,1059,6417,2729,23301,3788
2026-08-04T00:00:00,16,1035,6417,3325,23301,4360
2026-08-04T00:00:00,17,1017,6417,4117,23301,5134
2026-08-04T00:00:00,18,1006,6417,5186,23301,6192
2026-08-04T00:00:00,19,1001,6417,6093,23301,7094
2026-08-04T00:00:00,20,1003,6417,7143,23301,8146
2026-08-04T00:00:00,21,1010,6417,8054,23301,9064
2026-08-04T00:00:00,22,1023,6417,8718,23301,9741
2026-08-04T00:00:00,23,1042,6417,9104,23301,10146
2026-08-04T00:00:00,24,1067,6417,9389,23301,10456
2026-08-04T00:00:00,25,1097,6417,9609,23301,10706
2026-08-04T00:00:00,26,1134,6417,9766,23301,10900
2026-08-04T00:00:00,27,1135,6417,9826,23301,10961
2026-08-04T00:00:00,28,1098,6417,9797,23301,10895
2026-08-04T00:00:00,29,1068,6417,9694,23301,10762
2026-08-04T00:00:00,30,1042,6417,9503,23301,10545
2026-08-04T00:00:00,31,1023,6417,9198,23301,10221
2026-08-04T00:00:00,32,1009,6417,8826,23301,9835
2026-08-04T00:00:00,33,1001,6417,7971,23301,8972
2026-08-04T00:00:00,34,999,6417,6893,23301,7892
2026-08-04T00:00:00,35,1004,6417,5927,23301,6931
2026-08-04T00:00:00,36,1015,6417,5040,23301,6055
2026-08-04T00:00:00,37,1033,6417,3858,23301,4891
2026-08-04T00:00:00,38,1059,6417,3111,23301,4170
2026-08-04T00:00:00,39,1050,6417,2434,23301,3484
2026-08-04T00:00:00,40,1007,6417,1325,23301,2332
2026-08-04T00:00:00,41,970,6417,627,23301,1597
2026-08-04T00:00:00,42,941,6417,296,23301,1237
2026-08-04T00:00:00,43,919,6417,7,23301,926
2026-08-04T00:00:00,44,903,6417,0,23301,903
2026-08-04T00:00:00,45,894,6417,0,23301,894
2026-08-04T00:00:00,46,892,6417,0,23301,892
2026-08-04T00:00:00,47,897,6417,0,23301,897
2026-08-04T00:00:00,48,908,6417,0,23301,908
2026-08-05T00:00:00,1,927,6417,0,23301,927
2026-08-05T00:00:00,2,954,6417,0,23301,954
2026-08-05T00:00:00,3,947,6417,0,23301,947
2026-08-05T00:00:00,4,905,6417,0,23301,905
2026-08-05T00:00:00,5,870,6417,0,23301,870
2026-08-05T00:00:00,6,842,6417,0,23301,842
2026-08-05T00:00:00,7,822,6417,0,23301,822
2026-08-05T00:00:00,8,808,6417,0,23301,808
2026-08-05T00:00:00,9,801,6417,0,23301,801
2026-08-05T00:00:00,10,799,6417,0,23301,799
2026-08-05T00:00:00,11,803,6417,84,23301,887
2026-08-05T00:00:00,12,812,6417,494,23301,1306
2026-08-05T00:00:00,13,829,6417,923,23301,1752
2026-08-05T00:00:00,14,851,6417,1683,23301,2534
2026-08-05T00:00:00,15,852,6417,2723,23301,3575
2026-08-05T00:00:00,16,832,6417,3336,23301,4168
2026-08-05T00:00:00,17,818,6417,4114,23301,4932
2026-08-05T00:00:00,18,810,6417,5211,23301,6021
2026-08-05T00:00:00,19,808,6417,6128,23301,6936
2026-08-05T00:00:00,20,813,6417,7171,23301,7984
2026-08-05T00:00:00,21,823,6417,8065,23301,8888
2026-08-05T00:00:00,22,839,6417,8677,23301,9516
2026-08-05T00:00:00,23,862,6417,9055,23301,9917
2026-08-05T00:00:00,24,890,6417,9307,23301,10197
2026-08-05T00:00:00,25,925,6417,9507,23301,10432
2026-08-05T00:00:00,26,967,6417,9632,23301,10599
2026-08-05T00:00:00,27,974,6417,9675,23301,10649
2026-08-05T00:00:00,28,946,6417,9627,23301,10573
2026-08-05T00:00:00,29,924,6417,9504,23301,10428
2026-08-05T00:00:00,30,908,6417,9279,23301,10187
2026-08-05T00:00:00,31,897,6417,8991,23301,9888
2026-08-05T00:00:00,32,892,6417,8591,23301,9483
2026-08-05T00:00:00,33,893,6417,7753,23301,8646
2026-08-05T00:00:00,34,900,6417,6659,23301,7559
2026-08-05T00:00:00,35,914,6417,5742,23301,6656
2026-08-05T00:00:00,36,934,6417,4794,23301,5728
2026-08-05T00:00:00,37,961,6417,3674,23301,4635
2026-08-05T00:00:00,38,995,6417,2969,23301,3964
2026-08-05T00:00:00,39,994,6417,2253,23301,3247
2026-08-05T00:00:00,40,957,6417,1197,23301,2154
2026-08-05T00:00:00,41,927,6417,549,23301,1476
2026-08-05T00:00:00,42,904,6417,250,23301,1154
2026-08-05T00:00:00,43,888,6417,7,23301,895
2026-08-05T00:00:00,44,879,6417,0,23301,879
2026-08-05T00:00:00,45,876,6417,0,23301,876
2026-08-05T00:00:00,46,881,6417,0,23301,881
2026-08-05T00:00:00,47,893,6417,0,23301,893
2026-08-05T00:00:00,48,913,6417,0,23301,913
2026-07-23T00:00:00,5,529,6417,0,23301,529
2026-07-23T00:00:00,6,529,6417,0,23301,529
2026-07-23T00:00:00,7,529,6417,0,23301,529
2026-07-23T00:00:00,8,530,6417,0,23301,530
2026-07-23T00:00:00,9,542,6417,0,23301,542
2026-07-23T00:00:00,10,560,6417,0,23301,560
2026-07-23T00:00:00,11,570,6417,93,23301,663
2026-07-23T00:00:00,12,571,6417,253,23301,824
2026-07-23T00:00:00,13,562,6417,621,23301,1183
2026-07-23T00:00:00,14,543,6417,1586,23301,2129
2026-07-23T00:00:00,15,529,6417,2472,23301,3001
2026-07-23T00:00:00,16,524,6417,3477,23301,4001
2026-07-23T00:00:00,17,521,6417,4584,23301,5105
2026-07-23T00:00:00,18,514,6417,5853,23301,6367
2026-07-23T00:00:00,19,510,6417,7140,23301,7650
2026-07-23T00:00:00,20,509,6417,8162,23301,8671
2026-07-23T00:00:00,21,514,6417,8954,23301,9468
2026-07-23T00:00:00,22,526,6417,9258,23301,9784
2026-07-23T00:00:00,23,536,6417,9461,23301,9997
2026-07-23T00:00:00,24,545,6417,9401,23301,9946
2026-07-23T00:00:00,25,562,6417,9327,23301,9889
2026-07-23T00:00:00,26,587,6417,9281,23301,9868
2026-07-23T00:00:00,27,621,6417,9225,23301,9846
2026-07-23T00:00:00,28,660,6417,9179,23301,9839
2026-07-23T00:00:00,29,697,6417,9121,23301,9818
2026-07-23T00:00:00,30,734,6417,9012,23301,9746
2026-07-23T00:00:00,31,773,6417,8803,23301,9576
2026-07-23T00:00:00,32,813,6417,8334,23301,9147
2026-07-23T00:00:00,33,849,6417,7744,23301,8593
2026-07-23T00:00:00,34,879,6417,6980,23301,7859
2026-07-23T00:00:00,35,902,6417,6095,23301,6997
2026-07-23T00:00:00,36,917,6417,5068,23301,5985
2026-07-23T00:00:00,37,928,6417,4150,23301,5078
2026-07-23T00:00:00,38,935,6417,3360,23301,4295
2026-07-23T00:00:00,39,934,6417,2656,23301,3590
2026-07-23T00:00:00,40,925,6417,1701,23301,2626
2026-07-23T00:00:00,41,926,6417,903,23301,1829
2026-07-23T00:00:00,42,938,6417,365,23301,1303
2026-07-23T00:00:00,43,957,6417,84,23301,1041
2026-07-23T00:00:00,44,982,6417,19,23301,1001
2026-07-23T00:00:00,45,995,6417,0,23301,995
2026-07-23T00:00:00,46,991,6417,0,23301,991
2026-07-23T00:00:00,47,989,6417,0,23301,989
2026-07-23T00:00:00,48,981,6417,0,23301,981
2026-07-24T00:00:00,1,975,6417,0,23301,975
2026-07-24T00:00:00,2,965,6417,0,23301,965
2026-07-24T00:00:00,3,959,6417,0,23301,959
2026-07-24T00:00:00,4,953,6417,0,23301,953
2026-07-24T00:00:00,5,950,6417,0,23301,950
2026-07-24T00:00:00,6,949,6417,0,23301,949
2026-07-24T00:00:00,7,953,6417,0,23301,953
2026-07-24T00:00:00,8,961,6417,0,23301,961
2026-07-24T00:00:00,9,970,6417,0,23301,970
2026-07-24T00:00:00,10,981,6417,1,23301,982
2026-07-24T00:00:00,11,986,6417,95,23301,1081
2026-07-24T00:00:00,12,988,6417,265,23301,1253
2026-07-24T00:00:00,13,972,6417,660,23301,1632
2026-07-24T00:00:00,14,943,6417,1679,23301,2622
2026-07-24T00:00:00,15,962,6417,2648,23301,3610
2026-07-24T00:00:00,16,1032,6417,3686,23301,4718
2026-07-24T00:00:00,17,1119,6417,4854,23301,5973
2026-07-24T00:00:00,18,1222,6417,6185,23301,7407
2026-07-24T00:00:00,19,1312,6417,7598,23301,8910
2026-07-24T00:00:00,20,1387,6417,8821,23301,10208
2026-07-24T00:00:00,21,1450,6417,9799,23301,11249
2026-07-24T00:00:00,22,1499,6417,10431,23301,11930
2026-07-24T00:00:00,23,1548,6417,10940,23301,12488
2026-07-24T00:00:00,24,1597,6417,11091,23301,12688
2026-07-24T00:00:00,25,1649,6417,11193,23301,12842
2026-07-24T00:00:00,26,1704,6417,11142,23301,12846
2026-07-24T00:00:00,27,1758,6417,11118,23301,12876
2026-07-24T00:00:00,28,1810,6417,11015,23301,12825
2026-07-24T00:00:00,29,1858,6417,10879,23301,12737
2026-07-24T00:00:00,30,1901,6417,10610,23301,12511
2026-07-24T00:00:00,31,1936,6417,10246,23301,12182
2026-07-24T00:00:00,32,1964,6417,9575,23301,11539
2026-07-24T00:00:00,33,1978,6417,8790,23301,10768
2026-07-24T00:00:00,34,1977,6417,7891,23301,9868
2026-07-24T00:00:00,35,1962,6417,6884,23301,8846
2026-07-24T00:00:00,36,1934,6417,5668,23301,7602
2026-07-24T00:00:00,37,1889,6417,4605,23301,6494
2026-07-24T00:00:00,38,1829,6417,3728,23301,5557
2026-07-24T00:00:00,39,1751,6417,2915,23301,4666
2026-07-24T00:00:00,40,1661,6417,1866,23301,3527
2026-07-24T00:00:00,41,1597,6417,1021,23301,2618
2026-07-24T00:00:00,42,1564,6417,385,23301,1949
2026-07-24T00:00:00,43,1558,6417,79,23301,1637
2026-07-24T00:00:00,44,1578,6417,17,23301,1595
2026-07-24T00:00:00,45,1591,6417,0,23301,1591
2026-07-24T00:00:00,46,1592,6417,0,23301,1592
2026-07-24T00:00:00,47,1594,6417,0,23301,1594
2026-07-24T00:00:00,48,1591,6417,0,23301,1591
2026-07-25T00:00:00,1,1599,6417,0,23301,1599
2026-07-25T00:00:00,2,1617,6417,0,23301,1617
2026-07-25T00:00:00,3,1646,6417,0,23301,1646
2026-07-25T00:00:00,4,1687,6417,0,23301,1687
2026-07-25T00:00:00,5,1729,6417,0,23301,1729
2026-07-25T00:00:00,6,1770,6417,0,23301,1770
2026-07-25T00:00:00,7,1812,6417,0,23301,1812
2026-07-25T00:00:00,8,1852,6417,0,23301,1852
2026-07-25T00:00:00,9,1893,6417,0,23301,1893
2026-07-25T00:00:00,10,1934,6417,0,23301,1934
2026-07-25T00:00:00,11,1974,6417,95,23301,2069
2026-07-25T00:00:00,12,2012,6417,260,23301,2272
2026-07-25T00:00:00,13,2027,6417,659,23301,2686
2026-07-25T00:00:00,14,2022,6417,1626,23301,3648
2026-07-25T00:00:00,15,2029,6417,2609,23301,4638
2026-07-25T00:00:00,16,2054,6417,3581,23301,5635
2026-07-25T00:00:00,17,2123,6417,4645,23301,6768
2026-07-25T00:00:00,18,2241,6417,5819,23301,8060
2026-07-25T00:00:00,19,2353,6417,7055,23301,9408
2026-07-25T00:00:00,20,2463,6417,8081,23301,10544
2026-07-25T00:00:00,21,2563,6417,8923,23301,11486
2026-07-25T00:00:00,22,2650,6417,9626,23301,12276
2026-07-25T00:00:00,23,2721,6417,10216,23301,12937
2026-07-25T00:00:00,24,2772,6417,10550,23301,13322
2026-07-25T00:00:00,25,2822,6417,10800,23301,13622
2026-07-25T00:00:00,26,2870,6417,10869,23301,13739
2026-07-25T00:00:00,27,2912,6417,10853,23301,13765
2026-07-25T00:00:00,28,2948,6417,10616,23301,13564
2026-07-25T00:00:00,29,2971,6417,10312,23301,13283
2026-07-25T00:00:00,30,2982,6417,9819,23301,12801
2026-07-25T00:00:00,31,2968,6417,9239,23301,12207
2026-07-25T00:00:00,32,2929,6417,8444,23301,11373
2026-07-25T00:00:00,33,2875,6417,7569,23301,10444
2026-07-25T00:00:00,34,2808,6417,6638,23301,9446
2026-07-25T00:00:00,35,2729,6417,5582,23301,8311
2026-07-25T00:00:00,36,2635,6417,4439,23301,7074
2026-07-25T00:00:00,37,2523,6417,3454,23301,5977
2026-07-25T00:00:00,38,2402,6417,2679,23301,5081
2026-07-25T00:00:00,39,2264,6417,2019,23301,4283
2026-07-25T00:00:00,40,2115,6417,1212,23301,3327
2026-07-25T00:00:00,41,1985,6417,571,23301,2556
2026-07-25T00:00:00,42,1875,6417,242,23301,2117
2026-07-25T00:00:00,43,1794,6417,46,23301,1840
2026-07-25T00:00:00,44,1737,6417,8,23301,1745
2026-07-25T00:00:00,45,1697,6417,0,23301,1697
2026-07-25T00:00:00,46,1670,6417,0,23301,1670
2026-07-25T00:00:00,47,1647,6417,0,23301,1647
2026-07-25T00:00:00,48,1624,6417,0,23301,1624
2026-07-26T00:00:00,1,1604,6417,0,23301,1604
2026-07-26T00:00:00,2,1584,6417,0,23301,1584
2026-07-26T00:00:00,3,1568,6417,0,23301,1568
2026-07-26T00:00:00,4,1553,6417,0,23301,1553
2026-07-26T00:00:00,5,1539,6417,0,23301,1539
2026-07-26T00:00:00,6,1526,6417,0,23301,1526
2026-07-26T00:00:00,7,1515,6417,0,23301,1515
2026-07-26T00:00:00,8,1507,6417,0,23301,1507
2026-07-26T00:00:00,9,1499,6417,0,23301,1499
2026-07-26T00:00:00,10,1492,6417,0,23301,1492
2026-07-26T00:00:00,11,1478,6417,78,23301,1556
2026-07-26T00:00:00,12,1457,6417,173,23301,1630
2026-07-26T00:00:00,13,1421,6417,401,23301,1822
2026-07-26T00:00:00,14,1377,6417,1045,23301,2422
2026-07-26T00:00:00,15,1359,6417,1740,23301,3099
2026-07-26T00:00:00,16,1360,6417,2384,23301,3744
2026-07-26T00:00:00,17,1368,6417,3142,23301,4510
2026-07-26T00:00:00,18,1383,6417,3997,23301,5380
2026-07-26T00:00:00,19,1413,6417,4895,23301,6308
2026-07-26T00:00:00,20,1458,6417,5671,23301,7129
2026-07-26T00:00:00,21,1493,6417,6277,23301,7770
2026-07-26T00:00:00,22,1517,6417,6783,23301,8300
2026-07-26T00:00:00,23,1553,6417,7175,23301,8728
2026-07-26T00:00:00,24,1601,6417,7432,23301,9033
2026-07-26T00:00:00,25,1658,6417,7639,23301,9297
2026-07-26T00:00:00,26,1728,6417,7764,23301,9492
2026-07-26T00:00:00,27,1774,6417,7849,23301,9623
2026-07-26T00:00:00,28,1800,6417,7896,23301,9696
2026-07-26T00:00:00,29,1832,6417,7893,23301,9725
2026-07-26T00:00:00,30,1867,6417,7784,23301,9651
2026-07-26T00:00:00,31,1911,6417,7591,23301,9502
2026-07-26T00:00:00,32,1963,6417,7191,23301,9154
2026-07-26T00:00:00,33,1973,6417,6687,23301,8660
2026-07-26T00:00:00,34,1942,6417,5981,23301,7923
2026-07-26T00:00:00,35,1915,6417,5140,23301,7055
2026-07-26T00:00:00,36,1892,6417,4218,23301,6110
2026-07-26T00:00:00,37,1873,6417,3355,23301,5228
2026-07-26T00:00:00,38,1857,6417,2678,23301,4535
2026-07-26T00:00:00,39,1803,6417,2106,23301,3909
2026-07-26T00:00:00,40,1712,6417,1241,23301,2953
2026-07-26T00:00:00,41,1642,6417,614,23301,2256
2026-07-26T00:00:00,42,1593,6417,250,23301,1843
2026-07-26T00:00:00,43,1569,6417,48,23301,1617
2026-07-26T00:00:00,44,1570,6417,7,23301,1577
2026-07-26T00:00:00,45,1569,6417,0,23301,1569
2026-07-26T00:00:00,46,1562,6417,0,23301,1562
2026-07-26T00:00:00,47,1561,6417,0,23301,1561
2026-07-26T00:00:00,48,1567,6417,0,23301,1567
2026-07-27T00:00:00,1,1585,6417,0,23301,1585
2026-07-27T00:00:00,2,1615,6417,0,23301,1615
2026-07-27T00:00:00,3,1626,6417,0,23301,1626
2026-07-27T00:00:00,4,1610,6417,0,23301,1610
2026-07-27T00:00:00,5,1600,6417,0,23301,1600
2026-07-27T00:00:00,6,1597,6417,0,23301,1597
2026-07-27T00:00:00,7,1601,6417,0,23301,1601
2026-07-27T00:00:00,8,1613,6417,0,23301,1613
2026-07-27T00:00:00,9,1592,6417,0,23301,1592
2026-07-27T00:00:00,10,1533,6417,0,23301,1533
2026-07-27T00:00:00,11,1477,6417,69,23301,1546
2026-07-27T00:00:00,12,1424,6417,175,23301,1599
2026-07-27T00:00:00,13,1371,6417,511,23301,1882
2026-07-27T00:00:00,14,1319,6417,1467,23301,2786
2026-07-27T00:00:00,15,1299,6417,2507,23301,3806
2026-07-27T00:00:00,16,1310,6417,3317,23301,4627
2026-07-27T00:00:00,17,1329,6417,4387,23301,5716
2026-07-27T00:00:00,18,1355,6417,5409,23301,6764
2026-07-27T00:00:00,19,1389,6417,6450,23301,7839
2026-07-27T00:00:00,20,1429,6417,7492,23301,8921
2026-07-27T00:00:00,21,1462,6417,8290,23301,9752
2026-07-27T00:00:00,22,1490,6417,8958,23301,10448
2026-07-27T00:00:00,23,1532,6417,9439,23301,10971
2026-07-27T00:00:00,24,1588,6417,9799,23301,11387
2026-07-27T00:00:00,25,1655,6417,10121,23301,11776
2026-07-27T00:00:00,26,1736,6417,10394,23301,12130
2026-07-27T00:00:00,27,1785,6417,10605,23301,12390
2026-07-27T00:00:00,28,1805,6417,10680,23301,12485
2026-07-27T00:00:00,29,1837,6417,10653,23301,12490
2026-07-27T00:00:00,30,1881,6417,10459,23301,12340
2026-07-27T00:00:00,31,1936,6417,10055,23301,11991
2026-07-27T00:00:00,32,2001,6417,9459,23301,11460
2026-07-27T00:00:00,33,1995,6417,8585,23301,10580
2026-07-27T00:00:00,34,1920,6417,7315,23301,9235
2026-07-27T00:00:00,35,1859,6417,6140,23301,7999
2026-07-27T00:00:00,36,1814,6417,5077,23301,6891
2026-07-27T00:00:00,37,1784,6417,3729,23301,5513
2026-07-27T00:00:00,38,1772,6417,2786,23301,4558
2026-07-27T00:00:00,39,1730,6417,2068,23301,3798
2026-07-27T00:00:00,40,1664,6417,862,23301,2526
2026-07-27T00:00:00,41,1621,6417,282,23301,1903
2026-07-27T00:00:00,42,1601,6417,116,23301,1717
2026-07-27T00:00:00,43,1604,6417,36,23301,1640
2026-07-27T00:00:00,44,1629,6417,1,23301,1630
2026-07-27T00:00:00,45,1630,6417,0,23301,1630
2026-07-27T00:00:00,46,1604,6417,0,23301,1604
2026-07-27T00:00:00,47,1594,6417,0,23301,1594
2026-07-27T00:00:00,48,1600,6417,0,23301,1600
2026-07-28T00:00:00,1,1624,6417,0,23301,1624
2026-07-28T00:00:00,2,1665,6417,0,23301,1665
2026-07-28T00:00:00,3,1671,6417,0,23301,1671
2026-07-28T00:00:00,4,1639,6417,0,23301,1639
2026-07-28T00:00:00,5,1620,6417,0,23301,1620
2026-07-28T00:00:00,6,1615,6417,0,23301,1615
2026-07-28T00:00:00,7,1624,6417,0,23301,1624
2026-07-28T00:00:00,8,1645,6417,0,23301,1645
2026-07-28T00:00:00,9,1643,6417,0,23301,1643
2026-07-28T00:00:00,10,1615,6417,0,23301,1615
2026-07-28T00:00:00,11,1599,6417,60,23301,1659
2026-07-28T00:00:00,12,1594,6417,120,23301,1714
2026-07-28T00:00:00,13,1600,6417,358,23301,1958
2026-07-28T00:00:00,14,1616,6417,1106,23301,2722
2026-07-28T00:00:00,15,1631,6417,2101,23301,3732
2026-07-28T00:00:00,16,1645,6417,2704,23301,4349
2026-07-28T00:00:00,17,1673,6417,3682,23301,5355
2026-07-28T00:00:00,18,1713,6417,4707,23301,6420
2026-07-28T00:00:00,19,1766,6417,5738,23301,7504
2026-07-28T00:00:00,20,1831,6417,6954,23301,8785
2026-07-28T00:00:00,21,1884,6417,8042,23301,9926
2026-07-28T00:00:00,22,1927,6417,9027,23301,10954
2026-07-28T00:00:00,23,1983,6417,9605,23301,11588
2026-07-28T00:00:00,24,2051,6417,10016,23301,12067
2026-07-28T00:00:00,25,2131,6417,10241,23301,12372
2026-07-28T00:00:00,26,2223,6417,10344,23301,12567
2026-07-28T00:00:00,27,2241,6417,10321,23301,12562
2026-07-28T00:00:00,28,2182,6417,10226,23301,12408
2026-07-28T00:00:00,29,2128,6417,10070,23301,12198
2026-07-28T00:00:00,30,2080,6417,9788,23301,11868
2026-07-28T00:00:00,31,2038,6417,9365,23301,11403
2026-07-28T00:00:00,32,2002,6417,8937,23301,10939
2026-07-28T00:00:00,33,1973,6417,8195,23301,10168
2026-07-28T00:00:00,34,1952,6417,7020,23301,8972
2026-07-28T00:00:00,35,1938,6417,6068,23301,8006
2026-07-28T00:00:00,36,1931,6417,5228,23301,7159
2026-07-28T00:00:00,37,1931,6417,3998,23301,5929
2026-07-28T00:00:00,38,1937,6417,3151,23301,5088
2026-07-28T00:00:00,39,1903,6417,2584,23301,4487
2026-07-28T00:00:00,40,1827,6417,1442,23301,3269
2026-07-28T00:00:00,41,1757,6417,733,23301,2490
2026-07-28T00:00:00,42,1693,6417,334,23301,2027
2026-07-28T00:00:00,43,1637,6417,70,23301,1707
2026-07-28T00:00:00,44,1589,6417,0,23301,1589
2026-07-28T00:00:00,45,1550,6417,0,23301,1550
2026-07-28T00:00:00,46,1519,6417,0,23301,1519
2026-07-28T00:00:00,47,1497,6417,0,23301,1497
2026-07-28T00:00:00,48,1483,6417,0,23301,1483
2026-07-29T00:00:00,1,1479,6417,0,23301,1479
2026-07-29T00:00:00,2,1482,6417,0,23301,1482
2026-07-29T00:00:00,3,1449,6417,0,23301,1449
2026-07-29T00:00:00,4,1379,6417,0,23301,1379
2026-07-29T00:00:00,5,1315,6417,0,23301,1315
2026-07-29T00:00:00,6,1258,6417,0,23301,1258
2026-07-29T00:00:00,7,1208,6417,0,23301,1208
2026-07-29T00:00:00,8,1165,6417,0,23301,1165
2026-07-29T00:00:00,9,1129,6417,0,23301,1129
2026-07-29T00:00:00,10,1100,6417,0,23301,1100
2026-07-29T00:00:00,11,1077,6417,192,23301,1269
2026-07-29T00:00:00,12,1061,6417,549,23301,1610
2026-07-29T00:00:00,13,1050,6417,1109,23301,2159
2026-07-29T00:00:00,14,1046,6417,1969,23301,3015
2026-07-29T00:00:00,15,1039,6417,2928,23301,3967
2026-07-29T00:00:00,16,1030,6417,3595,23301,4625
2026-07-29T00:00:00,17,1028,6417,4579,23301,5607
2026-07-29T00:00:00,18,1033,6417,5557,23301,6590
2026-07-29T00:00:00,19,1045,6417,6527,23301,7572
2026-07-29T00:00:00,20,1064,6417,7627,23301,8691
2026-07-29T00:00:00,21,1090,6417,8533,23301,9623
2026-07-29T00:00:00,22,1124,6417,9308,23301,10432
2026-07-29T00:00:00,23,1164,6417,9742,23301,10906
2026-07-29T00:00:00,24,1212,6417,10091,23301,11303
2026-07-29T00:00:00,25,1268,6417,10337,23301,11605
2026-07-29T00:00:00,26,1330,6417,10508,23301,11838
2026-07-29T00:00:00,27,1337,6417,10582,23301,11919
2026-07-29T00:00:00,28,1288,6417,10565,23301,11853
2026-07-29T00:00:00,29,1246,6417,10468,23301,11714
2026-07-29T00:00:00,30,1213,6417,10266,23301,11479
2026-07-29T00:00:00,31,1187,6417,9911,23301,11098
2026-07-29T00:00:00,32,1168,6417,9500,23301,10668
2026-07-29T00:00:00,33,1157,6417,8778,23301,9935
2026-07-29T00:00:00,34,1154,6417,7623,23301,8777
2026-07-29T00:00:00,35,1158,6417,6651,23301,7809
2026-07-29T00:00:00,36,1169,6417,5732,23301,6901
2026-07-29T00:00:00,37,1189,6417,4399,23301,5588
2026-07-29T00:00:00,38,1215,6417,3485,23301,4700
2026-07-29T00:00:00,39,1191,6417,2839,23301,4030
2026-07-29T00:00:00,40,1118,6417,1634,23301,2752
2026-07-29T00:00:00,41,1055,6417,849,23301,1904
2026-07-29T00:00:00,42,1003,6417,400,23301,1403
2026-07-29T00:00:00,43,960,6417,41,23301,1001
2026-07-29T00:00:00,44,927,6417,0,23301,927
2026-07-29T00:00:00,45,903,6417,0,23301,903
2026-07-29T00:00:00,46,889,6417,0,23301,889
2026-07-29T00:00:00,47,883,6417,0,23301,883
2026-07-29T00:00:00,48,887,6417,0,23301,887
2026-07-30T00:00:00,1,901,6417,0,23301,901
2026-07-30T00:00:00,2,926,6417,0,23301,926
2026-07-30T00:00:00,3,916,6417,0,23301,916
2026-07-30T00:00:00,4,870,6417,0,23301,870
2026-07-30T00:00:00,5,830,6417,0,23301,830
2026-07-30T00:00:00,6,796,6417,0,23301,796
2026-07-30T00:00:00,7,768,6417,0,23301,768
2026-07-30T00:00:00,8,746,6417,0,23301,746
2026-07-30T00:00:00,9,729,6417,0,23301,729
2026-07-30T00:00:00,10,719,6417,0,23301,719
2026-07-30T00:00:00,11,713,6417,215,23301,928
2026-07-30T00:00:00,12,713,6417,635,23301,1348
2026-07-30T00:00:00,13,718,6417,1261,23301,1979
2026-07-30T00:00:00,14,728,6417,2145,23301,2873
2026-07-30T00:00:00,15,724,6417,3166,23301,3890
2026-07-30T00:00:00,16,709,6417,3901,23301,4610
2026-07-30T00:00:00,17,700,6417,4901,23301,5601
2026-07-30T00:00:00,18,697,6417,5947,23301,6644
2026-07-30T00:00:00,19,701,6417,6921,23301,7622
2026-07-30T00:00:00,20,711,6417,8004,23301,8715
2026-07-30T00:00:00,21,726,6417,8905,23301,9631
2026-07-30T00:00:00,22,747,6417,9610,23301,10357
2026-07-30T00:00:00,23,775,6417,9964,23301,10739
2026-07-30T00:00:00,24,808,6417,10224,23301,11032
2026-07-30T00:00:00,25,847,6417,10414,23301,11261
2026-07-30T00:00:00,26,893,6417,10543,23301,11436
2026-07-30T00:00:00,27,903,6417,10545,23301,11448
2026-07-30T00:00:00,28,876,6417,10456,23301,11332
2026-07-30T00:00:00,29,855,6417,10301,23301,11156
2026-07-30T00:00:00,30,842,6417,10042,23301,10884
2026-07-30T00:00:00,31,834,6417,9666,23301,10500
2026-07-30T00:00:00,32,833,6417,9237,23301,10070
2026-07-30T00:00:00,33,838,6417,8477,23301,9315
2026-07-30T00:00:00,34,850,6417,7342,23301,8192
2026-07-30T00:00:00,35,869,6417,6369,23301,7238
2026-07-30T00:00:00,36,895,6417,5481,23301,6376
2026-07-30T00:00:00,37,930,6417,4179,23301,5109
2026-07-30T00:00:00,38,973,6417,3308,23301,4281
2026-07-30T00:00:00,39,969,6417,2697,23301,3666
2026-07-30T00:00:00,40,917,6417,1515,23301,2432
2026-07-30T00:00:00,41,876,6417,756,23301,1632
2026-07-30T00:00:00,42,843,6417,357,23301,1200
2026-07-30T00:00:00,43,819,6417,36,23301,855
2026-07-30T00:00:00,44,805,6417,0,23301,805
2026-07-30T00:00:00,45,799,6417,0,23301,799
2026-07-30T00:00:00,46,802,6417,0,23301,802
2026-07-30T00:00:00,47,814,6417,0,23301,814
2026-07-30T00:00:00,48,837,6417,0,23301,837
2026-07-31T00:00:00,1,870,6417,0,23301,870
2026-07-31T00:00:00,2,916,6417,0,23301,916
2026-07-31T00:00:00,3,922,6417,0,23301,922
2026-07-31T00:00:00,4,885,6417,0,23301,885
2026-07-31T00:00:00,5,855,6417,0,23301,855
2026-07-31T00:00:00,6,831,6417,0,23301,831
2026-07-31T00:00:00,7,814,6417,0,23301,814
2026-07-31T00:00:00,8,804,6417,0,23301,804
2026-07-31T00:00:00,9,799,6417,0,23301,799
2026-07-31T00:00:00,10,801,6417,0,23301,801
2026-07-31T00:00:00,11,809,6417,166,23301,975
2026-07-31T00:00:00,12,823,6417,580,23301,1403
2026-07-31T00:00:00,13,844,6417,1166,23301,2010
2026-07-31T00:00:00,14,870,6417,1982,23301,2852
2026-07-31T00:00:00,15,874,6417,2992,23301,3866
2026-07-31T00:00:00,16,856,6417,3705,23301,4561
2026-07-31T00:00:00,17,846,6417,4619,23301,5465
2026-07-31T00:00:00,18,842,6417,5687,23301,6529
2026-07-31T00:00:00,19,845,6417,6633,23301,7478
2026-07-31T00:00:00,20,854,6417,7661,23301,8515
2026-07-31T00:00:00,21,868,6417,8553,23301,9421
2026-07-31T00:00:00,22,889,6417,9245,23301,10134
2026-07-31T00:00:00,23,916,6417,9596,23301,10512
2026-07-31T00:00:00,24,948,6417,9852,23301,10800
2026-07-31T00:00:00,25,986,6417,10041,23301,11027
2026-07-31T00:00:00,26,1030,6417,10172,23301,11202
2026-07-31T00:00:00,27,1042,6417,10209,23301,11251
2026-07-31T00:00:00,28,1023,6417,10139,23301,11162
2026-07-31T00:00:00,29,1010,6417,10004,23301,11014
2026-07-31T00:00:00,30,1003,6417,9771,23301,10774
2026-07-31T00:00:00,31,1002,6417,9405,23301,10407
2026-07-31T00:00:00,32,1006,6417,8994,23301,10000
2026-07-31T00:00:00,33,1017,6417,8229,23301,9246
2026-07-31T00:00:00,34,1033,6417,7130,23301,8163
2026-07-31T00:00:00,35,1055,6417,6182,23301,7237
2026-07-31T00:00:00,36,1084,6417,5347,23301,6431
2026-07-31T00:00:00,37,1119,6417,4087,23301,5206
2026-07-31T00:00:00,38,1162,6417,3219,23301,4381
2026-07-31T00:00:00,39,1164,6417,2605,23301,3769
2026-07-31T00:00:00,40,1127,6417,1444,23301,2571
2026-07-31T00:00:00,41,1100,6417,697,23301,1797
2026-07-31T00:00:00,42,1083,6417,337,23301,1420
2026-07-31T00:00:00,43,1074,6417,33,23301,1107
2026-07-31T00:00:00,44,1075,6417,0,23301,1075
2026-07-31T00:00:00,45,1084,6417,0,23301,1084
2026-07-31T00:00:00,46,1102,6417,0,23301,1102
2026-07-31T00:00:00,47,1130,6417,0,23301,1130
2026-07-31T00:00:00,48,1167,6417,0,23301,1167
2026-08-01T00:00:00,1,1216,6417,0,23301,1216
2026-08-01T00:00:00,2,1275,6417,0,23301,1275
2026-08-01T00:00:00,3,1284,6417,0,23301,1284
2026-08-01T00:00:00,4,1238,6417,0,23301,1238
2026-08-01T00:00:00,5,1199,6417,0,23301,1199
2026-08-01T00:00:00,6,1167,6417,0,23301,1167
2026-08-01T00:00:00,7,1143,6417,0,23301,1143
2026-08-01T00:00:00,8,1125,6417,0,23301,1125
2026-08-01T00:00:00,9,1115,6417,0,23301,1115
2026-08-01T00:00:00,10,1112,6417,0,23301,1112
2026-08-01T00:00:00,11,1116,6417,152,23301,1268
2026-08-01T00:00:00,12,1128,6417,539,23301,1667
2026-08-01T00:00:00,13,1148,6417,1085,23301,2233
2026-08-01T00:00:00,14,1177,6417,1852,23301,3029
2026-08-01T00:00:00,15,1175,6417,2878,23301,4053
2026-08-01T00:00:00,16,1143,6417,3552,23301,4695
2026-08-01T00:00:00,17,1120,6417,4382,23301,5502
2026-08-01T00:00:00,18,1105,6417,5478,23301,6583
2026-08-01T00:00:00,19,1098,6417,6410,23301,7508
2026-08-01T00:00:00,20,1099,6417,7431,23301,8530
2026-08-01T00:00:00,21,1107,6417,8355,23301,9462
2026-08-01T00:00:00,22,1122,6417,9101,23301,10223
2026-08-01T00:00:00,23,1144,6417,9491,23301,10635
2026-08-01T00:00:00,24,1173,6417,9816,23301,10989
2026-08-01T00:00:00,25,1210,6417,10065,23301,11275
2026-08-01T00:00:00,26,1253,6417,10214,23301,11467
2026-08-01T00:00:00,27,1257,6417,10266,23301,11523
2026-08-01T00:00:00,28,1222,6417,10223,23301,11445
2026-08-01T00:00:00,29,1193,6417,10109,23301,11302
2026-08-01T00:00:00,30,1171,6417,9883,23301,11054
2026-08-01T00:00:00,31,1156,6417,9523,23301,10679
2026-08-01T00:00:00,32,1146,6417,9109,23301,10255
2026-08-01T00:00:00,33,1143,6417,8294,23301,9437
2026-08-01T00:00:00,34,1147,6417,7168,23301,8315
2026-08-01T00:00:00,35,1156,6417,6180,23301,7336
2026-08-01T00:00:00,36,1173,6417,5378,23301,6551
2026-08-01T00:00:00,37,1196,6417,4113,23301,5309
2026-08-01T00:00:00,38,1226,6417,3251,23301,4477
2026-08-01T00:00:00,39,1221,6417,2624,23301,3845
2026-08-01T00:00:00,40,1182,6417,1432,23301,2614
2026-08-01T00:00:00,41,1150,6417,693,23301,1843
2026-08-01T00:00:00,42,1127,6417,330,23301,1457
2026-08-01T00:00:00,43,1111,6417,16,23301,1127
2026-08-01T00:00:00,44,1102,6417,0,23301,1102
2026-08-01T00:00:00,45,1101,6417,0,23301,1101
2026-08-01T00:00:00,46,1108,6417,0,23301,1108
2026-08-01T00:00:00,47,1122,6417,0,23301,1122
2026-08-01T00:00:00,48,1145,6417,0,23301,1145
2026-08-02T00:00:00,1,1176,6417,0,23301,1176
2026-08-02T00:00:00,2,1216,6417,0,23301,1216
2026-08-02T00:00:00,3,1216,6417,0,23301,1216
2026-08-02T00:00:00,4,1173,6417,0,23301,1173
2026-08-02T00:00:00,5,1137,6417,0,23301,1137
2026-08-02T00:00:00,6,1107,6417,0,23301,1107
2026-08-02T00:00:00,7,1083,6417,0,23301,1083
2026-08-02T00:00:00,8,1067,6417,0,23301,1067
2026-08-02T00:00:00,9,1056,6417,0,23301,1056
2026-08-02T00:00:00,10,1052,6417,0,23301,1052
2026-08-02T00:00:00,11,1054,6417,143,23301,1197
2026-08-02T00:00:00,12,1063,6417,511,23301,1574
2026-08-02T00:00:00,13,1078,6417,992,23301,2070
2026-08-02T00:00:00,14,1099,6417,1753,23301,2852
2026-08-02T00:00:00,15,1096,6417,2764,23301,3860
2026-08-02T00:00:00,16,1069,6417,3391,23301,4460
2026-08-02T00:00:00,17,1050,6417,4192,23301,5242
2026-08-02T00:00:00,18,1038,6417,5264,23301,6302
2026-08-02T00:00:00,19,1033,6417,6187,23301,7220
2026-08-02T00:00:00,20,1036,6417,7222,23301,8258
2026-08-02T00:00:00,21,1045,6417,8121,23301,9166
2026-08-02T00:00:00,22,1062,6417,8869,23301,9931
2026-08-02T00:00:00,23,1086,6417,9246,23301,10332
2026-08-02T00:00:00,24,1117,6417,9564,23301,10681
2026-08-02T00:00:00,25,1156,6417,9806,23301,10962
2026-08-02T00:00:00,26,1201,6417,9965,23301,11166
2026-08-02T00:00:00,27,1205,6417,10036,23301,11241
2026-08-02T00:00:00,28,1168,6417,10006,23301,11174
2026-08-02T00:00:00,29,1138,6417,9916,23301,11054
2026-08-02T00:00:00,30,1116,6417,9724,23301,10840
2026-08-02T00:00:00,31,1101,6417,9389,23301,10490
2026-08-02T00:00:00,32,1094,6417,8998,23301,10092
2026-08-02T00:00:00,33,1093,6417,8190,23301,9283
2026-08-02T00:00:00,34,1101,6417,7080,23301,8181
2026-08-02T00:00:00,35,1116,6417,6113,23301,7229
2026-08-02T00:00:00,36,1140,6417,5295,23301,6435
2026-08-02T00:00:00,37,1173,6417,4049,23301,5222
2026-08-02T00:00:00,38,1214,6417,3204,23301,4418
2026-08-02T00:00:00,39,1209,6417,2579,23301,3788
2026-08-02T00:00:00,40,1157,6417,1406,23301,2563
2026-08-02T00:00:00,41,1114,6417,663,23301,1777
2026-08-02T00:00:00,42,1081,6417,318,23301,1399
2026-08-02T00:00:00,43,1056,6417,16,23301,1072
2026-08-02T00:00:00,44,1040,6417,0,23301,1040
2026-08-02T00:00:00,45,1032,6417,0,23301,1032
2026-08-02T00:00:00,46,1034,6417,0,23301,1034
2026-08-02T00:00:00,47,1044,6417,0,23301,1044
2026-08-02T00:00:00,48,1065,6417,0,23301,1065
2026-08-03T00:00:00,1,1096,6417,0,23301,1096
2026-08-03T00:00:00,2,1138,6417,0,23301,1138
2026-08-03T00:00:00,3,1138,6417,0,23301,1138
2026-08-03T00:00:00,4,1092,6417,0,23301,1092
2026-08-03T00:00:00,5,1052,6417,0,23301,1052
2026-08-03T00:00:00,6,1020,6417,0,23301,1020
2026-08-03T00:00:00,7,993,6417,0,23301,993
2026-08-03T00:00:00,8,973,6417,0,23301,973
2026-08-03T00:00:00,9,960,6417,0,23301,960
2026-08-03T00:00:00,10,952,6417,0,23301,952
2026-08-03T00:00:00,11,952,6417,103,23301,1055
2026-08-03T00:00:00,12,957,6417,505,23301,1462
2026-08-03T00:00:00,13,970,6417,966,23301,1936
2026-08-03T00:00:00,14,989,6417,1704,23301,2693
2026-08-03T00:00:00,15,983,6417,2754,23301,3737
2026-08-03T00:00:00,16,954,6417,3360,23301,4314
2026-08-03T00:00:00,17,933,6417,4165,23301,5098
2026-08-03T00:00:00,18,920,6417,5230,23301,6150
2026-08-03T00:00:00,19,914,6417,6124,23301,7038
2026-08-03T00:00:00,20,915,6417,7185,23301,8100
2026-08-03T00:00:00,21,923,6417,8100,23301,9023
2026-08-03T00:00:00,22,937,6417,8787,23301,9724
2026-08-03T00:00:00,23,958,6417,9164,23301,10122
2026-08-03T00:00:00,24,984,6417,9441,23301,10425
2026-08-03T00:00:00,25,1017,6417,9653,23301,10670
2026-08-03T00:00:00,26,1056,6417,9800,23301,10856
2026-08-03T00:00:00,27,1060,6417,9858,23301,10918
2026-08-03T00:00:00,28,1029,6417,9825,23301,10854
2026-08-03T00:00:00,29,1003,6417,9717,23301,10720
2026-08-03T00:00:00,30,983,6417,9520,23301,10503
2026-08-03T00:00:00,31,969,6417,9206,23301,10175
2026-08-03T00:00:00,32,961,6417,8827,23301,9788
2026-08-03T00:00:00,33,958,6417,7969,23301,8927
2026-08-03T00:00:00,34,961,6417,6923,23301,7884
2026-08-03T00:00:00,35,970,6417,5951,23301,6921
2026-08-03T00:00:00,36,986,6417,5104,23301,6090
2026-08-03T00:00:00,37,1008,6417,3913,23301,4921
2026-08-03T00:00:00,38,1037,6417,3114,23301,4151
2026-08-03T00:00:00,39,1036,6417,2510,23301,3546
2026-08-03T00:00:00,40,1005,6417,1334,23301,2339
2026-08-03T00:00:00,41,982,6417,632,23301,1614
2026-08-03T00:00:00,42,966,6417,300,23301,1266
2026-08-03T00:00:00,43,957,6417,15,23301,972
2026-08-03T00:00:00,44,955,6417,0,23301,955
2026-08-03T00:00:00,45,960,6417,0,23301,960
2026-08-03T00:00:00,46,973,6417,0,23301,973
2026-08-03T00:00:00,47,992,6417,0,23301,992
2026-08-03T00:00:00,48,1020,6417,0,23301,1020
2026-08-04T00:00:00,1,1055,6417,0,23301,1055
2026-08-04T00:00:00,2,1099,6417,0,23301,1099
2026-08-04T00:00:00,3,1108,6417,0,23301,1108
2026-08-04T00:00:00,4,1079,6417,0,23301,1079
2026-08-04T00:00:00,5,1055,6417,0,23301,1055
2026-08-04T00:00:00,6,1036,6417,0,23301,1036
2026-08-04T00:00:00,7,1021,6417,0,23301,1021
2026-08-04T00:00:00,8,1012,6417,0,23301,1012
2026-08-04T00:00:00,9,1007,6417,0,23301,1007
2026-08-04T00:00:00,10,1008,6417,0,23301,1008
2026-08-04T00:00:00,11,1013,6417,85,23301,1098
2026-08-04T00:00:00,12,1024,6417,488,23301,1512
2026-08-04T00:00:00,13,1039,6417,927,23301,1966
2026-08-04T00:00:00,14,1060,6417,1684,23301,2744
2026-08-04T00:00:00,15,1059,6417,2729,23301,3788
2026-08-04T00:00:00,16,1035,6417,3325,23301,4360
2026-08-04T00:00:00,17,1017,6417,4117,23301,5134
2026-08-04T00:00:00,18,1006,6417,5186,23301,6192
2026-08-04T00:00:00,19,1001,6417,6093,23301,7094
2026-08-04T00:00:00,20,1003,6417,7143,23301,8146
2026-08-04T00:00:00,21,1010,6417,8054,23301,9064
2026-08-04T00:00:00,22,1023,6417,8718,23301,9741
2026-08-04T00:00:00,23,1042,6417,9104,23301,10146
2026-08-04T00:00:00,24,1067,6417,9389,23301,10456
2026-08-04T00:00:00,25,1097,6417,9609,23301,10706
2026-08-04T00:00:00,26,1134,6417,9766,23301,10900
2026-08-04T00:00:00,27,1135,6417,9826,23301,10961
2026-08-04T00:00:00,28,1098,6417,9797,23301,10895
2026-08-04T00:00:00,29,1068,6417,9694,23301,10762
2026-08-04T00:00:00,30,1042,6417,9503,23301,10545
2026-08-04T00:00:00,31,1023,6417,9198,23301,10221
2026-08-04T00:00:00,32,1009,6417,8826,23301,9835
2026-08-04T00:00:00,33,1001,6417,7971,23301,8972
2026-08-04T00:00:00,34,999,6417,6893,23301,7892
2026-08-04T00:00:00,35,1004,6417,5927,23301,6931
2026-08-04T00:00:00,36,1015,6417,5040,23301,6055
2026-08-04T00:00:00,37,1033,6417,3858,23301,4891
2026-08-04T00:00:00,38,1059,6417,3111,23301,4170
2026-08-04T00:00:00,39,1050,6417,2434,23301,3484
2026-08-04T00:00:00,40,1007,6417,1325,23301,2332
2026-08-04T00:00:00,41,970,6417,627,23301,1597
2026-08-04T00:00:00,42,941,6417,296,23301,1237
2026-08-04T00:00:00,43,919,6417,7,23301,926
2026-08-04T00:00:00,44,903,6417,0,23301,903
2026-08-04T00:00:00,45,894,6417,0,23301,894
2026-08-04T00:00:00,46,892,6417,0,23301,892
2026-08-04T00:00:00,47,897,6417,0,23301,897
2026-08-04T00:00:00,48,908,6417,0,23301,908
2026-08-05T00:00:00,1,927,6417,0,23301,927
2026-08-05T00:00:00,2,954,6417,0,23301,954
2026-08-05T00:00:00,3,947,6417,0,23301,947
2026-08-05T00:00:00,4,905,6417,0,23301,905
2026-08-05T00:00:00,5,870,6417,0,23301,870
2026-08-05T00:00:00,6,842,6417,0,23301,842
2026-08-05T00:00:00,7,822,6417,0,23301,822
2026-08-05T00:00:00,8,808,6417,0,23301,808
2026-08-05T00:00:00,9,801,6417,0,23301,801
2026-08-05T00:00:00,10,799,6417,0,23301,799
2026-08-05T00:00:00,11,803,6417,84,23301,887
2026-08-05T00:00:00,12,812,6417,494,23301,1306
2026-08-05T00:00:00,13,829,6417,923,23301,1752
2026-08-05T00:00:00,14,851,6417,1683,23301,2534
2026-08-05T00:00:00,15,852,6417,2723,23301,3575
2026-08-05T00:00:00,16,832,6417,3336,23301,4168
2026-08-05T00:00:00,17,818,6417,4114,23301,4932
2026-08-05T00:00:00,18,810,6417,5211,23301,6021
2026-08-05T00:00:00,19,808,6417,6128,23301,6936
2026-08-05T00:00:00,20,813,6417,7171,23301,7984
2026-08-05T00:00:00,21,823,6417,8065,23301,8888
2026-08-05T00:00:00,22,839,6417,8677,23301,9516
2026-08-05T00:00:00,23,862,6417,9055,23301,9917
2026-08-05T00:00:00,24,890,6417,9307,23301,10197
2026-08-05T00:00:00,25,925,6417,9507,23301,10432
2026-08-05T00:00:00,26,967,6417,9632,23301,10599
2026-08-05T00:00:00,27,974,6417,9675,23301,10649
2026-08-05T00:00:00,28,946,6417,9627,23301,10573
2026-08-05T00:00:00,29,924,6417,9504,23301,10428
2026-08-05T00:00:00,30,908,6417,9279,23301,10187
2026-08-05T00:00:00,31,897,6417,8991,23301,9888
2026-08-05T00:00:00,32,892,6417,8591,23301,9483
2026-08-05T00:00:00,33,893,6417,7753,23301,8646
2026-08-05T00:00:00,34,900,6417,6659,23301,7559
2026-08-05T00:00:00,35,914,6417,5742,23301,6656
2026-08-05T00:00:00,36,934,6417,4794,23301,5728
2026-08-05T00:00:00,37,961,6417,3674,23301,4635
2026-08-05T00:00:00,38,995,6417,2969,23301,3964
2026-08-05T00:00:00,39,994,6417,2253,23301,3247
2026-08-05T00:00:00,40,957,6417,1197,23301,2154
2026-08-05T00:00:00,41,927,6417,549,23301,1476
2026-08-05T00:00:00,42,904,6417,250,23301,1154
2026-08-05T00:00:00,43,888,6417,7,23301,895
2026-08-05T00:00:00,44,879,6417,0,23301,879
2026-08-05T00:00:00,45,876,6417,0,23301,876
2026-08-05T00:00:00,46,881,6417,0,23301,881
2026-08-05T00:00:00,47,893,6417,0,23301,893
2026-08-05T00:00:00,48,913,6417,0,23301,913
2026-07-23T00:00:00,5,529,6417,0,23301,529
2026-07-23T00:00:00,6,529,6417,0,23301,529
2026-07-23T00:00:00,7,529,6417,0,23301,529
2026-07-23T00:00:00,8,530,6417,0,23301,530
2026-07-23T00:00:00,9,542,6417,0,23301,542
2026-07-23T00:00:00,10,560,6417,0,23301,560
2026-07-23T00:00:00,11,570,6417,93,23301,663
2026-07-23T00:00:00,12,571,6417,253,23301,824
2026-07-23T00:00:00,13,562,6417,621,23301,1183
2026-07-23T00:00:00,14,543,6417,1586,23301,2129
2026-07-23T00:00:00,15,529,6417,2472,23301,3001
2026-07-23T00:00:00,16,524,6417,3477,23301,4001
2026-07-23T00:00:00,17,521,6417,4584,23301,5105
2026-07-23T00:00:00,18,514,6417,5853,23301,6367
2026-07-23T00:00:00,19,510,6417,7140,23301,7650
2026-07-23T00:00:00,20,509,6417,8162,23301,8671
2026-07-23T00:00:00,21,514,6417,8954,23301,9468
2026-07-23T00:00:00,22,526,6417,9258,23301,9784
2026-07-23T00:00:00,23,536,6417,9461,23301,9997
2026-07-23T00:00:00,24,545,6417,9401,23301,9946
2026-07-23T00:00:00,25,562,6417,9327,23301,9889
2026-07-23T00:00:00,26,587,6417,9281,23301,9868
2026-07-23T00:00:00,27,621,6417,9225,23301,9846
2026-07-23T00:00:00,28,660,6417,9179,23301,9839
2026-07-23T00:00:00,29,697,6417,9121,23301,9818
2026-07-23T00:00:00,30,734,6417,9012,23301,9746
2026-07-23T00:00:00,31,773,6417,8803,23301,9576
2026-07-23T00:00:00,32,813,6417,8334,23301,9147
2026-07-23T00:00:00,33,849,6417,7744,23301,8593
2026-07-23T00:00:00,34,879,6417,6980,23301,7859
2026-07-23T00:00:00,35,902,6417,6095,23301,6997
2026-07-23T00:00:00,36,917,6417,5068,23301,5985
2026-07-23T00:00:00,37,928,6417,4150,23301,5078
2026-07-23T00:00:00,38,935,6417,3360,23301,4295
2026-07-23T00:00:00,39,934,6417,2656,23301,3590
2026-07-23T00:00:00,40,925,6417,1701,23301,2626
2026-07-23T00:00:00,41,926,6417,903,23301,1829
2026-07-23T00:00:00,42,938,6417,365,23301,1303
2026-07-23T00:00:00,43,957,6417,84,23301,1041
2026-07-23T00:00:00,44,982,6417,19,23301,1001
2026-07-23T00:00:00,45,995,6417,0,23301,995
2026-07-23T00:00:00,46,991,6417,0,23301,991
2026-07-23T00:00:00,47,989,6417,0,23301,989
2026-07-23T00:00:00,48,981,6417,0,23301,981
2026-07-24T00:00:00,1,975,6417,0,23301,975
2026-07-24T00:00:00,2,965,6417,0,23301,965
2026-07-24T00:00:00,3,959,6417,0,23301,959
2026-07-24T00:00:00,4,953,6417,0,23301,953
2026-07-24T00:00:00,5,950,6417,0,23301,950
2026-07-24T00:00:00,6,949,6417,0,23301,949
2026-07-24T00:00:00,7,953,6417,0,23301,953
2026-07-24T00:00:00,8,961,6417,0,23301,961
2026-07-24T00:00:00,9,970,6417,0,23301,970
2026-07-24T00:00:00,10,981,6417,1,23301,982
2026-07-24T00:00:00,11,986,6417,95,23301,1081
2026-07-24T00:00:00,12,988,6417,265,23301,1253
2026-07-24T00:00:00,13,972,6417,660,23301,1632
2026-07-24T00:00:00,14,943,6417,1679,23301,2622
2026-07-24T00:00:00,15,962,6417,2648,23301,3610
2026-07-24T00:00:00,16,1032,6417,3686,23301,4718
2026-07-24T00:00:00,17,1119,6417,4854,23301,5973
2026-07-24T00:00:00,18,1222,6417,6185,23301,7407
2026-07-24T00:00:00,19,1312,6417,7598,23301,8910
2026-07-24T00:00:00,20,1387,6417,8821,23301,10208
2026-07-24T00:00:00,21,1450,6417,9799,23301,11249
2026-07-24T00:00:00,22,1499,6417,10431,23301,11930
2026-07-24T00:00:00,23,1548,6417,10940,23301,12488
2026-07-24T00:00:00,24,1597,6417,11091,23301,12688
2026-07-24T00:00:00,25,1649,6417,11193,23301,12842
2026-07-24T00:00:00,26,1704,6417,11142,23301,12846
2026-07-24T00:00:00,27,1758,6417,11118,23301,12876
2026-07-24T00:00:00,28,1810,6417,11015,23301,12825
2026-07-24T00:00:00,29,1858,6417,10879,23301,12737
2026-07-24T00:00:00,30,1901,6417,10610,23301,12511
2026-07-24T00:00:00,31,1936,6417,10246,23301,12182
2026-07-24T00:00:00,32,1964,6417,9575,23301,11539
2026-07-24T00:00:00,33,1978,6417,8790,23301,10768
2026-07-24T00:00:00,34,1977,6417,7891,23301,9868
2026-07-24T00:00:00,35,1962,6417,6884,23301,8846
2026-07-24T00:00:00,36,1934,6417,5668,23301,7602
2026-07-24T00:00:00,37,1889,6417,4605,23301,6494
2026-07-24T00:00:00,38,1829,6417,3728,23301,5557
2026-07-24T00:00:00,39,1751,6417,2915,23301,4666
2026-07-24T00:00:00,40,1661,6417,1866,23301,3527
2026-07-24T00:00:00,41,1597,6417,1021,23301,2618
2026-07-24T00:00:00,42,1564,6417,385,23301,1949
2026-07-24T00:00:00,43,1558,6417,79,23301,1637
2026-07-24T00:00:00,44,1578,6417,17,23301,1595
2026-07-24T00:00:00,45,1591,6417,0,23301,1591
2026-07-24T00:00:00,46,1592,6417,0,23301,1592
2026-07-24T00:00:00,47,1594,6417,0,23301,1594
2026-07-24T00:00:00,48,1591,6417,0,23301,1591
2026-07-25T00:00:00,1,1599,6417,0,23301,1599
2026-07-25T00:00:00,2,1617,6417,0,23301,1617
2026-07-25T00:00:00,3,1646,6417,0,23301,1646
2026-07-25T00:00:00,4,1687,6417,0,23301,1687
2026-07-25T00:00:00,5,1729,6417,0,23301,1729
2026-07-25T00:00:00,6,1770,6417,0,23301,1770
2026-07-25T00:00:00,7,1812,6417,0,23301,1812
2026-07-25T00:00:00,8,1852,6417,0,23301,1852
2026-07-25T00:00:00,9,1893,6417,0,23301,1893
2026-07-25T00:00:00,10,1934,6417,0,23301,1934
2026-07-25T00:00:00,11,1974,6417,95,23301,2069
2026-07-25T00:00:00,12,2012,6417,260,23301,2272
2026-07-25T00:00:00,13,2027,6417,659,23301,2686
2026-07-25T00:00:00,14,2022,6417,1626,23301,3648
2026-07-25T00:00:00,15,2029,6417,2609,23301,4638
2026-07-25T00:00:00,16,2054,6417,3581,23301,5635
2026-07-25T00:00:00,17,2123,6417,4645,23301,6768
2026-07-25T00:00:00,18,2241,6417,5819,23301,8060
2026-07-25T00:00:00,19,2353,6417,7055,23301,9408
2026-07-25T00:00:00,20,2463,6417,8081,23301,10544
2026-07-25T00:00:00,21,2563,6417,8923,23301,11486
2026-07-25T00:00:00,22,2650,6417,9626,23301,12276
2026-07-25T00:00:00,23,2721,6417,10216,23301,12937
2026-07-25T00:00:00,24,2772,6417,10550,23301,13322
2026-07-25T00:00:00,25,2822,6417,10800,23301,13622
2026-07-25T00:00:00,26,2870,6417,10869,23301,13739
2026-07-25T00:00:00,27,2912,6417,10853,23301,13765
2026-07-25T00:00:00,28,2948,6417,10616,23301,13564
2026-07-25T00:00:00,29,2971,6417,10312,23301,13283
2026-07-25T00:00:00,30,2982,6417,9819,23301,12801
2026-07-25T00:00:00,31,2968,6417,9239,23301,12207
2026-07-25T00:00:00,32,2929,6417,8444,23301,11373
2026-07-25T00:00:00,33,2875,6417,7569,23301,10444
2026-07-25T00:00:00,34,2808,6417,6638,23301,9446
2026-07-25T00:00:00,35,2729,6417,5582,23301,8311
2026-07-25T00:00:00,36,2635,6417,4439,23301,7074
2026-07-25T00:00:00,37,2523,6417,3454,23301,5977
2026-07-25T00:00:00,38,2402,6417,2679,23301,5081
2026-07-25T00:00:00,39,2264,6417,2019,23301,4283
2026-07-25T00:00:00,40,2115,6417,1212,23301,3327
2026-07-25T00:00:00,41,1985,6417,571,23301,2556
2026-07-25T00:00:00,42,1875,6417,242,23301,2117
2026-07-25T00:00:00,43,1794,6417,46,23301,1840
2026-07-25T00:00:00,44,1737,6417,8,23301,1745
2026-07-25T00:00:00,45,1697,6417,0,23301,1697
2026-07-25T00:00:00,46,1670,6417,0,23301,1670
2026-07-25T00:00:00,47,1647,6417,0,23301,1647
2026-07-25T00:00:00,48,1624,6417,0,23301,1624
2026-07-26T00:00:00,1,1604,6417,0,23301,1604
2026-07-26T00:00:00,2,1584,6417,0,23301,1584
2026-07-26T00:00:00,3,1568,6417,0,23301,1568
2026-07-26T00:00:00,4,1553,6417,0,23301,1553
2026-07-26T00:00:00,5,1539,6417,0,23301,1539
2026-07-26T00:00:00,6,1526,6417,0,23301,1526
2026-07-26T00:00:00,7,1515,6417,0,23301,1515
2026-07-26T00:00:00,8,1507,6417,0,23301,1507
2026-07-26T00:00:00,9,1499,6417,0,23301,1499
2026-07-26T00:00:00,10,1492,6417,0,23301,1492
2026-07-26T00:00:00,11,1478,6417,78,23301,1556
2026-07-26T00:00:00,12,1457,6417,173,23301,1630
2026-07-26T00:00:00,13,1421,6417,401,23301,1822
2026-07-26T00:00:00,14,1377,6417,1045,23301,2422
2026-07-26T00:00:00,15,1359,6417,1740,23301,3099
2026-07-26T00:00:00,16,1360,6417,2384,23301,3744
2026-07-26T00:00:00,17,1368,6417,3142,23301,4510
2026-07-26T00:00:00,18,1383,6417,3997,23301,5380
2026-07-26T00:00:00,19,1413,6417,4895,23301,6308
2026-07-26T00:00:00,20,1458,6417,5671,23301,7129
2026-07-26T00:00:00,21,1493,6417,6277,23301,7770
2026-07-26T00:00:00,22,1517,6417,6783,23301,8300
2026-07-26T00:00:00,23,1553,6417,7175,23301,8728
2026-07-26T00:00:00,24,1601,6417,7432,23301,9033
2026-07-26T00:00:00,25,1658,6417,7639,23301,9297
2026-07-26T00:00:00,26,1728,6417,7764,23301,9492
2026-07-26T00:00:00,27,1774,6417,7849,23301,9623
2026-07-26T00:00:00,28,1800,6417,7896,23301,9696
2026-07-26T00:00:00,29,1832,6417,7893,23301,9725
2026-07-26T00:00:00,30,1867,6417,7784,23301,9651
2026-07-26T00:00:00,31,1911,6417,7591,23301,9502
2026-07-26T00:00:00,32,1963,6417,7191,23301,9154
2026-07-26T00:00:00,33,1973,6417,6687,23301,8660
2026-07-26T00:00:00,34,1942,6417,5981,23301,7923
2026-07-26T00:00:00,35,1915,6417,5140,23301,7055
2026-07-26T00:00:00,36,1892,6417,4218,23301,6110
2026-07-26T00:00:00,37,1873,6417,3355,23301,5228
2026-07-26T00:00:00,38,1857,6417,2678,23301,4535
2026-07-26T00:00:00,39,1803,6417,2106,23301,3909
2026-07-26T00:00:00,40,1712,6417,1241,23301,2953
2026-07-26T00:00:00,41,1642,6417,614,23301,2256
2026-07-26T00:00:00,42,1593,6417,250,23301,1843
2026-07-26T00:00:00,43,1569,6417,48,23301,1617
2026-07-26T00:00:00,44,1570,6417,7,23301,1577
2026-07-26T00:00:00,45,1569,6417,0,23301,1569
2026-07-26T00:00:00,46,1562,6417,0,23301,1562
2026-07-26T00:00:00,47,1561,6417,0,23301,1561
2026-07-26T00:00:00,48,1567,6417,0,23301,1567
2026-07-27T00:00:00,1,1585,6417,0,23301,1585
2026-07-27T00:00:00,2,1615,6417,0,23301,1615
2026-07-27T00:00:00,3,1626,6417,0,23301,1626
2026-07-27T00:00:00,4,1610,6417,0,23301,1610
2026-07-27T00:00:00,5,1600,6417,0,23301,1600
2026-07-27T00:00:00,6,1597,6417,0,23301,1597
2026-07-27T00:00:00,7,1601,6417,0,23301,1601
2026-07-27T00:00:00,8,1613,6417,0,23301,1613
2026-07-27T00:00:00,9,1592,6417,0,23301,1592
2026-07-27T00:00:00,10,1533,6417,0,23301,1533
2026-07-27T00:00:00,11,1477,6417,69,23301,1546
2026-07-27T00:00:00,12,1424,6417,175,23301,1599
2026-07-27T00:00:00,13,1371,6417,511,23301,1882
2026-07-27T00:00:00,14,1319,6417,1467,23301,2786
2026-07-27T00:00:00,15,1299,6417,2507,23301,3806
2026-07-27T00:00:00,16,1310,6417,3317,23301,4627
2026-07-27T00:00:00,17,1329,6417,4387,23301,5716
2026-07-27T00:00:00,18,1355,6417,5409,23301,6764
2026-07-27T00:00:00,19,1389,6417,6450,23301,7839
2026-07-27T00:00:00,20,1429,6417,7492,23301,8921
2026-07-27T00:00:00,21,1462,6417,8290,23301,9752
2026-07-27T00:00:00,22,1490,6417,8958,23301,10448
2026-07-27T00:00:00,23,1532,6417,9439,23301,10971
2026-07-27T00:00:00,24,1588,6417,9799,23301,11387
2026-07-27T00:00:00,25,1655,6417,10121,23301,11776
2026-07-27T00:00:00,26,1736,6417,10394,23301,12130
2026-07-27T00:00:00,27,1785,6417,10605,23301,12390
2026-07-27T00:00:00,28,1805,6417,10680,23301,12485
2026-07-27T00:00:00,29,1837,6417,10653,23301,12490
2026-07-27T00:00:00,30,1881,6417,10459,23301,12340
2026-07-27T00:00:00,31,1936,6417,10055,23301,11991
2026-07-27T00:00:00,32,2001,6417,9459,23301,11460
2026-07-27T00:00:00,33,1995,6417,8585,23301,10580
2026-07-27T00:00:00,34,1920,6417,7315,23301,9235
2026-07-27T00:00:00,35,1859,6417,6140,23301,7999
2026-07-27T00:00:00,36,1814,6417,5077,23301,6891
2026-07-27T00:00:00,37,1784,6417,3729,23301,5513
2026-07-27T00:00:00,38,1772,6417,2786,23301,4558
2026-07-27T00:00:00,39,1730,6417,2068,23301,3798
2026-07-27T00:00:00,40,1664,6417,862,23301,2526
2026-07-27T00:00:00,41,1621,6417,282,23301,1903
2026-07-27T00:00:00,42,1601,6417,116,23301,1717
2026-07-27T00:00:00,43,1604,6417,36,23301,1640
2026-07-27T00:00:00,44,1629,6417,1,23301,1630
2026-07-27T00:00:00,45,1630,6417,0,23301,1630
2026-07-27T00:00:00,46,1604,6417,0,23301,1604
2026-07-27T00:00:00,47,1594,6417,0,23301,1594
2026-07-27T00:00:00,48,1600,6417,0,23301,1600
2026-07-28T00:00:00,1,1624,6417,0,23301,1624
2026-07-28T00:00:00,2,1665,6417,0,23301,1665
2026-07-28T00:00:00,3,1671,6417,0,23301,1671
2026-07-28T00:00:00,4,1639,6417,0,23301,1639
2026-07-28T00:00:00,5,1620,6417,0,23301,1620
2026-07-28T00:00:00,6,1615,6417,0,23301,1615
2026-07-28T00:00:00,7,1624,6417,0,23301,1624
2026-07-28T00:00:00,8,1645,6417,0,23301,1645
2026-07-28T00:00:00,9,1643,6417,0,23301,1643
2026-07-28T00:00:00,10,1615,6417,0,23301,1615
2026-07-28T00:00:00,11,1599,6417,60,23301,1659
2026-07-28T00:00:00,12,1594,6417,120,23301,1714
2026-07-28T00:00:00,13,1600,6417,358,23301,1958
2026-07-28T00:00:00,14,1616,6417,1106,23301,2722
2026-07-28T00:00:00,15,1631,6417,2101,23301,3732
2026-07-28T00:00:00,16,1645,6417,2704,23301,4349
2026-07-28T00:00:00,17,1673,6417,3682,23301,5355
2026-07-28T00:00:00,18,1713,6417,4707,23301,6420
2026-07-28T00:00:00,19,1766,6417,5738,23301,7504
2026-07-28T00:00:00,20,1831,6417,6954,23301,8785
2026-07-28T00:00:00,21,1884,6417,8042,23301,9926
2026-07-28T00:00:00,22,1927,6417,9027,23301,10954
2026-07-28T00:00:00,23,1983,6417,9605,23301,11588
2026-07-28T00:00:00,24,2051,6417,10016,23301,12067
2026-07-28T00:00:00,25,2131,6417,10241,23301,12372
2026-07-28T00:00:00,26,2223,6417,10344,23301,12567
2026-07-28T00:00:00,27,2241,6417,10321,23301,12562
2026-07-28T00:00:00,28,2182,6417,10226,23301,12408
2026-07-28T00:00:00,29,2128,6417,10070,23301,12198
2026-07-28T00:00:00,30,2080,6417,9788,23301,11868
2026-07-28T00:00:00,31,2038,6417,9365,23301,11403
2026-07-28T00:00:00,32,2002,6417,8937,23301,10939
2026-07-28T00:00:00,33,1973,6417,8195,23301,10168
2026-07-28T00:00:00,34,1952,6417,7020,23301,8972
2026-07-28T00:00:00,35,1938,6417,6068,23301,8006
2026-07-28T00:00:00,36,1931,6417,5228,23301,7159
2026-07-28T00:00:00,37,1931,6417,3998,23301,5929
2026-07-28T00:00:00,38,1937,6417,3151,23301,5088
2026-07-28T00:00:00,39,1903,6417,2584,23301,4487
2026-07-28T00:00:00,40,1827,6417,1442,23301,3269
2026-07-28T00:00:00,41,1757,6417,733,23301,2490
2026-07-28T00:00:00,42,1693,6417,334,23301,2027
2026-07-28T00:00:00,43,1637,6417,70,23301,1707
2026-07-28T00:00:00,44,1589,6417,0,23301,1589
2026-07-28T00:00:00,45,1550,6417,0,23301,1550
2026-07-28T00:00:00,46,1519,6417,0,23301,1519
2026-07-28T00:00:00,47,1497,6417,0,23301,1497
2026-07-28T00:00:00,48,1483,6417,0,23301,1483
2026-07-29T00:00:00,1,1479,6417,0,23301,1479
2026-07-29T00:00:00,2,1482,6417,0,23301,1482
2026-07-29T00:00:00,3,1449,6417,0,23301,1449
2026-07-29T00:00:00,4,1379,6417,0,23301,1379
2026-07-29T00:00:00,5,1315,6417,0,23301,1315
2026-07-29T00:00:00,6,1258,6417,0,23301,1258
2026-07-29T00:00:00,7,1208,6417,0,23301,1208
2026-07-29T00:00:00,8,1165,6417,0,23301,1165
2026-07-29T00:00:00,9,1129,6417,0,23301,1129
2026-07-29T00:00:00,10,1100,6417,0,23301,1100
2026-07-29T00:00:00,11,1077,6417,192,23301,1269
2026-07-29T00:00:00,12,1061,6417,549,23301,1610
2026-07-29T00:00:00,13,1050,6417,1109,23301,2159
2026-07-29T00:00:00,14,1046,6417,1969,23301,3015
2026-07-29T00:00:00,15,1039,6417,2928,23301,3967
2026-07-29T00:00:00,16,1030,6417,3595,23301,4625
2026-07-29T00:00:00,17,1028,6417,4579,23301,5607
2026-07-29T00:00:00,18,1033,6417,5557,23301,6590
2026-07-29T00:00:00,19,1045,6417,6527,23301,7572
2026-07-29T00:00:00,20,1064,6417,7627,23301,8691
2026-07-29T00:00:00,21,1090,6417,8533,23301,9623
2026-07-29T00:00:00,22,1124,6417,9308,23301,10432
2026-07-29T00:00:00,23,1164,6417,9742,23301,10906
2026-07-29T00:00:00,24,1212,6417,10091,23301,11303
2026-07-29T00:00:00,25,1268,6417,10337,23301,11605
2026-07-29T00:00:00,26,1330,6417,10508,23301,11838
2026-07-29T00:00:00,27,1337,6417,10582,23301,11919
2026-07-29T00:00:00,28,1288,6417,10565,23301,11853
2026-07-29T00:00:00,29,1246,6417,10468,23301,11714
2026-07-29T00:00:00,30,1213,6417,10266,23301,11479
2026-07-29T00:00:00,31,1187,6417,9911,23301,11098
2026-07-29T00:00:00,32,1168,6417,9500,23301,10668
2026-07-29T00:00:00,33,1157,6417,8778,23301,9935
2026-07-29T00:00:00,34,1154,6417,7623,23301,8777
2026-07-29T00:00:00,35,1158,6417,6651,23301,7809
2026-07-29T00:00:00,36,1169,6417,5732,23301,6901
2026-07-29T00:00:00,37,1189,6417,4399,23301,5588
2026-07-29T00:00:00,38,1215,6417,3485,23301,4700
2026-07-29T00:00:00,39,1191,6417,2839,23301,4030
2026-07-29T00:00:00,40,1118,6417,1634,23301,2752
2026-07-29T00:00:00,41,1055,6417,849,23301,1904
2026-07-29T00:00:00,42,1003,6417,400,23301,1403
2026-07-29T00:00:00,43,960,6417,41,23301,1001
2026-07-29T00:00:00,44,927,6417,0,23301,927
2026-07-29T00:00:00,45,903,6417,0,23301,903
2026-07-29T00:00:00,46,889,6417,0,23301,889
2026-07-29T00:00:00,47,883,6417,0,23301,883
2026-07-29T00:00:00,48,887,6417,0,23301,887
2026-07-30T00:00:00,1,901,6417,0,23301,901
2026-07-30T00:00:00,2,926,6417,0,23301,926
2026-07-30T00:00:00,3,916,6417,0,23301,916
2026-07-30T00:00:00,4,870,6417,0,23301,870
2026-07-30T00:00:00,5,830,6417,0,23301,830
2026-07-30T00:00:00,6,796,6417,0,23301,796
2026-07-30T00:00:00,7,768,6417,0,23301,768
2026-07-30T00:00:00,8,746,6417,0,23301,746
2026-07-30T00:00:00,9,729,6417,0,23301,729
2026-07-30T00:00:00,10,719,6417,0,23301,719
2026-07-30T00:00:00,11,713,6417,215,23301,928
2026-07-30T00:00:00,12,713,6417,635,23301,1348
2026-07-30T00:00:00,13,718,6417,1261,23301,1979
2026-07-30T00:00:00,14,728,6417,2145,23301,2873
2026-07-30T00:00:00,15,724,6417,3166,23301,3890
2026-07-30T00:00:00,16,709,6417,3901,23301,4610
2026-07-30T00:00:00,17,700,6417,4901,23301,5601
2026-07-30T00:00:00,18,697,6417,5947,23301,6644
2026-07-30T00:00:00,19,701,6417,6921,23301,7622
2026-07-30T00:00:00,20,711,6417,8004,23301,8715
2026-07-30T00:00:00,21,726,6417,8905,23301,9631
2026-07-30T00:00:00,22,747,6417,9610,23301,10357
2026-07-30T00:00:00,23,775,6417,9964,23301,10739
2026-07-30T00:00:00,24,808,6417,10224,23301,11032
2026-07-30T00:00:00,25,847,6417,10414,23301,11261
2026-07-30T00:00:00,26,893,6417,10543,23301,11436
2026-07-30T00:00:00,27,903,6417,10545,23301,11448
2026-07-30T00:00:00,28,876,6417,10456,23301,11332
2026-07-30T00:00:00,29,855,6417,10301,23301,11156
2026-07-30T00:00:00,30,842,6417,10042,23301,10884
2026-07-30T00:00:00,31,834,6417,9666,23301,10500
2026-07-30T00:00:00,32,833,6417,9237,23301,10070
2026-07-30T00:00:00,33,838,6417,8477,23301,9315
2026-07-30T00:00:00,34,850,6417,7342,23301,8192
2026-07-30T00:00:00,35,869,6417,6369,23301,7238
2026-07-30T00:00:00,36,895,6417,5481,23301,6376
2026-07-30T00:00:00,37,930,6417,4179,23301,5109
2026-07-30T00:00:00,38,973,6417,3308,23301,4281
2026-07-30T00:00:00,39,969,6417,2697,23301,3666
2026-07-30T00:00:00,40,917,6417,1515,23301,2432
2026-07-30T00:00:00,41,876,6417,756,23301,1632
2026-07-30T00:00:00,42,843,6417,357,23301,1200
2026-07-30T00:00:00,43,819,6417,36,23301,855
2026-07-30T00:00:00,44,805,6417,0,23301,805
2026-07-30T00:00:00,45,799,6417,0,23301,799
2026-07-30T00:00:00,46,802,6417,0,23301,802
2026-07-30T00:00:00,47,814,6417,0,23301,814
2026-07-30T00:00:00,48,837,6417,0,23301,837
2026-07-31T00:00:00,1,870,6417,0,23301,870
2026-07-31T00:00:00,2,916,6417,0,23301,916
2026-07-31T00:00:00,3,922,6417,0,23301,922
2026-07-31T00:00:00,4,885,6417,0,23301,885
2026-07-31T00:00:00,5,855,6417,0,23301,855
2026-07-31T00:00:00,6,831,6417,0,23301,831
2026-07-31T00:00:00,7,814,6417,0,23301,814
2026-07-31T00:00:00,8,804,6417,0,23301,804
2026-07-31T00:00:00,9,799,6417,0,23301,799
2026-07-31T00:00:00,10,801,6417,0,23301,801
2026-07-31T00:00:00,11,809,6417,166,23301,975
2026-07-31T00:00:00,12,823,6417,580,23301,1403
2026-07-31T00:00:00,13,844,6417,1166,23301,2010
2026-07-31T00:00:00,14,870,6417,1982,23301,2852
2026-07-31T00:00:00,15,874,6417,2992,23301,3866
2026-07-31T00:00:00,16,856,6417,3705,23301,4561
2026-07-31T00:00:00,17,846,6417,4619,23301,5465
2026-07-31T00:00:00,18,842,6417,5687,23301,6529
2026-07-31T00:00:00,19,845,6417,6633,23301,7478
2026-07-31T00:00:00,20,854,6417,7661,23301,8515
2026-07-31T00:00:00,21,868,6417,8553,23301,9421
2026-07-31T00:00:00,22,889,6417,9245,23301,10134
2026-07-31T00:00:00,23,916,6417,9596,23301,10512
2026-07-31T00:00:00,24,948,6417,9852,23301,10800
2026-07-31T00:00:00,25,986,6417,10041,23301,11027
2026-07-31T00:00:00,26,1030,6417,10172,23301,11202
2026-07-31T00:00:00,27,1042,6417,10209,23301,11251
2026-07-31T00:00:00,28,1023,6417,10139,23301,11162
2026-07-31T00:00:00,29,1010,6417,10004,23301,11014
2026-07-31T00:00:00,30,1003,6417,9771,23301,10774
2026-07-31T00:00:00,31,1002,6417,9405,23301,10407
2026-07-31T00:00:00,32,1006,6417,8994,23301,10000
2026-07-31T00:00:00,33,1017,6417,8229,23301,9246
2026-07-31T00:00:00,34,1033,6417,7130,23301,8163
2026-07-31T00:00:00,35,1055,6417,6182,23301,7237
2026-07-31T00:00:00,36,1084,6417,5347,23301,6431
2026-07-31T00:00:00,37,1119,6417,4087,23301,5206
2026-07-31T00:00:00,38,1162,6417,3219,23301,4381
2026-07-31T00:00:00,39,1164,6417,2605,23301,3769
2026-07-31T00:00:00,40,1127,6417,1444,23301,2571
2026-07-31T00:00:00,41,1100,6417,697,23301,1797
2026-07-31T00:00:00,42,1083,6417,337,23301,1420
2026-07-31T00:00:00,43,1074,6417,33,23301,1107
2026-07-31T00:00:00,44,1075,6417,0,23301,1075
2026-07-31T00:00:00,45,1084,6417,0,23301,1084
2026-07-31T00:00:00,46,1102,6417,0,23301,1102
2026-07-31T00:00:00,47,1130,6417,0,23301,1130
2026-07-31T00:00:00,48,1167,6417,0,23301,1167
2026-08-01T00:00:00,1,1216,6417,0,23301,1216
2026-08-01T00:00:00,2,1275,6417,0,23301,1275
2026-08-01T00:00:00,3,1284,6417,0,23301,1284
2026-08-01T00:00:00,4,1238,6417,0,23301,1238
2026-08-01T00:00:00,5,1199,6417,0,23301,1199
2026-08-01T00:00:00,6,1167,6417,0,23301,1167
2026-08-01T00:00:00,7,1143,6417,0,23301,1143
2026-08-01T00:00:00,8,1125,6417,0,23301,1125
2026-08-01T00:00:00,9,1115,6417,0,23301,1115
2026-08-01T00:00:00,10,1112,6417,0,23301,1112
2026-08-01T00:00:00,11,1116,6417,152,23301,1268
2026-08-01T00:00:00,12,1128,6417,539,23301,1667
2026-08-01T00:00:00,13,1148,6417,1085,23301,2233
2026-08-01T00:00:00,14,1177,6417,1852,23301,3029
2026-08-01T00:00:00,15,1175,6417,2878,23301,4053
2026-08-01T00:00:00,16,1143,6417,3552,23301,4695
2026-08-01T00:00:00,17,1120,6417,4382,23301,5502
2026-08-01T00:00:00,18,1105,6417,5478,23301,6583
2026-08-01T00:00:00,19,1098,6417,6410,23301,7508
2026-08-01T00:00:00,20,1099,6417,7431,23301,8530
2026-08-01T00:00:00,21,1107,6417,8355,23301,9462
2026-08-01T00:00:00,22,1122,6417,9101,23301,10223
2026-08-01T00:00:00,23,1144,6417,9491,23301,10635
2026-08-01T00:00:00,24,1173,6417,9816,23301,10989
2026-08-01T00:00:00,25,1210,6417,10065,23301,11275
2026-08-01T00:00:00,26,1253,6417,10214,23301,11467
2026-08-01T00:00:00,27,1257,6417,10266,23301,11523
2026-08-01T00:00:00,28,1222,6417,10223,23301,11445
2026-08-01T00:00:00,29,1193,6417,10109,23301,11302
2026-08-01T00:00:00,30,1171,6417,9883,23301,11054
2026-08-01T00:00:00,31,1156,6417,9523,23301,10679
2026-08-01T00:00:00,32,1146,6417,9109,23301,10255
2026-08-01T00:00:00,33,1143,6417,8294,23301,9437
2026-08-01T00:00:00,34,1147,6417,7168,23301,8315
2026-08-01T00:00:00,35,1156,6417,6180,23301,7336
2026-08-01T00:00:00,36,1173,6417,5378,23301,6551
2026-08-01T00:00:00,37,1196,6417,4113,23301,5309
2026-08-01T00:00:00,38,1226,6417,3251,23301,4477
2026-08-01T00:00:00,39,1221,6417,2624,23301,3845
2026-08-01T00:00:00,40,1182,6417,1432,23301,2614
2026-08-01T00:00:00,41,1150,6417,693,23301,1843
2026-08-01T00:00:00,42,1127,6417,330,23301,1457
2026-08-01T00:00:00,43,1111,6417,16,23301,1127
2026-08-01T00:00:00,44,1102,6417,0,23301,1102
2026-08-01T00:00:00,45,1101,6417,0,23301,1101
2026-08-01T00:00:00,46,1108,6417,0,23301,1108
2026-08-01T00:00:00,47,1122,6417,0,23301,1122
2026-08-01T00:00:00,48,1145,6417,0,23301,1145
2026-08-02T00:00:00,1,1176,6417,0,23301,1176
2026-08-02T00:00:00,2,1216,6417,0,23301,1216
2026-08-02T00:00:00,3,1216,6417,0,23301,1216
2026-08-02T00:00:00,4,1173,6417,0,23301,1173
2026-08-02T00:00:00,5,1137,6417,0,23301,1137
2026-08-02T00:00:00,6,1107,6417,0,23301,1107
2026-08-02T00:00:00,7,1083,6417,0,23301,1083
2026-08-02T00:00:00,8,1067,6417,0,23301,1067
2026-08-02T00:00:00,9,1056,6417,0,23301,1056
2026-08-02T00:00:00,10,1052,6417,0,23301,1052
2026-08-02T00:00:00,11,1054,6417,143,23301,1197
2026-08-02T00:00:00,12,1063,6417,511,23301,1574
2026-08-02T00:00:00,13,1078,6417,992,23301,2070
2026-08-02T00:00:00,14,1099,6417,1753,23301,2852
2026-08-02T00:00:00,15,1096,6417,2764,23301,3860
2026-08-02T00:00:00,16,1069,6417,3391,23301,4460
2026-08-02T00:00:00,17,1050,6417,4192,23301,5242
2026-08-02T00:00:00,18,1038,6417,5264,23301,6302
2026-08-02T00:00:00,19,1033,6417,6187,23301,7220
2026-08-02T00:00:00,20,1036,6417,7222,23301,8258
2026-08-02T00:00:00,21,1045,6417,8121,23301,9166
2026-08-02T00:00:00,22,1062,6417,8869,23301,9931
2026-08-02T00:00:00,23,1086,6417,9246,23301,10332
2026-08-02T00:00:00,24,1117,6417,9564,23301,10681
2026-08-02T00:00:00,25,1156,6417,9806,23301,10962
2026-08-02T00:00:00,26,1201,6417,9965,23301,11166
2026-08-02T00:00:00,27,1205,6417,10036,23301,11241
2026-08-02T00:00:00,28,1168,6417,10006,23301,11174
2026-08-02T00:00:00,29,1138,6417,9916,23301,11054
2026-08-02T00:00:00,30,1116,6417,9724,23301,10840
2026-08-02T00:00:00,31,1101,6417,9389,23301,10490
2026-08-02T00:00:00,32,1094,6417,8998,23301,10092
2026-08-02T00:00:00,33,1093,6417,8190,23301,9283
2026-08-02T00:00:00,34,1101,6417,7080,23301,8181
2026-08-02T00:00:00,35,1116,6417,6113,23301,7229
2026-08-02T00:00:00,36,1140,6417,5295,23301,6435
2026-08-02T00:00:00,37,1173,6417,4049,23301,5222
2026-08-02T00:00:00,38,1214,6417,3204,23301,4418
2026-08-02T00:00:00,39,1209,6417,2579,23301,3788
2026-08-02T00:00:00,40,1157,6417,1406,23301,2563
2026-08-02T00:00:00,41,1114,6417,663,23301,1777
2026-08-02T00:00:00,42,1081,6417,318,23301,1399
2026-08-02T00:00:00,43,1056,6417,16,23301,1072
2026-08-02T00:00:00,44,1040,6417,0,23301,1040
2026-08-02T00:00:00,45,1032,6417,0,23301,1032
2026-08-02T00:00:00,46,1034,6417,0,23301,1034
2026-08-02T00:00:00,47,1044,6417,0,23301,1044
2026-08-02T00:00:00,48,1065,6417,0,23301,1065
2026-08-03T00:00:00,1,1096,6417,0,23301,1096
2026-08-03T00:00:00,2,1138,6417,0,23301,1138
2026-08-03T00:00:00,3,1138,6417,0,23301,1138
2026-08-03T00:00:00,4,1092,6417,0,23301,1092
2026-08-03T00:00:00,5,1052,6417,0,23301,1052
2026-08-03T00:00:00,6,1020,6417,0,23301,1020
2026-08-03T00:00:00,7,993,6417,0,23301,993
2026-08-03T00:00:00,8,973,6417,0,23301,973
2026-08-03T00:00:00,9,960,6417,0,23301,960
2026-08-03T00:00:00,10,952,6417,0,23301,952
2026-08-03T00:00:00,11,952,6417,103,23301,1055
2026-08-03T00:00:00,12,957,6417,505,23301,1462
2026-08-03T00:00:00,13,970,6417,966,23301,1936
2026-08-03T00:00:00,14,989,6417,1704,23301,2693
2026-08-03T00:00:00,15,983,6417,2754,23301,3737
2026-08-03T00:00:00,16,954,6417,3360,23301,4314
2026-08-03T00:00:00,17,933,6417,4165,23301,5098
2026-08-03T00:00:00,18,920,6417,5230,23301,6150
2026-08-03T00:00:00,19,914,6417,6124,23301,7038
2026-08-03T00:00:00,20,915,6417,7185,23301,8100
2026-08-03T00:00:00,21,923,6417,8100,23301,9023
2026-08-03T00:00:00,22,937,6417,8787,23301,9724
2026-08-03T00:00:00,23,958,6417,9164,23301,10122
2026-08-03T00:00:00,24,984,6417,9441,23301,10425
2026-08-03T00:00:00,25,1017,6417,9653,23301,10670
2026-08-03T00:00:00,26,1056,6417,9800,23301,10856
2026-08-03T00:00:00,27,1060,6417,9858,23301,10918
2026-08-03T00:00:00,28,1029,6417,9825,23301,10854
2026-08-03T00:00:00,29,1003,6417,9717,23301,10720
2026-08-03T00:00:00,30,983,6417,9520,23301,10503
2026-08-03T00:00:00,31,969,6417,9206,23301,10175
2026-08-03T00:00:00,32,961,6417,8827,23301,9788
2026-08-03T00:00:00,33,958,6417,7969,23301,8927
2026-08-03T00:00:00,34,961,6417,6923,23301,7884
2026-08-03T00:00:00,35,970,6417,5951,23301,6921
2026-08-03T00:00:00,36,986,6417,5104,23301,6090
2026-08-03T00:00:00,37,1008,6417,3913,23301,4921
2026-08-03T00:00:00,38,1037,6417,3114,23301,4151
2026-08-03T00:00:00,39,1036,6417,2510,23301,3546
2026-08-03T00:00:00,40,1005,6417,1334,23301,2339
2026-08-03T00:00:00,41,982,6417,632,23301,1614
2026-08-03T00:00:00,42,966,6417,300,23301,1266
2026-08-03T00:00:00,43,957,6417,15,23301,972
2026-08-03T00:00:00,44,955,6417,0,23301,955
2026-08-03T00:00:00,45,960,6417,0,23301,960
2026-08-03T00:00:00,46,973,6417,0,23301,973
2026-08-03T00:00:00,47,992,6417,0,23301,992
2026-08-03T00:00:00,48,1020,6417,0,23301,1020
2026-08-04T00:00:00,1,1055,6417,0,23301,1055
2026-08-04T00:00:00,2,1099,6417,0,23301,1099
2026-08-04T00:00:00,3,1108,6417,0,23301,1108
2026-08-04T00:00:00,4,1079,6417,0,23301,1079
2026-08-04T00:00:00,5,1055,6417,0,23301,1055
2026-08-04T00:00:00,6,1036,6417,0,23301,1036
2026-08-04T00:00:00,7,1021,6417,0,23301,1021
2026-08-04T00:00:00,8,1012,6417,0,23301,1012
2026-08-04T00:00:00,9,1007,6417,0,23301,1007
2026-08-04T00:00:00,10,1008,6417,0,23301,1008
2026-08-04T00:00:00,11,1013,6417,85,23301,1098
2026-08-04T00:00:00,12,1024,6417,488,23301,1512
2026-08-04T00:00:00,13,1039,6417,927,23301,1966
2026-08-04T00:00:00,14,1060,6417,1684,23301,2744
2026-08-04T00:00:00,15,1059,6417,2729,23301,3788
2026-08-04T00:00:00,16,1035,6417,3325,23301,4360
2026-08-04T00:00:00,17,1017,6417,4117,23301,5134
2026-08-04T00:00:00,18,1006,6417,5186,23301,6192
2026-08-04T00:00:00,19,1001,6417,6093,23301,7094
2026-08-04T00:00:00,20,1003,6417,7143,23301,8146
2026-08-04T00:00:00,21,1010,6417,8054,23301,9064
2026-08-04T00:00:00,22,1023,6417,8718,23301,9741
2026-08-04T00:00:00,23,1042,6417,9104,23301,10146
2026-08-04T00:00:00,24,1067,6417,9389,23301,10456
2026-08-04T00:00:00,25,1097,6417,9609,23301,10706
2026-08-04T00:00:00,26,1134,6417,9766,23301,10900
2026-08-04T00:00:00,27,1135,6417,9826,23301,10961
2026-08-04T00:00:00,28,1098,6417,9797,23301,10895
2026-08-04T00:00:00,29,1068,6417,9694,23301,10762
2026-08-04T00:00:00,30,1042,6417,9503,23301,10545
2026-08-04T00:00:00,31,1023,6417,9198,23301,10221
2026-08-04T00:00:00,32,1009,6417,8826,23301,9835
2026-08-04T00:00:00,33,1001,6417,7971,23301,8972
2026-08-04T00:00:00,34,999,6417,6893,23301,7892
2026-08-04T00:00:00,35,1004,6417,5927,23301,6931
2026-08-04T00:00:00,36,1015,6417,5040,23301,6055
2026-08-04T00:00:00,37,1033,6417,3858,23301,4891
2026-08-04T00:00:00,38,1059,6417,3111,23301,4170
2026-08-04T00:00:00,39,1050,6417,2434,23301,3484
2026-08-04T00:00:00,40,1007,6417,1325,23301,2332
2026-08-04T00:00:00,41,970,6417,627,23301,1597
2026-08-04T00:00:00,42,941,6417,296,23301,1237
2026-08-04T00:00:00,43,919,6417,7,23301,926
2026-08-04T00:00:00,44,903,6417,0,23301,903
2026-08-04T00:00:00,45,894,6417,0,23301,894
2026-08-04T00:00:00,46,892,6417,0,23301,892
2026-08-04T00:00:00,47,897,6417,0,23301,897
2026-08-04T00:00:00,48,908,6417,0,23301,908
2026-08-05T00:00:00,1,927,6417,0,23301,927
2026-08-05T00:00:00,2,954,6417,0,23301,954
2026-08-05T00:00:00,3,947,6417,0,23301,947
2026-08-05T00:00:00,4,905,6417,0,23301,905
2026-08-05T00:00:00,5,870,6417,0,23301,870
2026-08-05T00:00:00,6,842,6417,0,23301,842
2026-08-05T00:00:00,7,822,6417,0,23301,822
2026-08-05T00:00:00,8,808,6417,0,23301,808
2026-08-05T00:00:00,9,801,6417,0,23301,801
2026-08-05T00:00:00,10,799,6417,0,23301,799
2026-08-05T00:00:00,11,803,6417,84,23301,887
2026-08-05T00:00:00,12,812,6417,494,23301,1306
2026-08-05T00:00:00,13,829,6417,923,23301,1752
2026-08-05T00:00:00,14,851,6417,1683,23301,2534
2026-08-05T00:00:00,15,852,6417,2723,23301,3575
2026-08-05T00:00:00,16,832,6417,3336,23301,4168
2026-08-05T00:00:00,17,818,6417,4114,23301,4932
2026-08-05T00:00:00,18,810,6417,5211,23301,6021
2026-08-05T00:00:00,19,808,6417,6128,23301,6936
2026-08-05T00:00:00,20,813,6417,7171,23301,7984
2026-08-05T00:00:00,21,823,6417,8065,23301,8888
2026-08-05T00:00:00,22,839,6417,8677,23301,9516
2026-08-05T00:00:00,23,862,6417,9055,23301,9917
2026-08-05T00:00:00,24,890,6417,9307,23301,10197
2026-08-05T00:00:00,25,925,6417,9507,23301,10432
2026-08-05T00:00:00,26,967,6417,9632,23301,10599
2026-08-05T00:00:00,27,974,6417,9675,23301,10649
2026-08-05T00:00:00,28,946,6417,9627,23301,10573
2026-08-05T00:00:00,29,924,6417,9504,23301,10428
2026-08-05T00:00:00,30,908,6417,9279,23301,10187
2026-08-05T00:00:00,31,897,6417,8991,23301,9888
2026-08-05T00:00:00,32,892,6417,8591,23301,9483
2026-08-05T00:00:00,33,893,6417,7753,23301,8646
2026-08-05T00:00:00,34,900,6417,6659,23301,7559
2026-08-05T00:00:00,35,914,6417,5742,23301,6656
2026-08-05T00:00:00,36,934,6417,4794,23301,5728
2026-08-05T00:00:00,37,961,6417,3674,23301,4635
2026-08-05T00:00:00,38,995,6417,2969,23301,3964
2026-08-05T00:00:00,39,994,6417,2253,23301,3247
2026-08-05T00:00:00,40,957,6417,1197,23301,2154
2026-08-05T00:00:00,41,927,6417,549,23301,1476
2026-08-05T00:00:00,42,904,6417,250,23301,1154
2026-08-05T00:00:00,43,888,6417,7,23301,895
2026-08-05T00:00:00,44,879,6417,0,23301,879
2026-08-05T00:00:00,45,876,6417,0,23301,876
2026-08-05T00:00:00,46,881,6417,0,23301,881
2026-08-05T00:00:00,47,893,6417,0,23301,893
2026-08-05T00:00:00,48,913,6417,0,23301,913
2026-07-23T00:00:00,5,529,6417,0,23301,529
2026-07-23T00:00:00,6,529,6417,0,23301,529
2026-07-23T00:00:00,7,529,6417,0,23301,529
2026-07-23T00:00:00,8,530,6417,0,23301,530
2026-07-23T00:00:00,9,542,6417,0,23301,542
2026-07-23T00:00:00,10,560,6417,0,23301,560
2026-07-23T00:00:00,11,570,6417,93,23301,663
2026-07-23T00:00:00,12,571,6417,253,23301,824
2026-07-23T00:00:00,13,562,6417,621,23301,1183
2026-07-23T00:00:00,14,543,6417,1586,23301,2129
2026-07-23T00:00:00,15,529,6417,2472,23301,3001
2026-07-23T00:00:00,16,524,6417,3477,23301,4001
2026-07-23T00:00:00,17,521,6417,4584,23301,5105
2026-07-23T00:00:00,18,514,6417,5853,23301,6367
2026-07-23T00:00:00,19,510,6417,7140,23301,7650
2026-07-23T00:00:00,20,509,6417,8162,23301,8671
2026-07-23T00:00:00,21,514,6417,8954,23301,9468
2026-07-23T00:00:00,22,526,6417,9258,23301,9784
2026-07-23T00:00:00,23,536,6417,9461,23301,9997
2026-07-23T00:00:00,24,545,6417,9401,23301,9946
2026-07-23T00:00:00,25,562,6417,9327,23301,9889
2026-07-23T00:00:00,26,587,6417,9281,23301,9868
2026-07-23T00:00:00,27,621,6417,9225,23301,9846
2026-07-23T00:00:00,28,660,6417,9179,23301,9839
2026-07-23T00:00:00,29,697,6417,9121,23301,9818
2026-07-23T00:00:00,30,734,6417,9012,23301,9746
2026-07-23T00:00:00,31,773,6417,8803,23301,9576
2026-07-23T00:00:00,32,813,6417,8334,23301,9147
2026-07-23T00:00:00,33,849,6417,7744,23301,8593
2026-07-23T00:00:00,34,879,6417,6980,23301,7859
2026-07-23T00:00:00,35,902,6417,6095,23301,6997
2026-07-23T00:00:00,36,917,6417,5068,23301,5985
2026-07-23T00:00:00,37,928,6417,4150,23301,5078
2026-07-23T00:00:00,38,935,6417,3360,23301,4295
2026-07-23T00:00:00,39,934,6417,2656,23301,3590
2026-07-23T00:00:00,40,925,6417,1701,23301,2626
2026-07-23T00:00:00,41,926,6417,903,23301,1829
2026-07-23T00:00:00,42,938,6417,365,23301,1303
2026-07-23T00:00:00,43,957,6417,84,23301,1041
2026-07-23T00:00:00,44,982,6417,19,23301,1001
2026-07-23T00:00:00,45,995,6417,0,23301,995
2026-07-23T00:00:00,46,991,6417,0,23301,991
2026-07-23T00:00:00,47,989,6417,0,23301,989
2026-07-23T00:00:00,48,981,6417,0,23301,981
2026-07-24T00:00:00,1,975,6417,0,23301,975
2026-07-24T00:00:00,2,965,6417,0,23301,965
2026-07-24T00:00:00,3,959,6417,0,23301,959
2026-07-24T00:00:00,4,953,6417,0,23301,953
2026-07-24T00:00:00,5,950,6417,0,23301,950
2026-07-24T00:00:00,6,949,6417,0,23301,949
2026-07-24T00:00:00,7,953,6417,0,23301,953
2026-07-24T00:00:00,8,961,6417,0,23301,961
2026-07-24T00:00:00,9,970,6417,0,23301,970
2026-07-24T00:00:00,10,981,6417,1,23301,982
2026-07-24T00:00:00,11,986,6417,95,23301,1081
2026-07-24T00:00:00,12,988,6417,265,23301,1253
2026-07-24T00:00:00,13,972,6417,660,23301,1632
2026-07-24T00:00:00,14,943,6417,1679,23301,2622
2026-07-24T00:00:00,15,962,6417,2648,23301,3610
2026-07-24T00:00:00,16,1032,6417,3686,23301,4718
2026-07-24T00:00:00,17,1119,6417,4854,23301,5973
2026-07-24T00:00:00,18,1222,6417,6185,23301,7407
2026-07-24T00:00:00,19,1312,6417,7598,23301,8910
2026-07-24T00:00:00,20,1387,6417,8821,23301,10208
2026-07-24T00:00:00,21,1450,6417,9799,23301,11249
2026-07-24T00:00:00,22,1499,6417,10431,23301,11930
2026-07-24T00:00:00,23,1548,6417,10940,23301,12488
2026-07-24T00:00:00,24,1597,6417,11091,23301,12688
2026-07-24T00:00:00,25,1649,6417,11193,23301,12842
2026-07-24T00:00:00,26,1704,6417,11142,23301,12846
2026-07-24T00:00:00,27,1758,6417,11118,23301,12876
2026-07-24T00:00:00,28,1810,6417,11015,23301,12825
2026-07-24T00:00:00,29,1858,6417,10879,23301,12737
2026-07-24T00:00:00,30,1901,6417,10610,23301,12511
2026-07-24T00:00:00,31,1936,6417,10246,23301,12182
2026-07-24T00:00:00,32,1964,6417,9575,23301,11539
2026-07-24T00:00:00,33,1978,6417,8790,23301,10768
2026-07-24T00:00:00,34,1977,6417,7891,23301,9868
2026-07-24T00:00:00,35,1962,6417,6884,23301,8846
2026-07-24T00:00:00,36,1934,6417,5668,23301,7602
2026-07-24T00:00:00,37,1889,6417,4605,23301,6494
2026-07-24T00:00:00,38,1829,6417,3728,23301,5557
2026-07-24T00:00:00,39,1751,6417,2915,23301,4666
2026-07-24T00:00:00,40,1661,6417,1866,23301,3527
2026-07-24T00:00:00,41,1597,6417,1021,23301,2618
2026-07-24T00:00:00,42,1564,6417,385,23301,1949
2026-07-24T00:00:00,43,1558,6417,79,23301,1637
2026-07-24T00:00:00,44,1578,6417,17,23301,1595
2026-07-24T00:00:00,45,1591,6417,0,23301,1591
2026-07-24T00:00:00,46,1592,6417,0,23301,1592
2026-07-24T00:00:00,47,1594,6417,0,23301,1594
2026-07-24T00:00:00,48,1591,6417,0,23301,1591
2026-07-25T00:00:00,1,1599,6417,0,23301,1599
2026-07-25T00:00:00,2,1617,6417,0,23301,1617
2026-07-25T00:00:00,3,1646,6417,0,23301,1646
2026-07-25T00:00:00,4,1687,6417,0,23301,1687
2026-07-25T00:00:00,5,1729,6417,0,23301,1729
2026-07-25T00:00:00,6,1770,6417,0,23301,1770
2026-07-25T00:00:00,7,1812,6417,0,23301,1812
2026-07-25T00:00:00,8,1852,6417,0,23301,1852
2026-07-25T00:00:00,9,1893,6417,0,23301,1893
2026-07-25T00:00:00,10,1934,6417,0,23301,1934
2026-07-25T00:00:00,11,1974,6417,95,23301,2069
2026-07-25T00:00:00,12,2012,6417,260,23301,2272
2026-07-25T00:00:00,13,2027,6417,659,23301,2686
2026-07-25T00:00:00,14,2022,6417,1626,23301,3648
2026-07-25T00:00:00,15,2029,6417,2609,23301,4638
2026-07-25T00:00:00,16,2054,6417,3581,23301,5635
2026-07-25T00:00:00,17,2123,6417,4645,23301,6768
2026-07-25T00:00:00,18,2241,6417,5819,23301,8060
2026-07-25T00:00:00,19,2353,6417,7055,23301,9408
2026-07-25T00:00:00,20,2463,6417,8081,23301,10544
2026-07-25T00:00:00,21,2563,6417,8923,23301,11486
2026-07-25T00:00:00,22,2650,6417,9626,23301,12276
2026-07-25T00:00:00,23,2721,6417,10216,23301,12937
2026-07-25T00:00:00,24,2772,6417,10550,23301,13322
2026-07-25T00:00:00,25,2822,6417,10800,23301,13622
2026-07-25T00:00:00,26,2870,6417,10869,23301,13739
2026-07-25T00:00:00,27,2912,6417,10853,23301,13765
2026-07-25T00:00:00,28,2948,6417,10616,23301,13564
2026-07-25T00:00:00,29,2971,6417,10312,23301,13283
2026-07-25T00:00:00,30,2982,6417,9819,23301,12801
2026-07-25T00:00:00,31,2968,6417,9239,23301,12207
2026-07-25T00:00:00,32,2929,6417,8444,23301,11373
2026-07-25T00:00:00,33,2875,6417,7569,23301,10444
2026-07-25T00:00:00,34,2808,6417,6638,23301,9446
2026-07-25T00:00:00,35,2729,6417,5582,23301,8311
2026-07-25T00:00:00,36,2635,6417,4439,23301,7074
2026-07-25T00:00:00,37,2523,6417,3454,23301,5977
2026-07-25T00:00:00,38,2402,6417,2679,23301,5081
2026-07-25T00:00:00,39,2264,6417,2019,23301,4283
2026-07-25T00:00:00,40,2115,6417,1212,23301,3327
2026-07-25T00:00:00,41,1985,6417,571,23301,2556
2026-07-25T00:00:00,42,1875,6417,242,23301,2117
2026-07-25T00:00:00,43,1794,6417,46,23301,1840
2026-07-25T00:00:00,44,1737,6417,8,23301,1745
2026-07-25T00:00:00,45,1697,6417,0,23301,1697
2026-07-25T00:00:00,46,1670,6417,0,23301,1670
2026-07-25T00:00:00,47,1647,6417,0,23301,1647
2026-07-25T00:00:00,48,1624,6417,0,23301,1624
2026-07-26T00:00:00,1,1604,6417,0,23301,1604
2026-07-26T00:00:00,2,1584,6417,0,23301,1584
2026-07-26T00:00:00,3,1568,6417,0,23301,1568
2026-07-26T00:00:00,4,1553,6417,0,23301,1553
2026-07-26T00:00:00,5,1539,6417,0,23301,1539
2026-07-26T00:00:00,6,1526,6417,0,23301,1526
2026-07-26T00:00:00,7,1515,6417,0,23301,1515
2026-07-26T00:00:00,8,1507,6417,0,23301,1507
2026-07-26T00:00:00,9,1499,6417,0,23301,1499
2026-07-26T00:00:00,10,1492,6417,0,23301,1492
2026-07-26T00:00:00,11,1478,6417,78,23301,1556
2026-07-26T00:00:00,12,1457,6417,173,23301,1630
2026-07-26T00:00:00,13,1421,6417,401,23301,1822
2026-07-26T00:00:00,14,1377,6417,1045,23301,2422
2026-07-26T00:00:00,15,1359,6417,1740,23301,3099
2026-07-26T00:00:00,16,1360,6417,2384,23301,3744
2026-07-26T00:00:00,17,1368,6417,3142,23301,4510
2026-07-26T00:00:00,18,1383,6417,3997,23301,5380
2026-07-26T00:00:00,19,1413,6417,4895,23301,6308
2026-07-26T00:00:00,20,1458,6417,5671,23301,7129
2026-07-26T00:00:00,21,1493,6417,6277,23301,7770
2026-07-26T00:00:00,22,1517,6417,6783,23301,8300
2026-07-26T00:00:00,23,1553,6417,7175,23301,8728
2026-07-26T00:00:00,24,1601,6417,7432,23301,9033
2026-07-26T00:00:00,25,1658,6417,7639,23301,9297
2026-07-26T00:00:00,26,1728,6417,7764,23301,9492
2026-07-26T00:00:00,27,1774,6417,7849,23301,9623
2026-07-26T00:00:00,28,1800,6417,7896,23301,9696
2026-07-26T00:00:00,29,1832,6417,7893,23301,9725
2026-07-26T00:00:00,30,1867,6417,7784,23301,9651
2026-07-26T00:00:00,31,1911,6417,7591,23301,9502
2026-07-26T00:00:00,32,1963,6417,7191,23301,9154
2026-07-26T00:00:00,33,1973,6417,6687,23301,8660
2026-07-26T00:00:00,34,1942,6417,5981,23301,7923
2026-07-26T00:00:00,35,1915,6417,5140,23301,7055
2026-07-26T00:00:00,36,1892,6417,4218,23301,6110
2026-07-26T00:00:00,37,1873,6417,3355,23301,5228
2026-07-26T00:00:00,38,1857,6417,2678,23301,4535
2026-07-26T00:00:00,39,1803,6417,2106,23301,3909
2026-07-26T00:00:00,40,1712,6417,1241,23301,2953
2026-07-26T00:00:00,41,1642,6417,614,23301,2256
2026-07-26T00:00:00,42,1593,6417,250,23301,1843
2026-07-26T00:00:00,43,1569,6417,48,23301,1617
2026-07-26T00:00:00,44,1570,6417,7,23301,1577
2026-07-26T00:00:00,45,1569,6417,0,23301,1569
2026-07-26T00:00:00,46,1562,6417,0,23301,1562
2026-07-26T00:00:00,47,1561,6417,0,23301,1561
2026-07-26T00:00:00,48,1567,6417,0,23301,1567
2026-07-27T00:00:00,1,1585,6417,0,23301,1585
2026-07-27T00:00:00,2,1615,6417,0,23301,1615
2026-07-27T00:00:00,3,1626,6417,0,23301,1626
2026-07-27T00:00:00,4,1610,6417,0,23301,1610
2026-07-27T00:00:00,5,1600,6417,0,23301,1600
2026-07-27T00:00:00,6,1597,6417,0,23301,1597
2026-07-27T00:00:00,7,1601,6417,0,23301,1601
2026-07-27T00:00:00,8,1613,6417,0,23301,1613
2026-07-27T00:00:00,9,1592,6417,0,23301,1592
2026-07-27T00:00:00,10,1533,6417,0,23301,1533
2026-07-27T00:00:00,11,1477,6417,69,23301,1546
2026-07-27T00:00:00,12,1424,6417,175,23301,1599
2026-07-27T00:00:00,13,1371,6417,511,23301,1882
2026-07-27T00:00:00,14,1319,6417,1467,23301,2786
2026-07-27T00:00:00,15,1299,6417,2507,23301,3806
2026-07-27T00:00:00,16,1310,6417,3317,23301,4627
2026-07-27T00:00:00,17,1329,6417,4387,23301,5716
2026-07-27T00:00:00,18,1355,6417,5409,23301,6764
2026-07-27T00:00:00,19,1389,6417,6450,23301,7839
2026-07-27T00:00:00,20,1429,6417,7492,23301,8921
2026-07-27T00:00:00,21,1462,6417,8290,23301,9752
2026-07-27T00:00:00,22,1490,6417,8958,23301,10448
2026-07-27T00:00:00,23,1532,6417,9439,23301,10971
2026-07-27T00:00:00,24,1588,6417,9799,23301,11387
2026-07-27T00:00:00,25,1655,6417,10121,23301,11776
2026-07-27T00:00:00,26,1736,6417,10394,23301,12130
2026-07-27T00:00:00,27,1785,6417,10605,23301,12390
2026-07-27T00:00:00,28,1805,6417,10680,23301,12485
2026-07-27T00:00:00,29,1837,6417,10653,23301,12490
2026-07-27T00:00:00,30,1881,6417,10459,23301,12340
2026-07-27T00:00:00,31,1936,6417,10055,23301,11991
2026-07-27T00:00:00,32,2001,6417,9459,23301,11460
2026-07-27T00:00:00,33,1995,6417,8585,23301,10580
2026-07-27T00:00:00,34,1920,6417,7315,23301,9235
2026-07-27T00:00:00,35,1859,6417,6140,23301,7999
2026-07-27T00:00:00,36,1814,6417,5077,23301,6891
2026-07-27T00:00:00,37,1784,6417,3729,23301,5513
2026-07-27T00:00:00,38,1772,6417,2786,23301,4558
2026-07-27T00:00:00,39,1730,6417,2068,23301,3798
2026-07-27T00:00:00,40,1664,6417,862,23301,2526
2026-07-27T00:00:00,41,1621,6417,282,23301,1903
2026-07-27T00:00:00,42,1601,6417,116,23301,1717
2026-07-27T00:00:00,43,1604,6417,36,23301,1640
2026-07-27T00:00:00,44,1629,6417,1,23301,1630
2026-07-27T00:00:00,45,1630,6417,0,23301,1630
2026-07-27T00:00:00,46,1604,6417,0,23301,1604
2026-07-27T00:00:00,47,1594,6417,0,23301,1594
2026-07-27T00:00:00,48,1600,6417,0,23301,1600
2026-07-28T00:00:00,1,1624,6417,0,23301,1624
2026-07-28T00:00:00,2,1665,6417,0,23301,1665
2026-07-28T00:00:00,3,1671,6417,0,23301,1671
2026-07-28T00:00:00,4,1639,6417,0,23301,1639
2026-07-28T00:00:00,5,1620,6417,0,23301,1620
2026-07-28T00:00:00,6,1615,6417,0,23301,1615
2026-07-28T00:00:00,7,1624,6417,0,23301,1624
2026-07-28T00:00:00,8,1645,6417,0,23301,1645
2026-07-28T00:00:00,9,1643,6417,0,23301,1643
2026-07-28T00:00:00,10,1615,6417,0,23301,1615
2026-07-28T00:00:00,11,1599,6417,60,23301,1659
2026-07-28T00:00:00,12,1594,6417,120,23301,1714
2026-07-28T00:00:00,13,1600,6417,358,23301,1958
2026-07-28T00:00:00,14,1616,6417,1106,23301,2722
2026-07-28T00:00:00,15,1631,6417,2101,23301,3732
2026-07-28T00:00:00,16,1645,6417,2704,23301,4349
2026-07-28T00:00:00,17,1673,6417,3682,23301,5355
2026-07-28T00:00:00,18,1713,6417,4707,23301,6420
2026-07-28T00:00:00,19,1766,6417,5738,23301,7504
2026-07-28T00:00:00,20,1831,6417,6954,23301,8785
2026-07-28T00:00:00,21,1884,6417,8042,23301,9926
2026-07-28T00:00:00,22,1927,6417,9027,23301,10954
2026-07-28T00:00:00,23,1983,6417,9605,23301,11588
2026-07-28T00:00:00,24,2051,6417,10016,23301,12067
2026-07-28T00:00:00,25,2131,6417,10241,23301,12372
2026-07-28T00:00:00,26,2223,6417,10344,23301,12567
2026-07-28T00:00:00,27,2241,6417,10321,23301,12562
2026-07-28T00:00:00,28,2182,6417,10226,23301,12408
2026-07-28T00:00:00,29,2128,6417,10070,23301,12198
2026-07-28T00:00:00,30,2080,6417,9788,23301,11868
2026-07-28T00:00:00,31,2038,6417,9365,23301,11403
2026-07-28T00:00:00,32,2002,6417,8937,23301,10939
2026-07-28T00:00:00,33,1973,6417,8195,23301,10168
2026-07-28T00:00:00,34,1952,6417,7020,23301,8972
2026-07-28T00:00:00,35,1938,6417,6068,23301,8006
2026-07-28T00:00:00,36,1931,6417,5228,23301,7159
2026-07-28T00:00:00,37,1931,6417,3998,23301,5929
2026-07-28T00:00:00,38,1937,6417,3151,23301,5088
2026-07-28T00:00:00,39,1903,6417,2584,23301,4487
2026-07-28T00:00:00,40,1827,6417,1442,23301,3269
2026-07-28T00:00:00,41,1757,6417,733,23301,2490
2026-07-28T00:00:00,42,1693,6417,334,23301,2027
2026-07-28T00:00:00,43,1637,6417,70,23301,1707
2026-07-28T00:00:00,44,1589,6417,0,23301,1589
2026-07-28T00:00:00,45,1550,6417,0,23301,1550
2026-07-28T00:00:00,46,1519,6417,0,23301,1519
2026-07-28T00:00:00,47,1497,6417,0,23301,1497
2026-07-28T00:00:00,48,1483,6417,0,23301,1483
2026-07-29T00:00:00,1,1479,6417,0,23301,1479
2026-07-29T00:00:00,2,1482,6417,0,23301,1482
2026-07-29T00:00:00,3,1449,6417,0,23301,1449
2026-07-29T00:00:00,4,1379,6417,0,23301,1379
2026-07-29T00:00:00,5,1315,6417,0,23301,1315
2026-07-29T00:00:00,6,1258,6417,0,23301,1258
2026-07-29T00:00:00,7,1208,6417,0,23301,1208
2026-07-29T00:00:00,8,1165,6417,0,23301,1165
2026-07-29T00:00:00,9,1129,6417,0,23301,1129
2026-07-29T00:00:00,10,1100,6417,0,23301,1100
2026-07-29T00:00:00,11,1077,6417,192,23301,1269
2026-07-29T00:00:00,12,1061,6417,549,23301,1610
2026-07-29T00:00:00,13,1050,6417,1109,23301,2159
2026-07-29T00:00:00,14,1046,6417,1969,23301,3015
2026-07-29T00:00:00,15,1039,6417,2928,23301,3967
2026-07-29T00:00:00,16,1030,6417,3595,23301,4625
2026-07-29T00:00:00,17,1028,6417,4579,23301,5607
2026-07-29T00:00:00,18,1033,6417,5557,23301,6590
2026-07-29T00:00:00,19,1045,6417,6527,23301,7572
2026-07-29T00:00:00,20,1064,6417,7627,23301,8691
2026-07-29T00:00:00,21,1090,6417,8533,23301,9623
2026-07-29T00:00:00,22,1124,6417,9308,23301,10432
2026-07-29T00:00:00,23,1164,6417,9742,23301,10906
2026-07-29T00:00:00,24,1212,6417,10091,23301,11303
2026-07-29T00:00:00,25,1268,6417,10337,23301,11605
2026-07-29T00:00:00,26,1330,6417,10508,23301,11838
2026-07-29T00:00:00,27,1337,6417,10582,23301,11919
2026-07-29T00:00:00,28,1288,6417,10565,23301,11853
2026-07-29T00:00:00,29,1246,6417,10468,23301,11714
2026-07-29T00:00:00,30,1213,6417,10266,23301,11479
2026-07-29T00:00:00,31,1187,6417,9911,23301,11098
2026-07-29T00:00:00,32,1168,6417,9500,23301,10668
2026-07-29T00:00:00,33,1157,6417,8778,23301,9935
2026-07-29T00:00:00,34,1154,6417,7623,23301,8777
2026-07-29T00:00:00,35,1158,6417,6651,23301,7809
2026-07-29T00:00:00,36,1169,6417,5732,23301,6901
2026-07-29T00:00:00,37,1189,6417,4399,23301,5588
2026-07-29T00:00:00,38,1215,6417,3485,23301,4700
2026-07-29T00:00:00,39,1191,6417,2839,23301,4030
2026-07-29T00:00:00,40,1118,6417,1634,23301,2752
2026-07-29T00:00:00,41,1055,6417,849,23301,1904
2026-07-29T00:00:00,42,1003,6417,400,23301,1403
2026-07-29T00:00:00,43,960,6417,41,23301,1001
2026-07-29T00:00:00,44,927,6417,0,23301,927
2026-07-29T00:00:00,45,903,6417,0,23301,903
2026-07-29T00:00:00,46,889,6417,0,23301,889
2026-07-29T00:00:00,47,883,6417,0,23301,883
2026-07-29T00:00:00,48,887,6417,0,23301,887
2026-07-30T00:00:00,1,901,6417,0,23301,901
2026-07-30T00:00:00,2,926,6417,0,23301,926
2026-07-30T00:00:00,3,916,6417,0,23301,916
2026-07-30T00:00:00,4,870,6417,0,23301,870
2026-07-30T00:00:00,5,830,6417,0,23301,830
2026-07-30T00:00:00,6,796,6417,0,23301,796
2026-07-30T00:00:00,7,768,6417,0,23301,768
2026-07-30T00:00:00,8,746,6417,0,23301,746
2026-07-30T00:00:00,9,729,6417,0,23301,729
2026-07-30T00:00:00,10,719,6417,0,23301,719
2026-07-30T00:00:00,11,713,6417,215,23301,928
2026-07-30T00:00:00,12,713,6417,635,23301,1348
2026-07-30T00:00:00,13,718,6417,1261,23301,1979
2026-07-30T00:00:00,14,728,6417,2145,23301,2873
2026-07-30T00:00:00,15,724,6417,3166,23301,3890
2026-07-30T00:00:00,16,709,6417,3901,23301,4610
2026-07-30T00:00:00,17,700,6417,4901,23301,5601
2026-07-30T00:00:00,18,697,6417,5947,23301,6644
2026-07-30T00:00:00,19,701,6417,6921,23301,7622
2026-07-30T00:00:00,20,711,6417,8004,23301,8715
2026-07-30T00:00:00,21,726,6417,8905,23301,9631
2026-07-30T00:00:00,22,747,6417,9610,23301,10357
2026-07-30T00:00:00,23,775,6417,9964,23301,10739
2026-07-30T00:00:00,24,808,6417,10224,23301,11032
2026-07-30T00:00:00,25,847,6417,10414,23301,11261
2026-07-30T00:00:00,26,893,6417,10543,23301,11436
2026-07-30T00:00:00,27,903,6417,10545,23301,11448
2026-07-30T00:00:00,28,876,6417,10456,23301,11332
2026-07-30T00:00:00,29,855,6417,10301,23301,11156
2026-07-30T00:00:00,30,842,6417,10042,23301,10884
2026-07-30T00:00:00,31,834,6417,9666,23301,10500
2026-07-30T00:00:00,32,833,6417,9237,23301,10070
2026-07-30T00:00:00,33,838,6417,8477,23301,9315
2026-07-30T00:00:00,34,850,6417,7342,23301,8192
2026-07-30T00:00:00,35,869,6417,6369,23301,7238
2026-07-30T00:00:00,36,895,6417,5481,23301,6376
2026-07-30T00:00:00,37,930,6417,4179,23301,5109
2026-07-30T00:00:00,38,973,6417,3308,23301,4281
2026-07-30T00:00:00,39,969,6417,2697,23301,3666
2026-07-30T00:00:00,40,917,6417,1515,23301,2432
2026-07-30T00:00:00,41,876,6417,756,23301,1632
2026-07-30T00:00:00,42,843,6417,357,23301,1200
2026-07-30T00:00:00,43,819,6417,36,23301,855
2026-07-30T00:00:00,44,805,6417,0,23301,805
2026-07-30T00:00:00,45,799,6417,0,23301,799
2026-07-30T00:00:00,46,802,6417,0,23301,802
2026-07-30T00:00:00,47,814,6417,0,23301,814
2026-07-30T00:00:00,48,837,6417,0,23301,837
2026-07-31T00:00:00,1,870,6417,0,23301,870
2026-07-31T00:00:00,2,916,6417,0,23301,916
2026-07-31T00:00:00,3,922,6417,0,23301,922
2026-07-31T00:00:00,4,885,6417,0,23301,885
2026-07-31T00:00:00,5,855,6417,0,23301,855
2026-07-31T00:00:00,6,831,6417,0,23301,831
2026-07-31T00:00:00,7,814,6417,0,23301,814
2026-07-31T00:00:00,8,804,6417,0,23301,804
2026-07-31T00:00:00,9,799,6417,0,23301,799
2026-07-31T00:00:00,10,801,6417,0,23301,801
2026-07-31T00:00:00,11,809,6417,166,23301,975
2026-07-31T00:00:00,12,823,6417,580,23301,1403
2026-07-31T00:00:00,13,844,6417,1166,23301,2010
2026-07-31T00:00:00,14,870,6417,1982,23301,2852
2026-07-31T00:00:00,15,874,6417,2992,23301,3866
2026-07-31T00:00:00,16,856,6417,3705,23301,4561
2026-07-31T00:00:00,17,846,6417,4619,23301,5465
2026-07-31T00:00:00,18,842,6417,5687,23301,6529
2026-07-31T00:00:00,19,845,6417,6633,23301,7478
2026-07-31T00:00:00,20,854,6417,7661,23301,8515
2026-07-31T00:00:00,21,868,6417,8553,23301,9421
2026-07-31T00:00:00,22,889,6417,9245,23301,10134
2026-07-31T00:00:00,23,916,6417,9596,23301,10512
2026-07-31T00:00:00,24,948,6417,9852,23301,10800
2026-07-31T00:00:00,25,986,6417,10041,23301,11027
2026-07-31T00:00:00,26,1030,6417,10172,23301,11202
2026-07-31T00:00:00,27,1042,6417,10209,23301,11251
2026-07-31T00:00:00,28,1023,6417,10139,23301,11162
2026-07-31T00:00:00,29,1010,6417,10004,23301,11014
2026-07-31T00:00:00,30,1003,6417,9771,23301,10774
2026-07-31T00:00:00,31,1002,6417,9405,23301,10407
2026-07-31T00:00:00,32,1006,6417,8994,23301,10000
2026-07-31T00:00:00,33,1017,6417,8229,23301,9246
2026-07-31T00:00:00,34,1033,6417,7130,23301,8163
2026-07-31T00:00:00,35,1055,6417,6182,23301,7237
2026-07-31T00:00:00,36,1084,6417,5347,23301,6431
2026-07-31T00:00:00,37,1119,6417,4087,23301,5206
2026-07-31T00:00:00,38,1162,6417,3219,23301,4381
2026-07-31T00:00:00,39,1164,6417,2605,23301,3769
2026-07-31T00:00:00,40,1127,6417,1444,23301,2571
2026-07-31T00:00:00,41,1100,6417,697,23301,1797
2026-07-31T00:00:00,42,1083,6417,337,23301,1420
2026-07-31T00:00:00,43,1074,6417,33,23301,1107
2026-07-31T00:00:00,44,1075,6417,0,23301,1075
2026-07-31T00:00:00,45,1084,6417,0,23301,1084
2026-07-31T00:00:00,46,1102,6417,0,23301,1102
2026-07-31T00:00:00,47,1130,6417,0,23301,1130
2026-07-31T00:00:00,48,1167,6417,0,23301,1167
2026-08-01T00:00:00,1,1216,6417,0,23301,1216
2026-08-01T00:00:00,2,1275,6417,0,23301,1275
2026-08-01T00:00:00,3,1284,6417,0,23301,1284
2026-08-01T00:00:00,4,1238,6417,0,23301,1238
2026-08-01T00:00:00,5,1199,6417,0,23301,1199
2026-08-01T00:00:00,6,1167,6417,0,23301,1167
2026-08-01T00:00:00,7,1143,6417,0,23301,1143
2026-08-01T00:00:00,8,1125,6417,0,23301,1125
2026-08-01T00:00:00,9,1115,6417,0,23301,1115
2026-08-01T00:00:00,10,1112,6417,0,23301,1112
2026-08-01T00:00:00,11,1116,6417,152,23301,1268
2026-08-01T00:00:00,12,1128,6417,539,23301,1667
2026-08-01T00:00:00,13,1148,6417,1085,23301,2233
2026-08-01T00:00:00,14,1177,6417,1852,23301,3029
2026-08-01T00:00:00,15,1175,6417,2878,23301,4053
2026-08-01T00:00:00,16,1143,6417,3552,23301,4695
2026-08-01T00:00:00,17,1120,6417,4382,23301,5502
2026-08-01T00:00:00,18,1105,6417,5478,23301,6583
2026-08-01T00:00:00,19,1098,6417,6410,23301,7508
2026-08-01T00:00:00,20,1099,6417,7431,23301,8530
2026-08-01T00:00:00,21,1107,6417,8355,23301,9462
2026-08-01T00:00:00,22,1122,6417,9101,23301,10223
2026-08-01T00:00:00,23,1144,6417,9491,23301,10635
2026-08-01T00:00:00,24,1173,6417,9816,23301,10989
2026-08-01T00:00:00,25,1210,6417,10065,23301,11275
2026-08-01T00:00:00,26,1253,6417,10214,23301,11467
2026-08-01T00:00:00,27,1257,6417,10266,23301,11523
2026-08-01T00:00:00,28,1222,6417,10223,23301,11445
2026-08-01T00:00:00,29,1193,6417,10109,23301,11302
2026-08-01T00:00:00,30,1171,6417,9883,23301,11054
2026-08-01T00:00:00,31,1156,6417,9523,23301,10679
2026-08-01T00:00:00,32,1146,6417,9109,23301,10255
2026-08-01T00:00:00,33,1143,6417,8294,23301,9437
2026-08-01T00:00:00,34,1147,6417,7168,23301,8315
2026-08-01T00:00:00,35,1156,6417,6180,23301,7336
2026-08-01T00:00:00,36,1173,6417,5378,23301,6551
2026-08-01T00:00:00,37,1196,6417,4113,23301,5309
2026-08-01T00:00:00,38,1226,6417,3251,23301,4477
2026-08-01T00:00:00,39,1221,6417,2624,23301,3845
2026-08-01T00:00:00,40,1182,6417,1432,23301,2614
2026-08-01T00:00:00,41,1150,6417,693,23301,1843
2026-08-01T00:00:00,42,1127,6417,330,23301,1457
2026-08-01T00:00:00,43,1111,6417,16,23301,1127
2026-08-01T00:00:00,44,1102,6417,0,23301,1102
2026-08-01T00:00:00,45,1101,6417,0,23301,1101
2026-08-01T00:00:00,46,1108,6417,0,23301,1108
2026-08-01T00:00:00,47,1122,6417,0,23301,1122
2026-08-01T00:00:00,48,1145,6417,0,23301,1145
2026-08-02T00:00:00,1,1176,6417,0,23301,1176
2026-08-02T00:00:00,2,1216,6417,0,23301,1216
2026-08-02T00:00:00,3,1216,6417,0,23301,1216
2026-08-02T00:00:00,4,1173,6417,0,23301,1173
2026-08-02T00:00:00,5,1137,6417,0,23301,1137
2026-08-02T00:00:00,6,1107,6417,0,23301,1107
2026-08-02T00:00:00,7,1083,6417,0,23301,1083
2026-08-02T00:00:00,8,1067,6417,0,23301,1067
2026-08-02T00:00:00,9,1056,6417,0,23301,1056
2026-08-02T00:00:00,10,1052,6417,0,23301,1052
2026-08-02T00:00:00,11,1054,6417,143,23301,1197
2026-08-02T00:00:00,12,1063,6417,511,23301,1574
2026-08-02T00:00:00,13,1078,6417,992,23301,2070
2026-08-02T00:00:00,14,1099,6417,1753,23301,2852
2026-08-02T00:00:00,15,1096,6417,2764,23301,3860
2026-08-02T00:00:00,16,1069,6417,3391,23301,4460
2026-08-02T00:00:00,17,1050,6417,4192,23301,5242
2026-08-02T00:00:00,18,1038,6417,5264,23301,6302
2026-08-02T00:00:00,19,1033,6417,6187,23301,7220
2026-08-02T00:00:00,20,1036,6417,7222,23301,8258
2026-08-02T00:00:00,21,1045,6417,8121,23301,9166
2026-08-02T00:00:00,22,1062,6417,8869,23301,9931
2026-08-02T00:00:00,23,1086,6417,9246,23301,10332
2026-08-02T00:00:00,24,1117,6417,9564,23301,10681
2026-08-02T00:00:00,25,1156,6417,9806,23301,10962
2026-08-02T00:00:00,26,1201,6417,9965,23301,11166
2026-08-02T00:00:00,27,1205,6417,10036,23301,11241
2026-08-02T00:00:00,28,1168,6417,10006,23301,11174
2026-08-02T00:00:00,29,1138,6417,9916,23301,11054
2026-08-02T00:00:00,30,1116,6417,9724,23301,10840
2026-08-02T00:00:00,31,1101,6417,9389,23301,10490
2026-08-02T00:00:00,32,1094,6417,8998,23301,10092
2026-08-02T00:00:00,33,1093,6417,8190,23301,9283
2026-08-02T00:00:00,34,1101,6417,7080,23301,8181
2026-08-02T00:00:00,35,1116,6417,6113,23301,7229
2026-08-02T00:00:00,36,1140,6417,5295,23301,6435
2026-08-02T00:00:00,37,1173,6417,4049,23301,5222
2026-08-02T00:00:00,38,1214,6417,3204,23301,4418
2026-08-02T00:00:00,39,1209,6417,2579,23301,3788
2026-08-02T00:00:00,40,1157,6417,1406,23301,2563
2026-08-02T00:00:00,41,1114,6417,663,23301,1777
2026-08-02T00:00:00,42,1081,6417,318,23301,1399
2026-08-02T00:00:00,43,1056,6417,16,23301,1072
2026-08-02T00:00:00,44,1040,6417,0,23301,1040
2026-08-02T00:00:00,45,1032,6417,0,23301,1032
2026-08-02T00:00:00,46,1034,6417,0,23301,1034
2026-08-02T00:00:00,47,1044,6417,0,23301,1044
2026-08-02T00:00:00,48,1065,6417,0,23301,1065
2026-08-03T00:00:00,1,1096,6417,0,23301,1096
2026-08-03T00:00:00,2,1138,6417,0,23301,1138
2026-08-03T00:00:00,3,1138,6417,0,23301,1138
2026-08-03T00:00:00,4,1092,6417,0,23301,1092
2026-08-03T00:00:00,5,1052,6417,0,23301,1052
2026-08-03T00:00:00,6,1020,6417,0,23301,1020
2026-08-03T00:00:00,7,993,6417,0,23301,993
2026-08-03T00:00:00,8,973,6417,0,23301,973
2026-08-03T00:00:00,9,960,6417,0,23301,960
2026-08-03T00:00:00,10,952,6417,0,23301,952
2026-08-03T00:00:00,11,952,6417,103,23301,1055
2026-08-03T00:00:00,12,957,6417,505,23301,1462
2026-08-03T00:00:00,13,970,6417,966,23301,1936
2026-08-03T00:00:00,14,989,6417,1704,23301,2693
2026-08-03T00:00:00,15,983,6417,2754,23301,3737
2026-08-03T00:00:00,16,954,6417,3360,23301,4314
2026-08-03T00:00:00,17,933,6417,4165,23301,5098
2026-08-03T00:00:00,18,920,6417,5230,23301,6150
2026-08-03T00:00:00,19,914,6417,6124,23301,7038
2026-08-03T00:00:00,20,915,6417,7185,23301,8100
2026-08-03T00:00:00,21,923,6417,8100,23301,9023
2026-08-03T00:00:00,22,937,6417,8787,23301,9724
2026-08-03T00:00:00,23,958,6417,9164,23301,10122
2026-08-03T00:00:00,24,984,6417,9441,23301,10425
2026-08-03T00:00:00,25,1017,6417,9653,23301,10670
2026-08-03T00:00:00,26,1056,6417,9800,23301,10856
2026-08-03T00:00:00,27,1060,6417,9858,23301,10918
2026-08-03T00:00:00,28,1029,6417,9825,23301,10854
2026-08-03T00:00:00,29,1003,6417,9717,23301,10720
2026-08-03T00:00:00,30,983,6417,9520,23301,10503
2026-08-03T00:00:00,31,969,6417,9206,23301,10175
2026-08-03T00:00:00,32,961,6417,8827,23301,9788
2026-08-03T00:00:00,33,958,6417,7969,23301,8927
2026-08-03T00:00:00,34,961,6417,6923,23301,7884
2026-08-03T00:00:00,35,970,6417,5951,23301,6921
2026-08-03T00:00:00,36,986,6417,5104,23301,6090
2026-08-03T00:00:00,37,1008,6417,3913,23301,4921
2026-08-03T00:00:00,38,1037,6417,3114,23301,4151
2026-08-03T00:00:00,39,1036,6417,2510,23301,3546
2026-08-03T00:00:00,40,1005,6417,1334,23301,2339
2026-08-03T00:00:00,41,982,6417,632,23301,1614
2026-08-03T00:00:00,42,966,6417,300,23301,1266
2026-08-03T00:00:00,43,957,6417,15,23301,972
2026-08-03T00:00:00,44,955,6417,0,23301,955
2026-08-03T00:00:00,45,960,6417,0,23301,960
2026-08-03T00:00:00,46,973,6417,0,23301,973
2026-08-03T00:00:00,47,992,6417,0,23301,992
2026-08-03T00:00:00,48,1020,6417,0,23301,1020
2026-08-04T00:00:00,1,1055,6417,0,23301,1055
2026-08-04T00:00:00,2,1099,6417,0,23301,1099
2026-08-04T00:00:00,3,1108,6417,0,23301,1108
2026-08-04T00:00:00,4,1079,6417,0,23301,1079
2026-08-04T00:00:00,5,1055,6417,0,23301,1055
2026-08-04T00:00:00,6,1036,6417,0,23301,1036
2026-08-04T00:00:00,7,1021,6417,0,23301,1021
2026-08-04T00:00:00,8,1012,6417,0,23301,1012
2026-08-04T00:00:00,9,1007,6417,0,23301,1007
2026-08-04T00:00:00,10,1008,6417,0,23301,1008
2026-08-04T00:00:00,11,1013,6417,85,23301,1098
2026-08-04T00:00:00,12,1024,6417,488,23301,1512
2026-08-04T00:00:00,13,1039,6417,927,23301,1966
2026-08-04T00:00:00,14,1060,6417,1684,23301,2744
2026-08-04T00:00:00,15,1059,6417,2729,23301,3788
2026-08-04T00:00:00,16,1035,6417,3325,23301,4360
2026-08-04T00:00:00,17,1017,6417,4117,23301,5134
2026-08-04T00:00:00,18,1006,6417,5186,23301,6192
2026-08-04T00:00:00,19,1001,6417,6093,23301,7094
2026-08-04T00:00:00,20,1003,6417,7143,23301,8146
2026-08-04T00:00:00,21,1010,6417,8054,23301,9064
2026-08-04T00:00:00,22,1023,6417,8718,23301,9741
2026-08-04T00:00:00,23,1042,6417,9104,23301,10146
2026-08-04T00:00:00,24,1067,6417,9389,23301,10456
2026-08-04T00:00:00,25,1097,6417,9609,23301,10706
2026-08-04T00:00:00,26,1134,6417,9766,23301,10900
2026-08-04T00:00:00,27,1135,6417,9826,23301,10961
2026-08-04T00:00:00,28,1098,6417,9797,23301,10895
2026-08-04T00:00:00,29,1068,6417,9694,23301,10762
2026-08-04T00:00:00,30,1042,6417,9503,23301,10545
2026-08-04T00:00:00,31,1023,6417,9198,23301,10221
2026-08-04T00:00:00,32,1009,6417,8826,23301,9835
2026-08-04T00:00:00,33,1001,6417,7971,23301,8972
2026-08-04T00:00:00,34,999,6417,6893,23301,7892
2026-08-04T00:00:00,35,1004,6417,5927,23301,6931
2026-08-04T00:00:00,36,1015,6417,5040,23301,6055
2026-08-04T00:00:00,37,1033,6417,3858,23301,4891
2026-08-04T00:00:00,38,1059,6417,3111,23301,4170
2026-08-04T00:00:00,39,1050,6417,2434,23301,3484
2026-08-04T00:00:00,40,1007,6417,1325,23301,2332
2026-08-04T00:00:00,41,970,6417,627,23301,1597
2026-08-04T00:00:00,42,941,6417,296,23301,1237
2026-08-04T00:00:00,43,919,6417,7,23301,926
2026-08-04T00:00:00,44,903,6417,0,23301,903
2026-08-04T00:00:00,45,894,6417,0,23301,894
2026-08-04T00:00:00,46,892,6417,0,23301,892
2026-08-04T00:00:00,47,897,6417,0,23301,897
2026-08-04T00:00:00,48,908,6417,0,23301,908
2026-08-05T00:00:00,1,927,6417,0,23301,927
2026-08-05T00:00:00,2,954,6417,0,23301,954
2026-08-05T00:00:00,3,947,6417,0,23301,947
2026-08-05T00:00:00,4,905,6417,0,23301,905
2026-08-05T00:00:00,5,870,6417,0,23301,870
2026-08-05T00:00:00,6,842,6417,0,23301,842
2026-08-05T00:00:00,7,822,6417,0,23301,822
2026-08-05T00:00:00,8,808,6417,0,23301,808
2026-08-05T00:00:00,9,801,6417,0,23301,801
2026-08-05T00:00:00,10,799,6417,0,23301,799
2026-08-05T00:00:00,11,803,6417,84,23301,887
2026-08-05T00:00:00,12,812,6417,494,23301,1306
2026-08-05T00:00:00,13,829,6417,923,23301,1752
2026-08-05T00:00:00,14,851,6417,1683,23301,2534
2026-08-05T00:00:00,15,852,6417,2723,23301,3575
2026-08-05T00:00:00,16,832,6417,3336,23301,4168
2026-08-05T00:00:00,17,818,6417,4114,23301,4932
2026-08-05T00:00:00,18,810,6417,5211,23301,6021
2026-08-05T00:00:00,19,808,6417,6128,23301,6936
2026-08-05T00:00:00,20,813,6417,7171,23301,7984
2026-08-05T00:00:00,21,823,6417,8065,23301,8888
2026-08-05T00:00:00,22,839,6417,8677,23301,9516
2026-08-05T00:00:00,23,862,6417,9055,23301,9917
2026-08-05T00:00:00,24,890,6417,9307,23301,10197
2026-08-05T00:00:00,25,925,6417,9507,23301,10432
2026-08-05T00:00:00,26,967,6417,9632,23301,10599
2026-08-05T00:00:00,27,974,6417,9675,23301,10649
2026-08-05T00:00:00,28,946,6417,9627,23301,10573
2026-08-05T00:00:00,29,924,6417,9504,23301,10428
2026-08-05T00:00:00,30,908,6417,9279,23301,10187
2026-08-05T00:00:00,31,897,6417,8991,23301,9888
2026-08-05T00:00:00,32,892,6417,8591,23301,9483
2026-08-05T00:00:00,33,893,6417,7753,23301,8646
2026-08-05T00:00:00,34,900,6417,6659,23301,7559
2026-08-05T00:00:00,35,914,6417,5742,23301,6656
2026-08-05T00:00:00,36,934,6417,4794,23301,5728
2026-08-05T00:00:00,37,961,6417,3674,23301,4635
2026-08-05T00:00:00,38,995,6417,2969,23301,3964
2026-08-05T00:00:00,39,994,6417,2253,23301,3247
2026-08-05T00:00:00,40,957,6417,1197,23301,2154
2026-08-05T00:00:00,41,927,6417,549,23301,1476
2026-08-05T00:00:00,42,904,6417,250,23301,1154
2026-08-05T00:00:00,43,888,6417,7,23301,895
2026-08-05T00:00:00,44,879,6417,0,23301,879
2026-08-05T00:00:00,45,876,6417,0,23301,876
2026-08-05T00:00:00,46,881,6417,0,23301,881
2026-08-05T00:00:00,47,893,6417,0,23301,893
2026-08-05T00:00:00,48,913,6417,0,23301,913
2026-07-23T00:00:00,5,529,6417,0,23301,529
2026-07-23T00:00:00,6,529,6417,0,23301,529
2026-07-23T00:00:00,7,529,6417,0,23301,529
2026-07-23T00:00:00,8,530,6417,0,23301,530
2026-07-23T00:00:00,9,542,6417,0,23301,542
2026-07-23T00:00:00,10,560,6417,0,23301,560
2026-07-23T00:00:00,11,570,6417,93,23301,663
2026-07-23T00:00:00,12,571,6417,253,23301,824
2026-07-23T00:00:00,13,562,6417,621,23301,1183
2026-07-23T00:00:00,14,543,6417,1586,23301,2129
2026-07-23T00:00:00,15,529,6417,2472,23301,3001
2026-07-23T00:00:00,16,524,6417,3477,23301,4001
2026-07-23T00:00:00,17,521,6417,4584,23301,5105
2026-07-23T00:00:00,18,514,6417,5853,23301,6367
2026-07-23T00:00:00,19,510,6417,7140,23301,7650
2026-07-23T00:00:00,20,509,6417,8162,23301,8671
2026-07-23T00:00:00,21,514,6417,8954,23301,9468
2026-07-23T00:00:00,22,526,6417,9258,23301,9784
2026-07-23T00:00:00,23,536,6417,9461,23301,9997
2026-07-23T00:00:00,24,545,6417,9401,23301,9946
2026-07-23T00:00:00,25,562,6417,9327,23301,9889
2026-07-23T00:00:00,26,587,6417,9281,23301,9868
2026-07-23T00:00:00,27,621,6417,9225,23301,9846
2026-07-23T00:00:00,28,660,6417,9179,23301,9839
2026-07-23T00:00:00,29,697,6417,9121,23301,9818
2026-07-23T00:00:00,30,734,6417,9012,23301,9746
2026-07-23T00:00:00,31,773,6417,8803,23301,9576
2026-07-23T00:00:00,32,813,6417,8334,23301,9147
2026-07-23T00:00:00,33,849,6417,7744,23301,8593
2026-07-23T00:00:00,34,879,6417,6980,23301,7859
2026-07-23T00:00:00,35,902,6417,6095,23301,6997
2026-07-23T00:00:00,36,917,6417,5068,23301,5985
2026-07-23T00:00:00,37,928,6417,4150,23301,5078
2026-07-23T00:00:00,38,935,6417,3360,23301,4295
2026-07-23T00:00:00,39,934,6417,2656,23301,3590
2026-07-23T00:00:00,40,925,6417,1701,23301,2626
2026-07-23T00:00:00,41,926,6417,903,23301,1829
2026-07-23T00:00:00,42,938,6417,365,23301,1303
2026-07-23T00:00:00,43,957,6417,84,23301,1041
2026-07-23T00:00:00,44,982,6417,19,23301,1001
2026-07-23T00:00:00,45,995,6417,0,23301,995
2026-07-23T00:00:00,46,991,6417,0,23301,991
2026-07-23T00:00:00,47,989,6417,0,23301,989
2026-07-23T00:00:00,48,981,6417,0,23301,981
2026-07-24T00:00:00,1,975,6417,0,23301,975
2026-07-24T00:00:00,2,965,6417,0,23301,965
2026-07-24T00:00:00,3,959,6417,0,23301,959
2026-07-24T00:00:00,4,953,6417,0,23301,953
2026-07-24T00:00:00,5,950,6417,0,23301,950
2026-07-24T00:00:00,6,949,6417,0,23301,949
2026-07-24T00:00:00,7,953,6417,0,23301,953
2026-07-24T00:00:00,8,961,6417,0,23301,961
2026-07-24T00:00:00,9,970,6417,0,23301,970
2026-07-24T00:00:00,10,981,6417,1,23301,982
2026-07-24T00:00:00,11,986,6417,95,23301,1081
2026-07-24T00:00:00,12,988,6417,265,23301,1253
2026-07-24T00:00:00,13,972,6417,660,23301,1632
2026-07-24T00:00:00,14,943,6417,1679,23301,2622
2026-07-24T00:00:00,15,962,6417,2648,23301,3610
2026-07-24T00:00:00,16,1032,6417,3686,23301,4718
2026-07-24T00:00:00,17,1119,6417,4854,23301,5973
2026-07-24T00:00:00,18,1222,6417,6185,23301,7407
2026-07-24T00:00:00,19,1312,6417,7598,23301,8910
2026-07-24T00:00:00,20,1387,6417,8821,23301,10208
2026-07-24T00:00:00,21,1450,6417,9799,23301,11249
2026-07-24T00:00:00,22,1499,6417,10431,23301,11930
2026-07-24T00:00:00,23,1548,6417,10940,23301,12488
2026-07-24T00:00:00,24,1597,6417,11091,23301,12688
2026-07-24T00:00:00,25,1649,6417,11193,23301,12842
2026-07-24T00:00:00,26,1704,6417,11142,23301,12846
2026-07-24T00:00:00,27,1758,6417,11118,23301,12876
2026-07-24T00:00:00,28,1810,6417,11015,23301,12825
2026-07-24T00:00:00,29,1858,6417,10879,23301,12737
2026-07-24T00:00:00,30,1901,6417,10610,23301,12511
2026-07-24T00:00:00,31,1936,6417,10246,23301,12182
2026-07-24T00:00:00,32,1964,6417,9575,23301,11539
2026-07-24T00:00:00,33,1978,6417,8790,23301,10768
2026-07-24T00:00:00,34,1977,6417,7891,23301,9868
2026-07-24T00:00:00,35,1962,6417,6884,23301,8846
2026-07-24T00:00:00,36,1934,6417,5668,23301,7602
2026-07-24T00:00:00,37,1889,6417,4605,23301,6494
2026-07-24T00:00:00,38,1829,6417,3728,23301,5557
2026-07-24T00:00:00,39,1751,6417,2915,23301,4666
2026-07-24T00:00:00,40,1661,6417,1866,23301,3527
2026-07-24T00:00:00,41,1597,6417,1021,23301,2618
2026-07-24T00:00:00,42,1564,6417,385,23301,1949
2026-07-24T00:00:00,43,1558,6417,79,23301,1637
2026-07-24T00:00:00,44,1578,6417,17,23301,1595
2026-07-24T00:00:00,45,1591,6417,0,23301,1591
2026-07-24T00:00:00,46,1592,6417,0,23301,1592
2026-07-24T00:00:00,47,1594,6417,0,23301,1594
2026-07-24T00:00:00,48,1591,6417,0,23301,1591
2026-07-25T00:00:00,1,1599,6417,0,23301,1599
2026-07-25T00:00:00,2,1617,6417,0,23301,1617
2026-07-25T00:00:00,3,1646,6417,0,23301,1646
2026-07-25T00:00:00,4,1687,6417,0,23301,1687
2026-07-25T00:00:00,5,1729,6417,0,23301,1729
2026-07-25T00:00:00,6,1770,6417,0,23301,1770
2026-07-25T00:00:00,7,1812,6417,0,23301,1812
2026-07-25T00:00:00,8,1852,6417,0,23301,1852
2026-07-25T00:00:00,9,1893,6417,0,23301,1893
2026-07-25T00:00:00,10,1934,6417,0,23301,1934
2026-07-25T00:00:00,11,1974,6417,95,23301,2069
2026-07-25T00:00:00,12,2012,6417,260,23301,2272
2026-07-25T00:00:00,13,2027,6417,659,23301,2686
2026-07-25T00:00:00,14,2022,6417,1626,23301,3648
2026-07-25T00:00:00,15,2029,6417,2609,23301,4638
2026-07-25T00:00:00,16,2054,6417,3581,23301,5635
2026-07-25T00:00:00,17,2123,6417,4645,23301,6768
2026-07-25T00:00:00,18,2241,6417,5819,23301,8060
2026-07-25T00:00:00,19,2353,6417,7055,23301,9408
2026-07-25T00:00:00,20,2463,6417,8081,23301,10544
2026-07-25T00:00:00,21,2563,6417,8923,23301,11486
2026-07-25T00:00:00,22,2650,6417,9626,23301,12276
2026-07-25T00:00:00,23,2721,6417,10216,23301,12937
2026-07-25T00:00:00,24,2772,6417,10550,23301,13322
2026-07-25T00:00:00,25,2822,6417,10800,23301,13622
2026-07-25T00:00:00,26,2870,6417,10869,23301,13739
2026-07-25T00:00:00,27,2912,6417,10853,23301,13765
2026-07-25T00:00:00,28,2948,6417,10616,23301,13564
2026-07-25T00:00:00,29,2971,6417,10312,23301,13283
2026-07-25T00:00:00,30,2982,6417,9819,23301,12801
2026-07-25T00:00:00,31,2968,6417,9239,23301,12207
2026-07-25T00:00:00,32,2929,6417,8444,23301,11373
2026-07-25T00:00:00,33,2875,6417,7569,23301,10444
2026-07-25T00:00:00,34,2808,6417,6638,23301,9446
2026-07-25T00:00:00,35,2729,6417,5582,23301,8311
2026-07-25T00:00:00,36,2635,6417,4439,23301,7074
2026-07-25T00:00:00,37,2523,6417,3454,23301,5977
2026-07-25T00:00:00,38,2402,6417,2679,23301,5081
2026-07-25T00:00:00,39,2264,6417,2019,23301,4283
2026-07-25T00:00:00,40,2115,6417,1212,23301,3327
2026-07-25T00:00:00,41,1985,6417,571,23301,2556
2026-07-25T00:00:00,42,1875,6417,242,23301,2117
2026-07-25T00:00:00,43,1794,6417,46,23301,1840
2026-07-25T00:00:00,44,1737,6417,8,23301,1745
2026-07-25T00:00:00,45,1697,6417,0,23301,1697
2026-07-25T00:00:00,46,1670,6417,0,23301,1670
2026-07-25T00:00:00,47,1647,6417,0,23301,1647
2026-07-25T00:00:00,48,1624,6417,0,23301,1624
2026-07-26T00:00:00,1,1604,6417,0,23301,1604
2026-07-26T00:00:00,2,1584,6417,0,23301,1584
2026-07-26T00:00:00,3,1568,6417,0,23301,1568
2026-07-26T00:00:00,4,1553,6417,0,23301,1553
2026-07-26T00:00:00,5,1539,6417,0,23301,1539
2026-07-26T00:00:00,6,1526,6417,0,23301,1526
2026-07-26T00:00:00,7,1515,6417,0,23301,1515
2026-07-26T00:00:00,8,1507,6417,0,23301,1507
2026-07-26T00:00:00,9,1499,6417,0,23301,1499
2026-07-26T00:00:00,10,1492,6417,0,23301,1492
2026-07-26T00:00:00,11,1478,6417,78,23301,1556
2026-07-26T00:00:00,12,1457,6417,173,23301,1630
2026-07-26T00:00:00,13,1421,6417,401,23301,1822
2026-07-26T00:00:00,14,1377,6417,1045,23301,2422
2026-07-26T00:00:00,15,1359,6417,1740,23301,3099
2026-07-26T00:00:00,16,1360,6417,2384,23301,3744
2026-07-26T00:00:00,17,1368,6417,3142,23301,4510
2026-07-26T00:00:00,18,1383,6417,3997,23301,5380
2026-07-26T00:00:00,19,1413,6417,4895,23301,6308
2026-07-26T00:00:00,20,1458,6417,5671,23301,7129
2026-07-26T00:00:00,21,1493,6417,6277,23301,7770
2026-07-26T00:00:00,22,1517,6417,6783,23301,8300
2026-07-26T00:00:00,23,1553,6417,7175,23301,8728
2026-07-26T00:00:00,24,1601,6417,7432,23301,9033
2026-07-26T00:00:00,25,1658,6417,7639,23301,9297
2026-07-26T00:00:00,26,1728,6417,7764,23301,9492
2026-07-26T00:00:00,27,1774,6417,7849,23301,9623
2026-07-26T00:00:00,28,1800,6417,7896,23301,9696
2026-07-26T00:00:00,29,1832,6417,7893,23301,9725
2026-07-26T00:00:00,30,1867,6417,7784,23301,9651
2026-07-26T00:00:00,31,1911,6417,7591,23301,9502
2026-07-26T00:00:00,32,1963,6417,7191,23301,9154
2026-07-26T00:00:00,33,1973,6417,6687,23301,8660
2026-07-26T00:00:00,34,1942,6417,5981,23301,7923
2026-07-26T00:00:00,35,1915,6417,5140,23301,7055
2026-07-26T00:00:00,36,1892,6417,4218,23301,6110
2026-07-26T00:00:00,37,1873,6417,3355,23301,5228
2026-07-26T00:00:00,38,1857,6417,2678,23301,4535
2026-07-26T00:00:00,39,1803,6417,2106,23301,3909
2026-07-26T00:00:00,40,1712,6417,1241,23301,2953
2026-07-26T00:00:00,41,1642,6417,614,23301,2256
2026-07-26T00:00:00,42,1593,6417,250,23301,1843
2026-07-26T00:00:00,43,1569,6417,48,23301,1617
2026-07-26T00:00:00,44,1570,6417,7,23301,1577
2026-07-26T00:00:00,45,1569,6417,0,23301,1569
2026-07-26T00:00:00,46,1562,6417,0,23301,1562
2026-07-26T00:00:00,47,1561,6417,0,23301,1561
2026-07-26T00:00:00,48,1567,6417,0,23301,1567
2026-07-27T00:00:00,1,1585,6417,0,23301,1585
2026-07-27T00:00:00,2,1615,6417,0,23301,1615
2026-07-27T00:00:00,3,1626,6417,0,23301,1626
2026-07-27T00:00:00,4,1610,6417,0,23301,1610
2026-07-27T00:00:00,5,1600,6417,0,23301,1600
2026-07-27T00:00:00,6,1597,6417,0,23301,1597
2026-07-27T00:00:00,7,1601,6417,0,23301,1601
2026-07-27T00:00:00,8,1613,6417,0,23301,1613
2026-07-27T00:00:00,9,1592,6417,0,23301,1592
2026-07-27T00:00:00,10,1533,6417,0,23301,1533
2026-07-27T00:00:00,11,1477,6417,69,23301,1546
2026-07-27T00:00:00,12,1424,6417,175,23301,1599
2026-07-27T00:00:00,13,1371,6417,511,23301,1882
2026-07-27T00:00:00,14,1319,6417,1467,23301,2786
2026-07-27T00:00:00,15,1299,6417,2507,23301,3806
2026-07-27T00:00:00,16,1310,6417,3317,23301,4627
2026-07-27T00:00:00,17,1329,6417,4387,23301,5716
2026-07-27T00:00:00,18,1355,6417,5409,23301,6764
2026-07-27T00:00:00,19,1389,6417,6450,23301,7839
2026-07-27T00:00:00,20,1429,6417,7492,23301,8921
2026-07-27T00:00:00,21,1462,6417,8290,23301,9752
2026-07-27T00:00:00,22,1490,6417,8958,23301,10448
2026-07-27T00:00:00,23,1532,6417,9439,23301,10971
2026-07-27T00:00:00,24,1588,6417,9799,23301,11387
2026-07-27T00:00:00,25,1655,6417,10121,23301,11776
2026-07-27T00:00:00,26,1736,6417,10394,23301,12130
2026-07-27T00:00:00,27,1785,6417,10605,23301,12390
2026-07-27T00:00:00,28,1805,6417,10680,23301,12485
2026-07-27T00:00:00,29,1837,6417,10653,23301,12490
2026-07-27T00:00:00,30,1881,6417,10459,23301,12340
2026-07-27T00:00:00,31,1936,6417,10055,23301,11991
2026-07-27T00:00:00,32,2001,6417,9459,23301,11460
2026-07-27T00:00:00,33,1995,6417,8585,23301,10580
2026-07-27T00:00:00,34,1920,6417,7315,23301,9235
2026-07-27T00:00:00,35,1859,6417,6140,23301,7999
2026-07-27T00:00:00,36,1814,6417,5077,23301,6891
2026-07-27T00:00:00,37,1784,6417,3729,23301,5513
2026-07-27T00:00:00,38,1772,6417,2786,23301,4558
2026-07-27T00:00:00,39,1730,6417,2068,23301,3798
2026-07-27T00:00:00,40,1664,6417,862,23301,2526
2026-07-27T00:00:00,41,1621,6417,282,23301,1903
2026-07-27T00:00:00,42,1601,6417,116,23301,1717
2026-07-27T00:00:00,43,1604,6417,36,23301,1640
2026-07-27T00:00:00,44,1629,6417,1,23301,1630
2026-07-27T00:00:00,45,1630,6417,0,23301,1630
2026-07-27T00:00:00,46,1604,6417,0,23301,1604
2026-07-27T00:00:00,47,1594,6417,0,23301,1594
2026-07-27T00:00:00,48,1600,6417,0,23301,1600
2026-07-28T00:00:00,1,1624,6417,0,23301,1624
2026-07-28T00:00:00,2,1665,6417,0,23301,1665
2026-07-28T00:00:00,3,1671,6417,0,23301,1671
2026-07-28T00:00:00,4,1639,6417,0,23301,1639
2026-07-28T00:00:00,5,1620,6417,0,23301,1620
2026-07-28T00:00:00,6,1615,6417,0,23301,1615
2026-07-28T00:00:00,7,1624,6417,0,23301,1624
2026-07-28T00:00:00,8,1645,6417,0,23301,1645
2026-07-28T00:00:00,9,1643,6417,0,23301,1643
2026-07-28T00:00:00,10,1615,6417,0,23301,1615
2026-07-28T00:00:00,11,1599,6417,60,23301,1659
2026-07-28T00:00:00,12,1594,6417,120,23301,1714
2026-07-28T00:00:00,13,1600,6417,358,23301,1958
2026-07-28T00:00:00,14,1616,6417,1106,23301,2722
2026-07-28T00:00:00,15,1631,6417,2101,23301,3732
2026-07-28T00:00:00,16,1645,6417,2704,23301,4349
2026-07-28T00:00:00,17,1673,6417,3682,23301,5355
2026-07-28T00:00:00,18,1713,6417,4707,23301,6420
2026-07-28T00:00:00,19,1766,6417,5738,23301,7504
2026-07-28T00:00:00,20,1831,6417,6954,23301,8785
2026-07-28T00:00:00,21,1884,6417,8042,23301,9926
2026-07-28T00:00:00,22,1927,6417,9027,23301,10954
2026-07-28T00:00:00,23,1983,6417,9605,23301,11588
2026-07-28T00:00:00,24,2051,6417,10016,23301,12067
2026-07-28T00:00:00,25,2131,6417,10241,23301,12372
2026-07-28T00:00:00,26,2223,6417,10344,23301,12567
2026-07-28T00:00:00,27,2241,6417,10321,23301,12562
2026-07-28T00:00:00,28,2182,6417,10226,23301,12408
2026-07-28T00:00:00,29,2128,6417,10070,23301,12198
2026-07-28T00:00:00,30,2080,6417,9788,23301,11868
2026-07-28T00:00:00,31,2038,6417,9365,23301,11403
2026-07-28T00:00:00,32,2002,6417,8937,23301,10939
2026-07-28T00:00:00,33,1973,6417,8195,23301,10168
2026-07-28T00:00:00,34,1952,6417,7020,23301,8972
2026-07-28T00:00:00,35,1938,6417,6068,23301,8006
2026-07-28T00:00:00,36,1931,6417,5228,23301,7159
2026-07-28T00:00:00,37,1931,6417,3998,23301,5929
2026-07-28T00:00:00,38,1937,6417,3151,23301,5088
2026-07-28T00:00:00,39,1903,6417,2584,23301,4487
2026-07-28T00:00:00,40,1827,6417,1442,23301,3269
2026-07-28T00:00:00,41,1757,6417,733,23301,2490
2026-07-28T00:00:00,42,1693,6417,334,23301,2027
2026-07-28T00:00:00,43,1637,6417,70,23301,1707
2026-07-28T00:00:00,44,1589,6417,0,23301,1589
2026-07-28T00:00:00,45,1550,6417,0,23301,1550
2026-07-28T00:00:00,46,1519,6417,0,23301,1519
2026-07-28T00:00:00,47,1497,6417,0,23301,1497
2026-07-28T00:00:00,48,1483,6417,0,23301,1483
2026-07-29T00:00:00,1,1479,6417,0,23301,1479
2026-07-29T00:00:00,2,1482,6417,0,23301,1482
2026-07-29T00:00:00,3,1449,6417,0,23301,1449
2026-07-29T00:00:00,4,1379,6417,0,23301,1379
2026-07-29T00:00:00,5,1315,6417,0,23301,1315
2026-07-29T00:00:00,6,1258,6417,0,23301,1258
2026-07-29T00:00:00,7,1208,6417,0,23301,1208
2026-07-29T00:00:00,8,1165,6417,0,23301,1165
2026-07-29T00:00:00,9,1129,6417,0,23301,1129
2026-07-29T00:00:00,10,1100,6417,0,23301,1100
2026-07-29T00:00:00,11,1077,6417,192,23301,1269
2026-07-29T00:00:00,12,1061,6417,549,23301,1610
2026-07-29T00:00:00,13,1050,6417,1109,23301,2159
2026-07-29T00:00:00,14,1046,6417,1969,23301,3015
2026-07-29T00:00:00,15,1039,6417,2928,23301,3967
2026-07-29T00:00:00,16,1030,6417,3595,23301,4625
2026-07-29T00:00:00,17,1028,6417,4579,23301,5607
2026-07-29T00:00:00,18,1033,6417,5557,23301,6590
2026-07-29T00:00:00,19,1045,6417,6527,23301,7572
2026-07-29T00:00:00,20,1064,6417,7627,23301,8691
2026-07-29T00:00:00,21,1090,6417,8533,23301,9623
2026-07-29T00:00:00,22,1124,6417,9308,23301,10432
2026-07-29T00:00:00,23,1164,6417,9742,23301,10906
2026-07-29T00:00:00,24,1212,6417,10091,23301,11303
2026-07-29T00:00:00,25,1268,6417,10337,23301,11605
2026-07-29T00:00:00,26,1330,6417,10508,23301,11838
2026-07-29T00:00:00,27,1337,6417,10582,23301,11919
2026-07-29T00:00:00,28,1288,6417,10565,23301,11853
2026-07-29T00:00:00,29,1246,6417,10468,23301,11714
2026-07-29T00:00:00,30,1213,6417,10266,23301,11479
2026-07-29T00:00:00,31,1187,6417,9911,23301,11098
2026-07-29T00:00:00,32,1168,6417,9500,23301,10668
2026-07-29T00:00:00,33,1157,6417,8778,23301,9935
2026-07-29T00:00:00,34,1154,6417,7623,23301,8777
2026-07-29T00:00:00,35,1158,6417,6651,23301,7809
2026-07-29T00:00:00,36,1169,6417,5732,23301,6901
2026-07-29T00:00:00,37,1189,6417,4399,23301,5588
2026-07-29T00:00:00,38,1215,6417,3485,23301,4700
2026-07-29T00:00:00,39,1191,6417,2839,23301,4030
2026-07-29T00:00:00,40,1118,6417,1634,23301,2752
2026-07-29T00:00:00,41,1055,6417,849,23301,1904
2026-07-29T00:00:00,42,1003,6417,400,23301,1403
2026-07-29T00:00:00,43,960,6417,41,23301,1001
2026-07-29T00:00:00,44,927,6417,0,23301,927
2026-07-29T00:00:00,45,903,6417,0,23301,903
2026-07-29T00:00:00,46,889,6417,0,23301,889
2026-07-29T00:00:00,47,883,6417,0,23301,883
2026-07-29T00:00:00,48,887,6417,0,23301,887
2026-07-30T00:00:00,1,901,6417,0,23301,901
2026-07-30T00:00:00,2,926,6417,0,23301,926
2026-07-30T00:00:00,3,916,6417,0,23301,916
2026-07-30T00:00:00,4,870,6417,0,23301,870
2026-07-30T00:00:00,5,830,6417,0,23301,830
2026-07-30T00:00:00,6,796,6417,0,23301,796
2026-07-30T00:00:00,7,768,6417,0,23301,768
2026-07-30T00:00:00,8,746,6417,0,23301,746
2026-07-30T00:00:00,9,729,6417,0,23301,729
2026-07-30T00:00:00,10,719,6417,0,23301,719
2026-07-30T00:00:00,11,713,6417,215,23301,928
2026-07-30T00:00:00,12,713,6417,635,23301,1348
2026-07-30T00:00:00,13,718,6417,1261,23301,1979
2026-07-30T00:00:00,14,728,6417,2145,23301,2873
2026-07-30T00:00:00,15,724,6417,3166,23301,3890
2026-07-30T00:00:00,16,709,6417,3901,23301,4610
2026-07-30T00:00:00,17,700,6417,4901,23301,5601
2026-07-30T00:00:00,18,697,6417,5947,23301,6644
2026-07-30T00:00:00,19,701,6417,6921,23301,7622
2026-07-30T00:00:00,20,711,6417,8004,23301,8715
2026-07-30T00:00:00,21,726,6417,8905,23301,9631
2026-07-30T00:00:00,22,747,6417,9610,23301,10357
2026-07-30T00:00:00,23,775,6417,9964,23301,10739
2026-07-30T00:00:00,24,808,6417,10224,23301,11032
2026-07-30T00:00:00,25,847,6417,10414,23301,11261
2026-07-30T00:00:00,26,893,6417,10543,23301,11436
2026-07-30T00:00:00,27,903,6417,10545,23301,11448
2026-07-30T00:00:00,28,876,6417,10456,23301,11332
2026-07-30T00:00:00,29,855,6417,10301,23301,11156
2026-07-30T00:00:00,30,842,6417,10042,23301,10884
2026-07-30T00:00:00,31,834,6417,9666,23301,10500
2026-07-30T00:00:00,32,833,6417,9237,23301,10070
2026-07-30T00:00:00,33,838,6417,8477,23301,9315
2026-07-30T00:00:00,34,850,6417,7342,23301,8192
2026-07-30T00:00:00,35,869,6417,6369,23301,7238
2026-07-30T00:00:00,36,895,6417,5481,23301,6376
2026-07-30T00:00:00,37,930,6417,4179,23301,5109
2026-07-30T00:00:00,38,973,6417,3308,23301,4281
2026-07-30T00:00:00,39,969,6417,2697,23301,3666
2026-07-30T00:00:00,40,917,6417,1515,23301,2432
2026-07-30T00:00:00,41,876,6417,756,23301,1632
2026-07-30T00:00:00,42,843,6417,357,23301,1200
2026-07-30T00:00:00,43,819,6417,36,23301,855
2026-07-30T00:00:00,44,805,6417,0,23301,805
2026-07-30T00:00:00,45,799,6417,0,23301,799
2026-07-30T00:00:00,46,802,6417,0,23301,802
2026-07-30T00:00:00,47,814,6417,0,23301,814
2026-07-30T00:00:00,48,837,6417,0,23301,837
2026-07-31T00:00:00,1,870,6417,0,23301,870
2026-07-31T00:00:00,2,916,6417,0,23301,916
2026-07-31T00:00:00,3,922,6417,0,23301,922
2026-07-31T00:00:00,4,885,6417,0,23301,885
2026-07-31T00:00:00,5,855,6417,0,23301,855
2026-07-31T00:00:00,6,831,6417,0,23301,831
2026-07-31T00:00:00,7,814,6417,0,23301,814
2026-07-31T00:00:00,8,804,6417,0,23301,804
2026-07-31T00:00:00,9,799,6417,0,23301,799
2026-07-31T00:00:00,10,801,6417,0,23301,801
2026-07-31T00:00:00,11,809,6417,166,23301,975
2026-07-31T00:00:00,12,823,6417,580,23301,1403
2026-07-31T00:00:00,13,844,6417,1166,23301,2010
2026-07-31T00:00:00,14,870,6417,1982,23301,2852
2026-07-31T00:00:00,15,874,6417,2992,23301,3866
2026-07-31T00:00:00,16,856,6417,3705,23301,4561
2026-07-31T00:00:00,17,846,6417,4619,23301,5465
2026-07-31T00:00:00,18,842,6417,5687,23301,6529
2026-07-31T00:00:00,19,845,6417,6633,23301,7478
2026-07-31T00:00:00,20,854,6417,7661,23301,8515
2026-07-31T00:00:00,21,868,6417,8553,23301,9421
2026-07-31T00:00:00,22,889,6417,9245,23301,10134
2026-07-31T00:00:00,23,916,6417,9596,23301,10512
2026-07-31T00:00:00,24,948,6417,9852,23301,10800
2026-07-31T00:00:00,25,986,6417,10041,23301,11027
2026-07-31T00:00:00,26,1030,6417,10172,23301,11202
2026-07-31T00:00:00,27,1042,6417,10209,23301,11251
2026-07-31T00:00:00,28,1023,6417,10139,23301,11162
2026-07-31T00:00:00,29,1010,6417,10004,23301,11014
2026-07-31T00:00:00,30,1003,6417,9771,23301,10774
2026-07-31T00:00:00,31,1002,6417,9405,23301,10407
2026-07-31T00:00:00,32,1006,6417,8994,23301,10000
2026-07-31T00:00:00,33,1017,6417,8229,23301,9246
2026-07-31T00:00:00,34,1033,6417,7130,23301,8163
2026-07-31T00:00:00,35,1055,6417,6182,23301,7237
2026-07-31T00:00:00,36,1084,6417,5347,23301,6431
2026-07-31T00:00:00,37,1119,6417,4087,23301,5206
2026-07-31T00:00:00,38,1162,6417,3219,23301,4381
2026-07-31T00:00:00,39,1164,6417,2605,23301,3769
2026-07-31T00:00:00,40,1127,6417,1444,23301,2571
2026-07-31T00:00:00,41,1100,6417,697,23301,1797
2026-07-31T00:00:00,42,1083,6417,337,23301,1420
2026-07-31T00:00:00,43,1074,6417,33,23301,1107
2026-07-31T00:00:00,44,1075,6417,0,23301,1075
2026-07-31T00:00:00,45,1084,6417,0,23301,1084
2026-07-31T00:00:00,46,1102,6417,0,23301,1102
2026-07-31T00:00:00,47,1130,6417,0,23301,1130
2026-07-31T00:00:00,48,1167,6417,0,23301,1167
2026-08-01T00:00:00,1,1216,6417,0,23301,1216
2026-08-01T00:00:00,2,1275,6417,0,23301,1275
2026-08-01T00:00:00,3,1284,6417,0,23301,1284
2026-08-01T00:00:00,4,1238,6417,0,23301,1238
2026-08-01T00:00:00,5,1199,6417,0,23301,1199
2026-08-01T00:00:00,6,1167,6417,0,23301,1167
2026-08-01T00:00:00,7,1143,6417,0,23301,1143
2026-08-01T00:00:00,8,1125,6417,0,23301,1125
2026-08-01T00:00:00,9,1115,6417,0,23301,1115
2026-08-01T00:00:00,10,1112,6417,0,23301,1112
2026-08-01T00:00:00,11,1116,6417,152,23301,1268
2026-08-01T00:00:00,12,1128,6417,539,23301,1667
2026-08-01T00:00:00,13,1148,6417,1085,23301,2233
2026-08-01T00:00:00,14,1177,6417,1852,23301,3029
2026-08-01T00:00:00,15,1175,6417,2878,23301,4053
2026-08-01T00:00:00,16,1143,6417,3552,23301,4695
2026-08-01T00:00:00,17,1120,6417,4382,23301,5502
2026-08-01T00:00:00,18,1105,6417,5478,23301,6583
2026-08-01T00:00:00,19,1098,6417,6410,23301,7508
2026-08-01T00:00:00,20,1099,6417,7431,23301,8530
2026-08-01T00:00:00,21,1107,6417,8355,23301,9462
2026-08-01T00:00:00,22,1122,6417,9101,23301,10223
2026-08-01T00:00:00,23,1144,6417,9491,23301,10635
2026-08-01T00:00:00,24,1173,6417,9816,23301,10989
2026-08-01T00:00:00,25,1210,6417,10065,23301,11275
2026-08-01T00:00:00,26,1253,6417,10214,23301,11467
2026-08-01T00:00:00,27,1257,6417,10266,23301,11523
2026-08-01T00:00:00,28,1222,6417,10223,23301,11445
2026-08-01T00:00:00,29,1193,6417,10109,23301,11302
2026-08-01T00:00:00,30,1171,6417,9883,23301,11054
2026-08-01T00:00:00,31,1156,6417,9523,23301,10679
2026-08-01T00:00:00,32,1146,6417,9109,23301,10255
2026-08-01T00:00:00,33,1143,6417,8294,23301,9437
2026-08-01T00:00:00,34,1147,6417,7168,23301,8315
2026-08-01T00:00:00,35,1156,6417,6180,23301,7336
2026-08-01T00:00:00,36,1173,6417,5378,23301,6551
2026-08-01T00:00:00,37,1196,6417,4113,23301,5309
2026-08-01T00:00:00,38,1226,6417,3251,23301,4477
2026-08-01T00:00:00,39,1221,6417,2624,23301,3845
2026-08-01T00:00:00,40,1182,6417,1432,23301,2614
2026-08-01T00:00:00,41,1150,6417,693,23301,1843
2026-08-01T00:00:00,42,1127,6417,330,23301,1457
2026-08-01T00:00:00,43,1111,6417,16,23301,1127
2026-08-01T00:00:00,44,1102,6417,0,23301,1102
2026-08-01T00:00:00,45,1101,6417,0,23301,1101
2026-08-01T00:00:00,46,1108,6417,0,23301,1108
2026-08-01T00:00:00,47,1122,6417,0,23301,1122
2026-08-01T00:00:00,48,1145,6417,0,23301,1145
2026-08-02T00:00:00,1,1176,6417,0,23301,1176
2026-08-02T00:00:00,2,1216,6417,0,23301,1216
2026-08-02T00:00:00,3,1216,6417,0,23301,1216
2026-08-02T00:00:00,4,1173,6417,0,23301,1173
2026-08-02T00:00:00,5,1137,6417,0,23301,1137
2026-08-02T00:00:00,6,1107,6417,0,23301,1107
2026-08-02T00:00:00,7,1083,6417,0,23301,1083
2026-08-02T00:00:00,8,1067,6417,0,23301,1067
2026-08-02T00:00:00,9,1056,6417,0,23301,1056
2026-08-02T00:00:00,10,1052,6417,0,23301,1052
2026-08-02T00:00:00,11,1054,6417,143,23301,1197
2026-08-02T00:00:00,12,1063,6417,511,23301,1574
2026-08-02T00:00:00,13,1078,6417,992,23301,2070
2026-08-02T00:00:00,14,1099,6417,1753,23301,2852
2026-08-02T00:00:00,15,1096,6417,2764,23301,3860
2026-08-02T00:00:00,16,1069,6417,3391,23301,4460
2026-08-02T00:00:00,17,1050,6417,4192,23301,5242
2026-08-02T00:00:00,18,1038,6417,5264,23301,6302
2026-08-02T00:00:00,19,1033,6417,6187,23301,7220
2026-08-02T00:00:00,20,1036,6417,7222,23301,8258
2026-08-02T00:00:00,21,1045,6417,8121,23301,9166
2026-08-02T00:00:00,22,1062,6417,8869,23301,9931
2026-08-02T00:00:00,23,1086,6417,9246,23301,10332
2026-08-02T00:00:00,24,1117,6417,9564,23301,10681
2026-08-02T00:00:00,25,1156,6417,9806,23301,10962
2026-08-02T00:00:00,26,1201,6417,9965,23301,11166
2026-08-02T00:00:00,27,1205,6417,10036,23301,11241
2026-08-02T00:00:00,28,1168,6417,10006,23301,11174
2026-08-02T00:00:00,29,1138,6417,9916,23301,11054
2026-08-02T00:00:00,30,1116,6417,9724,23301,10840
2026-08-02T00:00:00,31,1101,6417,9389,23301,10490
2026-08-02T00:00:00,32,1094,6417,8998,23301,10092
2026-08-02T00:00:00,33,1093,6417,8190,23301,9283
2026-08-02T00:00:00,34,1101,6417,7080,23301,8181
2026-08-02T00:00:00,35,1116,6417,6113,23301,7229
2026-08-02T00:00:00,36,1140,6417,5295,23301,6435
2026-08-02T00:00:00,37,1173,6417,4049,23301,5222
2026-08-02T00:00:00,38,1214,6417,3204,23301,4418
2026-08-02T00:00:00,39,1209,6417,2579,23301,3788
2026-08-02T00:00:00,40,1157,6417,1406,23301,2563
2026-08-02T00:00:00,41,1114,6417,663,23301,1777
2026-08-02T00:00:00,42,1081,6417,318,23301,1399
2026-08-02T00:00:00,43,1056,6417,16,23301,1072
2026-08-02T00:00:00,44,1040,6417,0,23301,1040
2026-08-02T00:00:00,45,1032,6417,0,23301,1032
2026-08-02T00:00:00,46,1034,6417,0,23301,1034
2026-08-02T00:00:00,47,1044,6417,0,23301,1044
2026-08-02T00:00:00,48,1065,6417,0,23301,1065
2026-08-03T00:00:00,1,1096,6417,0,23301,1096
2026-08-03T00:00:00,2,1138,6417,0,23301,1138
2026-08-03T00:00:00,3,1138,6417,0,23301,1138
2026-08-03T00:00:00,4,1092,6417,0,23301,1092
2026-08-03T00:00:00,5,1052,6417,0,23301,1052
2026-08-03T00:00:00,6,1020,6417,0,23301,1020
2026-08-03T00:00:00,7,993,6417,0,23301,993
2026-08-03T00:00:00,8,973,6417,0,23301,973
2026-08-03T00:00:00,9,960,6417,0,23301,960
2026-08-03T00:00:00,10,952,6417,0,23301,952
2026-08-03T00:00:00,11,952,6417,103,23301,1055
2026-08-03T00:00:00,12,957,6417,505,23301,1462
2026-08-03T00:00:00,13,970,6417,966,23301,1936
2026-08-03T00:00:00,14,989,6417,1704,23301,2693
2026-08-03T00:00:00,15,983,6417,2754,23301,3737
2026-08-03T00:00:00,16,954,6417,3360,23301,4314
2026-08-03T00:00:00,17,933,6417,4165,23301,5098
2026-08-03T00:00:00,18,920,6417,5230,23301,6150
2026-08-03T00:00:00,19,914,6417,6124,23301,7038
2026-08-03T00:00:00,20,915,6417,7185,23301,8100
2026-08-03T00:00:00,21,923,6417,8100,23301,9023
2026-08-03T00:00:00,22,937,6417,8787,23301,9724
2026-08-03T00:00:00,23,958,6417,9164,23301,10122
2026-08-03T00:00:00,24,984,6417,9441,23301,10425
2026-08-03T00:00:00,25,1017,6417,9653,23301,10670
2026-08-03T00:00:00,26,1056,6417,9800,23301,10856
2026-08-03T00:00:00,27,1060,6417,9858,23301,10918
2026-08-03T00:00:00,28,1029,6417,9825,23301,10854
2026-08-03T00:00:00,29,1003,6417,9717,23301,10720
2026-08-03T00:00:00,30,983,6417,9520,23301,10503
2026-08-03T00:00:00,31,969,6417,9206,23301,10175
2026-08-03T00:00:00,32,961,6417,8827,23301,9788
2026-08-03T00:00:00,33,958,6417,7969,23301,8927
2026-08-03T00:00:00,34,961,6417,6923,23301,7884
2026-08-03T00:00:00,35,970,6417,5951,23301,6921
2026-08-03T00:00:00,36,986,6417,5104,23301,6090
2026-08-03T00:00:00,37,1008,6417,3913,23301,4921
2026-08-03T00:00:00,38,1037,6417,3114,23301,4151
2026-08-03T00:00:00,39,1036,6417,2510,23301,3546
2026-08-03T00:00:00,40,1005,6417,1334,23301,2339
2026-08-03T00:00:00,41,982,6417,632,23301,1614
2026-08-03T00:00:00,42,966,6417,300,23301,1266
2026-08-03T00:00:00,43,957,6417,15,23301,972
2026-08-03T00:00:00,44,955,6417,0,23301,955
2026-08-03T00:00:00,45,960,6417,0,23301,960
2026-08-03T00:00:00,46,973,6417,0,23301,973
2026-08-03T00:00:00,47,992,6417,0,23301,992
2026-08-03T00:00:00,48,1020,6417,0,23301,1020
2026-08-04T00:00:00,1,1055,6417,0,23301,1055
2026-08-04T00:00:00,2,1099,6417,0,23301,1099
2026-08-04T00:00:00,3,1108,6417,0,23301,1108
2026-08-04T00:00:00,4,1079,6417,0,23301,1079
2026-08-04T00:00:00,5,1055,6417,0,23301,1055
2026-08-04T00:00:00,6,1036,6417,0,23301,1036
2026-08-04T00:00:00,7,1021,6417,0,23301,1021
2026-08-04T00:00:00,8,1012,6417,0,23301,1012
2026-08-04T00:00:00,9,1007,6417,0,23301,1007
2026-08-04T00:00:00,10,1008,6417,0,23301,1008
2026-08-04T00:00:00,11,1013,6417,85,23301,1098
2026-08-04T00:00:00,12,1024,6417,488,23301,1512
2026-08-04T00:00:00,13,1039,6417,927,23301,1966
2026-08-04T00:00:00,14,1060,6417,1684,23301,2744
2026-08-04T00:00:00,15,1059,6417,2729,23301,3788
2026-08-04T00:00:00,16,1035,6417,3325,23301,4360
2026-08-04T00:00:00,17,1017,6417,4117,23301,5134
2026-08-04T00:00:00,18,1006,6417,5186,23301,6192
2026-08-04T00:00:00,19,1001,6417,6093,23301,7094
2026-08-04T00:00:00,20,1003,6417,7143,23301,8146
2026-08-04T00:00:00,21,1010,6417,8054,23301,9064
2026-08-04T00:00:00,22,1023,6417,8718,23301,9741
2026-08-04T00:00:00,23,1042,6417,9104,23301,10146
2026-08-04T00:00:00,24,1067,6417,9389,23301,10456
2026-08-04T00:00:00,25,1097,6417,9609,23301,10706
2026-08-04T00:00:00,26,1134,6417,9766,23301,10900
2026-08-04T00:00:00,27,1135,6417,9826,23301,10961
2026-08-04T00:00:00,28,1098,6417,9797,23301,10895
2026-08-04T00:00:00,29,1068,6417,9694,23301,10762
2026-08-04T00:00:00,30,1042,6417,9503,23301,10545
2026-08-04T00:00:00,31,1023,6417,9198,23301,10221
2026-08-04T00:00:00,32,1009,6417,8826,23301,9835
2026-08-04T00:00:00,33,1001,6417,7971,23301,8972
2026-08-04T00:00:00,34,999,6417,6893,23301,7892
2026-08-04T00:00:00,35,1004,6417,5927,23301,6931
2026-08-04T00:00:00,36,1015,6417,5040,23301,6055
2026-08-04T00:00:00,37,1033,6417,3858,23301,4891
2026-08-04T00:00:00,38,1059,6417,3111,23301,4170
2026-08-04T00:00:00,39,1050,6417,2434,23301,3484
2026-08-04T00:00:00,40,1007,6417,1325,23301,2332
2026-08-04T00:00:00,41,970,6417,627,23301,1597
2026-08-04T00:00:00,42,941,6417,296,23301,1237
2026-08-04T00:00:00,43,919,6417,7,23301,926
2026-08-04T00:00:00,44,903,6417,0,23301,903
2026-08-04T00:00:00,45,894,6417,0,23301,894
2026-08-04T00:00:00,46,892,6417,0,23301,892
2026-08-04T00:00:00,47,897,6417,0,23301,897
2026-08-04T00:00:00,48,908,6417,0,23301,908
2026-08-05T00:00:00,1,927,6417,0,23301,927
2026-08-05T00:00:00,2,954,6417,0,23301,954
2026-08-05T00:00:00,3,947,6417,0,23301,947
2026-08-05T00:00:00,4,905,6417,0,23301,905
2026-08-05T00:00:00,5,870,6417,0,23301,870
2026-08-05T00:00:00,6,842,6417,0,23301,842
2026-08-05T00:00:00,7,822,6417,0,23301,822
2026-08-05T00:00:00,8,808,6417,0,23301,808
2026-08-05T00:00:00,9,801,6417,0,23301,801
2026-08-05T00:00:00,10,799,6417,0,23301,799
2026-08-05T00:00:00,11,803,6417,84,23301,887
2026-08-05T00:00:00,12,812,6417,494,23301,1306
2026-08-05T00:00:00,13,829,6417,923,23301,1752
2026-08-05T00:00:00,14,851,6417,1683,23301,2534
2026-08-05T00:00:00,15,852,6417,2723,23301,3575
2026-08-05T00:00:00,16,832,6417,3336,23301,4168
2026-08-05T00:00:00,17,818,6417,4114,23301,4932
2026-08-05T00:00:00,18,810,6417,5211,23301,6021
2026-08-05T00:00:00,19,808,6417,6128,23301,6936
2026-08-05T00:00:00,20,813,6417,7171,23301,7984
2026-08-05T00:00:00,21,823,6417,8065,23301,8888
2026-08-05T00:00:00,22,839,6417,8677,23301,9516
2026-08-05T00:00:00,23,862,6417,9055,23301,9917
2026-08-05T00:00:00,24,890,6417,9307,23301,10197
2026-08-05T00:00:00,25,925,6417,9507,23301,10432
2026-08-05T00:00:00,26,967,6417,9632,23301,10599
2026-08-05T00:00:00,27,974,6417,9675,23301,10649
2026-08-05T00:00:00,28,946,6417,9627,23301,10573
2026-08-05T00:00:00,29,924,6417,9504,23301,10428
2026-08-05T00:00:00,30,908,6417,9279,23301,10187
2026-08-05T00:00:00,31,897,6417,8991,23301,9888
2026-08-05T00:00:00,32,892,6417,8591,23301,9483
2026-08-05T00:00:00,33,893,6417,7753,23301,8646
2026-08-05T00:00:00,34,900,6417,6659,23301,7559
2026-08-05T00:00:00,35,914,6417,5742,23301,6656
2026-08-05T00:00:00,36,934,6417,4794,23301,5728
2026-08-05T00:00:00,37,961,6417,3674,23301,4635
2026-08-05T00:00:00,38,995,6417,2969,23301,3964
2026-08-05T00:00:00,39,994,6417,2253,23301,3247
2026-08-05T00:00:00,40,957,6417,1197,23301,2154
2026-08-05T00:00:00,41,927,6417,549,23301,1476
2026-08-05T00:00:00,42,904,6417,250,23301,1154
2026-08-05T00:00:00,43,888,6417,7,23301,895
2026-08-05T00:00:00,44,879,6417,0,23301,879
2026-08-05T00:00:00,45,876,6417,0,23301,876
2026-08-05T00:00:00,46,881,6417,0,23301,881
2026-08-05T00:00:00,47,893,6417,0,23301,893
2026-08-05T00:00:00,48,913,6417,0,23301,913
2026-07-23T00:00:00,7,589,6417,0,23301,589
2026-07-23T00:00:00,8,587,6417,0,23301,587
2026-07-23T00:00:00,9,596,6417,0,23301,596
2026-07-23T00:00:00,10,617,6417,0,23301,617
2026-07-23T00:00:00,11,628,6417,93,23301,721
2026-07-23T00:00:00,12,629,6417,254,23301,883
2026-07-23T00:00:00,13,610,6417,622,23301,1232
2026-07-23T00:00:00,14,575,6417,1609,23301,2184
2026-07-23T00:00:00,15,552,6417,2518,23301,3070
2026-07-23T00:00:00,16,541,6417,3534,23301,4075
2026-07-23T00:00:00,17,535,6417,4652,23301,5187
2026-07-23T00:00:00,18,529,6417,5935,23301,6464
2026-07-23T00:00:00,19,525,6417,7225,23301,7750
2026-07-23T00:00:00,20,523,6417,8239,23301,8762
2026-07-23T00:00:00,21,528,6417,9037,23301,9565
2026-07-23T00:00:00,22,540,6417,9349,23301,9889
2026-07-23T00:00:00,23,547,6417,9631,23301,10178
2026-07-23T00:00:00,24,555,6417,9575,23301,10130
2026-07-23T00:00:00,25,570,6417,9515,23301,10085
2026-07-23T00:00:00,26,595,6417,9457,23301,10052
2026-07-23T00:00:00,27,628,6417,9400,23301,10028
2026-07-23T00:00:00,28,670,6417,9350,23301,10020
2026-07-23T00:00:00,29,711,6417,9274,23301,9985
2026-07-23T00:00:00,30,750,6417,9124,23301,9874
2026-07-23T00:00:00,31,789,6417,8873,23301,9662
2026-07-23T00:00:00,32,828,6417,8391,23301,9219
2026-07-23T00:00:00,33,861,6417,7784,23301,8645
2026-07-23T00:00:00,34,887,6417,7027,23301,7914
2026-07-23T00:00:00,35,908,6417,6153,23301,7061
2026-07-23T00:00:00,36,922,6417,5113,23301,6035
2026-07-23T00:00:00,37,934,6417,4190,23301,5124
2026-07-23T00:00:00,38,943,6417,3396,23301,4339
2026-07-23T00:00:00,39,942,6417,2685,23301,3627
2026-07-23T00:00:00,40,932,6417,1713,23301,2645
2026-07-23T00:00:00,41,931,6417,908,23301,1839
2026-07-23T00:00:00,42,939,6417,364,23301,1303
2026-07-23T00:00:00,43,956,6417,84,23301,1040
2026-07-23T00:00:00,44,981,6417,19,23301,1000
2026-07-23T00:00:00,45,995,6417,0,23301,995
2026-07-23T00:00:00,46,993,6417,0,23301,993
2026-07-23T00:00:00,47,990,6417,0,23301,990
2026-07-23T00:00:00,48,980,6417,0,23301,980
2026-07-24T00:00:00,1,972,6417,0,23301,972
2026-07-24T00:00:00,2,963,6417,0,23301,963
2026-07-24T00:00:00,3,958,6417,0,23301,958
2026-07-24T00:00:00,4,956,6417,0,23301,956
2026-07-24T00:00:00,5,954,6417,0,23301,954
2026-07-24T00:00:00,6,954,6417,0,23301,954
2026-07-24T00:00:00,7,957,6417,0,23301,957
2026-07-24T00:00:00,8,962,6417,0,23301,962
2026-07-24T00:00:00,9,969,6417,0,23301,969
2026-07-24T00:00:00,10,978,6417,1,23301,979
2026-07-24T00:00:00,11,984,6417,95,23301,1079
2026-07-24T00:00:00,12,986,6417,264,23301,1250
2026-07-24T00:00:00,13,971,6417,660,23301,1631
2026-07-24T00:00:00,14,944,6417,1673,23301,2617
2026-07-24T00:00:00,15,964,6417,2644,23301,3608
2026-07-24T00:00:00,16,1036,6417,3680,23301,4716
2026-07-24T00:00:00,17,1124,6417,4843,23301,5967
2026-07-24T00:00:00,18,1228,6417,6160,23301,7388
2026-07-24T00:00:00,19,1317,6417,7565,23301,8882
2026-07-24T00:00:00,20,1388,6417,8793,23301,10181
2026-07-24T00:00:00,21,1450,6417,9795,23301,11245
2026-07-24T00:00:00,22,1502,6417,10473,23301,11975
2026-07-24T00:00:00,23,1554,6417,11016,23301,12570
2026-07-24T00:00:00,24,1603,6417,11142,23301,12745
2026-07-24T00:00:00,25,1657,6417,11212,23301,12869
2026-07-24T00:00:00,26,1715,6417,11127,23301,12842
2026-07-24T00:00:00,27,1771,6417,11061,23301,12832
2026-07-24T00:00:00,28,1823,6417,10939,23301,12762
2026-07-24T00:00:00,29,1871,6417,10781,23301,12652
2026-07-24T00:00:00,30,1914,6417,10516,23301,12430
2026-07-24T00:00:00,31,1950,6417,10155,23301,12105
2026-07-24T00:00:00,32,1981,6417,9508,23301,11489
2026-07-24T00:00:00,33,1998,6417,8736,23301,10734
2026-07-24T00:00:00,34,2001,6417,7838,23301,9839
2026-07-24T00:00:00,35,1988,6417,6842,23301,8830
2026-07-24T00:00:00,36,1960,6417,5633,23301,7593
2026-07-24T00:00:00,37,1916,6417,4580,23301,6496
2026-07-24T00:00:00,38,1858,6417,3710,23301,5568
2026-07-24T00:00:00,39,1781,6417,2905,23301,4686
2026-07-24T00:00:00,40,1688,6417,1856,23301,3544
2026-07-24T00:00:00,41,1620,6417,1015,23301,2635
2026-07-24T00:00:00,42,1580,6417,382,23301,1962
2026-07-24T00:00:00,43,1568,6417,78,23301,1646
2026-07-24T00:00:00,44,1582,6417,16,23301,1598
2026-07-24T00:00:00,45,1595,6417,0,23301,1595
2026-07-24T00:00:00,46,1598,6417,0,23301,1598
2026-07-24T00:00:00,47,1602,6417,0,23301,1602
2026-07-24T00:00:00,48,1601,6417,0,23301,1601
2026-07-25T00:00:00,1,1610,6417,0,23301,1610
2026-07-25T00:00:00,2,1629,6417,0,23301,1629
2026-07-25T00:00:00,3,1655,6417,0,23301,1655
2026-07-25T00:00:00,4,1690,6417,0,23301,1690
2026-07-25T00:00:00,5,1728,6417,0,23301,1728
2026-07-25T00:00:00,6,1766,6417,0,23301,1766
2026-07-25T00:00:00,7,1805,6417,0,23301,1805
2026-07-25T00:00:00,8,1841,6417,0,23301,1841
2026-07-25T00:00:00,9,1877,6417,0,23301,1877
2026-07-25T00:00:00,10,1913,6417,0,23301,1913
2026-07-25T00:00:00,11,1949,6417,94,23301,2043
2026-07-25T00:00:00,12,1987,6417,257,23301,2244
2026-07-25T00:00:00,13,2004,6417,651,23301,2655
2026-07-25T00:00:00,14,2000,6417,1623,23301,3623
2026-07-25T00:00:00,15,2012,6417,2620,23301,4632
2026-07-25T00:00:00,16,2044,6417,3598,23301,5642
2026-07-25T00:00:00,17,2116,6417,4688,23301,6804
2026-07-25T00:00:00,18,2233,6417,5912,23301,8145
2026-07-25T00:00:00,19,2343,6417,7206,23301,9549
2026-07-25T00:00:00,20,2448,6417,8274,23301,10722
2026-07-25T00:00:00,21,2547,6417,9165,23301,11712
2026-07-25T00:00:00,22,2634,6417,9909,23301,12543
2026-07-25T00:00:00,23,2708,6417,10543,23301,13251
2026-07-25T00:00:00,24,2766,6417,10958,23301,13724
2026-07-25T00:00:00,25,2822,6417,11295,23301,14117
2026-07-25T00:00:00,26,2876,6417,11451,23301,14327
2026-07-25T00:00:00,27,2922,6417,11522,23301,14444
2026-07-25T00:00:00,28,2960,6417,11325,23301,14285
2026-07-25T00:00:00,29,2982,6417,11052,23301,14034
2026-07-25T00:00:00,30,2992,6417,10535,23301,13527
2026-07-25T00:00:00,31,2979,6417,9926,23301,12905
2026-07-25T00:00:00,32,2943,6417,9060,23301,12003
2026-07-25T00:00:00,33,2891,6417,8107,23301,10998
2026-07-25T00:00:00,34,2822,6417,7096,23301,9918
2026-07-25T00:00:00,35,2738,6417,5963,23301,8701
2026-07-25T00:00:00,36,2640,6417,4725,23301,7365
2026-07-25T00:00:00,37,2522,6417,3671,23301,6193
2026-07-25T00:00:00,38,2391,6417,2833,23301,5224
2026-07-25T00:00:00,39,2250,6417,2112,23301,4362
2026-07-25T00:00:00,40,2102,6417,1253,23301,3355
2026-07-25T00:00:00,41,1975,6417,579,23301,2554
2026-07-25T00:00:00,42,1866,6417,247,23301,2113
2026-07-25T00:00:00,43,1789,6417,46,23301,1835
2026-07-25T00:00:00,44,1737,6417,8,23301,1745
2026-07-25T00:00:00,45,1698,6417,0,23301,1698
2026-07-25T00:00:00,46,1669,6417,0,23301,1669
2026-07-25T00:00:00,47,1643,6417,0,23301,1643
2026-07-25T00:00:00,48,1619,6417,0,23301,1619
2026-07-26T00:00:00,1,1595,6417,0,23301,1595
2026-07-26T00:00:00,2,1569,6417,0,23301,1569
2026-07-26T00:00:00,3,1549,6417,0,23301,1549
2026-07-26T00:00:00,4,1531,6417,0,23301,1531
2026-07-26T00:00:00,5,1516,6417,0,23301,1516
2026-07-26T00:00:00,6,1501,6417,0,23301,1501
2026-07-26T00:00:00,7,1487,6417,0,23301,1487
2026-07-26T00:00:00,8,1474,6417,0,23301,1474
2026-07-26T00:00:00,9,1461,6417,0,23301,1461
2026-07-26T00:00:00,10,1449,6417,0,23301,1449
2026-07-26T00:00:00,11,1432,6417,75,23301,1507
2026-07-26T00:00:00,12,1410,6417,158,23301,1568
2026-07-26T00:00:00,13,1371,6417,361,23301,1732
2026-07-26T00:00:00,14,1319,6417,946,23301,2265
2026-07-26T00:00:00,15,1296,6417,1594,23301,2890
2026-07-26T00:00:00,16,1292,6417,2213,23301,3505
2026-07-26T00:00:00,17,1297,6417,2968,23301,4265
2026-07-26T00:00:00,18,1311,6417,3814,23301,5125
2026-07-26T00:00:00,19,1338,6417,4719,23301,6057
2026-07-26T00:00:00,20,1378,6417,5556,23301,6934
2026-07-26T00:00:00,21,1411,6417,6216,23301,7627
2026-07-26T00:00:00,22,1437,6417,6787,23301,8224
2026-07-26T00:00:00,23,1472,6417,7263,23301,8735
2026-07-26T00:00:00,24,1518,6417,7627,23301,9145
2026-07-26T00:00:00,25,1575,6417,7932,23301,9507
2026-07-26T00:00:00,26,1644,6417,8139,23301,9783
2026-07-26T00:00:00,27,1692,6417,8283,23301,9975
2026-07-26T00:00:00,28,1721,6417,8323,23301,10044
2026-07-26T00:00:00,29,1754,6417,8311,23301,10065
2026-07-26T00:00:00,30,1790,6417,8204,23301,9994
2026-07-26T00:00:00,31,1832,6417,7998,23301,9830
2026-07-26T00:00:00,32,1882,6417,7550,23301,9432
2026-07-26T00:00:00,33,1892,6417,6982,23301,8874
2026-07-26T00:00:00,34,1861,6417,6240,23301,8101
2026-07-26T00:00:00,35,1835,6417,5342,23301,7177
2026-07-26T00:00:00,36,1815,6417,4369,23301,6184
2026-07-26T00:00:00,37,1798,6417,3458,23301,5256
2026-07-26T00:00:00,38,1785,6417,2757,23301,4542
2026-07-26T00:00:00,39,1734,6417,2157,23301,3891
2026-07-26T00:00:00,40,1649,6417,1267,23301,2916
2026-07-26T00:00:00,41,1586,6417,621,23301,2207
2026-07-26T00:00:00,42,1544,6417,253,23301,1797
2026-07-26T00:00:00,43,1527,6417,48,23301,1575
2026-07-26T00:00:00,44,1533,6417,7,23301,1540
2026-07-26T00:00:00,45,1535,6417,0,23301,1535
2026-07-26T00:00:00,46,1528,6417,0,23301,1528
2026-07-26T00:00:00,47,1527,6417,0,23301,1527
2026-07-26T00:00:00,48,1532,6417,0,23301,1532
2026-07-27T00:00:00,1,1550,6417,0,23301,1550
2026-07-27T00:00:00,2,1582,6417,0,23301,1582
2026-07-27T00:00:00,3,1594,6417,0,23301,1594
2026-07-27T00:00:00,4,1579,6417,0,23301,1579
2026-07-27T00:00:00,5,1571,6417,0,23301,1571
2026-07-27T00:00:00,6,1568,6417,0,23301,1568
2026-07-27T00:00:00,7,1572,6417,0,23301,1572
2026-07-27T00:00:00,8,1583,6417,0,23301,1583
2026-07-27T00:00:00,9,1562,6417,0,23301,1562
2026-07-27T00:00:00,10,1506,6417,0,23301,1506
2026-07-27T00:00:00,11,1453,6417,70,23301,1523
2026-07-27T00:00:00,12,1403,6417,180,23301,1583
2026-07-27T00:00:00,13,1352,6417,516,23301,1868
2026-07-27T00:00:00,14,1301,6417,1475,23301,2776
2026-07-27T00:00:00,15,1281,6417,2511,23301,3792
2026-07-27T00:00:00,16,1291,6417,3325,23301,4616
2026-07-27T00:00:00,17,1309,6417,4387,23301,5696
2026-07-27T00:00:00,18,1335,6417,5398,23301,6733
2026-07-27T00:00:00,19,1368,6417,6436,23301,7804
2026-07-27T00:00:00,20,1408,6417,7484,23301,8892
2026-07-27T00:00:00,21,1441,6417,8292,23301,9733
2026-07-27T00:00:00,22,1471,6417,8973,23301,10444
2026-07-27T00:00:00,23,1514,6417,9468,23301,10982
2026-07-27T00:00:00,24,1571,6417,9842,23301,11413
2026-07-27T00:00:00,25,1639,6417,10170,23301,11809
2026-07-27T00:00:00,26,1719,6417,10430,23301,12149
2026-07-27T00:00:00,27,1769,6417,10627,23301,12396
2026-07-27T00:00:00,28,1790,6417,10683,23301,12473
2026-07-27T00:00:00,29,1822,6417,10641,23301,12463
2026-07-27T00:00:00,30,1865,6417,10430,23301,12295
2026-07-27T00:00:00,31,1919,6417,10018,23301,11937
2026-07-27T00:00:00,32,1983,6417,9412,23301,11395
2026-07-27T00:00:00,33,1979,6417,8541,23301,10520
2026-07-27T00:00:00,34,1907,6417,7290,23301,9197
2026-07-27T00:00:00,35,1849,6417,6124,23301,7973
2026-07-27T00:00:00,36,1805,6417,5059,23301,6864
2026-07-27T00:00:00,37,1777,6417,3738,23301,5515
2026-07-27T00:00:00,38,1766,6417,2810,23301,4576
2026-07-27T00:00:00,39,1725,6417,2095,23301,3820
2026-07-27T00:00:00,40,1660,6417,909,23301,2569
2026-07-27T00:00:00,41,1618,6417,335,23301,1953
2026-07-27T00:00:00,42,1599,6417,132,23301,1731
2026-07-27T00:00:00,43,1602,6417,37,23301,1639
2026-07-27T00:00:00,44,1628,6417,1,23301,1629
2026-07-27T00:00:00,45,1630,6417,0,23301,1630
2026-07-27T00:00:00,46,1604,6417,0,23301,1604
2026-07-27T00:00:00,47,1594,6417,0,23301,1594
2026-07-27T00:00:00,48,1600,6417,0,23301,1600
2026-07-28T00:00:00,1,1624,6417,0,23301,1624
2026-07-28T00:00:00,2,1665,6417,0,23301,1665
2026-07-28T00:00:00,3,1671,6417,0,23301,1671
2026-07-28T00:00:00,4,1639,6417,0,23301,1639
2026-07-28T00:00:00,5,1620,6417,0,23301,1620
2026-07-28T00:00:00,6,1615,6417,0,23301,1615
2026-07-28T00:00:00,7,1624,6417,0,23301,1624
2026-07-28T00:00:00,8,1645,6417,0,23301,1645
2026-07-28T00:00:00,9,1643,6417,0,23301,1643
2026-07-28T00:00:00,10,1615,6417,0,23301,1615
2026-07-28T00:00:00,11,1599,6417,60,23301,1659
2026-07-28T00:00:00,12,1594,6417,120,23301,1714
2026-07-28T00:00:00,13,1600,6417,358,23301,1958
2026-07-28T00:00:00,14,1616,6417,1106,23301,2722
2026-07-28T00:00:00,15,1631,6417,2101,23301,3732
2026-07-28T00:00:00,16,1645,6417,2704,23301,4349
2026-07-28T00:00:00,17,1673,6417,3682,23301,5355
2026-07-28T00:00:00,18,1713,6417,4707,23301,6420
2026-07-28T00:00:00,19,1766,6417,5738,23301,7504
2026-07-28T00:00:00,20,1831,6417,6954,23301,8785
2026-07-28T00:00:00,21,1884,6417,8042,23301,9926
2026-07-28T00:00:00,22,1927,6417,9027,23301,10954
2026-07-28T00:00:00,23,1983,6417,9605,23301,11588
2026-07-28T00:00:00,24,2051,6417,10016,23301,12067
2026-07-28T00:00:00,25,2131,6417,10241,23301,12372
2026-07-28T00:00:00,26,2223,6417,10344,23301,12567
2026-07-28T00:00:00,27,2241,6417,10321,23301,12562
2026-07-28T00:00:00,28,2182,6417,10226,23301,12408
2026-07-28T00:00:00,29,2128,6417,10070,23301,12198
2026-07-28T00:00:00,30,2080,6417,9788,23301,11868
2026-07-28T00:00:00,31,2038,6417,9365,23301,11403
2026-07-28T00:00:00,32,2002,6417,8937,23301,10939
2026-07-28T00:00:00,33,1973,6417,8195,23301,10168
2026-07-28T00:00:00,34,1952,6417,7020,23301,8972
2026-07-28T00:00:00,35,1938,6417,6068,23301,8006
2026-07-28T00:00:00,36,1931,6417,5228,23301,7159
2026-07-28T00:00:00,37,1931,6417,3998,23301,5929
2026-07-28T00:00:00,38,1937,6417,3151,23301,5088
2026-07-28T00:00:00,39,1903,6417,2584,23301,4487
2026-07-28T00:00:00,40,1827,6417,1442,23301,3269
2026-07-28T00:00:00,41,1757,6417,733,23301,2490
2026-07-28T00:00:00,42,1693,6417,334,23301,2027
2026-07-28T00:00:00,43,1637,6417,70,23301,1707
2026-07-28T00:00:00,44,1589,6417,0,23301,1589
2026-07-28T00:00:00,45,1550,6417,0,23301,1550
2026-07-28T00:00:00,46,1519,6417,0,23301,1519
2026-07-28T00:00:00,47,1497,6417,0,23301,1497
2026-07-28T00:00:00,48,1483,6417,0,23301,1483
2026-07-29T00:00:00,1,1479,6417,0,23301,1479
2026-07-29T00:00:00,2,1482,6417,0,23301,1482
2026-07-29T00:00:00,3,1449,6417,0,23301,1449
2026-07-29T00:00:00,4,1379,6417,0,23301,1379
2026-07-29T00:00:00,5,1315,6417,0,23301,1315
2026-07-29T00:00:00,6,1258,6417,0,23301,1258
2026-07-29T00:00:00,7,1208,6417,0,23301,1208
2026-07-29T00:00:00,8,1165,6417,0,23301,1165
2026-07-29T00:00:00,9,1129,6417,0,23301,1129
2026-07-29T00:00:00,10,1100,6417,0,23301,1100
2026-07-29T00:00:00,11,1077,6417,192,23301,1269
2026-07-29T00:00:00,12,1061,6417,549,23301,1610
2026-07-29T00:00:00,13,1050,6417,1109,23301,2159
2026-07-29T00:00:00,14,1046,6417,1969,23301,3015
2026-07-29T00:00:00,15,1039,6417,2928,23301,3967
2026-07-29T00:00:00,16,1030,6417,3595,23301,4625
2026-07-29T00:00:00,17,1028,6417,4579,23301,5607
2026-07-29T00:00:00,18,1033,6417,5557,23301,6590
2026-07-29T00:00:00,19,1045,6417,6527,23301,7572
2026-07-29T00:00:00,20,1064,6417,7627,23301,8691
2026-07-29T00:00:00,21,1090,6417,8533,23301,9623
2026-07-29T00:00:00,22,1124,6417,9308,23301,10432
2026-07-29T00:00:00,23,1164,6417,9742,23301,10906
2026-07-29T00:00:00,24,1212,6417,10091,23301,11303
2026-07-29T00:00:00,25,1268,6417,10337,23301,11605
2026-07-29T00:00:00,26,1330,6417,10508,23301,11838
2026-07-29T00:00:00,27,1337,6417,10582,23301,11919
2026-07-29T00:00:00,28,1288,6417,10565,23301,11853
2026-07-29T00:00:00,29,1246,6417,10468,23301,11714
2026-07-29T00:00:00,30,1213,6417,10266,23301,11479
2026-07-29T00:00:00,31,1187,6417,9911,23301,11098
2026-07-29T00:00:00,32,1168,6417,9500,23301,10668
2026-07-29T00:00:00,33,1157,6417,8778,23301,9935
2026-07-29T00:00:00,34,1154,6417,7623,23301,8777
2026-07-29T00:00:00,35,1158,6417,6651,23301,7809
2026-07-29T00:00:00,36,1169,6417,5732,23301,6901
2026-07-29T00:00:00,37,1189,6417,4399,23301,5588
2026-07-29T00:00:00,38,1215,6417,3485,23301,4700
2026-07-29T00:00:00,39,1191,6417,2839,23301,4030
2026-07-29T00:00:00,40,1118,6417,1634,23301,2752
2026-07-29T00:00:00,41,1055,6417,849,23301,1904
2026-07-29T00:00:00,42,1003,6417,400,23301,1403
2026-07-29T00:00:00,43,960,6417,41,23301,1001
2026-07-29T00:00:00,44,927,6417,0,23301,927
2026-07-29T00:00:00,45,903,6417,0,23301,903
2026-07-29T00:00:00,46,889,6417,0,23301,889
2026-07-29T00:00:00,47,883,6417,0,23301,883
2026-07-29T00:00:00,48,887,6417,0,23301,887
2026-07-30T00:00:00,1,901,6417,0,23301,901
2026-07-30T00:00:00,2,926,6417,0,23301,926
2026-07-30T00:00:00,3,916,6417,0,23301,916
2026-07-30T00:00:00,4,870,6417,0,23301,870
2026-07-30T00:00:00,5,830,6417,0,23301,830
2026-07-30T00:00:00,6,796,6417,0,23301,796
2026-07-30T00:00:00,7,768,6417,0,23301,768
2026-07-30T00:00:00,8,746,6417,0,23301,746
2026-07-30T00:00:00,9,729,6417,0,23301,729
2026-07-30T00:00:00,10,719,6417,0,23301,719
2026-07-30T00:00:00,11,713,6417,215,23301,928
2026-07-30T00:00:00,12,713,6417,635,23301,1348
2026-07-30T00:00:00,13,718,6417,1261,23301,1979
2026-07-30T00:00:00,14,728,6417,2145,23301,2873
2026-07-30T00:00:00,15,724,6417,3166,23301,3890
2026-07-30T00:00:00,16,709,6417,3901,23301,4610
2026-07-30T00:00:00,17,700,6417,4901,23301,5601
2026-07-30T00:00:00,18,697,6417,5947,23301,6644
2026-07-30T00:00:00,19,701,6417,6921,23301,7622
2026-07-30T00:00:00,20,711,6417,8004,23301,8715
2026-07-30T00:00:00,21,726,6417,8905,23301,9631
2026-07-30T00:00:00,22,747,6417,9610,23301,10357
2026-07-30T00:00:00,23,775,6417,9964,23301,10739
2026-07-30T00:00:00,24,808,6417,10224,23301,11032
2026-07-30T00:00:00,25,847,6417,10414,23301,11261
2026-07-30T00:00:00,26,893,6417,10543,23301,11436
2026-07-30T00:00:00,27,903,6417,10545,23301,11448
2026-07-30T00:00:00,28,876,6417,10456,23301,11332
2026-07-30T00:00:00,29,855,6417,10301,23301,11156
2026-07-30T00:00:00,30,842,6417,10042,23301,10884
2026-07-30T00:00:00,31,834,6417,9666,23301,10500
2026-07-30T00:00:00,32,833,6417,9237,23301,10070
2026-07-30T00:00:00,33,838,6417,8477,23301,9315
2026-07-30T00:00:00,34,850,6417,7342,23301,8192
2026-07-30T00:00:00,35,869,6417,6369,23301,7238
2026-07-30T00:00:00,36,895,6417,5481,23301,6376
2026-07-30T00:00:00,37,930,6417,4179,23301,5109
2026-07-30T00:00:00,38,973,6417,3308,23301,4281
2026-07-30T00:00:00,39,969,6417,2697,23301,3666
2026-07-30T00:00:00,40,917,6417,1515,23301,2432
2026-07-30T00:00:00,41,876,6417,756,23301,1632
2026-07-30T00:00:00,42,843,6417,357,23301,1200
2026-07-30T00:00:00,43,819,6417,36,23301,855
2026-07-30T00:00:00,44,805,6417,0,23301,805
2026-07-30T00:00:00,45,799,6417,0,23301,799
2026-07-30T00:00:00,46,802,6417,0,23301,802
2026-07-30T00:00:00,47,814,6417,0,23301,814
2026-07-30T00:00:00,48,837,6417,0,23301,837
2026-07-31T00:00:00,1,870,6417,0,23301,870
2026-07-31T00:00:00,2,916,6417,0,23301,916
2026-07-31T00:00:00,3,922,6417,0,23301,922
2026-07-31T00:00:00,4,885,6417,0,23301,885
2026-07-31T00:00:00,5,855,6417,0,23301,855
2026-07-31T00:00:00,6,831,6417,0,23301,831
2026-07-31T00:00:00,7,814,6417,0,23301,814
2026-07-31T00:00:00,8,804,6417,0,23301,804
2026-07-31T00:00:00,9,799,6417,0,23301,799
2026-07-31T00:00:00,10,801,6417,0,23301,801
2026-07-31T00:00:00,11,809,6417,166,23301,975
2026-07-31T00:00:00,12,823,6417,580,23301,1403
2026-07-31T00:00:00,13,844,6417,1166,23301,2010
2026-07-31T00:00:00,14,870,6417,1982,23301,2852
2026-07-31T00:00:00,15,874,6417,2992,23301,3866
2026-07-31T00:00:00,16,856,6417,3705,23301,4561
2026-07-31T00:00:00,17,846,6417,4619,23301,5465
2026-07-31T00:00:00,18,842,6417,5687,23301,6529
2026-07-31T00:00:00,19,845,6417,6633,23301,7478
2026-07-31T00:00:00,20,854,6417,7661,23301,8515
2026-07-31T00:00:00,21,868,6417,8553,23301,9421
2026-07-31T00:00:00,22,889,6417,9245,23301,10134
2026-07-31T00:00:00,23,916,6417,9596,23301,10512
2026-07-31T00:00:00,24,948,6417,9852,23301,10800
2026-07-31T00:00:00,25,986,6417,10041,23301,11027
2026-07-31T00:00:00,26,1030,6417,10172,23301,11202
2026-07-31T00:00:00,27,1042,6417,10209,23301,11251
2026-07-31T00:00:00,28,1023,6417,10139,23301,11162
2026-07-31T00:00:00,29,1010,6417,10004,23301,11014
2026-07-31T00:00:00,30,1003,6417,9771,23301,10774
2026-07-31T00:00:00,31,1002,6417,9405,23301,10407
2026-07-31T00:00:00,32,1006,6417,8994,23301,10000
2026-07-31T00:00:00,33,1017,6417,8229,23301,9246
2026-07-31T00:00:00,34,1033,6417,7130,23301,8163
2026-07-31T00:00:00,35,1055,6417,6182,23301,7237
2026-07-31T00:00:00,36,1084,6417,5347,23301,6431
2026-07-31T00:00:00,37,1119,6417,4087,23301,5206
2026-07-31T00:00:00,38,1162,6417,3219,23301,4381
2026-07-31T00:00:00,39,1164,6417,2605,23301,3769
2026-07-31T00:00:00,40,1127,6417,1444,23301,2571
2026-07-31T00:00:00,41,1100,6417,697,23301,1797
2026-07-31T00:00:00,42,1083,6417,337,23301,1420
2026-07-31T00:00:00,43,1074,6417,33,23301,1107
2026-07-31T00:00:00,44,1075,6417,0,23301,1075
2026-07-31T00:00:00,45,1084,6417,0,23301,1084
2026-07-31T00:00:00,46,1102,6417,0,23301,1102
2026-07-31T00:00:00,47,1130,6417,0,23301,1130
2026-07-31T00:00:00,48,1167,6417,0,23301,1167
2026-08-01T00:00:00,1,1216,6417,0,23301,1216
2026-08-01T00:00:00,2,1275,6417,0,23301,1275
2026-08-01T00:00:00,3,1284,6417,0,23301,1284
2026-08-01T00:00:00,4,1238,6417,0,23301,1238
2026-08-01T00:00:00,5,1199,6417,0,23301,1199
2026-08-01T00:00:00,6,1167,6417,0,23301,1167
2026-08-01T00:00:00,7,1143,6417,0,23301,1143
2026-08-01T00:00:00,8,1125,6417,0,23301,1125
2026-08-01T00:00:00,9,1115,6417,0,23301,1115
2026-08-01T00:00:00,10,1112,6417,0,23301,1112
2026-08-01T00:00:00,11,1116,6417,152,23301,1268
2026-08-01T00:00:00,12,1128,6417,539,23301,1667
2026-08-01T00:00:00,13,1148,6417,1085,23301,2233
2026-08-01T00:00:00,14,1177,6417,1852,23301,3029
2026-08-01T00:00:00,15,1175,6417,2878,23301,4053
2026-08-01T00:00:00,16,1143,6417,3552,23301,4695
2026-08-01T00:00:00,17,1120,6417,4382,23301,5502
2026-08-01T00:00:00,18,1105,6417,5478,23301,6583
2026-08-01T00:00:00,19,1098,6417,6410,23301,7508
2026-08-01T00:00:00,20,1099,6417,7431,23301,8530
2026-08-01T00:00:00,21,1107,6417,8355,23301,9462
2026-08-01T00:00:00,22,1122,6417,9101,23301,10223
2026-08-01T00:00:00,23,1144,6417,9491,23301,10635
2026-08-01T00:00:00,24,1173,6417,9816,23301,10989
2026-08-01T00:00:00,25,1210,6417,10065,23301,11275
2026-08-01T00:00:00,26,1253,6417,10214,23301,11467
2026-08-01T00:00:00,27,1257,6417,10266,23301,11523
2026-08-01T00:00:00,28,1222,6417,10223,23301,11445
2026-08-01T00:00:00,29,1193,6417,10109,23301,11302
2026-08-01T00:00:00,30,1171,6417,9883,23301,11054
2026-08-01T00:00:00,31,1156,6417,9523,23301,10679
2026-08-01T00:00:00,32,1146,6417,9109,23301,10255
2026-08-01T00:00:00,33,1143,6417,8294,23301,9437
2026-08-01T00:00:00,34,1147,6417,7168,23301,8315
2026-08-01T00:00:00,35,1156,6417,6180,23301,7336
2026-08-01T00:00:00,36,1173,6417,5378,23301,6551
2026-08-01T00:00:00,37,1196,6417,4113,23301,5309
2026-08-01T00:00:00,38,1226,6417,3251,23301,4477
2026-08-01T00:00:00,39,1221,6417,2624,23301,3845
2026-08-01T00:00:00,40,1182,6417,1432,23301,2614
2026-08-01T00:00:00,41,1150,6417,693,23301,1843
2026-08-01T00:00:00,42,1127,6417,330,23301,1457
2026-08-01T00:00:00,43,1111,6417,16,23301,1127
2026-08-01T00:00:00,44,1102,6417,0,23301,1102
2026-08-01T00:00:00,45,1101,6417,0,23301,1101
2026-08-01T00:00:00,46,1108,6417,0,23301,1108
2026-08-01T00:00:00,47,1122,6417,0,23301,1122
2026-08-01T00:00:00,48,1145,6417,0,23301,1145
2026-08-02T00:00:00,1,1176,6417,0,23301,1176
2026-08-02T00:00:00,2,1216,6417,0,23301,1216
2026-08-02T00:00:00,3,1216,6417,0,23301,1216
2026-08-02T00:00:00,4,1173,6417,0,23301,1173
2026-08-02T00:00:00,5,1137,6417,0,23301,1137
2026-08-02T00:00:00,6,1107,6417,0,23301,1107
2026-08-02T00:00:00,7,1083,6417,0,23301,1083
2026-08-02T00:00:00,8,1067,6417,0,23301,1067
2026-08-02T00:00:00,9,1056,6417,0,23301,1056
2026-08-02T00:00:00,10,1052,6417,0,23301,1052
2026-08-02T00:00:00,11,1054,6417,143,23301,1197
2026-08-02T00:00:00,12,1063,6417,511,23301,1574
2026-08-02T00:00:00,13,1078,6417,992,23301,2070
2026-08-02T00:00:00,14,1099,6417,1753,23301,2852
2026-08-02T00:00:00,15,1096,6417,2764,23301,3860
2026-08-02T00:00:00,16,1069,6417,3391,23301,4460
2026-08-02T00:00:00,17,1050,6417,4192,23301,5242
2026-08-02T00:00:00,18,1038,6417,5264,23301,6302
2026-08-02T00:00:00,19,1033,6417,6187,23301,7220
2026-08-02T00:00:00,20,1036,6417,7222,23301,8258
2026-08-02T00:00:00,21,1045,6417,8121,23301,9166
2026-08-02T00:00:00,22,1062,6417,8869,23301,9931
2026-08-02T00:00:00,23,1086,6417,9246,23301,10332
2026-08-02T00:00:00,24,1117,6417,9564,23301,10681
2026-08-02T00:00:00,25,1156,6417,9806,23301,10962
2026-08-02T00:00:00,26,1201,6417,9965,23301,11166
2026-08-02T00:00:00,27,1205,6417,10036,23301,11241
2026-08-02T00:00:00,28,1168,6417,10006,23301,11174
2026-08-02T00:00:00,29,1138,6417,9916,23301,11054
2026-08-02T00:00:00,30,1116,6417,9724,23301,10840
2026-08-02T00:00:00,31,1101,6417,9389,23301,10490
2026-08-02T00:00:00,32,1094,6417,8998,23301,10092
2026-08-02T00:00:00,33,1093,6417,8190,23301,9283
2026-08-02T00:00:00,34,1101,6417,7080,23301,8181
2026-08-02T00:00:00,35,1116,6417,6113,23301,7229
2026-08-02T00:00:00,36,1140,6417,5295,23301,6435
2026-08-02T00:00:00,37,1173,6417,4049,23301,5222
2026-08-02T00:00:00,38,1214,6417,3204,23301,4418
2026-08-02T00:00:00,39,1209,6417,2579,23301,3788
2026-08-02T00:00:00,40,1157,6417,1406,23301,2563
2026-08-02T00:00:00,41,1114,6417,663,23301,1777
2026-08-02T00:00:00,42,1081,6417,318,23301,1399
2026-08-02T00:00:00,43,1056,6417,16,23301,1072
2026-08-02T00:00:00,44,1040,6417,0,23301,1040
2026-08-02T00:00:00,45,1032,6417,0,23301,1032
2026-08-02T00:00:00,46,1034,6417,0,23301,1034
2026-08-02T00:00:00,47,1044,6417,0,23301,1044
2026-08-02T00:00:00,48,1065,6417,0,23301,1065
2026-08-03T00:00:00,1,1096,6417,0,23301,1096
2026-08-03T00:00:00,2,1138,6417,0,23301,1138
2026-08-03T00:00:00,3,1138,6417,0,23301,1138
2026-08-03T00:00:00,4,1092,6417,0,23301,1092
2026-08-03T00:00:00,5,1052,6417,0,23301,1052
2026-08-03T00:00:00,6,1020,6417,0,23301,1020
2026-08-03T00:00:00,7,993,6417,0,23301,993
2026-08-03T00:00:00,8,973,6417,0,23301,973
2026-08-03T00:00:00,9,960,6417,0,23301,960
2026-08-03T00:00:00,10,952,6417,0,23301,952
2026-08-03T00:00:00,11,952,6417,103,23301,1055
2026-08-03T00:00:00,12,957,6417,505,23301,1462
2026-08-03T00:00:00,13,970,6417,966,23301,1936
2026-08-03T00:00:00,14,989,6417,1704,23301,2693
2026-08-03T00:00:00,15,983,6417,2754,23301,3737
2026-08-03T00:00:00,16,954,6417,3360,23301,4314
2026-08-03T00:00:00,17,933,6417,4165,23301,5098
2026-08-03T00:00:00,18,920,6417,5230,23301,6150
2026-08-03T00:00:00,19,914,6417,6124,23301,7038
2026-08-03T00:00:00,20,915,6417,7185,23301,8100
2026-08-03T00:00:00,21,923,6417,8100,23301,9023
2026-08-03T00:00:00,22,937,6417,8787,23301,9724
2026-08-03T00:00:00,23,958,6417,9164,23301,10122
2026-08-03T00:00:00,24,984,6417,9441,23301,10425
2026-08-03T00:00:00,25,1017,6417,9653,23301,10670
2026-08-03T00:00:00,26,1056,6417,9800,23301,10856
2026-08-03T00:00:00,27,1060,6417,9858,23301,10918
2026-08-03T00:00:00,28,1029,6417,9825,23301,10854
2026-08-03T00:00:00,29,1003,6417,9717,23301,10720
2026-08-03T00:00:00,30,983,6417,9520,23301,10503
2026-08-03T00:00:00,31,969,6417,9206,23301,10175
2026-08-03T00:00:00,32,961,6417,8827,23301,9788
2026-08-03T00:00:00,33,958,6417,7969,23301,8927
2026-08-03T00:00:00,34,961,6417,6923,23301,7884
2026-08-03T00:00:00,35,970,6417,5951,23301,6921
2026-08-03T00:00:00,36,986,6417,5104,23301,6090
2026-08-03T00:00:00,37,1008,6417,3913,23301,4921
2026-08-03T00:00:00,38,1037,6417,3114,23301,4151
2026-08-03T00:00:00,39,1036,6417,2510,23301,3546
2026-08-03T00:00:00,40,1005,6417,1334,23301,2339
2026-08-03T00:00:00,41,982,6417,632,23301,1614
2026-08-03T00:00:00,42,966,6417,300,23301,1266
2026-08-03T00:00:00,43,957,6417,15,23301,972
2026-08-03T00:00:00,44,955,6417,0,23301,955
2026-08-03T00:00:00,45,960,6417,0,23301,960
2026-08-03T00:00:00,46,973,6417,0,23301,973
2026-08-03T00:00:00,47,992,6417,0,23301,992
2026-08-03T00:00:00,48,1020,6417,0,23301,1020
2026-08-04T00:00:00,1,1055,6417,0,23301,1055
2026-08-04T00:00:00,2,1099,6417,0,23301,1099
2026-08-04T00:00:00,3,1108,6417,0,23301,1108
2026-08-04T00:00:00,4,1079,6417,0,23301,1079
2026-08-04T00:00:00,5,1055,6417,0,23301,1055
2026-08-04T00:00:00,6,1036,6417,0,23301,1036
2026-08-04T00:00:00,7,1021,6417,0,23301,1021
2026-08-04T00:00:00,8,1012,6417,0,23301,1012
2026-08-04T00:00:00,9,1007,6417,0,23301,1007
2026-08-04T00:00:00,10,1008,6417,0,23301,1008
2026-08-04T00:00:00,11,1013,6417,85,23301,1098
2026-08-04T00:00:00,12,1024,6417,488,23301,1512
2026-08-04T00:00:00,13,1039,6417,927,23301,1966
2026-08-04T00:00:00,14,1060,6417,1684,23301,2744
2026-08-04T00:00:00,15,1059,6417,2729,23301,3788
2026-08-04T00:00:00,16,1035,6417,3325,23301,4360
2026-08-04T00:00:00,17,1017,6417,4117,23301,5134
2026-08-04T00:00:00,18,1006,6417,5186,23301,6192
2026-08-04T00:00:00,19,1001,6417,6093,23301,7094
2026-08-04T00:00:00,20,1003,6417,7143,23301,8146
2026-08-04T00:00:00,21,1010,6417,8054,23301,9064
2026-08-04T00:00:00,22,1023,6417,8718,23301,9741
2026-08-04T00:00:00,23,1042,6417,9104,23301,10146
2026-08-04T00:00:00,24,1067,6417,9389,23301,10456
2026-08-04T00:00:00,25,1097,6417,9609,23301,10706
2026-08-04T00:00:00,26,1134,6417,9766,23301,10900
2026-08-04T00:00:00,27,1135,6417,9826,23301,10961
2026-08-04T00:00:00,28,1098,6417,9797,23301,10895
2026-08-04T00:00:00,29,1068,6417,9694,23301,10762
2026-08-04T00:00:00,30,1042,6417,9503,23301,10545
2026-08-04T00:00:00,31,1023,6417,9198,23301,10221
2026-08-04T00:00:00,32,1009,6417,8826,23301,9835
2026-08-04T00:00:00,33,1001,6417,7971,23301,8972
2026-08-04T00:00:00,34,999,6417,6893,23301,7892
2026-08-04T00:00:00,35,1004,6417,5927,23301,6931
2026-08-04T00:00:00,36,1015,6417,5040,23301,6055
2026-08-04T00:00:00,37,1033,6417,3858,23301,4891
2026-08-04T00:00:00,38,1059,6417,3111,23301,4170
2026-08-04T00:00:00,39,1050,6417,2434,23301,3484
2026-08-04T00:00:00,40,1007,6417,1325,23301,2332
2026-08-04T00:00:00,41,970,6417,627,23301,1597
2026-08-04T00:00:00,42,941,6417,296,23301,1237
2026-08-04T00:00:00,43,919,6417,7,23301,926
2026-08-04T00:00:00,44,903,6417,0,23301,903
2026-08-04T00:00:00,45,894,6417,0,23301,894
2026-08-04T00:00:00,46,892,6417,0,23301,892
2026-08-04T00:00:00,47,897,6417,0,23301,897
2026-08-04T00:00:00,48,908,6417,0,23301,908
2026-08-05T00:00:00,1,927,6417,0,23301,927
2026-08-05T00:00:00,2,954,6417,0,23301,954
2026-08-05T00:00:00,3,947,6417,0,23301,947
2026-08-05T00:00:00,4,905,6417,0,23301,905
2026-08-05T00:00:00,5,870,6417,0,23301,870
2026-08-05T00:00:00,6,842,6417,0,23301,842
2026-08-05T00:00:00,7,822,6417,0,23301,822
2026-08-05T00:00:00,8,808,6417,0,23301,808
2026-08-05T00:00:00,9,801,6417,0,23301,801
2026-08-05T00:00:00,10,799,6417,0,23301,799
2026-08-05T00:00:00,11,803,6417,84,23301,887
2026-08-05T00:00:00,12,812,6417,494,23301,1306
2026-08-05T00:00:00,13,829,6417,923,23301,1752
2026-08-05T00:00:00,14,851,6417,1683,23301,2534
2026-08-05T00:00:00,15,852,6417,2723,23301,3575
2026-08-05T00:00:00,16,832,6417,3336,23301,4168
2026-08-05T00:00:00,17,818,6417,4114,23301,4932
2026-08-05T00:00:00,18,810,6417,5211,23301,6021
2026-08-05T00:00:00,19,808,6417,6128,23301,6936
2026-08-05T00:00:00,20,813,6417,7171,23301,7984
2026-08-05T00:00:00,21,823,6417,8065,23301,8888
2026-08-05T00:00:00,22,839,6417,8677,23301,9516
2026-08-05T00:00:00,23,862,6417,9055,23301,9917
2026-08-05T00:00:00,24,890,6417,9307,23301,10197
2026-08-05T00:00:00,25,925,6417,9507,23301,10432
2026-08-05T00:00:00,26,967,6417,9632,23301,10599
2026-08-05T00:00:00,27,974,6417,9675,23301,10649
2026-08-05T00:00:00,28,946,6417,9627,23301,10573
2026-08-05T00:00:00,29,924,6417,9504,23301,10428
2026-08-05T00:00:00,30,908,6417,9279,23301,10187
2026-08-05T00:00:00,31,897,6417,8991,23301,9888
2026-08-05T00:00:00,32,892,6417,8591,23301,9483
2026-08-05T00:00:00,33,893,6417,7753,23301,8646
2026-08-05T00:00:00,34,900,6417,6659,23301,7559
2026-08-05T00:00:00,35,914,6417,5742,23301,6656
2026-08-05T00:00:00,36,934,6417,4794,23301,5728
2026-08-05T00:00:00,37,961,6417,3674,23301,4635
2026-08-05T00:00:00,38,995,6417,2969,23301,3964
2026-08-05T00:00:00,39,994,6417,2253,23301,3247
2026-08-05T00:00:00,40,957,6417,1197,23301,2154
2026-08-05T00:00:00,41,927,6417,549,23301,1476
2026-08-05T00:00:00,42,904,6417,250,23301,1154
2026-08-05T00:00:00,43,888,6417,7,23301,895
2026-08-05T00:00:00,44,879,6417,0,23301,879
2026-08-05T00:00:00,45,876,6417,0,23301,876
2026-08-05T00:00:00,46,881,6417,0,23301,881
2026-08-05T00:00:00,47,893,6417,0,23301,893
2026-08-05T00:00:00,48,913,6417,0,23301,913
2026-07-29T00:00:00,3,1318,6417,0,23301,1318
2026-07-29T00:00:00,4,1294,6417,0,23301,1294
2026-07-29T00:00:00,5,1253,6417,0,23301,1253
2026-07-29T00:00:00,6,1195,6417,0,23301,1195
2026-07-29T00:00:00,7,1137,6417,0,23301,1137
2026-07-29T00:00:00,8,1080,6417,0,23301,1080
2026-07-29T00:00:00,9,1033,6417,0,23301,1033
2026-07-29T00:00:00,10,992,6417,0,23301,992
2026-07-29T00:00:00,11,954,6417,81,23301,1035
2026-07-29T00:00:00,12,920,6417,224,23301,1144
2026-07-29T00:00:00,13,877,6417,540,23301,1417
2026-07-29T00:00:00,14,825,6417,1512,23301,2337
2026-07-29T00:00:00,15,793,6417,2547,23301,3340
2026-07-29T00:00:00,16,779,6417,3611,23301,4390
2026-07-29T00:00:00,17,783,6417,4688,23301,5471
2026-07-29T00:00:00,18,807,6417,5947,23301,6754
2026-07-29T00:00:00,19,833,6417,7361,23301,8194
2026-07-29T00:00:00,20,856,6417,8632,23301,9488
2026-07-29T00:00:00,21,877,6417,9754,23301,10631
2026-07-29T00:00:00,22,902,6417,10628,23301,11530
2026-07-29T00:00:00,23,929,6417,11346,23301,12275
2026-07-29T00:00:00,24,961,6417,11704,23301,12665
2026-07-29T00:00:00,25,1002,6417,11899,23301,12901
2026-07-29T00:00:00,26,1052,6417,11885,23301,12937
2026-07-29T00:00:00,27,1097,6417,11825,23301,12922
2026-07-29T00:00:00,28,1138,6417,11674,23301,12812
2026-07-29T00:00:00,29,1161,6417,11460,23301,12621
2026-07-29T00:00:00,30,1172,6417,11087,23301,12259
2026-07-29T00:00:00,31,1183,6417,10604,23301,11787
2026-07-29T00:00:00,32,1199,6417,9898,23301,11097
2026-07-29T00:00:00,33,1203,6417,9052,23301,10255
2026-07-29T00:00:00,34,1193,6417,8081,23301,9274
2026-07-29T00:00:00,35,1176,6417,7012,23301,8188
2026-07-29T00:00:00,36,1154,6417,5712,23301,6866
2026-07-29T00:00:00,37,1128,6417,4555,23301,5683
2026-07-29T00:00:00,38,1100,6417,3631,23301,4731
2026-07-29T00:00:00,39,1062,6417,2685,23301,3747
2026-07-29T00:00:00,40,1015,6417,1630,23301,2645
2026-07-29T00:00:00,41,980,6417,763,23301,1743
2026-07-29T00:00:00,42,955,6417,302,23301,1257
2026-07-29T00:00:00,43,938,6417,23,23301,961
2026-07-29T00:00:00,44,925,6417,4,23301,929
2026-07-29T00:00:00,45,909,6417,0,23301,909
2026-07-29T00:00:00,46,883,6417,0,23301,883
2026-07-29T00:00:00,47,858,6417,0,23301,858
2026-07-29T00:00:00,48,831,6417,0,23301,831
2026-07-30T00:00:00,1,809,6417,0,23301,809
2026-07-30T00:00:00,2,788,6417,0,23301,788
2026-07-30T00:00:00,3,774,6417,0,23301,774
2026-07-30T00:00:00,4,761,6417,0,23301,761
2026-07-30T00:00:00,5,750,6417,0,23301,750
2026-07-30T00:00:00,6,740,6417,0,23301,740
2026-07-30T00:00:00,7,731,6417,0,23301,731
2026-07-30T00:00:00,8,723,6417,0,23301,723
2026-07-30T00:00:00,9,716,6417,0,23301,716
2026-07-30T00:00:00,10,707,6417,0,23301,707
2026-07-30T00:00:00,11,702,6417,77,23301,779
2026-07-30T00:00:00,12,699,6417,203,23301,902
2026-07-30T00:00:00,13,681,6417,484,23301,1165
2026-07-30T00:00:00,14,650,6417,1340,23301,1990
2026-07-30T00:00:00,15,635,6417,2287,23301,2922
2026-07-30T00:00:00,16,637,6417,3250,23301,3887
2026-07-30T00:00:00,17,670,6417,4205,23301,4875
2026-07-30T00:00:00,18,739,6417,5238,23301,5977
2026-07-30T00:00:00,19,823,6417,6314,23301,7137
2026-07-30T00:00:00,20,924,6417,7234,23301,8158
2026-07-30T00:00:00,21,1031,6417,7940,23301,8971
2026-07-30T00:00:00,22,1145,6417,8557,23301,9702
2026-07-30T00:00:00,23,1266,6417,9013,23301,10279
2026-07-30T00:00:00,24,1400,6417,9378,23301,10778
2026-07-30T00:00:00,25,1527,6417,9669,23301,11196
2026-07-30T00:00:00,26,1652,6417,9860,23301,11512
2026-07-30T00:00:00,27,1766,6417,9992,23301,11758
2026-07-30T00:00:00,28,1874,6417,10012,23301,11886
2026-07-30T00:00:00,29,1963,6417,9978,23301,11941
2026-07-30T00:00:00,30,2036,6417,9849,23301,11885
2026-07-30T00:00:00,31,2082,6417,9596,23301,11678
2026-07-30T00:00:00,32,2103,6417,9093,23301,11196
2026-07-30T00:00:00,33,2104,6417,8408,23301,10512
2026-07-30T00:00:00,34,2087,6417,7574,23301,9661
2026-07-30T00:00:00,35,2042,6417,6640,23301,8682
2026-07-30T00:00:00,36,1968,6417,5476,23301,7444
2026-07-30T00:00:00,37,1880,6417,4409,23301,6289
2026-07-30T00:00:00,38,1783,6417,3540,23301,5323
2026-07-30T00:00:00,39,1659,6417,2694,23301,4353
2026-07-30T00:00:00,40,1512,6417,1661,23301,3173
2026-07-30T00:00:00,41,1399,6417,836,23301,2235
2026-07-30T00:00:00,42,1313,6417,321,23301,1634
2026-07-30T00:00:00,43,1259,6417,21,23301,1280
2026-07-30T00:00:00,44,1233,6417,4,23301,1237
2026-07-30T00:00:00,45,1203,6417,0,23301,1203
2026-07-30T00:00:00,46,1166,6417,0,23301,1166
2026-07-30T00:00:00,47,1129,6417,0,23301,1129
2026-07-30T00:00:00,48,1090,6417,0,23301,1090
2026-07-31T00:00:00,1,1052,6417,0,23301,1052
2026-07-31T00:00:00,2,1013,6417,0,23301,1013
2026-07-31T00:00:00,3,978,6417,0,23301,978
2026-07-31T00:00:00,4,942,6417,0,23301,942
2026-07-31T00:00:00,5,909,6417,0,23301,909
2026-07-31T00:00:00,6,877,6417,0,23301,877
2026-07-31T00:00:00,7,848,6417,0,23301,848
2026-07-31T00:00:00,8,819,6417,0,23301,819
2026-07-31T00:00:00,9,791,6417,0,23301,791
2026-07-31T00:00:00,10,764,6417,0,23301,764
2026-07-31T00:00:00,11,738,6417,69,23301,807
2026-07-31T00:00:00,12,713,6417,216,23301,929
2026-07-31T00:00:00,13,672,6417,532,23301,1204
2026-07-31T00:00:00,14,617,6417,1578,23301,2195
2026-07-31T00:00:00,15,554,6417,2720,23301,3274
2026-07-31T00:00:00,16,490,6417,3924,23301,4414
2026-07-31T00:00:00,17,468,6417,5047,23301,5515
2026-07-31T00:00:00,18,483,6417,6366,23301,6849
2026-07-31T00:00:00,19,503,6417,7843,23301,8346
2026-07-31T00:00:00,20,527,6417,8941,23301,9468
2026-07-31T00:00:00,21,555,6417,9734,23301,10289
2026-07-31T00:00:00,22,587,6417,10318,23301,10905
2026-07-31T00:00:00,23,625,6417,10725,23301,11350
2026-07-31T00:00:00,24,667,6417,10895,23301,11562
2026-07-31T00:00:00,25,708,6417,11014,23301,11722
2026-07-31T00:00:00,26,749,6417,11063,23301,11812
2026-07-31T00:00:00,27,790,6417,11056,23301,11846
2026-07-31T00:00:00,28,835,6417,10916,23301,11751
2026-07-31T00:00:00,29,872,6417,10714,23301,11586
2026-07-31T00:00:00,30,904,6417,10366,23301,11270
2026-07-31T00:00:00,31,932,6417,9919,23301,10851
2026-07-31T00:00:00,32,957,6417,9241,23301,10198
2026-07-31T00:00:00,33,972,6417,8408,23301,9380
2026-07-31T00:00:00,34,978,6417,7495,23301,8473
2026-07-31T00:00:00,35,976,6417,6468,23301,7444
2026-07-31T00:00:00,36,967,6417,5294,23301,6261
2026-07-31T00:00:00,37,948,6417,4252,23301,5200
2026-07-31T00:00:00,38,919,6417,3415,23301,4334
2026-07-31T00:00:00,39,884,6417,2583,23301,3467
2026-07-31T00:00:00,40,843,6417,1592,23301,2435
2026-07-31T00:00:00,41,826,6417,768,23301,1594
2026-07-31T00:00:00,42,831,6417,302,23301,1133
2026-07-31T00:00:00,43,843,6417,18,23301,861
2026-07-31T00:00:00,44,864,6417,2,23301,866
2026-07-31T00:00:00,45,879,6417,0,23301,879
2026-07-31T00:00:00,46,878,6417,0,23301,878
2026-07-31T00:00:00,47,870,6417,0,23301,870
2026-07-31T00:00:00,48,852,6417,0,23301,852
2026-08-01T00:00:00,1,835,6417,0,23301,835
2026-08-01T00:00:00,2,814,6417,0,23301,814
2026-08-01T00:00:00,3,801,6417,0,23301,801
2026-08-01T00:00:00,4,790,6417,0,23301,790
2026-08-01T00:00:00,5,785,6417,0,23301,785
2026-08-01T00:00:00,6,781,6417,0,23301,781
2026-08-01T00:00:00,7,780,6417,0,23301,780
2026-08-01T00:00:00,8,779,6417,0,23301,779
2026-08-01T00:00:00,9,778,6417,0,23301,778
2026-08-01T00:00:00,10,777,6417,0,23301,777
2026-08-01T00:00:00,11,778,6417,65,23301,843
2026-08-01T00:00:00,12,779,6417,195,23301,974
2026-08-01T00:00:00,13,763,6417,467,23301,1230
2026-08-01T00:00:00,14,731,6417,1428,23301,2159
2026-08-01T00:00:00,15,707,6417,2473,23301,3180
2026-08-01T00:00:00,16,692,6417,3636,23301,4328
2026-08-01T00:00:00,17,699,6417,4698,23301,5397
2026-08-01T00:00:00,18,725,6417,5952,23301,6677
2026-08-01T00:00:00,19,755,6417,7325,23301,8080
2026-08-01T00:00:00,20,789,6417,8435,23301,9224
2026-08-01T00:00:00,21,828,6417,9228,23301,10056
2026-08-01T00:00:00,22,874,6417,9704,23301,10578
2026-08-01T00:00:00,23,924,6417,10029,23301,10953
2026-08-01T00:00:00,24,982,6417,10181,23301,11163
2026-08-01T00:00:00,25,1043,6417,10275,23301,11318
2026-08-01T00:00:00,26,1111,6417,10320,23301,11431
2026-08-01T00:00:00,27,1157,6417,10341,23301,11498
2026-08-01T00:00:00,28,1182,6417,10313,23301,11495
2026-08-01T00:00:00,29,1209,6417,10236,23301,11445
2026-08-01T00:00:00,30,1237,6417,10016,23301,11253
2026-08-01T00:00:00,31,1268,6417,9684,23301,10952
2026-08-01T00:00:00,32,1299,6417,9110,23301,10409
2026-08-01T00:00:00,33,1295,6417,8346,23301,9641
2026-08-01T00:00:00,34,1253,6417,7439,23301,8692
2026-08-01T00:00:00,35,1213,6417,6439,23301,7652
2026-08-01T00:00:00,36,1176,6417,5290,23301,6466
2026-08-01T00:00:00,37,1141,6417,4202,23301,5343
2026-08-01T00:00:00,38,1109,6417,3351,23301,4460
2026-08-01T00:00:00,39,1058,6417,2499,23301,3557
2026-08-01T00:00:00,40,991,6417,1427,23301,2418
2026-08-01T00:00:00,41,952,6417,630,23301,1582
2026-08-01T00:00:00,42,941,6417,256,23301,1197
2026-08-01T00:00:00,43,942,6417,9,23301,951
2026-08-01T00:00:00,44,958,6417,1,23301,959
2026-08-01T00:00:00,45,949,6417,0,23301,949
2026-08-01T00:00:00,46,909,6417,0,23301,909
2026-08-01T00:00:00,47,876,6417,0,23301,876
2026-08-01T00:00:00,48,847,6417,0,23301,847
2026-08-02T00:00:00,1,828,6417,0,23301,828
2026-08-02T00:00:00,2,818,6417,0,23301,818
2026-08-02T00:00:00,3,798,6417,0,23301,798
2026-08-02T00:00:00,4,765,6417,0,23301,765
2026-08-02T00:00:00,5,739,6417,0,23301,739
2026-08-02T00:00:00,6,718,6417,0,23301,718
2026-08-02T00:00:00,7,703,6417,0,23301,703
2026-08-02T00:00:00,8,694,6417,0,23301,694
2026-08-02T00:00:00,9,674,6417,0,23301,674
2026-08-02T00:00:00,10,640,6417,0,23301,640
2026-08-02T00:00:00,11,613,6417,51,23301,664
2026-08-02T00:00:00,12,591,6417,154,23301,745
2026-08-02T00:00:00,13,571,6417,367,23301,938
2026-08-02T00:00:00,14,552,6417,1146,23301,1698
2026-08-02T00:00:00,15,522,6417,2261,23301,2783
2026-08-02T00:00:00,16,481,6417,3100,23301,3581
2026-08-02T00:00:00,17,455,6417,4061,23301,4516
2026-08-02T00:00:00,18,441,6417,5317,23301,5758
2026-08-02T00:00:00,19,432,6417,6606,23301,7038
2026-08-02T00:00:00,20,429,6417,7953,23301,8382
2026-08-02T00:00:00,21,424,6417,9084,23301,9508
2026-08-02T00:00:00,22,416,6417,10013,23301,10429
2026-08-02T00:00:00,23,415,6417,10615,23301,11030
2026-08-02T00:00:00,24,419,6417,11014,23301,11433
2026-08-02T00:00:00,25,429,6417,11253,23301,11682
2026-08-02T00:00:00,26,445,6417,11337,23301,11782
2026-08-02T00:00:00,27,452,6417,11299,23301,11751
2026-08-02T00:00:00,28,450,6417,11146,23301,11596
2026-08-02T00:00:00,29,455,6417,10925,23301,11380
2026-08-02T00:00:00,30,467,6417,10541,23301,11008
2026-08-02T00:00:00,31,486,6417,9940,23301,10426
2026-08-02T00:00:00,32,515,6417,9227,23301,9742
2026-08-02T00:00:00,33,520,6417,8073,23301,8593
2026-08-02T00:00:00,34,504,6417,6723,23301,7227
2026-08-02T00:00:00,35,499,6417,5582,23301,6081
2026-08-02T00:00:00,36,506,6417,4572,23301,5078
2026-08-02T00:00:00,37,527,6417,3296,23301,3823
2026-08-02T00:00:00,38,564,6417,2444,23301,3008
2026-08-02T00:00:00,39,577,6417,1739,23301,2316
2026-08-02T00:00:00,40,564,6417,667,23301,1231
2026-08-02T00:00:00,41,567,6417,194,23301,761
2026-08-02T00:00:00,42,585,6417,109,23301,694
2026-08-02T00:00:00,43,622,6417,6,23301,628
2026-08-02T00:00:00,44,680,6417,0,23301,680
2026-08-02T00:00:00,45,695,6417,0,23301,695
2026-08-02T00:00:00,46,662,6417,0,23301,662
2026-08-02T00:00:00,47,642,6417,0,23301,642
2026-08-02T00:00:00,48,636,6417,0,23301,636
2026-08-03T00:00:00,1,643,6417,0,23301,643
2026-08-03T00:00:00,2,664,6417,0,23301,664
2026-08-03T00:00:00,3,665,6417,0,23301,665
2026-08-03T00:00:00,4,640,6417,0,23301,640
2026-08-03T00:00:00,5,626,6417,0,23301,626
2026-08-03T00:00:00,6,621,6417,0,23301,621
2026-08-03T00:00:00,7,626,6417,0,23301,626
2026-08-03T00:00:00,8,641,6417,0,23301,641
2026-08-03T00:00:00,9,647,6417,0,23301,647
2026-08-03T00:00:00,10,642,6417,0,23301,642
2026-08-03T00:00:00,11,645,6417,30,23301,675
2026-08-03T00:00:00,12,656,6417,119,23301,775
2026-08-03T00:00:00,13,674,6417,240,23301,914
2026-08-03T00:00:00,14,700,6417,743,23301,1443
2026-08-03T00:00:00,15,703,6417,1772,23301,2475
2026-08-03T00:00:00,16,685,6417,2322,23301,3007
2026-08-03T00:00:00,17,677,6417,3124,23301,3801
2026-08-03T00:00:00,18,679,6417,4295,23301,4974
2026-08-03T00:00:00,19,689,6417,5426,23301,6115
2026-08-03T00:00:00,20,707,6417,6798,23301,7505
2026-08-03T00:00:00,21,718,6417,8007,23301,8725
2026-08-03T00:00:00,22,726,6417,9127,23301,9853
2026-08-03T00:00:00,23,746,6417,9713,23301,10459
2026-08-03T00:00:00,24,777,6417,10107,23301,10884
2026-08-03T00:00:00,25,821,6417,10260,23301,11081
2026-08-03T00:00:00,26,876,6417,10243,23301,11119
2026-08-03T00:00:00,27,898,6417,10057,23301,10955
2026-08-03T00:00:00,28,883,6417,9824,23301,10707
2026-08-03T00:00:00,29,877,6417,9540,23301,10417
2026-08-03T00:00:00,30,879,6417,9179,23301,10058
2026-08-03T00:00:00,31,891,6417,8701,23301,9592
2026-08-03T00:00:00,32,911,6417,8207,23301,9118
2026-08-03T00:00:00,33,940,6417,7220,23301,8160
2026-08-03T00:00:00,34,979,6417,6102,23301,7081
2026-08-03T00:00:00,35,1027,6417,5220,23301,6247
2026-08-03T00:00:00,36,1084,6417,4433,23301,5517
2026-08-03T00:00:00,37,1150,6417,3318,23301,4468
2026-08-03T00:00:00,38,1224,6417,2622,23301,3846
2026-08-03T00:00:00,39,1238,6417,2121,23301,3359
2026-08-03T00:00:00,40,1194,6417,1054,23301,2248
2026-08-03T00:00:00,41,1160,6417,461,23301,1621
2026-08-03T00:00:00,42,1135,6417,222,23301,1357
2026-08-03T00:00:00,43,1121,6417,12,23301,1133
2026-08-03T00:00:00,44,1115,6417,0,23301,1115
2026-08-03T00:00:00,45,1119,6417,0,23301,1119
2026-08-03T00:00:00,46,1132,6417,0,23301,1132
2026-08-03T00:00:00,47,1154,6417,0,23301,1154
2026-08-03T00:00:00,48,1187,6417,0,23301,1187
2026-08-04T00:00:00,1,1231,6417,0,23301,1231
2026-08-04T00:00:00,2,1285,6417,0,23301,1285
2026-08-04T00:00:00,3,1293,6417,0,23301,1293
2026-08-04T00:00:00,4,1252,6417,0,23301,1252
2026-08-04T00:00:00,5,1219,6417,0,23301,1219
2026-08-04T00:00:00,6,1195,6417,0,23301,1195
2026-08-04T00:00:00,7,1178,6417,0,23301,1178
2026-08-04T00:00:00,8,1169,6417,0,23301,1169
2026-08-04T00:00:00,9,1167,6417,0,23301,1167
2026-08-04T00:00:00,10,1174,6417,0,23301,1174
2026-08-04T00:00:00,11,1188,6417,63,23301,1251
2026-08-04T00:00:00,12,1210,6417,372,23301,1582
2026-08-04T00:00:00,13,1239,6417,749,23301,1988
2026-08-04T00:00:00,14,1277,6417,1427,23301,2704
2026-08-04T00:00:00,15,1285,6417,2452,23301,3737
2026-08-04T00:00:00,16,1264,6417,2992,23301,4256
2026-08-04T00:00:00,17,1250,6417,3718,23301,4968
2026-08-04T00:00:00,18,1245,6417,4718,23301,5963
2026-08-04T00:00:00,19,1248,6417,5595,23301,6843
2026-08-04T00:00:00,20,1258,6417,6603,23301,7861
2026-08-04T00:00:00,21,1275,6417,7408,23301,8683
2026-08-04T00:00:00,22,1300,6417,8162,23301,9462
2026-08-04T00:00:00,23,1332,6417,8520,23301,9852
2026-08-04T00:00:00,24,1371,6417,8812,23301,10183
2026-08-04T00:00:00,25,1415,6417,9046,23301,10461
2026-08-04T00:00:00,26,1465,6417,9212,23301,10677
2026-08-04T00:00:00,27,1474,6417,9295,23301,10769
2026-08-04T00:00:00,28,1444,6417,9294,23301,10738
2026-08-04T00:00:00,29,1423,6417,9225,23301,10648
2026-08-04T00:00:00,30,1410,6417,9063,23301,10473
2026-08-04T00:00:00,31,1406,6417,8789,23301,10195
2026-08-04T00:00:00,32,1409,6417,8426,23301,9835
2026-08-04T00:00:00,33,1421,6417,7594,23301,9015
2026-08-04T00:00:00,34,1441,6417,6582,23301,8023
2026-08-04T00:00:00,35,1470,6417,5737,23301,7207
2026-08-04T00:00:00,36,1506,6417,4866,23301,6372
2026-08-04T00:00:00,37,1550,6417,3740,23301,5290
2026-08-04T00:00:00,38,1599,6417,2994,23301,4593
2026-08-04T00:00:00,39,1593,6417,2357,23301,3950
2026-08-04T00:00:00,40,1532,6417,1258,23301,2790
2026-08-04T00:00:00,41,1478,6417,574,23301,2052
2026-08-04T00:00:00,42,1432,6417,273,23301,1705
2026-08-04T00:00:00,43,1394,6417,7,23301,1401
2026-08-04T00:00:00,44,1364,6417,0,23301,1364
2026-08-04T00:00:00,45,1342,6417,0,23301,1342
2026-08-04T00:00:00,46,1328,6417,0,23301,1328
2026-08-04T00:00:00,47,1323,6417,0,23301,1323
2026-08-04T00:00:00,48,1326,6417,0,23301,1326
2026-08-05T00:00:00,1,1338,6417,0,23301,1338
2026-08-05T00:00:00,2,1358,6417,0,23301,1358
2026-08-05T00:00:00,3,1343,6417,0,23301,1343
2026-08-05T00:00:00,4,1292,6417,0,23301,1292
2026-08-05T00:00:00,5,1246,6417,0,23301,1246
2026-08-05T00:00:00,6,1206,6417,0,23301,1206
2026-08-05T00:00:00,7,1171,6417,0,23301,1171
2026-08-05T00:00:00,8,1142,6417,0,23301,1142
2026-08-05T00:00:00,9,1118,6417,0,23301,1118
2026-08-05T00:00:00,10,1100,6417,0,23301,1100
2026-08-05T00:00:00,11,1087,6417,74,23301,1161
2026-08-05T00:00:00,12,1081,6417,481,23301,1562
2026-08-05T00:00:00,13,1079,6417,955,23301,2034
2026-08-05T00:00:00,14,1084,6417,1733,23301,2817
2026-08-05T00:00:00,15,1073,6417,2838,23301,3911
2026-08-05T00:00:00,16,1045,6417,3477,23301,4522
2026-08-05T00:00:00,17,1023,6417,4277,23301,5300
2026-08-05T00:00:00,18,1006,6417,5373,23301,6379
2026-08-05T00:00:00,19,995,6417,6320,23301,7315
2026-08-05T00:00:00,20,989,6417,7373,23301,8362
2026-08-05T00:00:00,21,987,6417,8195,23301,9182
2026-08-05T00:00:00,22,991,6417,8902,23301,9893
2026-08-05T00:00:00,23,1000,6417,9227,23301,10227
2026-08-05T00:00:00,24,1013,6417,9462,23301,10475
2026-08-05T00:00:00,25,1032,6417,9615,23301,10647
2026-08-05T00:00:00,26,1055,6417,9703,23301,10758
2026-08-05T00:00:00,27,1052,6417,9707,23301,10759
2026-08-05T00:00:00,28,1023,6417,9634,23301,10657
2026-08-05T00:00:00,29,999,6417,9510,23301,10509
2026-08-05T00:00:00,30,981,6417,9293,23301,10274
2026-08-05T00:00:00,31,968,6417,8994,23301,9962
2026-08-05T00:00:00,32,960,6417,8579,23301,9539
2026-08-05T00:00:00,33,958,6417,7747,23301,8705
2026-08-05T00:00:00,34,962,6417,6684,23301,7646
2026-08-05T00:00:00,35,971,6417,5782,23301,6753
2026-08-05T00:00:00,36,987,6417,4833,23301,5820
2026-08-05T00:00:00,37,1008,6417,3725,23301,4733
2026-08-05T00:00:00,38,1037,6417,3021,23301,4058
2026-08-05T00:00:00,39,1030,6417,2332,23301,3362
2026-08-05T00:00:00,40,988,6417,1257,23301,2245
2026-08-05T00:00:00,41,953,6417,587,23301,1540
2026-08-05T00:00:00,42,925,6417,277,23301,1202
2026-08-05T00:00:00,43,903,6417,8,23301,911
2026-08-05T00:00:00,44,888,6417,0,23301,888
2026-08-05T00:00:00,45,879,6417,0,23301,879
2026-08-05T00:00:00,46,876,6417,0,23301,876
2026-08-05T00:00:00,47,881,6417,0,23301,881
2026-08-05T00:00:00,48,892,6417,0,23301,892
2026-08-06T00:00:00,1,911,6417,0,23301,911
2026-08-06T00:00:00,2,938,6417,0,23301,938
2026-08-06T00:00:00,3,938,6417,0,23301,938
2026-08-06T00:00:00,4,911,6417,0,23301,911
2026-08-06T00:00:00,5,888,6417,0,23301,888
2026-08-06T00:00:00,6,870,6417,0,23301,870
2026-08-06T00:00:00,7,856,6417,0,23301,856
2026-08-06T00:00:00,8,847,6417,0,23301,847
2026-08-06T00:00:00,9,843,6417,0,23301,843
2026-08-06T00:00:00,10,843,6417,0,23301,843
2026-08-06T00:00:00,11,848,6417,51,23301,899
2026-08-06T00:00:00,12,858,6417,487,23301,1345
2026-08-06T00:00:00,13,872,6417,986,23301,1858
2026-08-06T00:00:00,14,892,6417,1738,23301,2630
2026-08-06T00:00:00,15,894,6417,2877,23301,3771
2026-08-06T00:00:00,16,880,6417,3538,23301,4418
2026-08-06T00:00:00,17,872,6417,4378,23301,5250
2026-08-06T00:00:00,18,869,6417,5481,23301,6350
2026-08-06T00:00:00,19,872,6417,6419,23301,7291
2026-08-06T00:00:00,20,880,6417,7479,23301,8359
2026-08-06T00:00:00,21,893,6417,8283,23301,9176
2026-08-06T00:00:00,22,910,6417,8955,23301,9865
2026-08-06T00:00:00,23,933,6417,9248,23301,10181
2026-08-06T00:00:00,24,959,6417,9468,23301,10427
2026-08-06T00:00:00,25,990,6417,9606,23301,10596
2026-08-06T00:00:00,26,1025,6417,9692,23301,10717
2026-08-06T00:00:00,27,1033,6417,9694,23301,10727
2026-08-06T00:00:00,28,1014,6417,9616,23301,10630
2026-08-06T00:00:00,29,1000,6417,9477,23301,10477
2026-08-06T00:00:00,30,991,6417,9260,23301,10251
2026-08-06T00:00:00,31,987,6417,8979,23301,9966
2026-08-06T00:00:00,32,988,6417,8556,23301,9544
2026-08-06T00:00:00,33,994,6417,7754,23301,8748
2026-08-06T00:00:00,34,1005,6417,6703,23301,7708
2026-08-06T00:00:00,35,1021,6417,5741,23301,6762
2026-08-06T00:00:00,36,1043,6417,4743,23301,5786
2026-08-06T00:00:00,37,1071,6417,3688,23301,4759
2026-08-06T00:00:00,38,1104,6417,3031,23301,4135
2026-08-06T00:00:00,39,1100,6417,2274,23301,3374
2026-08-06T00:00:00,40,1058,6417,1256,23301,2314
2026-08-06T00:00:00,41,1024,6417,595,23301,1619
2026-08-06T00:00:00,42,997,6417,264,23301,1261
2026-08-06T00:00:00,43,976,6417,6,23301,982
2026-08-06T00:00:00,44,961,6417,0,23301,961
2026-08-06T00:00:00,45,953,6417,0,23301,953
2026-08-06T00:00:00,46,951,6417,0,23301,951
2026-08-06T00:00:00,47,957,6417,0,23301,957
2026-08-06T00:00:00,48,970,6417,0,23301,970
2026-08-07T00:00:00,1,991,6417,0,23301,991
2026-08-07T00:00:00,2,1020,6417,0,23301,1020
2026-08-07T00:00:00,3,1020,6417,0,23301,1020
2026-08-07T00:00:00,4,989,6417,0,23301,989
2026-08-07T00:00:00,5,961,6417,0,23301,961
2026-08-07T00:00:00,6,939,6417,0,23301,939
2026-08-07T00:00:00,7,920,6417,0,23301,920
2026-08-07T00:00:00,8,906,6417,0,23301,906
2026-08-07T00:00:00,9,897,6417,0,23301,897
2026-08-07T00:00:00,10,892,6417,0,23301,892
2026-08-07T00:00:00,11,891,6417,27,23301,918
2026-08-07T00:00:00,12,895,6417,511,23301,1406
2026-08-07T00:00:00,13,903,6417,1023,23301,1926
2026-08-07T00:00:00,14,916,6417,1826,23301,2742
2026-08-07T00:00:00,15,907,6417,2980,23301,3887
2026-08-07T00:00:00,16,878,6417,3687,23301,4565
2026-08-07T00:00:00,17,855,6417,4541,23301,5396
2026-08-07T00:00:00,18,839,6417,5680,23301,6519
2026-08-07T00:00:00,19,827,6417,6639,23301,7466
2026-08-07T00:00:00,20,822,6417,7684,23301,8506
2026-08-07T00:00:00,21,821,6417,8544,23301,9365
2026-08-07T00:00:00,22,827,6417,9199,23301,10026
2026-08-07T00:00:00,23,837,6417,9481,23301,10318
2026-08-07T00:00:00,24,852,6417,9673,23301,10525
2026-08-07T00:00:00,25,871,6417,9787,23301,10658
2026-08-07T00:00:00,26,895,6417,9861,23301,10756
2026-08-07T00:00:00,27,894,6417,9852,23301,10746
2026-08-07T00:00:00,28,870,6417,9740,23301,10610
2026-08-07T00:00:00,29,851,6417,9577,23301,10428
2026-08-07T00:00:00,30,838,6417,9338,23301,10176
2026-08-07T00:00:00,31,831,6417,9046,23301,9877
2026-08-07T00:00:00,32,830,6417,8586,23301,9416
2026-08-07T00:00:00,33,835,6417,7773,23301,8608
2026-08-07T00:00:00,34,846,6417,6704,23301,7550
2026-08-07T00:00:00,35,864,6417,5725,23301,6589
2026-08-07T00:00:00,36,888,6417,4642,23301,5530
2026-08-07T00:00:00,37,917,6417,3660,23301,4577
2026-08-07T00:00:00,38,952,6417,3019,23301,3971
2026-08-07T00:00:00,39,950,6417,2226,23301,3176
2026-08-07T00:00:00,40,914,6417,1226,23301,2140
2026-08-07T00:00:00,41,885,6417,582,23301,1467
2026-08-07T00:00:00,42,862,6417,254,23301,1116
2026-08-07T00:00:00,43,847,6417,5,23301,852
2026-08-07T00:00:00,44,838,6417,0,23301,838
2026-08-07T00:00:00,45,837,6417,0,23301,837
2026-08-07T00:00:00,46,843,6417,0,23301,843
2026-08-07T00:00:00,47,857,6417,0,23301,857
2026-08-07T00:00:00,48,880,6417,0,23301,880
2026-08-08T00:00:00,1,910,6417,0,23301,910
2026-08-08T00:00:00,2,950,6417,0,23301,950
2026-08-08T00:00:00,3,953,6417,0,23301,953
2026-08-08T00:00:00,4,919,6417,0,23301,919
2026-08-08T00:00:00,5,890,6417,0,23301,890
2026-08-08T00:00:00,6,868,6417,0,23301,868
2026-08-08T00:00:00,7,853,6417,0,23301,853
2026-08-08T00:00:00,8,844,6417,0,23301,844
2026-08-08T00:00:00,9,841,6417,0,23301,841
2026-08-08T00:00:00,10,844,6417,0,23301,844
2026-08-08T00:00:00,11,853,6417,23,23301,876
2026-08-08T00:00:00,12,869,6417,516,23301,1385
2026-08-08T00:00:00,13,890,6417,1031,23301,1921
2026-08-08T00:00:00,14,918,6417,1809,23301,2727
2026-08-08T00:00:00,15,919,6417,2977,23301,3896
2026-08-08T00:00:00,16,895,6417,3704,23301,4599
2026-08-08T00:00:00,17,878,6417,4546,23301,5424
2026-08-08T00:00:00,18,867,6417,5703,23301,6570
2026-08-08T00:00:00,19,863,6417,6652,23301,7515
2026-08-08T00:00:00,20,866,6417,7691,23301,8557
2026-08-08T00:00:00,21,875,6417,8558,23301,9433
2026-08-08T00:00:00,22,891,6417,9262,23301,10153
2026-08-08T00:00:00,23,913,6417,9580,23301,10493
2026-08-08T00:00:00,24,941,6417,9797,23301,10738
2026-08-08T00:00:00,25,975,6417,9945,23301,10920
2026-08-08T00:00:00,26,1015,6417,10033,23301,11048
2026-08-08T00:00:00,27,1021,6417,10028,23301,11049
2026-08-08T00:00:00,28,993,6417,9919,23301,10912
2026-08-08T00:00:00,29,970,6417,9754,23301,10724
2026-08-08T00:00:00,30,954,6417,9499,23301,10453
2026-08-08T00:00:00,31,943,6417,9183,23301,10126
2026-08-08T00:00:00,32,938,6417,8688,23301,9626
2026-08-08T00:00:00,33,939,6417,7824,23301,8763
2026-08-08T00:00:00,34,946,6417,6719,23301,7665
2026-08-08T00:00:00,35,958,6417,5747,23301,6705
2026-08-08T00:00:00,36,976,6417,4604,23301,5580
2026-08-08T00:00:00,37,1000,6417,3661,23301,4661
2026-08-08T00:00:00,38,1030,6417,3041,23301,4071
2026-08-08T00:00:00,39,1030,6417,2182,23301,3212
2026-08-08T00:00:00,40,1002,6417,1222,23301,2224
2026-08-08T00:00:00,41,981,6417,574,23301,1555
2026-08-08T00:00:00,42,968,6417,246,23301,1214
2026-08-08T00:00:00,43,963,6417,5,23301,968
2026-08-08T00:00:00,44,965,6417,0,23301,965
2026-08-08T00:00:00,45,974,6417,0,23301,974
2026-08-08T00:00:00,46,991,6417,0,23301,991
2026-08-08T00:00:00,47,1015,6417,0,23301,1015
2026-08-08T00:00:00,48,1047,6417,0,23301,1047
2026-08-09T00:00:00,1,1088,6417,0,23301,1088
2026-08-09T00:00:00,2,1136,6417,0,23301,1136
2026-08-09T00:00:00,3,1146,6417,0,23301,1146
2026-08-09T00:00:00,4,1116,6417,0,23301,1116
2026-08-09T00:00:00,5,1092,6417,0,23301,1092
2026-08-09T00:00:00,6,1073,6417,0,23301,1073
2026-08-09T00:00:00,7,1060,6417,0,23301,1060
2026-08-09T00:00:00,8,1053,6417,0,23301,1053
2026-08-09T00:00:00,9,1051,6417,0,23301,1051
2026-08-09T00:00:00,10,1054,6417,0,23301,1054
2026-08-09T00:00:00,11,1062,6417,14,23301,1076
2026-08-09T00:00:00,12,1076,6417,465,23301,1541
2026-08-09T00:00:00,13,1096,6417,909,23301,2005
2026-08-09T00:00:00,14,1121,6417,1645,23301,2766
2026-08-09T00:00:00,15,1125,6417,2771,23301,3896
2026-08-09T00:00:00,16,1106,6417,3440,23301,4546
2026-08-09T00:00:00,17,1093,6417,4216,23301,5309
2026-08-09T00:00:00,18,1086,6417,5349,23301,6435
2026-08-09T00:00:00,19,1084,6417,6262,23301,7346
2026-08-09T00:00:00,20,1089,6417,7292,23301,8381
2026-08-09T00:00:00,21,1099,6417,8134,23301,9233
2026-08-09T00:00:00,22,1115,6417,8913,23301,10028
2026-08-09T00:00:00,23,1137,6417,9258,23301,10395
2026-08-09T00:00:00,24,1163,6417,9530,23301,10693
2026-08-09T00:00:00,25,1196,6417,9723,23301,10919
2026-08-09T00:00:00,26,1233,6417,9869,23301,11102
2026-08-09T00:00:00,27,1238,6417,9901,23301,11139
2026-08-09T00:00:00,28,1209,6417,9855,23301,11064
2026-08-09T00:00:00,29,1185,6417,9726,23301,10911
2026-08-09T00:00:00,30,1167,6417,9496,23301,10663
2026-08-09T00:00:00,31,1154,6417,9198,23301,10352
2026-08-09T00:00:00,32,1147,6417,8711,23301,9858
2026-08-09T00:00:00,33,1147,6417,7769,23301,8916
2026-08-09T00:00:00,34,1153,6417,6722,23301,7875
2026-08-09T00:00:00,35,1165,6417,5773,23301,6938
2026-08-09T00:00:00,36,1183,6417,4635,23301,5818
2026-08-09T00:00:00,37,1206,6417,3668,23301,4874
2026-08-09T00:00:00,38,1235,6417,3058,23301,4293
2026-08-09T00:00:00,39,1224,6417,2134,23301,3358
2026-08-09T00:00:00,40,1176,6417,1230,23301,2406
2026-08-09T00:00:00,41,1136,6417,571,23301,1707
2026-08-09T00:00:00,42,1106,6417,208,23301,1314
2026-08-09T00:00:00,43,1085,6417,1,23301,1086
2026-08-09T00:00:00,44,1073,6417,0,23301,1073
2026-08-09T00:00:00,45,1070,6417,0,23301,1070
2026-08-09T00:00:00,46,1075,6417,0,23301,1075
2026-08-09T00:00:00,47,1089,6417,0,23301,1089
2026-08-09T00:00:00,48,1111,6417,0,23301,1111
2026-08-10T00:00:00,1,1142,6417,0,23301,1142
2026-08-10T00:00:00,2,1181,6417,0,23301,1181
2026-08-10T00:00:00,3,1179,6417,0,23301,1179
2026-08-10T00:00:00,4,1133,6417,0,23301,1133
2026-08-10T00:00:00,5,1093,6417,0,23301,1093
2026-08-10T00:00:00,6,1058,6417,0,23301,1058
2026-08-10T00:00:00,7,1029,6417,0,23301,1029
2026-08-10T00:00:00,8,1006,6417,0,23301,1006
2026-08-10T00:00:00,9,989,6417,0,23301,989
2026-08-10T00:00:00,10,977,6417,0,23301,977
2026-08-10T00:00:00,11,971,6417,1,23301,972
2026-08-10T00:00:00,12,971,6417,476,23301,1447
2026-08-10T00:00:00,13,977,6417,916,23301,1893
2026-08-10T00:00:00,14,989,6417,1662,23301,2651
2026-08-10T00:00:00,15,982,6417,2789,23301,3771
2026-08-10T00:00:00,16,956,6417,3447,23301,4403
2026-08-10T00:00:00,17,938,6417,4209,23301,5147
2026-08-10T00:00:00,18,927,6417,5350,23301,6277
2026-08-10T00:00:00,19,923,6417,6288,23301,7211
2026-08-10T00:00:00,20,926,6417,7334,23301,8260
2026-08-10T00:00:00,21,936,6417,8206,23301,9142
2026-08-10T00:00:00,22,952,6417,8996,23301,9948
2026-08-10T00:00:00,23,975,6417,9361,23301,10336
2026-08-10T00:00:00,24,1004,6417,9631,23301,10635
2026-08-10T00:00:00,25,1037,6417,9820,23301,10857
2026-08-10T00:00:00,26,1076,6417,9957,23301,11033
2026-08-10T00:00:00,27,1079,6417,9990,23301,11069
2026-08-10T00:00:00,28,1048,6417,9932,23301,10980
2026-08-10T00:00:00,29,1023,6417,9803,23301,10826
2026-08-10T00:00:00,30,1006,6417,9558,23301,10564
2026-08-10T00:00:00,31,994,6417,9232,23301,10226
2026-08-10T00:00:00,32,989,6417,8720,23301,9709
2026-08-10T00:00:00,33,991,6417,7780,23301,8771
2026-08-10T00:00:00,34,998,6417,6723,23301,7721
2026-08-10T00:00:00,35,1012,6417,5772,23301,6784
2026-08-10T00:00:00,36,1032,6417,4575,23301,5607
2026-08-10T00:00:00,37,1060,6417,3656,23301,4716
2026-08-10T00:00:00,38,1095,6417,3048,23301,4143
2026-08-10T00:00:00,39,1096,6417,2099,23301,3195
2026-08-10T00:00:00,40,1063,6417,1204,23301,2267
2026-08-10T00:00:00,41,1037,6417,566,23301,1603
2026-08-10T00:00:00,42,1018,6417,203,23301,1221
2026-08-10T00:00:00,43,1005,6417,1,23301,1006
2026-08-10T00:00:00,44,999,6417,0,23301,999
2026-08-10T00:00:00,45,1000,6417,0,23301,1000
2026-08-10T00:00:00,46,1007,6417,0,23301,1007
2026-08-10T00:00:00,47,1020,6417,0,23301,1020
2026-08-10T00:00:00,48,1041,6417,0,23301,1041
2026-08-11T00:00:00,1,1070,6417,0,23301,1070
2026-08-11T00:00:00,2,1106,6417,0,23301,1106
2026-08-11T00:00:00,3,1113,6417,0,23301,1113
2026-08-11T00:00:00,4,1087,6417,0,23301,1087
2026-08-11T00:00:00,5,1066,6417,0,23301,1066
2026-08-11T00:00:00,6,1049,6417,0,23301,1049
2026-08-11T00:00:00,7,1037,6417,0,23301,1037
2026-08-11T00:00:00,8,1029,6417,0,23301,1029
2026-08-11T00:00:00,9,1025,6417,0,23301,1025
2026-08-11T00:00:00,10,1025,6417,0,23301,1025
2026-08-11T00:00:00,11,1029,6417,1,23301,1030
2026-08-11T00:00:00,12,1038,6417,450,23301,1488
2026-08-11T00:00:00,13,1050,6417,867,23301,1917
2026-08-11T00:00:00,14,1068,6417,1566,23301,2634
2026-08-11T00:00:00,15,1065,6417,2672,23301,3737
2026-08-11T00:00:00,16,1044,6417,3319,23301,4363
2026-08-11T00:00:00,17,1028,6417,4070,23301,5098
2026-08-11T00:00:00,18,1018,6417,5159,23301,6177
2026-08-11T00:00:00,19,1014,6417,6118,23301,7132
2026-08-11T00:00:00,20,1015,6417,7133,23301,8148
2026-08-11T00:00:00,21,1021,6417,8018,23301,9039
2026-08-11T00:00:00,22,1033,6417,8775,23301,9808
2026-08-11T00:00:00,23,1051,6417,9157,23301,10208
2026-08-11T00:00:00,24,1074,6417,9440,23301,10514
2026-08-11T00:00:00,25,1103,6417,9643,23301,10746
2026-08-11T00:00:00,26,1137,6417,9782,23301,10919
2026-08-11T00:00:00,27,1140,6417,9824,23301,10964
2026-08-11T00:00:00,28,1112,6417,9768,23301,10880
2026-08-11T00:00:00,29,1089,6417,9630,23301,10719
2026-08-11T00:00:00,30,1071,6417,9386,23301,10457
2026-08-11T00:00:00,31,1059,6417,9089,23301,10148
2026-08-11T00:00:00,32,1053,6417,8548,23301,9601
2026-08-11T00:00:00,33,1051,6417,7604,23301,8655
2026-08-11T00:00:00,34,1055,6417,6603,23301,7658
2026-08-11T00:00:00,35,1065,6417,5683,23301,6748
2026-08-11T00:00:00,36,1080,6417,4462,23301,5542
2026-08-11T00:00:00,37,1101,6417,3560,23301,4661
2026-08-11T00:00:00,38,1128,6417,2971,23301,4099
2026-08-11T00:00:00,39,1119,6417,2012,23301,3131
2026-08-11T00:00:00,40,1074,6417,1098,23301,2172
2026-08-11T00:00:00,41,1038,6417,505,23301,1543
2026-08-11T00:00:00,42,1010,6417,167,23301,1177
2026-08-11T00:00:00,43,990,6417,1,23301,991
2026-08-11T00:00:00,44,977,6417,0,23301,977
2026-08-11T00:00:00,45,972,6417,0,23301,972
2026-08-11T00:00:00,46,975,6417,0,23301,975
2026-08-11T00:00:00,47,985,6417,0,23301,985
2026-08-11T00:00:00,48,1004,6417,0,23301,1004
2026-08-02T00:00:00,1,1058,6417,0,23301,1058
2026-08-02T00:00:00,2,986,6417,0,23301,986
2026-08-02T00:00:00,3,913,6417,0,23301,913
2026-08-02T00:00:00,4,839,6417,0,23301,839
2026-08-02T00:00:00,5,781,6417,0,23301,781
2026-08-02T00:00:00,6,744,6417,0,23301,744
2026-08-02T00:00:00,7,719,6417,0,23301,719
2026-08-02T00:00:00,8,697,6417,0,23301,697
2026-08-02T00:00:00,9,672,6417,0,23301,672
2026-08-02T00:00:00,10,641,6417,0,23301,641
2026-08-02T00:00:00,11,615,6417,66,23301,681
2026-08-02T00:00:00,12,593,6417,198,23301,791
2026-08-02T00:00:00,13,559,6417,484,23301,1043
2026-08-02T00:00:00,14,517,6417,1497,23301,2014
2026-08-02T00:00:00,15,454,6417,2580,23301,3034
2026-08-02T00:00:00,16,378,6417,3802,23301,4180
2026-08-02T00:00:00,17,336,6417,4931,23301,5267
2026-08-02T00:00:00,18,317,6417,6268,23301,6585
2026-08-02T00:00:00,19,303,6417,7842,23301,8145
2026-08-02T00:00:00,20,293,6417,9212,23301,9505
2026-08-02T00:00:00,21,283,6417,10407,23301,10690
2026-08-02T00:00:00,22,273,6417,11261,23301,11534
2026-08-02T00:00:00,23,267,6417,11959,23301,12226
2026-08-02T00:00:00,24,265,6417,12226,23301,12491
2026-08-02T00:00:00,25,270,6417,12372,23301,12642
2026-08-02T00:00:00,26,282,6417,12369,23301,12651
2026-08-02T00:00:00,27,296,6417,12295,23301,12591
2026-08-02T00:00:00,28,312,6417,12099,23301,12411
2026-08-02T00:00:00,29,331,6417,11822,23301,12153
2026-08-02T00:00:00,30,355,6417,11321,23301,11676
2026-08-02T00:00:00,31,384,6417,10724,23301,11108
2026-08-02T00:00:00,32,417,6417,9917,23301,10334
2026-08-02T00:00:00,33,457,6417,8983,23301,9440
2026-08-02T00:00:00,34,501,6417,7830,23301,8331
2026-08-02T00:00:00,35,558,6417,6675,23301,7233
2026-08-02T00:00:00,36,635,6417,5375,23301,6010
2026-08-02T00:00:00,37,704,6417,4197,23301,4901
2026-08-02T00:00:00,38,763,6417,3256,23301,4019
2026-08-02T00:00:00,39,811,6417,2332,23301,3143
2026-08-02T00:00:00,40,834,6417,1377,23301,2211
2026-08-02T00:00:00,41,869,6417,569,23301,1438
2026-08-02T00:00:00,42,914,6417,241,23301,1155
2026-08-02T00:00:00,43,951,6417,8,23301,959
2026-08-02T00:00:00,44,977,6417,1,23301,978
2026-08-02T00:00:00,45,992,6417,0,23301,992
2026-08-02T00:00:00,46,990,6417,0,23301,990
2026-08-02T00:00:00,47,990,6417,0,23301,990
2026-08-02T00:00:00,48,988,6417,0,23301,988
2026-08-03T00:00:00,1,985,6417,0,23301,985
2026-08-03T00:00:00,2,980,6417,0,23301,980
2026-08-03T00:00:00,3,979,6417,0,23301,979
2026-08-03T00:00:00,4,981,6417,0,23301,981
2026-08-03T00:00:00,5,979,6417,0,23301,979
2026-08-03T00:00:00,6,968,6417,0,23301,968
2026-08-03T00:00:00,7,961,6417,0,23301,961
2026-08-03T00:00:00,8,957,6417,0,23301,957
2026-08-03T00:00:00,9,961,6417,0,23301,961
2026-08-03T00:00:00,10,971,6417,0,23301,971
2026-08-03T00:00:00,11,984,6417,48,23301,1032
2026-08-03T00:00:00,12,998,6417,170,23301,1168
2026-08-03T00:00:00,13,1001,6417,393,23301,1394
2026-08-03T00:00:00,14,990,6417,1312,23301,2302
2026-08-03T00:00:00,15,959,6417,2322,23301,3281
2026-08-03T00:00:00,16,912,6417,3433,23301,4345
2026-08-03T00:00:00,17,891,6417,4490,23301,5381
2026-08-03T00:00:00,18,891,6417,5776,23301,6667
2026-08-03T00:00:00,19,907,6417,7272,23301,8179
2026-08-03T00:00:00,20,938,6417,8664,23301,9602
2026-08-03T00:00:00,21,973,6417,9896,23301,10869
2026-08-03T00:00:00,22,1013,6417,10838,23301,11851
2026-08-03T00:00:00,23,1051,6417,11649,23301,12700
2026-08-03T00:00:00,24,1085,6417,12133,23301,13218
2026-08-03T00:00:00,25,1111,6417,12455,23301,13566
2026-08-03T00:00:00,26,1131,6417,12508,23301,13639
2026-08-03T00:00:00,27,1145,6417,12424,23301,13569
2026-08-03T00:00:00,28,1155,6417,12051,23301,13206
2026-08-03T00:00:00,29,1161,6417,11608,23301,12769
2026-08-03T00:00:00,30,1168,6417,11024,23301,12192
2026-08-03T00:00:00,31,1170,6417,10366,23301,11536
2026-08-03T00:00:00,32,1172,6417,9523,23301,10695
2026-08-03T00:00:00,33,1173,6417,8599,23301,9772
2026-08-03T00:00:00,34,1175,6417,7508,23301,8683
2026-08-03T00:00:00,35,1182,6417,6358,23301,7540
2026-08-03T00:00:00,36,1202,6417,5096,23301,6298
2026-08-03T00:00:00,37,1228,6417,3974,23301,5202
2026-08-03T00:00:00,38,1262,6417,3099,23301,4361
2026-08-03T00:00:00,39,1297,6417,2196,23301,3493
2026-08-03T00:00:00,40,1328,6417,1271,23301,2599
2026-08-03T00:00:00,41,1357,6417,515,23301,1872
2026-08-03T00:00:00,42,1380,6417,224,23301,1604
2026-08-03T00:00:00,43,1380,6417,7,23301,1387
2026-08-03T00:00:00,44,1359,6417,0,23301,1359
2026-08-03T00:00:00,45,1329,6417,0,23301,1329
2026-08-03T00:00:00,46,1292,6417,0,23301,1292
2026-08-03T00:00:00,47,1257,6417,0,23301,1257
2026-08-03T00:00:00,48,1222,6417,0,23301,1222
2026-08-04T00:00:00,1,1188,6417,0,23301,1188
2026-08-04T00:00:00,2,1157,6417,0,23301,1157
2026-08-04T00:00:00,3,1133,6417,0,23301,1133
2026-08-04T00:00:00,4,1113,6417,0,23301,1113
2026-08-04T00:00:00,5,1101,6417,0,23301,1101
2026-08-04T00:00:00,6,1096,6417,0,23301,1096
2026-08-04T00:00:00,7,1097,6417,0,23301,1097
2026-08-04T00:00:00,8,1103,6417,0,23301,1103
2026-08-04T00:00:00,9,1109,6417,0,23301,1109
2026-08-04T00:00:00,10,1114,6417,0,23301,1114
2026-08-04T00:00:00,11,1119,6417,40,23301,1159
2026-08-04T00:00:00,12,1125,6417,149,23301,1274
2026-08-04T00:00:00,13,1123,6417,315,23301,1438
2026-08-04T00:00:00,14,1115,6417,1004,23301,2119
2026-08-04T00:00:00,15,1099,6417,1852,23301,2951
2026-08-04T00:00:00,16,1075,6417,2646,23301,3721
2026-08-04T00:00:00,17,1058,6417,3419,23301,4477
2026-08-04T00:00:00,18,1046,6417,4390,23301,5436
2026-08-04T00:00:00,19,1042,6417,5445,23301,6487
2026-08-04T00:00:00,20,1045,6417,6454,23301,7499
2026-08-04T00:00:00,21,1058,6417,7292,23301,8350
2026-08-04T00:00:00,22,1079,6417,7835,23301,8914
2026-08-04T00:00:00,23,1106,6417,8215,23301,9321
2026-08-04T00:00:00,24,1143,6417,8425,23301,9568
2026-08-04T00:00:00,25,1182,6417,8561,23301,9743
2026-08-04T00:00:00,26,1226,6417,8576,23301,9802
2026-08-04T00:00:00,27,1273,6417,8551,23301,9824
2026-08-04T00:00:00,28,1322,6417,8474,23301,9796
2026-08-04T00:00:00,29,1368,6417,8352,23301,9720
2026-08-04T00:00:00,30,1415,6417,8146,23301,9561
2026-08-04T00:00:00,31,1455,6417,7849,23301,9304
2026-08-04T00:00:00,32,1491,6417,7389,23301,8880
2026-08-04T00:00:00,33,1518,6417,6776,23301,8294
2026-08-04T00:00:00,34,1536,6417,6032,23301,7568
2026-08-04T00:00:00,35,1544,6417,5209,23301,6753
2026-08-04T00:00:00,36,1543,6417,4216,23301,5759
2026-08-04T00:00:00,37,1527,6417,3313,23301,4840
2026-08-04T00:00:00,38,1493,6417,2600,23301,4093
2026-08-04T00:00:00,39,1445,6417,1861,23301,3306
2026-08-04T00:00:00,40,1385,6417,1081,23301,2466
2026-08-04T00:00:00,41,1347,6417,455,23301,1802
2026-08-04T00:00:00,42,1331,6417,203,23301,1534
2026-08-04T00:00:00,43,1328,6417,5,23301,1333
2026-08-04T00:00:00,44,1336,6417,0,23301,1336
2026-08-04T00:00:00,45,1344,6417,0,23301,1344
2026-08-04T00:00:00,46,1350,6417,0,23301,1350
2026-08-04T00:00:00,47,1358,6417,0,23301,1358
2026-08-04T00:00:00,48,1366,6417,0,23301,1366
2026-08-05T00:00:00,1,1375,6417,0,23301,1375
2026-08-05T00:00:00,2,1383,6417,0,23301,1383
2026-08-05T00:00:00,3,1393,6417,0,23301,1393
2026-08-05T00:00:00,4,1404,6417,0,23301,1404
2026-08-05T00:00:00,5,1419,6417,0,23301,1419
2026-08-05T00:00:00,6,1437,6417,0,23301,1437
2026-08-05T00:00:00,7,1454,6417,0,23301,1454
2026-08-05T00:00:00,8,1470,6417,0,23301,1470
2026-08-05T00:00:00,9,1488,6417,0,23301,1488
2026-08-05T00:00:00,10,1505,6417,0,23301,1505
2026-08-05T00:00:00,11,1523,6417,36,23301,1559
2026-08-05T00:00:00,12,1540,6417,130,23301,1670
2026-08-05T00:00:00,13,1539,6417,270,23301,1809
2026-08-05T00:00:00,14,1522,6417,898,23301,2420
2026-08-05T00:00:00,15,1535,6417,1738,23301,3273
2026-08-05T00:00:00,16,1571,6417,2475,23301,4046
2026-08-05T00:00:00,17,1614,6417,3216,23301,4830
2026-08-05T00:00:00,18,1663,6417,4117,23301,5780
2026-08-05T00:00:00,19,1720,6417,5070,23301,6790
2026-08-05T00:00:00,20,1783,6417,5980,23301,7763
2026-08-05T00:00:00,21,1846,6417,6751,23301,8597
2026-08-05T00:00:00,22,1909,6417,7432,23301,9341
2026-08-05T00:00:00,23,1978,6417,7939,23301,9917
2026-08-05T00:00:00,24,2055,6417,8317,23301,10372
2026-08-05T00:00:00,25,2140,6417,8637,23301,10777
2026-08-05T00:00:00,26,2236,6417,8898,23301,11134
2026-08-05T00:00:00,27,2301,6417,9068,23301,11369
2026-08-05T00:00:00,28,2338,6417,9149,23301,11487
2026-08-05T00:00:00,29,2382,6417,9129,23301,11511
2026-08-05T00:00:00,30,2433,6417,8948,23301,11381
2026-08-05T00:00:00,31,2491,6417,8643,23301,11134
2026-08-05T00:00:00,32,2555,6417,8119,23301,10674
2026-08-05T00:00:00,33,2557,6417,7419,23301,9976
2026-08-05T00:00:00,34,2503,6417,6549,23301,9052
2026-08-05T00:00:00,35,2462,6417,5614,23301,8076
2026-08-05T00:00:00,36,2432,6417,4603,23301,7035
2026-08-05T00:00:00,37,2414,6417,3656,23301,6070
2026-08-05T00:00:00,38,2409,6417,2893,23301,5302
2026-08-05T00:00:00,39,2355,6417,2028,23301,4383
2026-08-05T00:00:00,40,2249,6417,1139,23301,3388
2026-08-05T00:00:00,41,2165,6417,475,23301,2640
2026-08-05T00:00:00,42,2102,6417,194,23301,2296
2026-08-05T00:00:00,43,2057,6417,9,23301,2066
2026-08-05T00:00:00,44,2032,6417,2,23301,2034
2026-08-05T00:00:00,45,1989,6417,1,23301,1990
2026-08-05T00:00:00,46,1923,6417,0,23301,1923
2026-08-05T00:00:00,47,1871,6417,0,23301,1871
2026-08-05T00:00:00,48,1834,6417,12,23301,1846
2026-08-06T00:00:00,1,1812,6417,23,23301,1835
2026-08-06T00:00:00,2,1806,6417,32,23301,1838
2026-08-06T00:00:00,3,1776,6417,37,23301,1813
2026-08-06T00:00:00,4,1715,6417,34,23301,1749
2026-08-06T00:00:00,5,1668,6417,23,23301,1691
2026-08-06T00:00:00,6,1633,6417,2,23301,1635
2026-08-06T00:00:00,7,1612,6417,0,23301,1612
2026-08-06T00:00:00,8,1604,6417,1,23301,1605
2026-08-06T00:00:00,9,1567,6417,1,23301,1568
2026-08-06T00:00:00,10,1499,6417,2,23301,1501
2026-08-06T00:00:00,11,1440,6417,17,23301,1457
2026-08-06T00:00:00,12,1391,6417,191,23301,1582
2026-08-06T00:00:00,13,1349,6417,497,23301,1846
2026-08-06T00:00:00,14,1315,6417,1217,23301,2532
2026-08-06T00:00:00,15,1277,6417,2292,23301,3569
2026-08-06T00:00:00,16,1235,6417,3162,23301,4397
2026-08-06T00:00:00,17,1206,6417,4078,23301,5284
2026-08-06T00:00:00,18,1188,6417,5156,23301,6344
2026-08-06T00:00:00,19,1180,6417,6206,23301,7386
2026-08-06T00:00:00,20,1182,6417,7203,23301,8385
2026-08-06T00:00:00,21,1169,6417,8101,23301,9270
2026-08-06T00:00:00,22,1139,6417,8820,23301,9959
2026-08-06T00:00:00,23,1117,6417,9291,23301,10408
2026-08-06T00:00:00,24,1103,6417,9603,23301,10706
2026-08-06T00:00:00,25,1099,6417,9798,23301,10897
2026-08-06T00:00:00,26,1104,6417,9867,23301,10971
2026-08-06T00:00:00,27,1096,6417,9828,23301,10924
2026-08-06T00:00:00,28,1074,6417,9681,23301,10755
2026-08-06T00:00:00,29,1062,6417,9444,23301,10506
2026-08-06T00:00:00,30,1060,6417,9104,23301,10164
2026-08-06T00:00:00,31,1066,6417,8655,23301,9721
2026-08-06T00:00:00,32,1082,6417,8044,23301,9126
2026-08-06T00:00:00,33,1060,6417,7216,23301,8276
2026-08-06T00:00:00,34,1000,6417,6276,23301,7276
2026-08-06T00:00:00,35,951,6417,5351,23301,6302
2026-08-06T00:00:00,36,913,6417,4363,23301,5276
2026-08-06T00:00:00,37,885,6417,3386,23301,4271
2026-08-06T00:00:00,38,869,6417,2598,23301,3467
2026-08-06T00:00:00,39,836,6417,1730,23301,2566
2026-08-06T00:00:00,40,789,6417,864,23301,1653
2026-08-06T00:00:00,41,756,6417,380,23301,1136
2026-08-06T00:00:00,42,736,6417,142,23301,878
2026-08-06T00:00:00,43,729,6417,20,23301,749
2026-08-06T00:00:00,44,736,6417,6,23301,742
2026-08-06T00:00:00,45,722,6417,2,23301,724
2026-08-06T00:00:00,46,684,6417,0,23301,684
2026-08-06T00:00:00,47,658,6417,0,23301,658
2026-08-06T00:00:00,48,643,6417,19,23301,662
2026-08-07T00:00:00,1,639,6417,39,23301,678
2026-08-07T00:00:00,2,648,6417,55,23301,703
2026-08-07T00:00:00,3,646,6417,65,23301,711
2026-08-07T00:00:00,4,628,6417,62,23301,690
2026-08-07T00:00:00,5,616,6417,41,23301,657
2026-08-07T00:00:00,6,611,6417,4,23301,615
2026-08-07T00:00:00,7,614,6417,0,23301,614
2026-08-07T00:00:00,8,624,6417,1,23301,625
2026-08-07T00:00:00,9,621,6417,1,23301,622
2026-08-07T00:00:00,10,603,6417,2,23301,605
2026-08-07T00:00:00,11,590,6417,6,23301,596
2026-08-07T00:00:00,12,583,6417,211,23301,794
2026-08-07T00:00:00,13,580,6417,582,23301,1162
2026-08-07T00:00:00,14,583,6417,1295,23301,1878
2026-08-07T00:00:00,15,567,6417,2454,23301,3021
2026-08-07T00:00:00,16,537,6417,3315,23301,3852
2026-08-07T00:00:00,17,514,6417,4257,23301,4771
2026-08-07T00:00:00,18,500,6417,5413,23301,5913
2026-08-07T00:00:00,19,492,6417,6515,23301,7007
2026-08-07T00:00:00,20,491,6417,7605,23301,8096
2026-08-07T00:00:00,21,494,6417,8632,23301,9126
2026-08-07T00:00:00,22,499,6417,9427,23301,9926
2026-08-07T00:00:00,23,511,6417,9914,23301,10425
2026-08-07T00:00:00,24,528,6417,10170,23301,10698
2026-08-07T00:00:00,25,551,6417,10240,23301,10791
2026-08-07T00:00:00,26,582,6417,10131,23301,10713
2026-08-07T00:00:00,27,592,6417,9867,23301,10459
2026-08-07T00:00:00,28,580,6417,9531,23301,10111
2026-08-07T00:00:00,29,571,6417,9164,23301,9735
2026-08-07T00:00:00,30,566,6417,8757,23301,9323
2026-08-07T00:00:00,31,565,6417,8310,23301,8875
2026-08-07T00:00:00,32,567,6417,7756,23301,8323
2026-08-07T00:00:00,33,572,6417,7053,23301,7625
2026-08-07T00:00:00,34,581,6417,6261,23301,6842
2026-08-07T00:00:00,35,594,6417,5484,23301,6078
2026-08-07T00:00:00,36,612,6417,4617,23301,5229
2026-08-07T00:00:00,37,633,6417,3804,23301,4437
2026-08-07T00:00:00,38,660,6417,3174,23301,3834
2026-08-07T00:00:00,39,659,6417,2487,23301,3146
2026-08-07T00:00:00,40,631,6417,1670,23301,2301
2026-08-07T00:00:00,41,610,6417,1093,23301,1703
2026-08-07T00:00:00,42,596,6417,673,23301,1269
2026-08-07T00:00:00,43,588,6417,310,23301,898
2026-08-07T00:00:00,44,585,6417,91,23301,676
2026-08-07T00:00:00,45,589,6417,8,23301,597
2026-08-07T00:00:00,46,599,6417,1,23301,600
2026-08-07T00:00:00,47,615,6417,0,23301,615
2026-08-07T00:00:00,48,639,6417,0,23301,639
2026-08-08T00:00:00,1,670,6417,0,23301,670
2026-08-08T00:00:00,2,711,6417,0,23301,711
2026-08-08T00:00:00,3,718,6417,0,23301,718
2026-08-08T00:00:00,4,689,6417,0,23301,689
2026-08-08T00:00:00,5,664,6417,0,23301,664
2026-08-08T00:00:00,6,644,6417,0,23301,644
2026-08-08T00:00:00,7,628,6417,0,23301,628
2026-08-08T00:00:00,8,616,6417,0,23301,616
2026-08-08T00:00:00,9,608,6417,5,23301,613
2026-08-08T00:00:00,10,603,6417,203,23301,806
2026-08-08T00:00:00,11,603,6417,508,23301,1111
2026-08-08T00:00:00,12,606,6417,1083,23301,1689
2026-08-08T00:00:00,13,613,6417,1701,23301,2314
2026-08-08T00:00:00,14,624,6417,2518,23301,3142
2026-08-08T00:00:00,15,616,6417,3528,23301,4144
2026-08-08T00:00:00,16,590,6417,4308,23301,4898
2026-08-08T00:00:00,17,571,6417,5104,23301,5675
2026-08-08T00:00:00,18,557,6417,6020,23301,6577
2026-08-08T00:00:00,19,549,6417,6799,23301,7348
2026-08-08T00:00:00,20,545,6417,7530,23301,8075
2026-08-08T00:00:00,21,545,6417,8185,23301,8730
2026-08-08T00:00:00,22,550,6417,8676,23301,9226
2026-08-08T00:00:00,23,559,6417,8965,23301,9524
2026-08-08T00:00:00,24,573,6417,9137,23301,9710
2026-08-08T00:00:00,25,591,6417,9252,23301,9843
2026-08-08T00:00:00,26,614,6417,9282,23301,9896
2026-08-08T00:00:00,27,618,6417,9226,23301,9844
2026-08-08T00:00:00,28,605,6417,9090,23301,9695
2026-08-08T00:00:00,29,595,6417,8897,23301,9492
2026-08-08T00:00:00,30,590,6417,8635,23301,9225
2026-08-08T00:00:00,31,589,6417,8305,23301,8894
2026-08-08T00:00:00,32,592,6417,7839,23301,8431
2026-08-08T00:00:00,33,600,6417,7169,23301,7769
2026-08-08T00:00:00,34,611,6417,6443,23301,7054
2026-08-08T00:00:00,35,628,6417,5699,23301,6327
2026-08-08T00:00:00,36,650,6417,4825,23301,5475
2026-08-08T00:00:00,37,677,6417,4025,23301,4702
2026-08-08T00:00:00,38,711,6417,3365,23301,4076
2026-08-08T00:00:00,39,711,6417,2582,23301,3293
2026-08-08T00:00:00,40,679,6417,1768,23301,2447
2026-08-08T00:00:00,41,654,6417,1146,23301,1800
2026-08-08T00:00:00,42,635,6417,688,23301,1323
2026-08-08T00:00:00,43,622,6417,304,23301,926
2026-08-08T00:00:00,44,614,6417,71,23301,685
2026-08-08T00:00:00,45,612,6417,3,23301,615
2026-08-08T00:00:00,46,616,6417,0,23301,616
2026-08-08T00:00:00,47,626,6417,0,23301,626
2026-08-08T00:00:00,48,642,6417,0,23301,642
2026-08-09T00:00:00,1,666,6417,0,23301,666
2026-08-09T00:00:00,2,697,6417,0,23301,697
2026-08-09T00:00:00,3,701,6417,0,23301,701
2026-08-09T00:00:00,4,674,6417,0,23301,674
2026-08-09T00:00:00,5,652,6417,0,23301,652
2026-08-09T00:00:00,6,633,6417,0,23301,633
2026-08-09T00:00:00,7,619,6417,0,23301,619
2026-08-09T00:00:00,8,608,6417,0,23301,608
2026-08-09T00:00:00,9,601,6417,6,23301,607
2026-08-09T00:00:00,10,598,6417,210,23301,808
2026-08-09T00:00:00,11,599,6417,514,23301,1113
2026-08-09T00:00:00,12,603,6417,1101,23301,1704
2026-08-09T00:00:00,13,612,6417,1717,23301,2329
2026-08-09T00:00:00,14,625,6417,2530,23301,3155
2026-08-09T00:00:00,15,621,6417,3541,23301,4162
2026-08-09T00:00:00,16,600,6417,4313,23301,4913
2026-08-09T00:00:00,17,584,6417,5099,23301,5683
2026-08-09T00:00:00,18,573,6417,6027,23301,6600
2026-08-09T00:00:00,19,566,6417,6839,23301,7405
2026-08-09T00:00:00,20,563,6417,7588,23301,8151
2026-08-09T00:00:00,21,565,6417,8266,23301,8831
2026-08-09T00:00:00,22,570,6417,8799,23301,9369
2026-08-09T00:00:00,23,579,6417,9112,23301,9691
2026-08-09T00:00:00,24,593,6417,9325,23301,9918
2026-08-09T00:00:00,25,611,6417,9476,23301,10087
2026-08-09T00:00:00,26,633,6417,9546,23301,10179
2026-08-09T00:00:00,27,636,6417,9518,23301,10154
2026-08-09T00:00:00,28,621,6417,9408,23301,10029
2026-08-09T00:00:00,29,611,6417,9236,23301,9847
2026-08-09T00:00:00,30,605,6417,8977,23301,9582
2026-08-09T00:00:00,31,604,6417,8648,23301,9252
2026-08-09T00:00:00,32,607,6417,8176,23301,8783
2026-08-09T00:00:00,33,614,6417,7470,23301,8084
2026-08-09T00:00:00,34,625,6417,6731,23301,7356
2026-08-09T00:00:00,35,641,6417,5972,23301,6613
2026-08-09T00:00:00,36,661,6417,5072,23301,5733
2026-08-09T00:00:00,37,687,6417,4223,23301,4910
2026-08-09T00:00:00,38,717,6417,3522,23301,4239
2026-08-09T00:00:00,39,718,6417,2662,23301,3380
2026-08-09T00:00:00,40,692,6417,1846,23301,2538
2026-08-09T00:00:00,41,673,6417,1189,23301,1862
2026-08-09T00:00:00,42,661,6417,686,23301,1347
2026-08-09T00:00:00,43,655,6417,298,23301,953
2026-08-09T00:00:00,44,655,6417,57,23301,712
2026-08-09T00:00:00,45,662,6417,1,23301,663
2026-08-09T00:00:00,46,674,6417,0,23301,674
2026-08-09T00:00:00,47,693,6417,0,23301,693
2026-08-09T00:00:00,48,719,6417,0,23301,719
2026-08-10T00:00:00,1,753,6417,0,23301,753
2026-08-10T00:00:00,2,794,6417,0,23301,794
2026-08-10T00:00:00,3,804,6417,0,23301,804
2026-08-10T00:00:00,4,779,6417,0,23301,779
2026-08-10T00:00:00,5,760,6417,0,23301,760
2026-08-10T00:00:00,6,746,6417,0,23301,746
2026-08-10T00:00:00,7,736,6417,0,23301,736
2026-08-10T00:00:00,8,732,6417,0,23301,732
2026-08-10T00:00:00,9,731,6417,8,23301,739
2026-08-10T00:00:00,10,736,6417,212,23301,948
2026-08-10T00:00:00,11,744,6417,500,23301,1244
2026-08-10T00:00:00,12,756,6417,1070,23301,1826
2026-08-10T00:00:00,13,773,6417,1659,23301,2432
2026-08-10T00:00:00,14,794,6417,2436,23301,3230
2026-08-10T00:00:00,15,796,6417,3411,23301,4207
2026-08-10T00:00:00,16,778,6417,4161,23301,4939
2026-08-10T00:00:00,17,766,6417,4909,23301,5675
2026-08-10T00:00:00,18,760,6417,5801,23301,6561
2026-08-10T00:00:00,19,759,6417,6586,23301,7345
2026-08-10T00:00:00,20,763,6417,7309,23301,8072
2026-08-10T00:00:00,21,773,6417,7956,23301,8729
2026-08-10T00:00:00,22,787,6417,8481,23301,9268
2026-08-10T00:00:00,23,807,6417,8812,23301,9619
2026-08-10T00:00:00,24,833,6417,9029,23301,9862
2026-08-10T00:00:00,25,863,6417,9170,23301,10033
2026-08-10T00:00:00,26,899,6417,9225,23301,10124
2026-08-10T00:00:00,27,908,6417,9194,23301,10102
2026-08-10T00:00:00,28,889,6417,9091,23301,9980
2026-08-10T00:00:00,29,875,6417,8920,23301,9795
2026-08-10T00:00:00,30,866,6417,8670,23301,9536
2026-08-10T00:00:00,31,862,6417,8360,23301,9222
2026-08-10T00:00:00,32,863,6417,7878,23301,8741
2026-08-10T00:00:00,33,868,6417,7177,23301,8045
2026-08-10T00:00:00,34,879,6417,6456,23301,7335
2026-08-10T00:00:00,35,895,6417,5730,23301,6625
2026-08-10T00:00:00,36,916,6417,4843,23301,5759
2026-08-10T00:00:00,37,943,6417,4049,23301,4992
2026-08-10T00:00:00,38,976,6417,3385,23301,4361
2026-08-10T00:00:00,39,977,6417,2532,23301,3509
2026-08-10T00:00:00,40,948,6417,1757,23301,2705
2026-08-10T00:00:00,41,925,6417,1133,23301,2058
2026-08-10T00:00:00,42,909,6417,653,23301,1562
2026-08-10T00:00:00,43,900,6417,284,23301,1184
2026-08-10T00:00:00,44,897,6417,52,23301,949
2026-08-10T00:00:00,45,902,6417,2,23301,904
2026-08-10T00:00:00,46,913,6417,0,23301,913
2026-08-10T00:00:00,47,933,6417,0,23301,933
2026-08-10T00:00:00,48,960,6417,0,23301,960
2026-08-11T00:00:00,1,995,6417,0,23301,995
2026-08-11T00:00:00,2,1039,6417,0,23301,1039
2026-08-11T00:00:00,3,1046,6417,0,23301,1046
2026-08-11T00:00:00,4,1012,6417,0,23301,1012
2026-08-11T00:00:00,5,983,6417,0,23301,983
2026-08-11T00:00:00,6,960,6417,0,23301,960
2026-08-11T00:00:00,7,942,6417,0,23301,942
2026-08-11T00:00:00,8,929,6417,0,23301,929
2026-08-11T00:00:00,9,921,6417,6,23301,927
2026-08-11T00:00:00,10,918,6417,201,23301,1119
2026-08-11T00:00:00,11,919,6417,483,23301,1402
2026-08-11T00:00:00,12,925,6417,1032,23301,1957
2026-08-11T00:00:00,13,936,6417,1599,23301,2535
2026-08-11T00:00:00,14,952,6417,2348,23301,3300
2026-08-11T00:00:00,15,950,6417,3322,23301,4272
2026-08-11T00:00:00,16,930,6417,4054,23301,4984
2026-08-11T00:00:00,17,914,6417,4778,23301,5692
2026-08-11T00:00:00,18,904,6417,5665,23301,6569
2026-08-11T00:00:00,19,899,6417,6457,23301,7356
2026-08-11T00:00:00,20,898,6417,7181,23301,8079
2026-08-11T00:00:00,21,902,6417,7856,23301,8758
2026-08-11T00:00:00,22,912,6417,8403,23301,9315
2026-08-11T00:00:00,23,926,6417,8779,23301,9705
2026-08-11T00:00:00,24,945,6417,9035,23301,9980
2026-08-11T00:00:00,25,970,6417,9208,23301,10178
2026-08-11T00:00:00,26,1000,6417,9294,23301,10294
2026-08-11T00:00:00,27,1003,6417,9301,23301,10304
2026-08-11T00:00:00,28,980,6417,9225,23301,10205
2026-08-11T00:00:00,29,962,6417,9085,23301,10047
2026-08-11T00:00:00,30,950,6417,8846,23301,9796
2026-08-11T00:00:00,31,943,6417,8547,23301,9490
2026-08-11T00:00:00,32,942,6417,8046,23301,8988
2026-08-11T00:00:00,33,945,6417,7335,23301,8280
2026-08-11T00:00:00,34,954,6417,6614,23301,7568
2026-08-11T00:00:00,35,968,6417,5884,23301,6852
2026-08-11T00:00:00,36,988,6417,4975,23301,5963
2026-08-11T00:00:00,37,1014,6417,4155,23301,5169
2026-08-11T00:00:00,38,1046,6417,3480,23301,4526
2026-08-11T00:00:00,39,1044,6417,2581,23301,3625
2026-08-11T00:00:00,40,1011,6417,1787,23301,2798
2026-08-11T00:00:00,41,985,6417,1148,23301,2133
2026-08-11T00:00:00,42,967,6417,650,23301,1617
2026-08-11T00:00:00,43,957,6417,275,23301,1232
2026-08-11T00:00:00,44,953,6417,41,23301,994
2026-08-11T00:00:00,45,957,6417,1,23301,958
2026-08-11T00:00:00,46,968,6417,0,23301,968
2026-08-11T00:00:00,47,986,6417,0,23301,986
2026-08-11T00:00:00,48,1012,6417,0,23301,1012
2026-08-12T00:00:00,1,1045,6417,0,23301,1045
2026-08-12T00:00:00,2,1087,6417,0,23301,1087
2026-08-12T00:00:00,3,1089,6417,0,23301,1089
2026-08-12T00:00:00,4,1050,6417,0,23301,1050
2026-08-12T00:00:00,5,1017,6417,0,23301,1017
2026-08-12T00:00:00,6,989,6417,0,23301,989
2026-08-12T00:00:00,7,967,6417,0,23301,967
2026-08-12T00:00:00,8,950,6417,1,23301,951
2026-08-12T00:00:00,9,939,6417,8,23301,947
2026-08-12T00:00:00,10,934,6417,199,23301,1133
2026-08-12T00:00:00,11,934,6417,469,23301,1403
2026-08-12T00:00:00,12,939,6417,989,23301,1928
2026-08-12T00:00:00,13,951,6417,1527,23301,2478
2026-08-12T00:00:00,14,968,6417,2235,23301,3203
2026-08-12T00:00:00,15,966,6417,3176,23301,4142
2026-08-12T00:00:00,16,943,6417,3875,23301,4818
2026-08-12T00:00:00,17,926,6417,4566,23301,5492
2026-08-12T00:00:00,18,916,6417,5423,23301,6339
2026-08-12T00:00:00,19,911,6417,6193,23301,7104
2026-08-12T00:00:00,20,913,6417,6906,23301,7819
2026-08-12T00:00:00,21,919,6417,7586,23301,8505
2026-08-12T00:00:00,22,931,6417,8121,23301,9052
2026-08-12T00:00:00,23,948,6417,8507,23301,9455
2026-08-12T00:00:00,24,970,6417,8761,23301,9731
2026-08-12T00:00:00,25,998,6417,8955,23301,9953
2026-08-12T00:00:00,26,1031,6417,9061,23301,10092
2026-08-12T00:00:00,27,1031,6417,9089,23301,10120
2026-08-12T00:00:00,28,1000,6417,9032,23301,10032
2026-08-12T00:00:00,29,975,6417,8908,23301,9883
2026-08-12T00:00:00,30,956,6417,8690,23301,9646
2026-08-12T00:00:00,31,943,6417,8404,23301,9347
2026-08-12T00:00:00,32,936,6417,7910,23301,8846
2026-08-12T00:00:00,33,935,6417,7212,23301,8147
2026-08-12T00:00:00,34,940,6417,6497,23301,7437
2026-08-12T00:00:00,35,951,6417,5781,23301,6732
2026-08-12T00:00:00,36,969,6417,4835,23301,5804
2026-08-12T00:00:00,37,994,6417,4030,23301,5024
2026-08-12T00:00:00,38,1026,6417,3355,23301,4381
2026-08-12T00:00:00,39,1020,6417,2447,23301,3467
2026-08-12T00:00:00,40,976,6417,1644,23301,2620
2026-08-12T00:00:00,41,939,6417,1024,23301,1963
2026-08-12T00:00:00,42,910,6417,517,23301,1427
2026-08-12T00:00:00,43,888,6417,189,23301,1077
2026-08-12T00:00:00,44,873,6417,6,23301,879
2026-08-12T00:00:00,45,864,6417,0,23301,864
2026-08-12T00:00:00,46,861,6417,0,23301,861
2026-08-12T00:00:00,47,865,6417,0,23301,865
2026-08-12T00:00:00,48,875,6417,0,23301,875
2026-08-13T00:00:00,1,893,6417,0,23301,893
2026-08-13T00:00:00,2,918,6417,0,23301,918
2026-08-13T00:00:00,3,916,6417,0,23301,916
2026-08-13T00:00:00,4,883,6417,0,23301,883
2026-08-13T00:00:00,5,853,6417,0,23301,853
2026-08-13T00:00:00,6,829,6417,0,23301,829
2026-08-13T00:00:00,7,808,6417,0,23301,808
2026-08-13T00:00:00,8,791,6417,0,23301,791
2026-08-13T00:00:00,9,779,6417,9,23301,788
2026-08-13T00:00:00,10,770,6417,208,23301,978
2026-08-13T00:00:00,11,766,6417,480,23301,1246
2026-08-13T00:00:00,12,766,6417,998,23301,1764
2026-08-13T00:00:00,13,770,6417,1544,23301,2314
2026-08-13T00:00:00,14,778,6417,2263,23301,3041
2026-08-13T00:00:00,15,771,6417,3193,23301,3964
2026-08-13T00:00:00,16,750,6417,3890,23301,4640
2026-08-13T00:00:00,17,734,6417,4576,23301,5310
2026-08-13T00:00:00,18,724,6417,5408,23301,6132
2026-08-13T00:00:00,19,718,6417,6188,23301,6906
2026-08-13T00:00:00,20,717,6417,6898,23301,7615
2026-08-13T00:00:00,21,720,6417,7580,23301,8300
2026-08-13T00:00:00,22,728,6417,8060,23301,8788
2026-08-13T00:00:00,23,740,6417,8453,23301,9193
2026-08-13T00:00:00,24,756,6417,8686,23301,9442
2026-08-13T00:00:00,25,776,6417,8852,23301,9628
2026-08-13T00:00:00,26,801,6417,8941,23301,9742
2026-08-13T00:00:00,27,804,6417,8950,23301,9754
2026-08-13T00:00:00,28,786,6417,8876,23301,9662
2026-08-13T00:00:00,29,774,6417,8735,23301,9509
2026-08-13T00:00:00,30,766,6417,8517,23301,9283
2026-08-13T00:00:00,31,763,6417,8214,23301,8977
2026-08-13T00:00:00,32,765,6417,7740,23301,8505
2026-08-13T00:00:00,33,772,6417,7056,23301,7828
2026-08-13T00:00:00,34,784,6417,6355,23301,7139
2026-08-13T00:00:00,35,801,6417,5668,23301,6469
2026-08-13T00:00:00,36,824,6417,4747,23301,5571
2026-08-13T00:00:00,37,853,6417,3976,23301,4829
2026-08-13T00:00:00,38,889,6417,3333,23301,4222
2026-08-13T00:00:00,39,891,6417,2432,23301,3323
2026-08-13T00:00:00,40,860,6417,1671,23301,2531
2026-08-13T00:00:00,41,834,6417,1079,23301,1913
2026-08-13T00:00:00,42,815,6417,582,23301,1397
2026-08-13T00:00:00,43,802,6417,254,23301,1056
2026-08-13T00:00:00,44,794,6417,32,23301,826
2026-08-13T00:00:00,45,793,6417,1,23301,794
2026-08-13T00:00:00,46,798,6417,0,23301,798
2026-08-13T00:00:00,47,809,6417,0,23301,809
2026-08-13T00:00:00,48,828,6417,0,23301,828
2026-08-14T00:00:00,1,853,6417,0,23301,853
2026-08-14T00:00:00,2,886,6417,0,23301,886
2026-08-14T00:00:00,3,892,6417,0,23301,892
2026-08-14T00:00:00,4,870,6417,0,23301,870
2026-08-14T00:00:00,5,853,6417,0,23301,853
2026-08-14T00:00:00,6,841,6417,0,23301,841
2026-08-14T00:00:00,7,833,6417,0,23301,833
2026-08-14T00:00:00,8,830,6417,0,23301,830
2026-08-14T00:00:00,9,830,6417,7,23301,837
2026-08-14T00:00:00,10,835,6417,185,23301,1020
2026-08-14T00:00:00,11,845,6417,442,23301,1287
2026-08-14T00:00:00,12,858,6417,922,23301,1780
2026-08-14T00:00:00,13,876,6417,1436,23301,2312
2026-08-14T00:00:00,14,899,6417,2118,23301,3017
2026-08-14T00:00:00,15,902,6417,3002,23301,3904
2026-08-14T00:00:00,16,887,6417,3705,23301,4592
2026-08-14T00:00:00,17,876,6417,4369,23301,5245
2026-08-14T00:00:00,18,870,6417,5150,23301,6020
2026-08-14T00:00:00,19,869,6417,5950,23301,6819
2026-08-14T00:00:00,20,873,6417,6649,23301,7522
2026-08-14T00:00:00,21,881,6417,7332,23301,8213
2026-08-14T00:00:00,22,894,6417,7814,23301,8708
2026-08-14T00:00:00,23,911,6417,8220,23301,9131
2026-08-14T00:00:00,24,933,6417,8460,23301,9393
2026-08-14T00:00:00,25,960,6417,8648,23301,9608
2026-08-14T00:00:00,26,990,6417,8770,23301,9760
2026-08-14T00:00:00,27,998,6417,8813,23301,9811
2026-08-14T00:00:00,28,983,6417,8773,23301,9756
2026-08-14T00:00:00,29,972,6417,8664,23301,9636
2026-08-14T00:00:00,30,965,6417,8470,23301,9435
2026-08-14T00:00:00,31,962,6417,8203,23301,9165
2026-08-14T00:00:00,32,964,6417,7746,23301,8710
2026-08-14T00:00:00,33,971,6417,7077,23301,8048
2026-08-14T00:00:00,34,982,6417,6396,23301,7378
2026-08-14T00:00:00,35,998,6417,5713,23301,6711
2026-08-14T00:00:00,36,1019,6417,4773,23301,5792
2026-08-14T00:00:00,37,1044,6417,4006,23301,5050
2026-08-14T00:00:00,38,1074,6417,3360,23301,4434
2026-08-14T00:00:00,39,1071,6417,2427,23301,3498
2026-08-14T00:00:00,40,1034,6417,1673,23301,2707
2026-08-14T00:00:00,41,1004,6417,1086,23301,2090
2026-08-14T00:00:00,42,981,6417,560,23301,1541
2026-08-14T00:00:00,43,965,6417,250,23301,1215
2026-08-14T00:00:00,44,955,6417,28,23301,983
2026-08-14T00:00:00,45,952,6417,1,23301,953
2026-08-14T00:00:00,46,955,6417,0,23301,955
2026-08-14T00:00:00,47,965,6417,0,23301,965
2026-08-14T00:00:00,48,981,6417,0,23301,981
2026-08-05T00:00:00,43,3546,6417,4,23301,3550
2026-08-05T00:00:00,44,3539,6417,0,23301,3539
2026-08-05T00:00:00,45,3533,6417,0,23301,3533
2026-08-05T00:00:00,46,3529,6417,0,23301,3529
2026-08-05T00:00:00,47,3508,6417,0,23301,3508
2026-08-05T00:00:00,48,3474,6417,0,23301,3474
2026-08-06T00:00:00,1,3440,6417,0,23301,3440
2026-08-06T00:00:00,2,3400,6417,0,23301,3400
2026-08-06T00:00:00,3,3348,6417,0,23301,3348
2026-08-06T00:00:00,4,3282,6417,0,23301,3282
2026-08-06T00:00:00,5,3216,6417,0,23301,3216
2026-08-06T00:00:00,6,3150,6417,0,23301,3150
2026-08-06T00:00:00,7,3073,6417,0,23301,3073
2026-08-06T00:00:00,8,2985,6417,0,23301,2985
2026-08-06T00:00:00,9,2884,6417,0,23301,2884
2026-08-06T00:00:00,10,2773,6417,0,23301,2773
2026-08-06T00:00:00,11,2662,6417,28,23301,2690
2026-08-06T00:00:00,12,2548,6417,133,23301,2681
2026-08-06T00:00:00,13,2421,6417,290,23301,2711
2026-08-06T00:00:00,14,2280,6417,1046,23301,3326
2026-08-06T00:00:00,15,2190,6417,1991,23301,4181
2026-08-06T00:00:00,16,2155,6417,2901,23301,5056
2026-08-06T00:00:00,17,2117,6417,3757,23301,5874
2026-08-06T00:00:00,18,2072,6417,4636,23301,6708
2026-08-06T00:00:00,19,2005,6417,5609,23301,7614
2026-08-06T00:00:00,20,1919,6417,6339,23301,8258
2026-08-06T00:00:00,21,1835,6417,6901,23301,8736
2026-08-06T00:00:00,22,1752,6417,7376,23301,9128
2026-08-06T00:00:00,23,1676,6417,7722,23301,9398
2026-08-06T00:00:00,24,1608,6417,8009,23301,9617
2026-08-06T00:00:00,25,1543,6417,8243,23301,9786
2026-08-06T00:00:00,26,1484,6417,8404,23301,9888
2026-08-06T00:00:00,27,1429,6417,8507,23301,9936
2026-08-06T00:00:00,28,1383,6417,8456,23301,9839
2026-08-06T00:00:00,29,1335,6417,8358,23301,9693
2026-08-06T00:00:00,30,1290,6417,8147,23301,9437
2026-08-06T00:00:00,31,1238,6417,7867,23301,9105
2026-08-06T00:00:00,32,1183,6417,7380,23301,8563
2026-08-06T00:00:00,33,1124,6417,6761,23301,7885
2026-08-06T00:00:00,34,1063,6417,5926,23301,6989
2026-08-06T00:00:00,35,1001,6417,5040,23301,6041
2026-08-06T00:00:00,36,940,6417,4103,23301,5043
2026-08-06T00:00:00,37,874,6417,3363,23301,4237
2026-08-06T00:00:00,38,804,6417,2739,23301,3543
2026-08-06T00:00:00,39,732,6417,1993,23301,2725
2026-08-06T00:00:00,40,662,6417,1194,23301,1856
2026-08-06T00:00:00,41,628,6417,508,23301,1136
2026-08-06T00:00:00,42,628,6417,212,23301,840
2026-08-06T00:00:00,43,644,6417,4,23301,648
2026-08-06T00:00:00,44,677,6417,0,23301,677
2026-08-06T00:00:00,45,710,6417,0,23301,710
2026-08-06T00:00:00,46,738,6417,0,23301,738
2026-08-06T00:00:00,47,766,6417,0,23301,766
2026-08-06T00:00:00,48,787,6417,0,23301,787
2026-08-07T00:00:00,1,806,6417,0,23301,806
2026-08-07T00:00:00,2,817,6417,0,23301,817
2026-08-07T00:00:00,3,826,6417,0,23301,826
2026-08-07T00:00:00,4,832,6417,0,23301,832
2026-08-07T00:00:00,5,834,6417,0,23301,834
2026-08-07T00:00:00,6,831,6417,0,23301,831
2026-08-07T00:00:00,7,830,6417,0,23301,830
2026-08-07T00:00:00,8,829,6417,0,23301,829
2026-08-07T00:00:00,9,831,6417,0,23301,831
2026-08-07T00:00:00,10,833,6417,0,23301,833
2026-08-07T00:00:00,11,839,6417,23,23301,862
2026-08-07T00:00:00,12,848,6417,138,23301,986
2026-08-07T00:00:00,13,847,6417,313,23301,1160
2026-08-07T00:00:00,14,834,6417,1184,23301,2018
2026-08-07T00:00:00,15,811,6417,2241,23301,3052
2026-08-07T00:00:00,16,784,6417,3363,23301,4147
2026-08-07T00:00:00,17,809,6417,4453,23301,5262
2026-08-07T00:00:00,18,888,6417,5726,23301,6614
2026-08-07T00:00:00,19,976,6417,7084,23301,8060
2026-08-07T00:00:00,20,1068,6417,8183,23301,9251
2026-08-07T00:00:00,21,1160,6417,8908,23301,10068
2026-08-07T00:00:00,22,1246,6417,9170,23301,10416
2026-08-07T00:00:00,23,1330,6417,9316,23301,10646
2026-08-07T00:00:00,24,1408,6417,9425,23301,10833
2026-08-07T00:00:00,25,1477,6417,9530,23301,11007
2026-08-07T00:00:00,26,1537,6417,9657,23301,11194
2026-08-07T00:00:00,27,1588,6417,9770,23301,11358
2026-08-07T00:00:00,28,1631,6417,9815,23301,11446
2026-08-07T00:00:00,29,1667,6417,9802,23301,11469
2026-08-07T00:00:00,30,1696,6417,9585,23301,11281
2026-08-07T00:00:00,31,1712,6417,9289,23301,11001
2026-08-07T00:00:00,32,1715,6417,8714,23301,10429
2026-08-07T00:00:00,33,1710,6417,8017,23301,9727
2026-08-07T00:00:00,34,1695,6417,7045,23301,8740
2026-08-07T00:00:00,35,1658,6417,5980,23301,7638
2026-08-07T00:00:00,36,1600,6417,4829,23301,6429
2026-08-07T00:00:00,37,1519,6417,3914,23301,5433
2026-08-07T00:00:00,38,1421,6417,3090,23301,4511
2026-08-07T00:00:00,39,1337,6417,2155,23301,3492
2026-08-07T00:00:00,40,1276,6417,1275,23301,2551
2026-08-07T00:00:00,41,1257,6417,521,23301,1778
2026-08-07T00:00:00,42,1279,6417,217,23301,1496
2026-08-07T00:00:00,43,1311,6417,4,23301,1315
2026-08-07T00:00:00,44,1350,6417,0,23301,1350
2026-08-07T00:00:00,45,1380,6417,0,23301,1380
2026-08-07T00:00:00,46,1397,6417,0,23301,1397
2026-08-07T00:00:00,47,1410,6417,0,23301,1410
2026-08-07T00:00:00,48,1414,6417,0,23301,1414
2026-08-08T00:00:00,1,1419,6417,0,23301,1419
2026-08-08T00:00:00,2,1424,6417,0,23301,1424
2026-08-08T00:00:00,3,1428,6417,0,23301,1428
2026-08-08T00:00:00,4,1432,6417,0,23301,1432
2026-08-08T00:00:00,5,1439,6417,0,23301,1439
2026-08-08T00:00:00,6,1447,6417,0,23301,1447
2026-08-08T00:00:00,7,1460,6417,0,23301,1460
2026-08-08T00:00:00,8,1476,6417,0,23301,1476
2026-08-08T00:00:00,9,1497,6417,0,23301,1497
2026-08-08T00:00:00,10,1524,6417,0,23301,1524
2026-08-08T00:00:00,11,1557,6417,21,23301,1578
2026-08-08T00:00:00,12,1597,6417,131,23301,1728
2026-08-08T00:00:00,13,1633,6417,301,23301,1934
2026-08-08T00:00:00,14,1665,6417,1174,23301,2839
2026-08-08T00:00:00,15,1673,6417,2209,23301,3882
2026-08-08T00:00:00,16,1662,6417,3325,23301,4987
2026-08-08T00:00:00,17,1684,6417,4354,23301,6038
2026-08-08T00:00:00,18,1739,6417,5611,23301,7350
2026-08-08T00:00:00,19,1824,6417,6990,23301,8814
2026-08-08T00:00:00,20,1946,6417,8374,23301,10320
2026-08-08T00:00:00,21,2057,6417,9514,23301,11571
2026-08-08T00:00:00,22,2149,6417,10396,23301,12545
2026-08-08T00:00:00,23,2221,6417,11177,23301,13398
2026-08-08T00:00:00,24,2269,6417,11730,23301,13999
2026-08-08T00:00:00,25,2306,6417,12162,23301,14468
2026-08-08T00:00:00,26,2332,6417,12327,23301,14659
2026-08-08T00:00:00,27,2350,6417,12415,23301,14765
2026-08-08T00:00:00,28,2360,6417,12303,23301,14663
2026-08-08T00:00:00,29,2362,6417,12109,23301,14471
2026-08-08T00:00:00,30,2356,6417,11625,23301,13981
2026-08-08T00:00:00,31,2334,6417,11043,23301,13377
2026-08-08T00:00:00,32,2299,6417,10099,23301,12398
2026-08-08T00:00:00,33,2252,6417,9157,23301,11409
2026-08-08T00:00:00,34,2197,6417,7877,23301,10074
2026-08-08T00:00:00,35,2129,6417,6514,23301,8643
2026-08-08T00:00:00,36,2052,6417,5132,23301,7184
2026-08-08T00:00:00,37,1969,6417,4058,23301,6027
2026-08-08T00:00:00,38,1883,6417,3094,23301,4977
2026-08-08T00:00:00,39,1807,6417,2039,23301,3846
2026-08-08T00:00:00,40,1735,6417,1201,23301,2936
2026-08-08T00:00:00,41,1689,6417,437,23301,2126
2026-08-08T00:00:00,42,1672,6417,193,23301,1865
2026-08-08T00:00:00,43,1666,6417,3,23301,1669
2026-08-08T00:00:00,44,1668,6417,0,23301,1668
2026-08-08T00:00:00,45,1649,6417,0,23301,1649
2026-08-08T00:00:00,46,1606,6417,0,23301,1606
2026-08-08T00:00:00,47,1565,6417,0,23301,1565
2026-08-08T00:00:00,48,1529,6417,0,23301,1529
2026-08-09T00:00:00,1,1506,6417,1,23301,1507
2026-08-09T00:00:00,2,1498,6417,1,23301,1499
2026-08-09T00:00:00,3,1468,6417,1,23301,1469
2026-08-09T00:00:00,4,1414,6417,2,23301,1416
2026-08-09T00:00:00,5,1370,6417,2,23301,1372
2026-08-09T00:00:00,6,1336,6417,0,23301,1336
2026-08-09T00:00:00,7,1319,6417,0,23301,1319
2026-08-09T00:00:00,8,1320,6417,0,23301,1320
2026-08-09T00:00:00,9,1300,6417,0,23301,1300
2026-08-09T00:00:00,10,1254,6417,1,23301,1255
2026-08-09T00:00:00,11,1218,6417,13,23301,1231
2026-08-09T00:00:00,12,1191,6417,125,23301,1316
2026-08-09T00:00:00,13,1172,6417,295,23301,1467
2026-08-09T00:00:00,14,1161,6417,961,23301,2122
2026-08-09T00:00:00,15,1133,6417,1904,23301,3037
2026-08-09T00:00:00,16,1090,6417,2808,23301,3898
2026-08-09T00:00:00,17,1077,6417,3689,23301,4766
2026-08-09T00:00:00,18,1092,6417,4806,23301,5898
2026-08-09T00:00:00,19,1119,6417,5975,23301,7094
2026-08-09T00:00:00,20,1157,6417,7192,23301,8349
2026-08-09T00:00:00,21,1199,6417,8249,23301,9448
2026-08-09T00:00:00,22,1244,6417,9089,23301,10333
2026-08-09T00:00:00,23,1301,6417,9752,23301,11053
2026-08-09T00:00:00,24,1372,6417,10220,23301,11592
2026-08-09T00:00:00,25,1452,6417,10576,23301,12028
2026-08-09T00:00:00,26,1542,6417,10756,23301,12298
2026-08-09T00:00:00,27,1605,6417,10820,23301,12425
2026-08-09T00:00:00,28,1638,6417,10686,23301,12324
2026-08-09T00:00:00,29,1681,6417,10457,23301,12138
2026-08-09T00:00:00,30,1735,6417,10040,23301,11775
2026-08-09T00:00:00,31,1794,6417,9516,23301,11310
2026-08-09T00:00:00,32,1860,6417,8738,23301,10598
2026-08-09T00:00:00,33,1862,6417,7809,23301,9671
2026-08-09T00:00:00,34,1801,6417,6768,23301,8569
2026-08-09T00:00:00,35,1747,6417,5669,23301,7416
2026-08-09T00:00:00,36,1699,6417,4531,23301,6230
2026-08-09T00:00:00,37,1662,6417,3567,23301,5229
2026-08-09T00:00:00,38,1637,6417,2742,23301,4379
2026-08-09T00:00:00,39,1582,6417,1742,23301,3324
2026-08-09T00:00:00,40,1497,6417,941,23301,2438
2026-08-09T00:00:00,41,1443,6417,377,23301,1820
2026-08-09T00:00:00,42,1420,6417,132,23301,1552
2026-08-09T00:00:00,43,1414,6417,13,23301,1427
2026-08-09T00:00:00,44,1425,6417,6,23301,1431
2026-08-09T00:00:00,45,1416,6417,3,23301,1419
2026-08-09T00:00:00,46,1383,6417,1,23301,1384
2026-08-09T00:00:00,47,1366,6417,0,23301,1366
2026-08-09T00:00:00,48,1363,6417,18,23301,1381
2026-08-10T00:00:00,1,1372,6417,34,23301,1406
2026-08-10T00:00:00,2,1394,6417,47,23301,1441
2026-08-10T00:00:00,3,1398,6417,56,23301,1454
2026-08-10T00:00:00,4,1377,6417,52,23301,1429
2026-08-10T00:00:00,5,1365,6417,34,23301,1399
2026-08-10T00:00:00,6,1360,6417,3,23301,1363
2026-08-10T00:00:00,7,1363,6417,0,23301,1363
2026-08-10T00:00:00,8,1375,6417,1,23301,1376
2026-08-10T00:00:00,9,1362,6417,1,23301,1363
2026-08-10T00:00:00,10,1323,6417,1,23301,1324
2026-08-10T00:00:00,11,1292,6417,5,23301,1297
2026-08-10T00:00:00,12,1268,6417,181,23301,1449
2026-08-10T00:00:00,13,1247,6417,499,23301,1746
2026-08-10T00:00:00,14,1231,6417,1232,23301,2463
2026-08-10T00:00:00,15,1211,6417,2383,23301,3594
2026-08-10T00:00:00,16,1190,6417,3314,23301,4504
2026-08-10T00:00:00,17,1182,6417,4260,23301,5442
2026-08-10T00:00:00,18,1187,6417,5446,23301,6633
2026-08-10T00:00:00,19,1198,6417,6621,23301,7819
2026-08-10T00:00:00,20,1216,6417,7784,23301,9000
2026-08-10T00:00:00,21,1229,6417,8863,23301,10092
2026-08-10T00:00:00,22,1237,6417,9769,23301,11006
2026-08-10T00:00:00,23,1252,6417,10391,23301,11643
2026-08-10T00:00:00,24,1273,6417,10846,23301,12119
2026-08-10T00:00:00,25,1302,6417,11168,23301,12470
2026-08-10T00:00:00,26,1337,6417,11340,23301,12677
2026-08-10T00:00:00,27,1343,6417,11362,23301,12705
2026-08-10T00:00:00,28,1319,6417,11248,23301,12567
2026-08-10T00:00:00,29,1303,6417,11006,23301,12309
2026-08-10T00:00:00,30,1293,6417,10592,23301,11885
2026-08-10T00:00:00,31,1292,6417,10033,23301,11325
2026-08-10T00:00:00,32,1298,6417,9217,23301,10515
2026-08-10T00:00:00,33,1254,6417,8159,23301,9413
2026-08-10T00:00:00,34,1164,6417,7078,23301,8242
2026-08-10T00:00:00,35,1086,6417,5978,23301,7064
2026-08-10T00:00:00,36,1020,6417,4775,23301,5795
2026-08-10T00:00:00,37,968,6417,3687,23301,4655
2026-08-10T00:00:00,38,931,6417,2814,23301,3745
2026-08-10T00:00:00,39,878,6417,1661,23301,2539
2026-08-10T00:00:00,40,812,6417,813,23301,1625
2026-08-10T00:00:00,41,764,6417,319,23301,1083
2026-08-10T00:00:00,42,734,6417,81,23301,815
2026-08-10T00:00:00,43,721,6417,9,23301,730
2026-08-10T00:00:00,44,730,6417,7,23301,737
2026-08-10T00:00:00,45,710,6417,19,23301,729
2026-08-10T00:00:00,46,656,6417,70,23301,726
2026-08-10T00:00:00,47,617,6417,83,23301,700
2026-08-10T00:00:00,48,592,6417,48,23301,640
2026-08-11T00:00:00,1,582,6417,1,23301,583
2026-08-11T00:00:00,2,588,6417,0,23301,588
2026-08-11T00:00:00,3,581,6417,0,23301,581
2026-08-11T00:00:00,4,556,6417,0,23301,556
2026-08-11T00:00:00,5,536,6417,0,23301,536
2026-08-11T00:00:00,6,523,6417,0,23301,523
2026-08-11T00:00:00,7,515,6417,0,23301,515
2026-08-11T00:00:00,8,513,6417,0,23301,513
2026-08-11T00:00:00,9,517,6417,0,23301,517
2026-08-11T00:00:00,10,526,6417,53,23301,579
2026-08-11T00:00:00,11,541,6417,347,23301,888
2026-08-11T00:00:00,12,563,6417,883,23301,1446
2026-08-11T00:00:00,13,591,6417,1505,23301,2096
2026-08-11T00:00:00,14,626,6417,2440,23301,3066
2026-08-11T00:00:00,15,637,6417,3533,23301,4170
2026-08-11T00:00:00,16,624,6417,4423,23301,5047
2026-08-11T00:00:00,17,617,6417,5322,23301,5939
2026-08-11T00:00:00,18,615,6417,6367,23301,6982
2026-08-11T00:00:00,19,620,6417,7331,23301,7951
2026-08-11T00:00:00,20,630,6417,8197,23301,8827
2026-08-11T00:00:00,21,645,6417,9009,23301,9654
2026-08-11T00:00:00,22,666,6417,9736,23301,10402
2026-08-11T00:00:00,23,693,6417,10185,23301,10878
2026-08-11T00:00:00,24,726,6417,10495,23301,11221
2026-08-11T00:00:00,25,765,6417,10736,23301,11501
2026-08-11T00:00:00,26,811,6417,10897,23301,11708
2026-08-11T00:00:00,27,826,6417,10972,23301,11798
2026-08-11T00:00:00,28,811,6417,10934,23301,11745
2026-08-11T00:00:00,29,803,6417,10810,23301,11613
2026-08-11T00:00:00,30,801,6417,10560,23301,11361
2026-08-11T00:00:00,31,804,6417,10252,23301,11056
2026-08-11T00:00:00,32,814,6417,9670,23301,10484
2026-08-11T00:00:00,33,830,6417,8855,23301,9685
2026-08-11T00:00:00,34,852,6417,8069,23301,8921
2026-08-11T00:00:00,35,880,6417,7238,23301,8118
2026-08-11T00:00:00,36,915,6417,6139,23301,7054
2026-08-11T00:00:00,37,958,6417,5154,23301,6112
2026-08-11T00:00:00,38,1007,6417,4275,23301,5282
2026-08-11T00:00:00,39,1032,6417,3222,23301,4254
2026-08-11T00:00:00,40,1032,6417,2274,23301,3306
2026-08-11T00:00:00,41,1040,6417,1432,23301,2472
2026-08-11T00:00:00,42,1057,6417,801,23301,1858
2026-08-11T00:00:00,43,1082,6417,327,23301,1409
2026-08-11T00:00:00,44,1116,6417,27,23301,1143
2026-08-11T00:00:00,45,1159,6417,0,23301,1159
2026-08-11T00:00:00,46,1211,6417,0,23301,1211
2026-08-11T00:00:00,47,1273,6417,0,23301,1273
2026-08-11T00:00:00,48,1344,6417,0,23301,1344
2026-08-12T00:00:00,1,1425,6417,0,23301,1425
2026-08-12T00:00:00,2,1515,6417,0,23301,1515
2026-08-12T00:00:00,3,1540,6417,0,23301,1540
2026-08-12T00:00:00,4,1497,6417,0,23301,1497
2026-08-12T00:00:00,5,1461,6417,0,23301,1461
2026-08-12T00:00:00,6,1431,6417,0,23301,1431
2026-08-12T00:00:00,7,1408,6417,0,23301,1408
2026-08-12T00:00:00,8,1392,6417,0,23301,1392
2026-08-12T00:00:00,9,1382,6417,4,23301,1386
2026-08-12T00:00:00,10,1379,6417,244,23301,1623
2026-08-12T00:00:00,11,1381,6417,559,23301,1940
2026-08-12T00:00:00,12,1391,6417,1190,23301,2581
2026-08-12T00:00:00,13,1406,6417,1837,23301,3243
2026-08-12T00:00:00,14,1427,6417,2651,23301,4078
2026-08-12T00:00:00,15,1420,6417,3652,23301,5072
2026-08-12T00:00:00,16,1387,6417,4487,23301,5874
2026-08-12T00:00:00,17,1364,6417,5275,23301,6639
2026-08-12T00:00:00,18,1351,6417,6227,23301,7578
2026-08-12T00:00:00,19,1347,6417,7132,23301,8479
2026-08-12T00:00:00,20,1353,6417,7946,23301,9299
2026-08-12T00:00:00,21,1369,6417,8722,23301,10091
2026-08-12T00:00:00,22,1393,6417,9453,23301,10846
2026-08-12T00:00:00,23,1427,6417,9910,23301,11337
2026-08-12T00:00:00,24,1470,6417,10200,23301,11670
2026-08-12T00:00:00,25,1522,6417,10416,23301,11938
2026-08-12T00:00:00,26,1583,6417,10540,23301,12123
2026-08-12T00:00:00,27,1598,6417,10608,23301,12206
2026-08-12T00:00:00,28,1569,6417,10567,23301,12136
2026-08-12T00:00:00,29,1551,6417,10452,23301,12003
2026-08-12T00:00:00,30,1545,6417,10208,23301,11753
2026-08-12T00:00:00,31,1549,6417,9919,23301,11468
2026-08-12T00:00:00,32,1565,6417,9295,23301,10860
2026-08-12T00:00:00,33,1591,6417,8470,23301,10061
2026-08-12T00:00:00,34,1628,6417,7686,23301,9314
2026-08-12T00:00:00,35,1677,6417,6867,23301,8544
2026-08-12T00:00:00,36,1737,6417,5790,23301,7527
2026-08-12T00:00:00,37,1811,6417,4820,23301,6631
2026-08-12T00:00:00,38,1896,6417,3982,23301,5878
2026-08-12T00:00:00,39,1899,6417,2965,23301,4864
2026-08-12T00:00:00,40,1817,6417,1982,23301,3799
2026-08-12T00:00:00,41,1745,6417,1227,23301,2972
2026-08-12T00:00:00,42,1687,6417,597,23301,2284
2026-08-12T00:00:00,43,1642,6417,206,23301,1848
2026-08-12T00:00:00,44,1610,6417,1,23301,1611
2026-08-12T00:00:00,45,1592,6417,0,23301,1592
2026-08-12T00:00:00,46,1587,6417,0,23301,1587
2026-08-12T00:00:00,47,1594,6417,0,23301,1594
2026-08-12T00:00:00,48,1614,6417,0,23301,1614
2026-08-13T00:00:00,1,1649,6417,0,23301,1649
2026-08-13T00:00:00,2,1697,6417,0,23301,1697
2026-08-13T00:00:00,3,1690,6417,0,23301,1690
2026-08-13T00:00:00,4,1621,6417,0,23301,1621
2026-08-13T00:00:00,5,1560,6417,0,23301,1560
2026-08-13T00:00:00,6,1507,6417,0,23301,1507
2026-08-13T00:00:00,7,1463,6417,0,23301,1463
2026-08-13T00:00:00,8,1426,6417,0,23301,1426
2026-08-13T00:00:00,9,1397,6417,12,23301,1409
2026-08-13T00:00:00,10,1376,6417,241,23301,1617
2026-08-13T00:00:00,11,1363,6417,526,23301,1889
2026-08-13T00:00:00,12,1357,6417,1074,23301,2431
2026-08-13T00:00:00,13,1360,6417,1651,23301,3011
2026-08-13T00:00:00,14,1371,6417,2380,23301,3751
2026-08-13T00:00:00,15,1370,6417,3316,23301,4686
2026-08-13T00:00:00,16,1358,6417,4055,23301,5413
2026-08-13T00:00:00,17,1354,6417,4757,23301,6111
2026-08-13T00:00:00,18,1358,6417,5604,23301,6962
2026-08-13T00:00:00,19,1371,6417,6441,23301,7812
2026-08-13T00:00:00,20,1390,6417,7182,23301,8572
2026-08-13T00:00:00,21,1417,6417,7924,23301,9341
2026-08-13T00:00:00,22,1451,6417,8553,23301,10004
2026-08-13T00:00:00,23,1492,6417,9013,23301,10505
2026-08-13T00:00:00,24,1539,6417,9304,23301,10843
2026-08-13T00:00:00,25,1593,6417,9541,23301,11134
2026-08-13T00:00:00,26,1654,6417,9687,23301,11341
2026-08-13T00:00:00,27,1664,6417,9769,23301,11433
2026-08-13T00:00:00,28,1623,6417,9752,23301,11375
2026-08-13T00:00:00,29,1587,6417,9655,23301,11242
2026-08-13T00:00:00,30,1556,6417,9443,23301,10999
2026-08-13T00:00:00,31,1530,6417,9200,23301,10730
2026-08-13T00:00:00,32,1510,6417,8643,23301,10153
2026-08-13T00:00:00,33,1495,6417,7915,23301,9410
2026-08-13T00:00:00,34,1486,6417,7185,23301,8671
2026-08-13T00:00:00,35,1483,6417,6437,23301,7920
2026-08-13T00:00:00,36,1486,6417,5440,23301,6926
2026-08-13T00:00:00,37,1497,6417,4562,23301,6059
2026-08-13T00:00:00,38,1514,6417,3810,23301,5324
2026-08-13T00:00:00,39,1486,6417,2810,23301,4296
2026-08-13T00:00:00,40,1414,6417,1932,23301,3346
2026-08-13T00:00:00,41,1350,6417,1243,23301,2593
2026-08-13T00:00:00,42,1295,6417,655,23301,1950
2026-08-13T00:00:00,43,1248,6417,280,23301,1528
2026-08-13T00:00:00,44,1209,6417,25,23301,1234
2026-08-13T00:00:00,45,1178,6417,1,23301,1179
2026-08-13T00:00:00,46,1155,6417,0,23301,1155
2026-08-13T00:00:00,47,1142,6417,0,23301,1142
2026-08-13T00:00:00,48,1137,6417,0,23301,1137
2026-08-14T00:00:00,1,1142,6417,0,23301,1142
2026-08-14T00:00:00,2,1157,6417,0,23301,1157
2026-08-14T00:00:00,3,1145,6417,0,23301,1145
2026-08-14T00:00:00,4,1103,6417,0,23301,1103
2026-08-14T00:00:00,5,1065,6417,0,23301,1065
2026-08-14T00:00:00,6,1033,6417,0,23301,1033
2026-08-14T00:00:00,7,1006,6417,0,23301,1006
2026-08-14T00:00:00,8,984,6417,0,23301,984
2026-08-14T00:00:00,9,967,6417,8,23301,975
2026-08-14T00:00:00,10,954,6417,213,23301,1167
2026-08-14T00:00:00,11,946,6417,489,23301,1435
2026-08-14T00:00:00,12,943,6417,1013,23301,1956
2026-08-14T00:00:00,13,944,6417,1569,23301,2513
2026-08-14T00:00:00,14,949,6417,2291,23301,3240
2026-08-14T00:00:00,15,939,6417,3209,23301,4148
2026-08-14T00:00:00,16,914,6417,3950,23301,4864
2026-08-14T00:00:00,17,895,6417,4625,23301,5520
2026-08-14T00:00:00,18,883,6417,5443,23301,6326
2026-08-14T00:00:00,19,877,6417,6262,23301,7139
2026-08-14T00:00:00,20,877,6417,6950,23301,7827
2026-08-14T00:00:00,21,884,6417,7637,23301,8521
2026-08-14T00:00:00,22,896,6417,8186,23301,9082
2026-08-14T00:00:00,23,915,6417,8604,23301,9519
2026-08-14T00:00:00,24,940,6417,8849,23301,9789
2026-08-14T00:00:00,25,971,6417,9038,23301,10009
2026-08-14T00:00:00,26,1008,6417,9134,23301,10142
2026-08-14T00:00:00,27,1010,6417,9152,23301,10162
2026-08-14T00:00:00,28,978,6417,9099,23301,10077
2026-08-14T00:00:00,29,950,6417,8960,23301,9910
2026-08-14T00:00:00,30,929,6417,8731,23301,9660
2026-08-14T00:00:00,31,913,6417,8456,23301,9369
2026-08-14T00:00:00,32,903,6417,7902,23301,8805
2026-08-14T00:00:00,33,900,6417,7216,23301,8116
2026-08-14T00:00:00,34,902,6417,6518,23301,7420
2026-08-14T00:00:00,35,910,6417,5825,23301,6735
2026-08-14T00:00:00,36,925,6417,4864,23301,5789
2026-08-14T00:00:00,37,947,6417,4089,23301,5036
2026-08-14T00:00:00,38,975,6417,3422,23301,4397
2026-08-14T00:00:00,39,963,6417,2477,23301,3440
2026-08-14T00:00:00,40,911,6417,1686,23301,2597
2026-08-14T00:00:00,41,869,6417,1095,23301,1964
2026-08-14T00:00:00,42,835,6417,563,23301,1398
2026-08-14T00:00:00,43,810,6417,250,23301,1060
2026-08-14T00:00:00,44,793,6417,28,23301,821
2026-08-14T00:00:00,45,785,6417,1,23301,786
2026-08-14T00:00:00,46,784,6417,0,23301,784
2026-08-14T00:00:00,47,792,6417,0,23301,792
2026-08-14T00:00:00,48,808,6417,0,23301,808
2026-08-15T00:00:00,1,833,6417,0,23301,833
2026-08-15T00:00:00,2,868,6417,0,23301,868
2026-08-15T00:00:00,3,871,6417,0,23301,871
2026-08-15T00:00:00,4,842,6417,0,23301,842
2026-08-15T00:00:00,5,819,6417,0,23301,819
2026-08-15T00:00:00,6,803,6417,0,23301,803
2026-08-15T00:00:00,7,793,6417,0,23301,793
2026-08-15T00:00:00,8,790,6417,1,23301,791
2026-08-15T00:00:00,9,793,6417,11,23301,804
2026-08-15T00:00:00,10,803,6417,187,23301,990
2026-08-15T00:00:00,11,819,6417,436,23301,1255
2026-08-15T00:00:00,12,842,6417,893,23301,1735
2026-08-15T00:00:00,13,872,6417,1387,23301,2259
2026-08-15T00:00:00,14,908,6417,2048,23301,2956
2026-08-15T00:00:00,15,921,6417,2902,23301,3823
2026-08-15T00:00:00,16,911,6417,3587,23301,4498
2026-08-15T00:00:00,17,907,6417,4196,23301,5103
2026-08-15T00:00:00,18,910,6417,4934,23301,5844
2026-08-15T00:00:00,19,920,6417,5720,23301,6640
2026-08-15T00:00:00,20,936,6417,6342,23301,7278
2026-08-15T00:00:00,21,959,6417,6982,23301,7941
2026-08-15T00:00:00,22,987,6417,7472,23301,8459
2026-08-15T00:00:00,23,1023,6417,7866,23301,8889
2026-08-15T00:00:00,24,1064,6417,8083,23301,9147
2026-08-15T00:00:00,25,1112,6417,8257,23301,9369
2026-08-15T00:00:00,26,1166,6417,8345,23301,9511
2026-08-15T00:00:00,27,1180,6417,8361,23301,9541
2026-08-15T00:00:00,28,1152,6417,8306,23301,9458
2026-08-15T00:00:00,29,1131,6417,8170,23301,9301
2026-08-15T00:00:00,30,1117,6417,7965,23301,9082
2026-08-15T00:00:00,31,1109,6417,7710,23301,8819
2026-08-15T00:00:00,32,1108,6417,7190,23301,8298
2026-08-15T00:00:00,33,1114,6417,6565,23301,7679
2026-08-15T00:00:00,34,1126,6417,5926,23301,7052
2026-08-15T00:00:00,35,1147,6417,5297,23301,6444
2026-08-15T00:00:00,36,1174,6417,4413,23301,5587
2026-08-15T00:00:00,37,1209,6417,3699,23301,4908
2026-08-15T00:00:00,38,1253,6417,3112,23301,4365
2026-08-15T00:00:00,39,1250,6417,2197,23301,3447
2026-08-15T00:00:00,40,1201,6417,1493,23301,2694
2026-08-15T00:00:00,41,1159,6417,974,23301,2133
2026-08-15T00:00:00,42,1124,6417,496,23301,1620
2026-08-15T00:00:00,43,1097,6417,226,23301,1323
2026-08-15T00:00:00,44,1077,6417,29,23301,1106
2026-08-15T00:00:00,45,1066,6417,2,23301,1068
2026-08-15T00:00:00,46,1064,6417,0,23301,1064
2026-08-15T00:00:00,47,1070,6417,0,23301,1070
2026-08-15T00:00:00,48,1086,6417,0,23301,1086
2026-08-16T00:00:00,1,1112,6417,0,23301,1112
2026-08-16T00:00:00,2,1149,6417,0,23301,1149
2026-08-16T00:00:00,3,1148,6417,0,23301,1148
2026-08-16T00:00:00,4,1109,6417,0,23301,1109
2026-08-16T00:00:00,5,1075,6417,0,23301,1075
2026-08-16T00:00:00,6,1047,6417,0,23301,1047
2026-08-16T00:00:00,7,1026,6417,0,23301,1026
2026-08-16T00:00:00,8,1012,6417,1,23301,1013
2026-08-16T00:00:00,9,1004,6417,11,23301,1015
2026-08-16T00:00:00,10,1003,6417,170,23301,1173
2026-08-16T00:00:00,11,1007,6417,403,23301,1410
2026-08-16T00:00:00,12,1018,6417,803,23301,1821
2026-08-16T00:00:00,13,1035,6417,1286,23301,2321
2026-08-16T00:00:00,14,1058,6417,1887,23301,2945
2026-08-16T00:00:00,15,1062,6417,2717,23301,3779
2026-08-16T00:00:00,16,1049,6417,3392,23301,4441
2026-08-16T00:00:00,17,1044,6417,3961,23301,5005
2026-08-16T00:00:00,18,1047,6417,4674,23301,5721
2026-08-16T00:00:00,19,1057,6417,5436,23301,6493
2026-08-16T00:00:00,20,1075,6417,6038,23301,7113
2026-08-16T00:00:00,21,1100,6417,6682,23301,7782
2026-08-16T00:00:00,22,1133,6417,7163,23301,8296
2026-08-16T00:00:00,23,1174,6417,7561,23301,8735
2026-08-16T00:00:00,24,1222,6417,7796,23301,9018
2026-08-16T00:00:00,25,1277,6417,7967,23301,9244
2026-08-16T00:00:00,26,1339,6417,8085,23301,9424
2026-08-16T00:00:00,27,1352,6417,8126,23301,9478
2026-08-16T00:00:00,28,1317,6417,8096,23301,9413
2026-08-16T00:00:00,29,1289,6417,7982,23301,9271
2026-08-16T00:00:00,30,1269,6417,7814,23301,9083
2026-08-16T00:00:00,31,1257,6417,7562,23301,8819
2026-08-16T00:00:00,32,1252,6417,7047,23301,8299
2026-08-16T00:00:00,33,1255,6417,6475,23301,7730
2026-08-16T00:00:00,34,1266,6417,5850,23301,7116
2026-08-16T00:00:00,35,1285,6417,5233,23301,6518
2026-08-16T00:00:00,36,1313,6417,4367,23301,5680
2026-08-16T00:00:00,37,1349,6417,3662,23301,5011
2026-08-16T00:00:00,38,1394,6417,3084,23301,4478
2026-08-16T00:00:00,39,1391,6417,2179,23301,3570
2026-08-16T00:00:00,40,1339,6417,1475,23301,2814
2026-08-16T00:00:00,41,1296,6417,974,23301,2270
2026-08-16T00:00:00,42,1262,6417,491,23301,1753
2026-08-16T00:00:00,43,1237,6417,229,23301,1466
2026-08-16T00:00:00,44,1220,6417,29,23301,1249
2026-08-16T00:00:00,45,1213,6417,2,23301,1215
2026-08-16T00:00:00,46,1215,6417,0,23301,1215
2026-08-16T00:00:00,47,1226,6417,0,23301,1226
2026-08-16T00:00:00,48,1246,6417,0,23301,1246
2026-08-17T00:00:00,1,1274,6417,0,23301,1274
2026-08-17T00:00:00,2,1312,6417,0,23301,1312
2026-08-17T00:00:00,3,1311,6417,0,23301,1311
2026-08-17T00:00:00,4,1270,6417,0,23301,1270
2026-08-17T00:00:00,5,1236,6417,0,23301,1236
2026-08-17T00:00:00,6,1208,6417,0,23301,1208
2026-08-17T00:00:00,7,1186,6417,0,23301,1186
2026-08-17T00:00:00,8,1170,6417,0,23301,1170
2026-08-17T00:00:00,9,1161,6417,7,23301,1168
2026-08-17T00:00:00,10,1157,6417,168,23301,1325
2026-08-17T00:00:00,11,1160,6417,416,23301,1576
2026-08-17T00:00:00,12,1168,6417,840,23301,2008
2026-08-17T00:00:00,13,1184,6417,1364,23301,2548
2026-08-17T00:00:00,14,1205,6417,2015,23301,3220
2026-08-17T00:00:00,15,1204,6417,2864,23301,4068
2026-08-17T00:00:00,16,1180,6417,3590,23301,4770
2026-08-17T00:00:00,17,1162,6417,4207,23301,5369
2026-08-17T00:00:00,18,1151,6417,4928,23301,6079
2026-08-17T00:00:00,19,1148,6417,5737,23301,6885
2026-08-17T00:00:00,20,1151,6417,6370,23301,7521
2026-08-17T00:00:00,21,1161,6417,7049,23301,8210
2026-08-17T00:00:00,22,1178,6417,7549,23301,8727
2026-08-17T00:00:00,23,1202,6417,7975,23301,9177
2026-08-17T00:00:00,24,1232,6417,8206,23301,9438
2026-08-17T00:00:00,25,1269,6417,8380,23301,9649
2026-08-17T00:00:00,26,1312,6417,8504,23301,9816
2026-08-17T00:00:00,27,1319,6417,8550,23301,9869
2026-08-17T00:00:00,28,1292,6417,8515,23301,9807
2026-08-17T00:00:00,29,1271,6417,8396,23301,9667
2026-08-17T00:00:00,30,1257,6417,8224,23301,9481
2026-08-17T00:00:00,31,1248,6417,7949,23301,9197
2026-08-17T00:00:00,32,1246,6417,7409,23301,8655
2026-08-17T00:00:00,33,1250,6417,6837,23301,8087
2026-08-17T00:00:00,34,1261,6417,6161,23301,7422
2026-08-17T00:00:00,35,1278,6417,5524,23301,6802
2026-08-17T00:00:00,36,1301,6417,4623,23301,5924
2026-08-17T00:00:00,37,1332,6417,3886,23301,5218
2026-08-17T00:00:00,38,1369,6417,3270,23301,4639
2026-08-17T00:00:00,39,1362,6417,2317,23301,3679
2026-08-17T00:00:00,40,1311,6417,1572,23301,2883
2026-08-17T00:00:00,41,1268,6417,1042,23301,2310
2026-08-17T00:00:00,42,1234,6417,514,23301,1748
2026-08-17T00:00:00,43,1208,6417,237,23301,1445
2026-08-17T00:00:00,44,1189,6417,22,23301,1211
2026-08-17T00:00:00,45,1179,6417,0,23301,1179
2026-08-17T00:00:00,46,1177,6417,0,23301,1177
2026-08-17T00:00:00,47,1182,6417,0,23301,1182
2026-08-17T00:00:00,48,1196,6417,0,23301,1196
2026-08-18T00:00:00,1,1218,6417,0,23301,1218
2026-08-18T00:00:00,2,1249,6417,0,23301,1249
2026-08-18T00:00:00,3,1249,6417,0,23301,1249
2026-08-18T00:00:00,4,1216,6417,0,23301,1216
2026-08-18T00:00:00,5,1188,6417,0,23301,1188
2026-08-18T00:00:00,6,1165,6417,0,23301,1165
2026-08-18T00:00:00,7,1149,6417,0,23301,1149
2026-08-18T00:00:00,8,1137,6417,0,23301,1137
2026-08-18T00:00:00,9,1131,6417,5,23301,1136
2026-08-18T00:00:00,10,1131,6417,179,23301,1310
2026-08-18T00:00:00,11,1136,6417,445,23301,1581
2026-08-18T00:00:00,12,1147,6417,887,23301,2034
2026-08-18T00:00:00,13,1165,6417,1479,23301,2644
2026-08-18T00:00:00,14,1188,6417,2184,23301,3372
2026-08-18T00:00:00,15,1189,6417,3039,23301,4228
2026-08-18T00:00:00,16,1168,6417,3822,23301,4990
2026-08-18T00:00:00,17,1154,6417,4479,23301,5633
2026-08-18T00:00:00,18,1146,6417,5218,23301,6364
2026-08-18T00:00:00,19,1145,6417,6040,23301,7185
2026-08-18T00:00:00,20,1151,6417,6665,23301,7816
2026-08-18T00:00:00,21,1162,6417,7353,23301,8515
2026-08-18T00:00:00,22,1179,6417,7818,23301,8997
2026-08-18T00:00:00,23,1202,6417,8228,23301,9430
2026-08-18T00:00:00,24,1232,6417,8428,23301,9660
2026-08-18T00:00:00,25,1267,6417,8549,23301,9816
2026-08-18T00:00:00,26,1308,6417,8620,23301,9928
2026-08-18T00:00:00,27,1318,6417,8602,23301,9920
2026-08-18T00:00:00,28,1298,6417,8504,23301,9802
2026-08-18T00:00:00,29,1283,6417,8343,23301,9626
2026-08-18T00:00:00,30,1274,6417,8129,23301,9403
2026-08-18T00:00:00,31,1271,6417,7815,23301,9086
2026-08-18T00:00:00,32,1274,6417,7242,23301,8516
2026-08-18T00:00:00,33,1283,6417,6672,23301,7955
2026-08-18T00:00:00,34,1299,6417,5974,23301,7273
2026-08-18T00:00:00,35,1321,6417,5336,23301,6657
2026-08-18T00:00:00,36,1349,6417,4456,23301,5805
2026-08-18T00:00:00,37,1384,6417,3732,23301,5116
2026-08-18T00:00:00,38,1425,6417,3142,23301,4567
2026-08-18T00:00:00,39,1415,6417,2198,23301,3613
2026-08-18T00:00:00,40,1353,6417,1484,23301,2837
2026-08-18T00:00:00,41,1300,6417,986,23301,2286
2026-08-18T00:00:00,42,1255,6417,486,23301,1741
2026-08-18T00:00:00,43,1218,6417,224,23301,1442
2026-08-18T00:00:00,44,1190,6417,23,23301,1213
2026-08-18T00:00:00,45,1171,6417,1,23301,1172
2026-08-18T00:00:00,46,1161,6417,0,23301,1161
2026-08-18T00:00:00,47,1161,6417,0,23301,1161
2026-08-18T00:00:00,48,1169,6417,0,23301,1169
2026-08-10T00:00:00,1,1524,6417,0,23301,1524
2026-08-10T00:00:00,2,1476,6417,0,23301,1476
2026-08-10T00:00:00,3,1420,6417,0,23301,1420
2026-08-10T00:00:00,4,1342,6417,0,23301,1342
2026-08-10T00:00:00,5,1287,6417,0,23301,1287
2026-08-10T00:00:00,6,1252,6417,0,23301,1252
2026-08-10T00:00:00,7,1217,6417,0,23301,1217
2026-08-10T00:00:00,8,1177,6417,0,23301,1177
2026-08-10T00:00:00,9,1132,6417,0,23301,1132
2026-08-10T00:00:00,10,1083,6417,0,23301,1083
2026-08-10T00:00:00,11,1046,6417,11,23301,1057
2026-08-10T00:00:00,12,1013,6417,109,23301,1122
2026-08-10T00:00:00,13,963,6417,249,23301,1212
2026-08-10T00:00:00,14,900,6417,959,23301,1859
2026-08-10T00:00:00,15,827,6417,1972,23301,2799
2026-08-10T00:00:00,16,751,6417,3022,23301,3773
2026-08-10T00:00:00,17,708,6417,4061,23301,4769
2026-08-10T00:00:00,18,685,6417,5326,23301,6011
2026-08-10T00:00:00,19,657,6417,6653,23301,7310
2026-08-10T00:00:00,20,623,6417,7984,23301,8607
2026-08-10T00:00:00,21,597,6417,9082,23301,9679
2026-08-10T00:00:00,22,574,6417,9928,23301,10502
2026-08-10T00:00:00,23,557,6417,10659,23301,11216
2026-08-10T00:00:00,24,544,6417,11263,23301,11807
2026-08-10T00:00:00,25,532,6417,11762,23301,12294
2026-08-10T00:00:00,26,523,6417,12016,23301,12539
2026-08-10T00:00:00,27,519,6417,12191,23301,12710
2026-08-10T00:00:00,28,522,6417,12153,23301,12675
2026-08-10T00:00:00,29,528,6417,12022,23301,12550
2026-08-10T00:00:00,30,543,6417,11628,23301,12171
2026-08-10T00:00:00,31,555,6417,11156,23301,11711
2026-08-10T00:00:00,32,561,6417,10308,23301,10869
2026-08-10T00:00:00,33,562,6417,9379,23301,9941
2026-08-10T00:00:00,34,555,6417,8172,23301,8727
2026-08-10T00:00:00,35,544,6417,6814,23301,7358
2026-08-10T00:00:00,36,532,6417,5386,23301,5918
2026-08-10T00:00:00,37,522,6417,4257,23301,4779
2026-08-10T00:00:00,38,512,6417,3292,23301,3804
2026-08-10T00:00:00,39,512,6417,2154,23301,2666
2026-08-10T00:00:00,40,522,6417,1229,23301,1751
2026-08-10T00:00:00,41,541,6417,436,23301,977
2026-08-10T00:00:00,42,567,6417,183,23301,750
2026-08-10T00:00:00,43,574,6417,1,23301,575
2026-08-10T00:00:00,44,555,6417,0,23301,555
2026-08-10T00:00:00,45,533,6417,0,23301,533
2026-08-10T00:00:00,46,504,6417,0,23301,504
2026-08-10T00:00:00,47,483,6417,0,23301,483
2026-08-10T00:00:00,48,466,6417,0,23301,466
2026-08-11T00:00:00,1,460,6417,0,23301,460
2026-08-11T00:00:00,2,461,6417,0,23301,461
2026-08-11T00:00:00,3,465,6417,0,23301,465
2026-08-11T00:00:00,4,467,6417,0,23301,467
2026-08-11T00:00:00,5,471,6417,0,23301,471
2026-08-11T00:00:00,6,475,6417,0,23301,475
2026-08-11T00:00:00,7,483,6417,0,23301,483
2026-08-11T00:00:00,8,496,6417,0,23301,496
2026-08-11T00:00:00,9,514,6417,0,23301,514
2026-08-11T00:00:00,10,539,6417,0,23301,539
2026-08-11T00:00:00,11,567,6417,10,23301,577
2026-08-11T00:00:00,12,598,6417,103,23301,701
2026-08-11T00:00:00,13,627,6417,251,23301,878
2026-08-11T00:00:00,14,651,6417,1062,23301,1713
2026-08-11T00:00:00,15,641,6417,2173,23301,2814
2026-08-11T00:00:00,16,601,6417,3358,23301,3959
2026-08-11T00:00:00,17,594,6417,4501,23301,5095
2026-08-11T00:00:00,18,621,6417,5833,23301,6454
2026-08-11T00:00:00,19,659,6417,7303,23301,7962
2026-08-11T00:00:00,20,705,6417,8898,23301,9603
2026-08-11T00:00:00,21,747,6417,10152,23301,10899
2026-08-11T00:00:00,22,783,6417,11015,23301,11798
2026-08-11T00:00:00,23,813,6417,11784,23301,12597
2026-08-11T00:00:00,24,833,6417,12240,23301,13073
2026-08-11T00:00:00,25,855,6417,12597,23301,13452
2026-08-11T00:00:00,26,877,6417,12723,23301,13600
2026-08-11T00:00:00,27,901,6417,12807,23301,13708
2026-08-11T00:00:00,28,927,6417,12704,23301,13631
2026-08-11T00:00:00,29,956,6417,12522,23301,13478
2026-08-11T00:00:00,30,989,6417,12104,23301,13093
2026-08-11T00:00:00,31,1021,6417,11599,23301,12620
2026-08-11T00:00:00,32,1052,6417,10670,23301,11722
2026-08-11T00:00:00,33,1078,6417,9706,23301,10784
2026-08-11T00:00:00,34,1100,6417,8411,23301,9511
2026-08-11T00:00:00,35,1118,6417,6921,23301,8039
2026-08-11T00:00:00,36,1134,6417,5470,23301,6604
2026-08-11T00:00:00,37,1151,6417,4322,23301,5473
2026-08-11T00:00:00,38,1175,6417,3320,23301,4495
2026-08-11T00:00:00,39,1220,6417,2163,23301,3383
2026-08-11T00:00:00,40,1294,6417,1251,23301,2545
2026-08-11T00:00:00,41,1386,6417,409,23301,1795
2026-08-11T00:00:00,42,1498,6417,172,23301,1670
2026-08-11T00:00:00,43,1582,6417,0,23301,1582
2026-08-11T00:00:00,44,1636,6417,0,23301,1636
2026-08-11T00:00:00,45,1665,6417,0,23301,1665
2026-08-11T00:00:00,46,1670,6417,0,23301,1670
2026-08-11T00:00:00,47,1678,6417,0,23301,1678
2026-08-11T00:00:00,48,1692,6417,0,23301,1692
2026-08-12T00:00:00,1,1710,6417,0,23301,1710
2026-08-12T00:00:00,2,1729,6417,0,23301,1729
2026-08-12T00:00:00,3,1737,6417,0,23301,1737
2026-08-12T00:00:00,4,1730,6417,0,23301,1730
2026-08-12T00:00:00,5,1714,6417,0,23301,1714
2026-08-12T00:00:00,6,1688,6417,0,23301,1688
2026-08-12T00:00:00,7,1659,6417,0,23301,1659
2026-08-12T00:00:00,8,1625,6417,0,23301,1625
2026-08-12T00:00:00,9,1598,6417,0,23301,1598
2026-08-12T00:00:00,10,1576,6417,0,23301,1576
2026-08-12T00:00:00,11,1559,6417,8,23301,1567
2026-08-12T00:00:00,12,1544,6417,96,23301,1640
2026-08-12T00:00:00,13,1520,6417,237,23301,1757
2026-08-12T00:00:00,14,1486,6417,1024,23301,2510
2026-08-12T00:00:00,15,1415,6417,2113,23301,3528
2026-08-12T00:00:00,16,1318,6417,3308,23301,4626
2026-08-12T00:00:00,17,1220,6417,4424,23301,5644
2026-08-12T00:00:00,18,1119,6417,5734,23301,6853
2026-08-12T00:00:00,19,1058,6417,7194,23301,8252
2026-08-12T00:00:00,20,1030,6417,8784,23301,9814
2026-08-12T00:00:00,21,1026,6417,10067,23301,11093
2026-08-12T00:00:00,22,1047,6417,11030,23301,12077
2026-08-12T00:00:00,23,1074,6417,11950,23301,13024
2026-08-12T00:00:00,24,1107,6417,12578,23301,13685
2026-08-12T00:00:00,25,1134,6417,13090,23301,14224
2026-08-12T00:00:00,26,1156,6417,13316,23301,14472
2026-08-12T00:00:00,27,1165,6417,13456,23301,14621
2026-08-12T00:00:00,28,1161,6417,13339,23301,14500
2026-08-12T00:00:00,29,1151,6417,13127,23301,14278
2026-08-12T00:00:00,30,1135,6417,12646,23301,13781
2026-08-12T00:00:00,31,1116,6417,12068,23301,13184
2026-08-12T00:00:00,32,1096,6417,10977,23301,12073
2026-08-12T00:00:00,33,1070,6417,9963,23301,11033
2026-08-12T00:00:00,34,1041,6417,8617,23301,9658
2026-08-12T00:00:00,35,1006,6417,7042,23301,8048
2026-08-12T00:00:00,36,970,6417,5562,23301,6532
2026-08-12T00:00:00,37,941,6417,4203,23301,5144
2026-08-12T00:00:00,38,927,6417,1967,23301,2894
2026-08-12T00:00:00,39,937,6417,545,23301,1482
2026-08-12T00:00:00,40,982,6417,854,23301,1836
2026-08-12T00:00:00,41,1029,6417,372,23301,1401
2026-08-12T00:00:00,42,1067,6417,149,23301,1216
2026-08-12T00:00:00,43,1090,6417,0,23301,1090
2026-08-12T00:00:00,44,1094,6417,0,23301,1094
2026-08-12T00:00:00,45,1091,6417,0,23301,1091
2026-08-12T00:00:00,46,1073,6417,0,23301,1073
2026-08-12T00:00:00,47,1046,6417,0,23301,1046
2026-08-12T00:00:00,48,1008,6417,0,23301,1008
2026-08-13T00:00:00,1,974,6417,0,23301,974
2026-08-13T00:00:00,2,943,6417,0,23301,943
2026-08-13T00:00:00,3,910,6417,0,23301,910
2026-08-13T00:00:00,4,874,6417,0,23301,874
2026-08-13T00:00:00,5,838,6417,0,23301,838
2026-08-13T00:00:00,6,801,6417,0,23301,801
2026-08-13T00:00:00,7,765,6417,0,23301,765
2026-08-13T00:00:00,8,730,6417,0,23301,730
2026-08-13T00:00:00,9,699,6417,0,23301,699
2026-08-13T00:00:00,10,671,6417,0,23301,671
2026-08-13T00:00:00,11,648,6417,6,23301,654
2026-08-13T00:00:00,12,629,6417,86,23301,715
2026-08-13T00:00:00,13,609,6417,220,23301,829
2026-08-13T00:00:00,14,586,6417,974,23301,1560
2026-08-13T00:00:00,15,540,6417,2046,23301,2586
2026-08-13T00:00:00,16,477,6417,3261,23301,3738
2026-08-13T00:00:00,17,422,6417,4389,23301,4811
2026-08-13T00:00:00,18,375,6417,5713,23301,6088
2026-08-13T00:00:00,19,351,6417,7180,23301,7531
2026-08-13T00:00:00,20,344,6417,8772,23301,9116
2026-08-13T00:00:00,21,353,6417,10070,23301,10423
2026-08-13T00:00:00,22,381,6417,11040,23301,11421
2026-08-13T00:00:00,23,414,6417,11940,23301,12354
2026-08-13T00:00:00,24,452,6417,12564,23301,13016
2026-08-13T00:00:00,25,493,6417,13055,23301,13548
2026-08-13T00:00:00,26,539,6417,13265,23301,13804
2026-08-13T00:00:00,27,574,6417,13375,23301,13949
2026-08-13T00:00:00,28,595,6417,13196,23301,13791
2026-08-13T00:00:00,29,619,6417,12909,23301,13528
2026-08-13T00:00:00,30,647,6417,12348,23301,12995
2026-08-13T00:00:00,31,678,6417,11680,23301,12358
2026-08-13T00:00:00,32,715,6417,10615,23301,11330
2026-08-13T00:00:00,33,721,6417,9542,23301,10263
2026-08-13T00:00:00,34,700,6417,8248,23301,8948
2026-08-13T00:00:00,35,690,6417,6766,23301,7456
2026-08-13T00:00:00,36,693,6417,5347,23301,6040
2026-08-13T00:00:00,37,702,6417,4189,23301,4891
2026-08-13T00:00:00,38,719,6417,3162,23301,3881
2026-08-13T00:00:00,39,718,6417,1930,23301,2648
2026-08-13T00:00:00,40,701,6417,1016,23301,1717
2026-08-13T00:00:00,41,704,6417,339,23301,1043
2026-08-13T00:00:00,42,725,6417,103,23301,828
2026-08-13T00:00:00,43,752,6417,1,23301,753
2026-08-13T00:00:00,44,787,6417,0,23301,787
2026-08-13T00:00:00,45,780,6417,0,23301,780
2026-08-13T00:00:00,46,726,6417,0,23301,726
2026-08-13T00:00:00,47,691,6417,0,23301,691
2026-08-13T00:00:00,48,671,6417,19,23301,690
2026-08-14T00:00:00,1,666,6417,33,23301,699
2026-08-14T00:00:00,2,676,6417,43,23301,719
2026-08-14T00:00:00,3,664,6417,45,23301,709
2026-08-14T00:00:00,4,626,6417,39,23301,665
2026-08-14T00:00:00,5,603,6417,24,23301,627
2026-08-14T00:00:00,6,593,6417,0,23301,593
2026-08-14T00:00:00,7,598,6417,0,23301,598
2026-08-14T00:00:00,8,618,6417,0,23301,618
2026-08-14T00:00:00,9,619,6417,0,23301,619
2026-08-14T00:00:00,10,597,6417,0,23301,597
2026-08-14T00:00:00,11,586,6417,3,23301,589
2026-08-14T00:00:00,12,585,6417,138,23301,723
2026-08-14T00:00:00,13,594,6417,396,23301,990
2026-08-14T00:00:00,14,615,6417,1044,23301,1659
2026-08-14T00:00:00,15,608,6417,2058,23301,2666
2026-08-14T00:00:00,16,569,6417,3028,23301,3597
2026-08-14T00:00:00,17,546,6417,3911,23301,4457
2026-08-14T00:00:00,18,535,6417,5074,23301,5609
2026-08-14T00:00:00,19,533,6417,6334,23301,6867
2026-08-14T00:00:00,20,538,6417,7618,23301,8156
2026-08-14T00:00:00,21,550,6417,8891,23301,9441
2026-08-14T00:00:00,22,567,6417,9867,23301,10434
2026-08-14T00:00:00,23,592,6417,10688,23301,11280
2026-08-14T00:00:00,24,624,6417,11198,23301,11822
2026-08-14T00:00:00,25,665,6417,11570,23301,12235
2026-08-14T00:00:00,26,716,6417,11778,23301,12494
2026-08-14T00:00:00,27,752,6417,11791,23301,12543
2026-08-14T00:00:00,28,774,6417,11642,23301,12416
2026-08-14T00:00:00,29,804,6417,11308,23301,12112
2026-08-14T00:00:00,30,845,6417,10816,23301,11661
2026-08-14T00:00:00,31,898,6417,10200,23301,11098
2026-08-14T00:00:00,32,966,6417,9256,23301,10222
2026-08-14T00:00:00,33,984,6417,8111,23301,9095
2026-08-14T00:00:00,34,952,6417,6960,23301,7912
2026-08-14T00:00:00,35,937,6417,5808,23301,6745
2026-08-14T00:00:00,36,940,6417,4535,23301,5475
2026-08-14T00:00:00,37,960,6417,3527,23301,4487
2026-08-14T00:00:00,38,1004,6417,2665,23301,3669
2026-08-14T00:00:00,39,1015,6417,1501,23301,2516
2026-08-14T00:00:00,40,991,6417,721,23301,1712
2026-08-14T00:00:00,41,987,6417,293,23301,1280
2026-08-14T00:00:00,42,1003,6417,38,23301,1041
2026-08-14T00:00:00,43,1043,6417,3,23301,1046
2026-08-14T00:00:00,44,1107,6417,1,23301,1108
2026-08-14T00:00:00,45,1125,6417,0,23301,1125
2026-08-14T00:00:00,46,1089,6417,0,23301,1089
2026-08-14T00:00:00,47,1068,6417,1,23301,1069
2026-08-14T00:00:00,48,1062,6417,32,23301,1094
2026-08-15T00:00:00,1,1071,6417,57,23301,1128
2026-08-15T00:00:00,2,1097,6417,71,23301,1168
2026-08-15T00:00:00,3,1106,6417,75,23301,1181
2026-08-15T00:00:00,4,1088,6417,64,23301,1152
2026-08-15T00:00:00,5,1078,6417,40,23301,1118
2026-08-15T00:00:00,6,1076,6417,2,23301,1078
2026-08-15T00:00:00,7,1083,6417,0,23301,1083
2026-08-15T00:00:00,8,1100,6417,0,23301,1100
2026-08-15T00:00:00,9,1092,6417,1,23301,1093
2026-08-15T00:00:00,10,1055,6417,1,23301,1056
2026-08-15T00:00:00,11,1023,6417,3,23301,1026
2026-08-15T00:00:00,12,997,6417,147,23301,1144
2026-08-15T00:00:00,13,977,6417,441,23301,1418
2026-08-15T00:00:00,14,962,6417,1037,23301,1999
2026-08-15T00:00:00,15,926,6417,2008,23301,2934
2026-08-15T00:00:00,16,872,6417,2901,23301,3773
2026-08-15T00:00:00,17,827,6417,3694,23301,4521
2026-08-15T00:00:00,18,790,6417,4753,23301,5543
2026-08-15T00:00:00,19,762,6417,5906,23301,6668
2026-08-15T00:00:00,20,741,6417,7083,23301,7824
2026-08-15T00:00:00,21,719,6417,8258,23301,8977
2026-08-15T00:00:00,22,696,6417,9148,23301,9844
2026-08-15T00:00:00,23,681,6417,9801,23301,10482
2026-08-15T00:00:00,24,672,6417,10186,23301,10858
2026-08-15T00:00:00,25,669,6417,10382,23301,11051
2026-08-15T00:00:00,26,674,6417,10397,23301,11071
2026-08-15T00:00:00,27,674,6417,10205,23301,10879
2026-08-15T00:00:00,28,670,6417,9924,23301,10594
2026-08-15T00:00:00,29,669,6417,9558,23301,10227
2026-08-15T00:00:00,30,673,6417,9173,23301,9846
2026-08-15T00:00:00,31,680,6417,8748,23301,9428
2026-08-15T00:00:00,32,692,6417,8082,23301,8774
2026-08-15T00:00:00,33,707,6417,7302,23301,8009
2026-08-15T00:00:00,34,727,6417,6536,23301,7263
2026-08-15T00:00:00,35,751,6417,5746,23301,6497
2026-08-15T00:00:00,36,780,6417,4770,23301,5550
2026-08-15T00:00:00,37,814,6417,3977,23301,4791
2026-08-15T00:00:00,38,853,6417,3328,23301,4181
2026-08-15T00:00:00,39,845,6417,2377,23301,3222
2026-08-15T00:00:00,40,791,6417,1628,23301,2419
2026-08-15T00:00:00,41,745,6417,1075,23301,1820
2026-08-15T00:00:00,42,706,6417,549,23301,1255
2026-08-15T00:00:00,43,673,6417,257,23301,930
2026-08-15T00:00:00,44,647,6417,35,23301,682
2026-08-15T00:00:00,45,626,6417,1,23301,627
2026-08-15T00:00:00,46,611,6417,0,23301,611
2026-08-15T00:00:00,47,601,6417,0,23301,601
2026-08-15T00:00:00,48,597,6417,0,23301,597
2026-08-16T00:00:00,1,600,6417,0,23301,600
2026-08-16T00:00:00,2,608,6417,0,23301,608
2026-08-16T00:00:00,3,600,6417,0,23301,600
2026-08-16T00:00:00,4,571,6417,0,23301,571
2026-08-16T00:00:00,5,546,6417,0,23301,546
2026-08-16T00:00:00,6,525,6417,0,23301,525
2026-08-16T00:00:00,7,507,6417,0,23301,507
2026-08-16T00:00:00,8,492,6417,1,23301,493
2026-08-16T00:00:00,9,481,6417,7,23301,488
2026-08-16T00:00:00,10,472,6417,181,23301,653
2026-08-16T00:00:00,11,466,6417,439,23301,905
2026-08-16T00:00:00,12,464,6417,889,23301,1353
2026-08-16T00:00:00,13,465,6417,1441,23301,1906
2026-08-16T00:00:00,14,469,6417,2118,23301,2587
2026-08-16T00:00:00,15,453,6417,2967,23301,3420
2026-08-16T00:00:00,16,421,6417,3700,23301,4121
2026-08-16T00:00:00,17,394,6417,4341,23301,4735
2026-08-16T00:00:00,18,372,6417,5090,23301,5462
2026-08-16T00:00:00,19,355,6417,5862,23301,6217
2026-08-16T00:00:00,20,343,6417,6548,23301,6891
2026-08-16T00:00:00,21,335,6417,7190,23301,7525
2026-08-16T00:00:00,22,330,6417,7663,23301,7993
2026-08-16T00:00:00,23,330,6417,8050,23301,8380
2026-08-16T00:00:00,24,334,6417,8251,23301,8585
2026-08-16T00:00:00,25,342,6417,8394,23301,8736
2026-08-16T00:00:00,26,355,6417,8497,23301,8852
2026-08-16T00:00:00,27,358,6417,8505,23301,8863
2026-08-16T00:00:00,28,353,6417,8409,23301,8762
2026-08-16T00:00:00,29,352,6417,8235,23301,8587
2026-08-16T00:00:00,30,354,6417,8027,23301,8381
2026-08-16T00:00:00,31,360,6417,7757,23301,8117
2026-08-16T00:00:00,32,370,6417,7205,23301,7575
2026-08-16T00:00:00,33,385,6417,6609,23301,6994
2026-08-16T00:00:00,34,403,6417,5957,23301,6360
2026-08-16T00:00:00,35,427,6417,5288,23301,5715
2026-08-16T00:00:00,36,456,6417,4411,23301,4867
2026-08-16T00:00:00,37,491,6417,3697,23301,4188
2026-08-16T00:00:00,38,532,6417,3101,23301,3633
2026-08-16T00:00:00,39,535,6417,2176,23301,2711
2026-08-16T00:00:00,40,501,6417,1479,23301,1980
2026-08-16T00:00:00,41,475,6417,977,23301,1452
2026-08-16T00:00:00,42,456,6417,493,23301,949
2026-08-16T00:00:00,43,444,6417,229,23301,673
2026-08-16T00:00:00,44,438,6417,29,23301,467
2026-08-16T00:00:00,45,439,6417,1,23301,440
2026-08-16T00:00:00,46,445,6417,0,23301,445
2026-08-16T00:00:00,47,459,6417,0,23301,459
2026-08-16T00:00:00,48,480,6417,0,23301,480
2026-08-17T00:00:00,1,509,6417,0,23301,509
2026-08-17T00:00:00,2,546,6417,0,23301,546
2026-08-17T00:00:00,3,554,6417,0,23301,554
2026-08-17T00:00:00,4,532,6417,0,23301,532
2026-08-17T00:00:00,5,516,6417,0,23301,516
2026-08-17T00:00:00,6,507,6417,0,23301,507
2026-08-17T00:00:00,7,503,6417,0,23301,503
2026-08-17T00:00:00,8,505,6417,1,23301,506
2026-08-17T00:00:00,9,513,6417,10,23301,523
2026-08-17T00:00:00,10,526,6417,169,23301,695
2026-08-17T00:00:00,11,545,6417,415,23301,960
2026-08-17T00:00:00,12,570,6417,839,23301,1409
2026-08-17T00:00:00,13,600,6417,1369,23301,1969
2026-08-17T00:00:00,14,635,6417,2007,23301,2642
2026-08-17T00:00:00,15,643,6417,2828,23301,3471
2026-08-17T00:00:00,16,624,6417,3531,23301,4155
2026-08-17T00:00:00,17,611,6417,4157,23301,4768
2026-08-17T00:00:00,18,605,6417,4877,23301,5482
2026-08-17T00:00:00,19,606,6417,5639,23301,6245
2026-08-17T00:00:00,20,614,6417,6312,23301,6926
2026-08-17T00:00:00,21,627,6417,6946,23301,7573
2026-08-17T00:00:00,22,647,6417,7420,23301,8067
2026-08-17T00:00:00,23,674,6417,7833,23301,8507
2026-08-17T00:00:00,24,707,6417,8050,23301,8757
2026-08-17T00:00:00,25,746,6417,8203,23301,8949
2026-08-17T00:00:00,26,793,6417,8312,23301,9105
2026-08-17T00:00:00,27,814,6417,8336,23301,9150
2026-08-17T00:00:00,28,807,6417,8256,23301,9063
2026-08-17T00:00:00,29,805,6417,8117,23301,8922
2026-08-17T00:00:00,30,810,6417,7929,23301,8739
2026-08-17T00:00:00,31,819,6417,7648,23301,8467
2026-08-17T00:00:00,32,835,6417,7103,23301,7938
2026-08-17T00:00:00,33,856,6417,6523,23301,7379
2026-08-17T00:00:00,34,883,6417,5889,23301,6772
2026-08-17T00:00:00,35,916,6417,5224,23301,6140
2026-08-17T00:00:00,36,955,6417,4365,23301,5320
2026-08-17T00:00:00,37,1001,6417,3666,23301,4667
2026-08-17T00:00:00,38,1054,6417,3083,23301,4137
2026-08-17T00:00:00,39,1064,6417,2154,23301,3218
2026-08-17T00:00:00,40,1033,6417,1459,23301,2492
2026-08-17T00:00:00,41,1012,6417,968,23301,1980
2026-08-17T00:00:00,42,1000,6417,481,23301,1481
2026-08-17T00:00:00,43,997,6417,223,23301,1220
2026-08-17T00:00:00,44,1003,6417,27,23301,1030
2026-08-17T00:00:00,45,1018,6417,2,23301,1020
2026-08-17T00:00:00,46,1042,6417,0,23301,1042
2026-08-17T00:00:00,47,1076,6417,0,23301,1076
2026-08-17T00:00:00,48,1119,6417,0,23301,1119
2026-08-18T00:00:00,1,1172,6417,0,23301,1172
2026-08-18T00:00:00,2,1236,6417,0,23301,1236
2026-08-18T00:00:00,3,1250,6417,0,23301,1250
2026-08-18T00:00:00,4,1213,6417,0,23301,1213
2026-08-18T00:00:00,5,1185,6417,0,23301,1185
2026-08-18T00:00:00,6,1165,6417,0,23301,1165
2026-08-18T00:00:00,7,1153,6417,0,23301,1153
2026-08-18T00:00:00,8,1148,6417,1,23301,1149
2026-08-18T00:00:00,9,1152,6417,8,23301,1160
2026-08-18T00:00:00,10,1162,6417,166,23301,1328
2026-08-18T00:00:00,11,1180,6417,408,23301,1588
2026-08-18T00:00:00,12,1206,6417,803,23301,2009
2026-08-18T00:00:00,13,1238,6417,1339,23301,2577
2026-08-18T00:00:00,14,1278,6417,1957,23301,3235
2026-08-18T00:00:00,15,1282,6417,2754,23301,4036
2026-08-18T00:00:00,16,1250,6417,3478,23301,4728
2026-08-18T00:00:00,17,1228,6417,4083,23301,5311
2026-08-18T00:00:00,18,1214,6417,4781,23301,5995
2026-08-18T00:00:00,19,1209,6417,5531,23301,6740
2026-08-18T00:00:00,20,1212,6417,6202,23301,7414
2026-08-18T00:00:00,21,1224,6417,6856,23301,8080
2026-08-18T00:00:00,22,1244,6417,7349,23301,8593
2026-08-18T00:00:00,23,1273,6417,7778,23301,9051
2026-08-18T00:00:00,24,1311,6417,8007,23301,9318
2026-08-18T00:00:00,25,1358,6417,8158,23301,9516
2026-08-18T00:00:00,26,1414,6417,8268,23301,9682
2026-08-18T00:00:00,27,1426,6417,8304,23301,9730
2026-08-18T00:00:00,28,1393,6417,8241,23301,9634
2026-08-18T00:00:00,29,1368,6417,8119,23301,9487
2026-08-18T00:00:00,30,1349,6417,7948,23301,9297
2026-08-18T00:00:00,31,1338,6417,7659,23301,8997
2026-08-18T00:00:00,32,1334,6417,7122,23301,8456
2026-08-18T00:00:00,33,1337,6417,6533,23301,7870
2026-08-18T00:00:00,34,1348,6417,5910,23301,7258
2026-08-18T00:00:00,35,1367,6417,5258,23301,6625
2026-08-18T00:00:00,36,1393,6417,4394,23301,5787
2026-08-18T00:00:00,37,1428,6417,3691,23301,5119
2026-08-18T00:00:00,38,1471,6417,3086,23301,4557
2026-08-18T00:00:00,39,1463,6417,2137,23301,3600
2026-08-18T00:00:00,40,1407,6417,1456,23301,2863
2026-08-18T00:00:00,41,1361,6417,958,23301,2319
2026-08-18T00:00:00,42,1325,6417,469,23301,1794
2026-08-18T00:00:00,43,1299,6417,210,23301,1509
2026-08-18T00:00:00,44,1283,6417,17,23301,1300
2026-08-18T00:00:00,45,1277,6417,1,23301,1278
2026-08-18T00:00:00,46,1281,6417,0,23301,1281
2026-08-18T00:00:00,47,1297,6417,0,23301,1297
2026-08-18T00:00:00,48,1324,6417,0,23301,1324
2026-08-19T00:00:00,1,1362,6417,0,23301,1362
2026-08-19T00:00:00,2,1411,6417,0,23301,1411
2026-08-19T00:00:00,3,1413,6417,0,23301,1413
2026-08-19T00:00:00,4,1365,6417,0,23301,1365
2026-08-19T00:00:00,5,1325,6417,0,23301,1325
2026-08-19T00:00:00,6,1294,6417,0,23301,1294
2026-08-19T00:00:00,7,1270,6417,0,23301,1270
2026-08-19T00:00:00,8,1254,6417,1,23301,1255
2026-08-19T00:00:00,9,1245,6417,9,23301,1254
2026-08-19T00:00:00,10,1244,6417,163,23301,1407
2026-08-19T00:00:00,11,1251,6417,393,23301,1644
2026-08-19T00:00:00,12,1265,6417,769,23301,2034
2026-08-19T00:00:00,13,1287,6417,1267,23301,2554
2026-08-19T00:00:00,14,1318,6417,1837,23301,3155
2026-08-19T00:00:00,15,1320,6417,2580,23301,3900
2026-08-19T00:00:00,16,1294,6417,3299,23301,4593
2026-08-19T00:00:00,17,1276,6417,3882,23301,5158
2026-08-19T00:00:00,18,1265,6417,4548,23301,5813
2026-08-19T00:00:00,19,1263,6417,5275,23301,6538
2026-08-19T00:00:00,20,1268,6417,5947,23301,7215
2026-08-19T00:00:00,21,1281,6417,6607,23301,7888
2026-08-19T00:00:00,22,1301,6417,7101,23301,8402
2026-08-19T00:00:00,23,1329,6417,7542,23301,8871
2026-08-19T00:00:00,24,1364,6417,7788,23301,9152
2026-08-19T00:00:00,25,1404,6417,7962,23301,9366
2026-08-19T00:00:00,26,1451,6417,8106,23301,9557
2026-08-19T00:00:00,27,1456,6417,8182,23301,9638
2026-08-19T00:00:00,28,1419,6417,8163,23301,9582
2026-08-19T00:00:00,29,1388,6417,8091,23301,9479
2026-08-19T00:00:00,30,1363,6417,7952,23301,9315
2026-08-19T00:00:00,31,1344,6417,7691,23301,9035
2026-08-19T00:00:00,32,1332,6417,7188,23301,8520
2026-08-19T00:00:00,33,1325,6417,6629,23301,7954
2026-08-19T00:00:00,34,1324,6417,5990,23301,7314
2026-08-19T00:00:00,35,1330,6417,5361,23301,6691
2026-08-19T00:00:00,36,1342,6417,4487,23301,5829
2026-08-19T00:00:00,37,1360,6417,3777,23301,5137
2026-08-19T00:00:00,38,1385,6417,3161,23301,4546
2026-08-19T00:00:00,39,1375,6417,2213,23301,3588
2026-08-19T00:00:00,40,1329,6417,1510,23301,2839
2026-08-19T00:00:00,41,1292,6417,998,23301,2290
2026-08-19T00:00:00,42,1262,6417,486,23301,1748
2026-08-19T00:00:00,43,1239,6417,222,23301,1461
2026-08-19T00:00:00,44,1223,6417,20,23301,1243
2026-08-19T00:00:00,45,1213,6417,1,23301,1214
2026-08-19T00:00:00,46,1210,6417,0,23301,1210
2026-08-19T00:00:00,47,1214,6417,0,23301,1214
2026-08-19T00:00:00,48,1225,6417,0,23301,1225
2026-08-20T00:00:00,1,1244,6417,0,23301,1244
2026-08-20T00:00:00,2,1271,6417,0,23301,1271
2026-08-20T00:00:00,3,1266,6417,0,23301,1266
2026-08-20T00:00:00,4,1226,6417,0,23301,1226
2026-08-20T00:00:00,5,1194,6417,0,23301,1194
2026-08-20T00:00:00,6,1168,6417,0,23301,1168
2026-08-20T00:00:00,7,1147,6417,0,23301,1147
2026-08-20T00:00:00,8,1132,6417,0,23301,1132
2026-08-20T00:00:00,9,1123,6417,5,23301,1128
2026-08-20T00:00:00,10,1118,6417,170,23301,1288
2026-08-20T00:00:00,11,1119,6417,422,23301,1541
2026-08-20T00:00:00,12,1125,6417,817,23301,1942
2026-08-20T00:00:00,13,1138,6417,1402,23301,2540
2026-08-20T00:00:00,14,1157,6417,2031,23301,3188
2026-08-20T00:00:00,15,1155,6417,2807,23301,3962
2026-08-20T00:00:00,16,1133,6417,3606,23301,4739
2026-08-20T00:00:00,17,1118,6417,4245,23301,5363
2026-08-20T00:00:00,18,1111,6417,4955,23301,6066
2026-08-20T00:00:00,19,1110,6417,5725,23301,6835
2026-08-20T00:00:00,20,1116,6417,6435,23301,7551
2026-08-20T00:00:00,21,1127,6417,7116,23301,8243
2026-08-20T00:00:00,22,1146,6417,7625,23301,8771
2026-08-20T00:00:00,23,1170,6417,8079,23301,9249
2026-08-20T00:00:00,24,1202,6417,8318,23301,9520
2026-08-20T00:00:00,25,1240,6417,8477,23301,9717
2026-08-20T00:00:00,26,1286,6417,8591,23301,9877
2026-08-20T00:00:00,27,1300,6417,8633,23301,9933
2026-08-20T00:00:00,28,1280,6417,8594,23301,9874
2026-08-20T00:00:00,29,1266,6417,8493,23301,9759
2026-08-20T00:00:00,30,1258,6417,8328,23301,9586
2026-08-20T00:00:00,31,1255,6417,8020,23301,9275
2026-08-20T00:00:00,32,1258,6417,7500,23301,8758
2026-08-20T00:00:00,33,1267,6417,6912,23301,8179
2026-08-20T00:00:00,34,1281,6417,6238,23301,7519
2026-08-20T00:00:00,35,1301,6417,5549,23301,6850
2026-08-20T00:00:00,36,1327,6417,4662,23301,5989
2026-08-20T00:00:00,37,1359,6417,3932,23301,5291
2026-08-20T00:00:00,38,1397,6417,3271,23301,4668
2026-08-20T00:00:00,39,1391,6417,2309,23301,3700
2026-08-20T00:00:00,40,1341,6417,1572,23301,2913
2026-08-20T00:00:00,41,1298,6417,1039,23301,2337
2026-08-20T00:00:00,42,1262,6417,500,23301,1762
2026-08-20T00:00:00,43,1234,6417,227,23301,1461
2026-08-20T00:00:00,44,1214,6417,17,23301,1231
2026-08-20T00:00:00,45,1201,6417,1,23301,1202
2026-08-20T00:00:00,46,1196,6417,0,23301,1196
2026-08-20T00:00:00,47,1199,6417,0,23301,1199
2026-08-20T00:00:00,48,1210,6417,0,23301,1210
2026-08-21T00:00:00,1,1229,6417,0,23301,1229
2026-08-21T00:00:00,2,1257,6417,0,23301,1257
2026-08-21T00:00:00,3,1255,6417,0,23301,1255
2026-08-21T00:00:00,4,1223,6417,0,23301,1223
2026-08-21T00:00:00,5,1196,6417,0,23301,1196
2026-08-21T00:00:00,6,1173,6417,0,23301,1173
2026-08-21T00:00:00,7,1156,6417,0,23301,1156
2026-08-21T00:00:00,8,1144,6417,0,23301,1144
2026-08-21T00:00:00,9,1136,6417,4,23301,1140
2026-08-21T00:00:00,10,1134,6417,174,23301,1308
2026-08-21T00:00:00,11,1136,6417,435,23301,1571
2026-08-21T00:00:00,12,1144,6417,844,23301,1988
2026-08-21T00:00:00,13,1156,6417,1447,23301,2603
2026-08-21T00:00:00,14,1174,6417,2099,23301,3273
2026-08-21T00:00:00,15,1168,6417,2877,23301,4045
2026-08-21T00:00:00,16,1140,6417,3708,23301,4848
2026-08-21T00:00:00,17,1120,6417,4342,23301,5462
2026-08-21T00:00:00,18,1107,6417,5073,23301,6180
2026-08-21T00:00:00,19,1101,6417,5852,23301,6953
2026-08-21T00:00:00,20,1101,6417,6576,23301,7677
2026-08-21T00:00:00,21,1108,6417,7286,23301,8394
2026-08-21T00:00:00,22,1122,6417,7793,23301,8915
2026-08-21T00:00:00,23,1142,6417,8215,23301,9357
2026-08-21T00:00:00,24,1168,6417,8456,23301,9624
2026-08-21T00:00:00,25,1200,6417,8603,23301,9803
2026-08-21T00:00:00,26,1236,6417,8701,23301,9937
2026-08-21T00:00:00,27,1241,6417,8725,23301,9966
2026-08-21T00:00:00,28,1214,6417,8670,23301,9884
2026-08-21T00:00:00,29,1192,6417,8554,23301,9746
2026-08-21T00:00:00,30,1175,6417,8379,23301,9554
2026-08-21T00:00:00,31,1163,6417,8027,23301,9190
2026-08-21T00:00:00,32,1155,6417,7527,23301,8682
2026-08-21T00:00:00,33,1152,6417,6937,23301,8089
2026-08-21T00:00:00,34,1155,6417,6251,23301,7406
2026-08-21T00:00:00,35,1163,6417,5511,23301,6674
2026-08-21T00:00:00,36,1176,6417,4651,23301,5827
2026-08-21T00:00:00,37,1196,6417,3938,23301,5134
2026-08-21T00:00:00,38,1222,6417,3252,23301,4474
2026-08-21T00:00:00,39,1214,6417,2311,23301,3525
2026-08-21T00:00:00,40,1174,6417,1566,23301,2740
2026-08-21T00:00:00,41,1141,6417,1028,23301,2169
2026-08-21T00:00:00,42,1116,6417,497,23301,1613
2026-08-21T00:00:00,43,1098,6417,223,23301,1321
2026-08-21T00:00:00,44,1087,6417,14,23301,1101
2026-08-21T00:00:00,45,1082,6417,0,23301,1082
2026-08-21T00:00:00,46,1085,6417,0,23301,1085
2026-08-21T00:00:00,47,1095,6417,0,23301,1095
2026-08-21T00:00:00,48,1112,6417,0,23301,1112
2026-08-22T00:00:00,1,1139,6417,0,23301,1139
2026-08-22T00:00:00,2,1174,6417,0,23301,1174
2026-08-22T00:00:00,3,1176,6417,0,23301,1176
2026-08-22T00:00:00,4,1142,6417,0,23301,1142
2026-08-22T00:00:00,5,1113,6417,0,23301,1113
2026-08-22T00:00:00,6,1091,6417,0,23301,1091
2026-08-22T00:00:00,7,1075,6417,0,23301,1075
2026-08-22T00:00:00,8,1065,6417,0,23301,1065
2026-08-22T00:00:00,9,1061,6417,5,23301,1066
2026-08-22T00:00:00,10,1063,6417,173,23301,1236
2026-08-22T00:00:00,11,1071,6417,440,23301,1511
2026-08-22T00:00:00,12,1086,6417,827,23301,1913
2026-08-22T00:00:00,13,1107,6417,1479,23301,2586
2026-08-22T00:00:00,14,1135,6417,2140,23301,3275
2026-08-22T00:00:00,15,1132,6417,2922,23301,4054
2026-08-22T00:00:00,16,1098,6417,3760,23301,4858
2026-08-22T00:00:00,17,1071,6417,4404,23301,5475
2026-08-22T00:00:00,18,1050,6417,5126,23301,6176
2026-08-22T00:00:00,19,1036,6417,5904,23301,6940
2026-08-22T00:00:00,20,1029,6417,6631,23301,7660
2026-08-22T00:00:00,21,1027,6417,7329,23301,8356
2026-08-22T00:00:00,22,1032,6417,7793,23301,8825
2026-08-22T00:00:00,23,1044,6417,8174,23301,9218
2026-08-22T00:00:00,24,1061,6417,8398,23301,9459
2026-08-22T00:00:00,25,1085,6417,8511,23301,9596
2026-08-22T00:00:00,26,1115,6417,8558,23301,9673
2026-08-22T00:00:00,27,1115,6417,8538,23301,9653
2026-08-22T00:00:00,28,1083,6417,8449,23301,9532
2026-08-22T00:00:00,29,1059,6417,8302,23301,9361
2026-08-22T00:00:00,30,1042,6417,8097,23301,9139
2026-08-22T00:00:00,31,1030,6417,7701,23301,8731
2026-08-22T00:00:00,32,1025,6417,7202,23301,8227
2026-08-22T00:00:00,33,1027,6417,6599,23301,7626
2026-08-22T00:00:00,34,1034,6417,5925,23301,6959
2026-08-22T00:00:00,35,1049,6417,5176,23301,6225
2026-08-22T00:00:00,36,1071,6417,4372,23301,5443
2026-08-22T00:00:00,37,1101,6417,3714,23301,4815
2026-08-22T00:00:00,38,1138,6417,3044,23301,4182
2026-08-22T00:00:00,39,1133,6417,2150,23301,3283
2026-08-22T00:00:00,40,1086,6417,1454,23301,2540
2026-08-22T00:00:00,41,1047,6417,943,23301,1990
2026-08-22T00:00:00,42,1017,6417,463,23301,1480
2026-08-22T00:00:00,43,996,6417,208,23301,1204
2026-08-22T00:00:00,44,983,6417,14,23301,997
2026-08-22T00:00:00,45,978,6417,1,23301,979
2026-08-22T00:00:00,46,982,6417,0,23301,982
2026-08-22T00:00:00,47,994,6417,0,23301,994
2026-08-22T00:00:00,48,1016,6417,0,23301,1016
2026-08-14T00:00:00,3,670,6417,0,23301,670
2026-08-14T00:00:00,4,646,6417,0,23301,646
2026-08-14T00:00:00,5,643,6417,0,23301,643
2026-08-14T00:00:00,6,656,6417,0,23301,656
2026-08-14T00:00:00,7,666,6417,0,23301,666
2026-08-14T00:00:00,8,671,6417,0,23301,671
2026-08-14T00:00:00,9,681,6417,0,23301,681
2026-08-14T00:00:00,10,693,6417,0,23301,693
2026-08-14T00:00:00,11,702,6417,6,23301,708
2026-08-14T00:00:00,12,709,6417,79,23301,788
2026-08-14T00:00:00,13,698,6417,207,23301,905
2026-08-14T00:00:00,14,674,6417,858,23301,1532
2026-08-14T00:00:00,15,624,6417,1891,23301,2515
2026-08-14T00:00:00,16,556,6417,3036,23301,3592
2026-08-14T00:00:00,17,523,6417,4110,23301,4633
2026-08-14T00:00:00,18,510,6417,5375,23301,5885
2026-08-14T00:00:00,19,517,6417,6769,23301,7286
2026-08-14T00:00:00,20,539,6417,8226,23301,8765
2026-08-14T00:00:00,21,570,6417,9498,23301,10068
2026-08-14T00:00:00,22,609,6417,10376,23301,10985
2026-08-14T00:00:00,23,654,6417,11157,23301,11811
2026-08-14T00:00:00,24,702,6417,11627,23301,12329
2026-08-14T00:00:00,25,755,6417,11939,23301,12694
2026-08-14T00:00:00,26,809,6417,11979,23301,12788
2026-08-14T00:00:00,27,868,6417,11937,23301,12805
2026-08-14T00:00:00,28,932,6417,11675,23301,12607
2026-08-14T00:00:00,29,989,6417,11310,23301,12299
2026-08-14T00:00:00,30,1039,6417,10721,23301,11760
2026-08-14T00:00:00,31,1081,6417,10023,23301,11104
2026-08-14T00:00:00,32,1116,6417,9149,23301,10265
2026-08-14T00:00:00,33,1140,6417,8106,23301,9246
2026-08-14T00:00:00,34,1151,6417,6949,23301,8100
2026-08-14T00:00:00,35,1151,6417,5672,23301,6823
2026-08-14T00:00:00,36,1139,6417,4470,23301,5609
2026-08-14T00:00:00,37,1116,6417,3509,23301,4625
2026-08-14T00:00:00,38,1087,6417,2605,23301,3692
2026-08-14T00:00:00,39,1063,6417,1602,23301,2665
2026-08-14T00:00:00,40,1045,6417,784,23301,1829
2026-08-14T00:00:00,41,1044,6417,266,23301,1310
2026-08-14T00:00:00,42,1056,6417,100,23301,1156
2026-08-14T00:00:00,43,1065,6417,0,23301,1065
2026-08-14T00:00:00,44,1064,6417,0,23301,1064
2026-08-14T00:00:00,45,1059,6417,0,23301,1059
2026-08-14T00:00:00,46,1042,6417,0,23301,1042
2026-08-14T00:00:00,47,1032,6417,0,23301,1032
2026-08-14T00:00:00,48,1026,6417,0,23301,1026
2026-08-15T00:00:00,1,1022,6417,0,23301,1022
2026-08-15T00:00:00,2,1020,6417,0,23301,1020
2026-08-15T00:00:00,3,1028,6417,0,23301,1028
2026-08-15T00:00:00,4,1042,6417,0,23301,1042
2026-08-15T00:00:00,5,1063,6417,0,23301,1063
2026-08-15T00:00:00,6,1091,6417,0,23301,1091
2026-08-15T00:00:00,7,1121,6417,0,23301,1121
2026-08-15T00:00:00,8,1151,6417,0,23301,1151
2026-08-15T00:00:00,9,1176,6417,0,23301,1176
2026-08-15T00:00:00,10,1195,6417,0,23301,1195
2026-08-15T00:00:00,11,1208,6417,3,23301,1211
2026-08-15T00:00:00,12,1213,6417,62,23301,1275
2026-08-15T00:00:00,13,1194,6417,155,23301,1349
2026-08-15T00:00:00,14,1154,6417,611,23301,1765
2026-08-15T00:00:00,15,1104,6417,1410,23301,2514
2026-08-15T00:00:00,16,1048,6417,2360,23301,3408
2026-08-15T00:00:00,17,1020,6417,3180,23301,4200
2026-08-15T00:00:00,18,1014,6417,4287,23301,5301
2026-08-15T00:00:00,19,995,6417,5461,23301,6456
2026-08-15T00:00:00,20,963,6417,6661,23301,7624
2026-08-15T00:00:00,21,928,6417,7687,23301,8615
2026-08-15T00:00:00,22,888,6417,8449,23301,9337
2026-08-15T00:00:00,23,853,6417,9077,23301,9930
2026-08-15T00:00:00,24,823,6417,9547,23301,10370
2026-08-15T00:00:00,25,807,6417,9910,23301,10717
2026-08-15T00:00:00,26,804,6417,10027,23301,10831
2026-08-15T00:00:00,27,810,6417,10096,23301,10906
2026-08-15T00:00:00,28,823,6417,10009,23301,10832
2026-08-15T00:00:00,29,840,6417,9844,23301,10684
2026-08-15T00:00:00,30,859,6417,9525,23301,10384
2026-08-15T00:00:00,31,880,6417,9118,23301,9998
2026-08-15T00:00:00,32,901,6417,8451,23301,9352
2026-08-15T00:00:00,33,922,6417,7638,23301,8560
2026-08-15T00:00:00,34,941,6417,6599,23301,7540
2026-08-15T00:00:00,35,955,6417,5436,23301,6391
2026-08-15T00:00:00,36,964,6417,4333,23301,5297
2026-08-15T00:00:00,37,967,6417,3424,23301,4391
2026-08-15T00:00:00,38,966,6417,2578,23301,3544
2026-08-15T00:00:00,39,958,6417,1599,23301,2557
2026-08-15T00:00:00,40,946,6417,839,23301,1785
2026-08-15T00:00:00,41,947,6417,279,23301,1226
2026-08-15T00:00:00,42,959,6417,99,23301,1058
2026-08-15T00:00:00,43,955,6417,0,23301,955
2026-08-15T00:00:00,44,934,6417,0,23301,934
2026-08-15T00:00:00,45,903,6417,0,23301,903
2026-08-15T00:00:00,46,859,6417,0,23301,859
2026-08-15T00:00:00,47,814,6417,0,23301,814
2026-08-15T00:00:00,48,766,6417,0,23301,766
2026-08-16T00:00:00,1,720,6417,0,23301,720
2026-08-16T00:00:00,2,675,6417,0,23301,675
2026-08-16T00:00:00,3,637,6417,0,23301,637
2026-08-16T00:00:00,4,604,6417,0,23301,604
2026-08-16T00:00:00,5,579,6417,0,23301,579
2026-08-16T00:00:00,6,562,6417,0,23301,562
2026-08-16T00:00:00,7,548,6417,0,23301,548
2026-08-16T00:00:00,8,537,6417,0,23301,537
2026-08-16T00:00:00,9,527,6417,0,23301,527
2026-08-16T00:00:00,10,520,6417,0,23301,520
2026-08-16T00:00:00,11,511,6417,3,23301,514
2026-08-16T00:00:00,12,501,6417,58,23301,559
2026-08-16T00:00:00,13,481,6417,166,23301,647
2026-08-16T00:00:00,14,452,6417,681,23301,1133
2026-08-16T00:00:00,15,409,6417,1570,23301,1979
2026-08-16T00:00:00,16,359,6417,2594,23301,2953
2026-08-16T00:00:00,17,330,6417,3538,23301,3868
2026-08-16T00:00:00,18,318,6417,4726,23301,5044
2026-08-16T00:00:00,19,308,6417,6039,23301,6347
2026-08-16T00:00:00,20,301,6417,7338,23301,7639
2026-08-16T00:00:00,21,295,6417,8439,23301,8734
2026-08-16T00:00:00,22,293,6417,9135,23301,9428
2026-08-16T00:00:00,23,294,6417,9678,23301,9972
2026-08-16T00:00:00,24,298,6417,10043,23301,10341
2026-08-16T00:00:00,25,306,6417,10344,23301,10650
2026-08-16T00:00:00,26,318,6417,10484,23301,10802
2026-08-16T00:00:00,27,335,6417,10540,23301,10875
2026-08-16T00:00:00,28,357,6417,10412,23301,10769
2026-08-16T00:00:00,29,379,6417,10192,23301,10571
2026-08-16T00:00:00,30,400,6417,9749,23301,10149
2026-08-16T00:00:00,31,419,6417,9220,23301,9639
2026-08-16T00:00:00,32,435,6417,8477,23301,8912
2026-08-16T00:00:00,33,449,6417,7578,23301,8027
2026-08-16T00:00:00,34,463,6417,6493,23301,6956
2026-08-16T00:00:00,35,473,6417,5298,23301,5771
2026-08-16T00:00:00,36,479,6417,4169,23301,4648
2026-08-16T00:00:00,37,482,6417,3246,23301,3728
2026-08-16T00:00:00,38,480,6417,2409,23301,2889
2026-08-16T00:00:00,39,477,6417,1440,23301,1917
2026-08-16T00:00:00,40,472,6417,692,23301,1164
2026-08-16T00:00:00,41,471,6417,235,23301,706
2026-08-16T00:00:00,42,472,6417,80,23301,552
2026-08-16T00:00:00,43,467,6417,0,23301,467
2026-08-16T00:00:00,44,456,6417,0,23301,456
2026-08-16T00:00:00,45,445,6417,0,23301,445
2026-08-16T00:00:00,46,432,6417,0,23301,432
2026-08-16T00:00:00,47,420,6417,0,23301,420
2026-08-16T00:00:00,48,407,6417,0,23301,407
2026-08-17T00:00:00,1,398,6417,0,23301,398
2026-08-17T00:00:00,2,390,6417,0,23301,390
2026-08-17T00:00:00,3,385,6417,0,23301,385
2026-08-17T00:00:00,4,381,6417,0,23301,381
2026-08-17T00:00:00,5,380,6417,0,23301,380
2026-08-17T00:00:00,6,382,6417,0,23301,382
2026-08-17T00:00:00,7,387,6417,0,23301,387
2026-08-17T00:00:00,8,394,6417,0,23301,394
2026-08-17T00:00:00,9,402,6417,0,23301,402
2026-08-17T00:00:00,10,410,6417,0,23301,410
2026-08-17T00:00:00,11,421,6417,2,23301,423
2026-08-17T00:00:00,12,433,6417,47,23301,480
2026-08-17T00:00:00,13,444,6417,143,23301,587
2026-08-17T00:00:00,14,453,6417,554,23301,1007
2026-08-17T00:00:00,15,458,6417,1300,23301,1758
2026-08-17T00:00:00,16,457,6417,2218,23301,2675
2026-08-17T00:00:00,17,463,6417,3027,23301,3490
2026-08-17T00:00:00,18,477,6417,4047,23301,4524
2026-08-17T00:00:00,19,497,6417,5184,23301,5681
2026-08-17T00:00:00,20,524,6417,6335,23301,6859
2026-08-17T00:00:00,21,549,6417,7358,23301,7907
2026-08-17T00:00:00,22,575,6417,8083,23301,8658
2026-08-17T00:00:00,23,608,6417,8673,23301,9281
2026-08-17T00:00:00,24,649,6417,9029,23301,9678
2026-08-17T00:00:00,25,697,6417,9306,23301,10003
2026-08-17T00:00:00,26,753,6417,9415,23301,10168
2026-08-17T00:00:00,27,799,6417,9435,23301,10234
2026-08-17T00:00:00,28,834,6417,9281,23301,10115
2026-08-17T00:00:00,29,875,6417,9053,23301,9928
2026-08-17T00:00:00,30,921,6417,8681,23301,9602
2026-08-17T00:00:00,31,972,6417,8220,23301,9192
2026-08-17T00:00:00,32,1028,6417,7484,23301,8512
2026-08-17T00:00:00,33,1066,6417,6629,23301,7695
2026-08-17T00:00:00,34,1089,6417,5669,23301,6758
2026-08-17T00:00:00,35,1120,6417,4645,23301,5765
2026-08-17T00:00:00,36,1159,6417,3636,23301,4795
2026-08-17T00:00:00,37,1205,6417,2814,23301,4019
2026-08-17T00:00:00,38,1259,6417,2088,23301,3347
2026-08-17T00:00:00,39,1289,6417,1187,23301,2476
2026-08-17T00:00:00,40,1299,6417,540,23301,1839
2026-08-17T00:00:00,41,1331,6417,200,23301,1531
2026-08-17T00:00:00,42,1387,6417,47,23301,1434
2026-08-17T00:00:00,43,1461,6417,2,23301,1463
2026-08-17T00:00:00,44,1553,6417,1,23301,1554
2026-08-17T00:00:00,45,1598,6417,0,23301,1598
2026-08-17T00:00:00,46,1597,6417,0,23301,1597
2026-08-17T00:00:00,47,1616,6417,1,23301,1617
2026-08-17T00:00:00,48,1657,6417,13,23301,1670
2026-08-18T00:00:00,1,1720,6417,23,23301,1743
2026-08-18T00:00:00,2,1805,6417,28,23301,1833
2026-08-18T00:00:00,3,1840,6417,29,23301,1869
2026-08-18T00:00:00,4,1819,6417,25,23301,1844
2026-08-18T00:00:00,5,1815,6417,15,23301,1830
2026-08-18T00:00:00,6,1828,6417,1,23301,1829
2026-08-18T00:00:00,7,1857,6417,0,23301,1857
2026-08-18T00:00:00,8,1903,6417,1,23301,1904
2026-08-18T00:00:00,9,1914,6417,2,23301,1916
2026-08-18T00:00:00,10,1886,6417,3,23301,1889
2026-08-18T00:00:00,11,1870,6417,4,23301,1874
2026-08-18T00:00:00,12,1868,6417,74,23301,1942
2026-08-18T00:00:00,13,1883,6417,234,23301,2117
2026-08-18T00:00:00,14,1915,6417,570,23301,2485
2026-08-18T00:00:00,15,1918,6417,1193,23301,3111
2026-08-18T00:00:00,16,1890,6417,1870,23301,3760
2026-08-18T00:00:00,17,1884,6417,2411,23301,4295
2026-08-18T00:00:00,18,1899,6417,3141,23301,5040
2026-08-18T00:00:00,19,1932,6417,3997,23301,5929
2026-08-18T00:00:00,20,1982,6417,4777,23301,6759
2026-08-18T00:00:00,21,2020,6417,5587,23301,7607
2026-08-18T00:00:00,22,2045,6417,6249,23301,8294
2026-08-18T00:00:00,23,2084,6417,6845,23301,8929
2026-08-18T00:00:00,24,2139,6417,7220,23301,9359
2026-08-18T00:00:00,25,2212,6417,7517,23301,9729
2026-08-18T00:00:00,26,2302,6417,7719,23301,10021
2026-08-18T00:00:00,27,2354,6417,7825,23301,10179
2026-08-18T00:00:00,28,2362,6417,7805,23301,10167
2026-08-18T00:00:00,29,2382,6417,7676,23301,10058
2026-08-18T00:00:00,30,2412,6417,7459,23301,9871
2026-08-18T00:00:00,31,2456,6417,7131,23301,9587
2026-08-18T00:00:00,32,2512,6417,6445,23301,8957
2026-08-18T00:00:00,33,2499,6417,5733,23301,8232
2026-08-18T00:00:00,34,2414,6417,4991,23301,7405
2026-08-18T00:00:00,35,2340,6417,4229,23301,6569
2026-08-18T00:00:00,36,2281,6417,3353,23301,5634
2026-08-18T00:00:00,37,2236,6417,2619,23301,4855
2026-08-18T00:00:00,38,2206,6417,1996,23301,4202
2026-08-18T00:00:00,39,2161,6417,1066,23301,3227
2026-08-18T00:00:00,40,2098,6417,489,23301,2587
2026-08-18T00:00:00,41,2052,6417,205,23301,2257
2026-08-18T00:00:00,42,2022,6417,25,23301,2047
2026-08-18T00:00:00,43,2009,6417,8,23301,2017
2026-08-18T00:00:00,44,2014,6417,4,23301,2018
2026-08-18T00:00:00,45,1997,6417,2,23301,1999
2026-08-18T00:00:00,46,1957,6417,0,23301,1957
2026-08-18T00:00:00,47,1929,6417,1,23301,1930
2026-08-18T00:00:00,48,1915,6417,27,23301,1942
2026-08-19T00:00:00,1,1913,6417,50,23301,1963
2026-08-19T00:00:00,2,1924,6417,65,23301,1989
2026-08-19T00:00:00,3,1915,6417,70,23301,1985
2026-08-19T00:00:00,4,1883,6417,62,23301,1945
2026-08-19T00:00:00,5,1860,6417,39,23301,1899
2026-08-19T00:00:00,6,1846,6417,3,23301,1849
2026-08-19T00:00:00,7,1840,6417,0,23301,1840
2026-08-19T00:00:00,8,1844,6417,0,23301,1844
2026-08-19T00:00:00,9,1827,6417,1,23301,1828
2026-08-19T00:00:00,10,1791,6417,1,23301,1792
2026-08-19T00:00:00,11,1761,6417,2,23301,1763
2026-08-19T00:00:00,12,1740,6417,107,23301,1847
2026-08-19T00:00:00,13,1726,6417,385,23301,2111
2026-08-19T00:00:00,14,1721,6417,893,23301,2614
2026-08-19T00:00:00,15,1709,6417,1744,23301,3453
2026-08-19T00:00:00,16,1692,6417,2679,23301,4371
2026-08-19T00:00:00,17,1686,6417,3413,23301,5099
2026-08-19T00:00:00,18,1690,6417,4356,23301,6046
2026-08-19T00:00:00,19,1705,6417,5480,23301,7185
2026-08-19T00:00:00,20,1729,6417,6534,23301,8263
2026-08-19T00:00:00,21,1751,6417,7675,23301,9426
2026-08-19T00:00:00,22,1768,6417,8537,23301,10305
2026-08-19T00:00:00,23,1795,6417,9166,23301,10961
2026-08-19T00:00:00,24,1830,6417,9475,23301,11305
2026-08-19T00:00:00,25,1875,6417,9633,23301,11508
2026-08-19T00:00:00,26,1928,6417,9613,23301,11541
2026-08-19T00:00:00,27,1937,6417,9420,23301,11357
2026-08-19T00:00:00,28,1898,6417,9137,23301,11035
2026-08-19T00:00:00,29,1863,6417,8810,23301,10673
2026-08-19T00:00:00,30,1833,6417,8443,23301,10276
2026-08-19T00:00:00,31,1808,6417,8014,23301,9822
2026-08-19T00:00:00,32,1788,6417,7346,23301,9134
2026-08-19T00:00:00,33,1775,6417,6660,23301,8435
2026-08-19T00:00:00,34,1767,6417,5933,23301,7700
2026-08-19T00:00:00,35,1764,6417,5204,23301,6968
2026-08-19T00:00:00,36,1767,6417,4336,23301,6103
2026-08-19T00:00:00,37,1776,6417,3632,23301,5408
2026-08-19T00:00:00,38,1790,6417,3047,23301,4837
2026-08-19T00:00:00,39,1767,6417,2137,23301,3904
2026-08-19T00:00:00,40,1708,6417,1456,23301,3164
2026-08-19T00:00:00,41,1655,6417,978,23301,2633
2026-08-19T00:00:00,42,1609,6417,493,23301,2102
2026-08-19T00:00:00,43,1570,6417,240,23301,1810
2026-08-19T00:00:00,44,1537,6417,31,23301,1568
2026-08-19T00:00:00,45,1511,6417,1,23301,1512
2026-08-19T00:00:00,46,1493,6417,0,23301,1493
2026-08-19T00:00:00,47,1482,6417,0,23301,1482
2026-08-19T00:00:00,48,1479,6417,0,23301,1479
2026-08-20T00:00:00,1,1485,6417,0,23301,1485
2026-08-20T00:00:00,2,1498,6417,0,23301,1498
2026-08-20T00:00:00,3,1484,6417,0,23301,1484
2026-08-20T00:00:00,4,1438,6417,0,23301,1438
2026-08-20T00:00:00,5,1396,6417,0,23301,1396
2026-08-20T00:00:00,6,1360,6417,0,23301,1360
2026-08-20T00:00:00,7,1329,6417,0,23301,1329
2026-08-20T00:00:00,8,1303,6417,0,23301,1303
2026-08-20T00:00:00,9,1282,6417,2,23301,1284
2026-08-20T00:00:00,10,1266,6417,170,23301,1436
2026-08-20T00:00:00,11,1255,6417,452,23301,1707
2026-08-20T00:00:00,12,1250,6417,896,23301,2146
2026-08-20T00:00:00,13,1251,6417,1549,23301,2800
2026-08-20T00:00:00,14,1257,6417,2279,23301,3536
2026-08-20T00:00:00,15,1242,6417,3128,23301,4370
2026-08-20T00:00:00,16,1204,6417,4002,23301,5206
2026-08-20T00:00:00,17,1174,6417,4680,23301,5854
2026-08-20T00:00:00,18,1151,6417,5459,23301,6610
2026-08-20T00:00:00,19,1134,6417,6292,23301,7426
2026-08-20T00:00:00,20,1125,6417,6983,23301,8108
2026-08-20T00:00:00,21,1121,6417,7674,23301,8795
2026-08-20T00:00:00,22,1124,6417,8156,23301,9280
2026-08-20T00:00:00,23,1132,6417,8541,23301,9673
2026-08-20T00:00:00,24,1147,6417,8712,23301,9859
2026-08-20T00:00:00,25,1168,6417,8824,23301,9992
2026-08-20T00:00:00,26,1195,6417,8866,23301,10061
2026-08-20T00:00:00,27,1193,6417,8823,23301,10016
2026-08-20T00:00:00,28,1162,6417,8692,23301,9854
2026-08-20T00:00:00,29,1138,6417,8506,23301,9644
2026-08-20T00:00:00,30,1120,6417,8270,23301,9390
2026-08-20T00:00:00,31,1108,6417,7927,23301,9035
2026-08-20T00:00:00,32,1102,6417,7367,23301,8469
2026-08-20T00:00:00,33,1103,6417,6749,23301,7852
2026-08-20T00:00:00,34,1109,6417,6059,23301,7168
2026-08-20T00:00:00,35,1120,6417,5353,23301,6473
2026-08-20T00:00:00,36,1138,6417,4493,23301,5631
2026-08-20T00:00:00,37,1161,6417,3784,23301,4945
2026-08-20T00:00:00,38,1191,6417,3164,23301,4355
2026-08-20T00:00:00,39,1182,6417,2221,23301,3403
2026-08-20T00:00:00,40,1135,6417,1506,23301,2641
2026-08-20T00:00:00,41,1096,6417,997,23301,2093
2026-08-20T00:00:00,42,1064,6417,486,23301,1550
2026-08-20T00:00:00,43,1039,6417,223,23301,1262
2026-08-20T00:00:00,44,1022,6417,18,23301,1040
2026-08-20T00:00:00,45,1011,6417,1,23301,1012
2026-08-20T00:00:00,46,1007,6417,0,23301,1007
2026-08-20T00:00:00,47,1010,6417,0,23301,1010
2026-08-20T00:00:00,48,1021,6417,0,23301,1021
2026-08-21T00:00:00,1,1038,6417,0,23301,1038
2026-08-21T00:00:00,2,1064,6417,0,23301,1064
2026-08-21T00:00:00,3,1062,6417,0,23301,1062
2026-08-21T00:00:00,4,1030,6417,0,23301,1030
2026-08-21T00:00:00,5,1003,6417,0,23301,1003
2026-08-21T00:00:00,6,981,6417,0,23301,981
2026-08-21T00:00:00,7,963,6417,0,23301,963
2026-08-21T00:00:00,8,949,6417,1,23301,950
2026-08-21T00:00:00,9,940,6417,6,23301,946
2026-08-21T00:00:00,10,936,6417,168,23301,1104
2026-08-21T00:00:00,11,936,6417,426,23301,1362
2026-08-21T00:00:00,12,942,6417,830,23301,1772
2026-08-21T00:00:00,13,952,6417,1427,23301,2379
2026-08-21T00:00:00,14,967,6417,2081,23301,3048
2026-08-21T00:00:00,15,960,6417,2851,23301,3811
2026-08-21T00:00:00,16,929,6417,3687,23301,4616
2026-08-21T00:00:00,17,905,6417,4283,23301,5188
2026-08-21T00:00:00,18,886,6417,4997,23301,5883
2026-08-21T00:00:00,19,873,6417,5756,23301,6629
2026-08-21T00:00:00,20,865,6417,6411,23301,7276
2026-08-21T00:00:00,21,862,6417,7053,23301,7915
2026-08-21T00:00:00,22,865,6417,7496,23301,8361
2026-08-21T00:00:00,23,872,6417,7846,23301,8718
2026-08-21T00:00:00,24,885,6417,7993,23301,8878
2026-08-21T00:00:00,25,903,6417,8077,23301,8980
2026-08-21T00:00:00,26,926,6417,8108,23301,9034
2026-08-21T00:00:00,27,925,6417,8061,23301,8986
2026-08-21T00:00:00,28,903,6417,7934,23301,8837
2026-08-21T00:00:00,29,887,6417,7758,23301,8645
2026-08-21T00:00:00,30,878,6417,7542,23301,8420
2026-08-21T00:00:00,31,875,6417,7198,23301,8073
2026-08-21T00:00:00,32,878,6417,6686,23301,7564
2026-08-21T00:00:00,33,887,6417,6114,23301,7001
2026-08-21T00:00:00,34,902,6417,5473,23301,6375
2026-08-21T00:00:00,35,923,6417,4775,23301,5698
2026-08-21T00:00:00,36,950,6417,4024,23301,4974
2026-08-21T00:00:00,37,984,6417,3400,23301,4384
2026-08-21T00:00:00,38,1023,6417,2815,23301,3838
2026-08-21T00:00:00,39,1024,6417,1956,23301,2980
2026-08-21T00:00:00,40,988,6417,1318,23301,2306
2026-08-21T00:00:00,41,961,6417,867,23301,1828
2026-08-21T00:00:00,42,943,6417,430,23301,1373
2026-08-21T00:00:00,43,932,6417,196,23301,1128
2026-08-21T00:00:00,44,930,6417,19,23301,949
2026-08-21T00:00:00,45,936,6417,1,23301,937
2026-08-21T00:00:00,46,951,6417,0,23301,951
2026-08-21T00:00:00,47,974,6417,0,23301,974
2026-08-21T00:00:00,48,1006,6417,0,23301,1006
2026-08-22T00:00:00,1,1048,6417,0,23301,1048
2026-08-22T00:00:00,2,1097,6417,0,23301,1097
2026-08-22T00:00:00,3,1113,6417,0,23301,1113
2026-08-22T00:00:00,4,1093,6417,0,23301,1093
2026-08-22T00:00:00,5,1078,6417,0,23301,1078
2026-08-22T00:00:00,6,1070,6417,0,23301,1070
2026-08-22T00:00:00,7,1069,6417,0,23301,1069
2026-08-22T00:00:00,8,1074,6417,1,23301,1075
2026-08-22T00:00:00,9,1085,6417,6,23301,1091
2026-08-22T00:00:00,10,1102,6417,149,23301,1251
2026-08-22T00:00:00,11,1126,6417,387,23301,1513
2026-08-22T00:00:00,12,1156,6417,732,23301,1888
2026-08-22T00:00:00,13,1192,6417,1297,23301,2489
2026-08-22T00:00:00,14,1234,6417,1896,23301,3130
2026-08-22T00:00:00,15,1240,6417,2625,23301,3865
2026-08-22T00:00:00,16,1212,6417,3409,23301,4621
2026-08-22T00:00:00,17,1192,6417,3963,23301,5155
2026-08-22T00:00:00,18,1179,6417,4628,23301,5807
2026-08-22T00:00:00,19,1175,6417,5344,23301,6519
2026-08-22T00:00:00,20,1179,6417,6001,23301,7180
2026-08-22T00:00:00,21,1191,6417,6622,23301,7813
2026-08-22T00:00:00,22,1212,6417,7052,23301,8264
2026-08-22T00:00:00,23,1240,6417,7380,23301,8620
2026-08-22T00:00:00,24,1275,6417,7562,23301,8837
2026-08-22T00:00:00,25,1316,6417,7657,23301,8973
2026-08-22T00:00:00,26,1362,6417,7703,23301,9065
2026-08-22T00:00:00,27,1370,6417,7670,23301,9040
2026-08-22T00:00:00,28,1344,6417,7574,23301,8918
2026-08-22T00:00:00,29,1323,6417,7424,23301,8747
2026-08-22T00:00:00,30,1308,6417,7236,23301,8544
2026-08-22T00:00:00,31,1300,6417,6893,23301,8193
2026-08-22T00:00:00,32,1300,6417,6415,23301,7715
2026-08-22T00:00:00,33,1307,6417,5882,23301,7189
2026-08-22T00:00:00,34,1322,6417,5257,23301,6579
2026-08-22T00:00:00,35,1346,6417,4571,23301,5917
2026-08-22T00:00:00,36,1377,6417,3849,23301,5226
2026-08-22T00:00:00,37,1416,6417,3281,23301,4697
2026-08-22T00:00:00,38,1461,6417,2683,23301,4144
2026-08-22T00:00:00,39,1466,6417,1875,23301,3341
2026-08-22T00:00:00,40,1429,6417,1263,23301,2692
2026-08-22T00:00:00,41,1399,6417,823,23301,2222
2026-08-22T00:00:00,42,1375,6417,411,23301,1786
2026-08-22T00:00:00,43,1358,6417,187,23301,1545
2026-08-22T00:00:00,44,1349,6417,16,23301,1365
2026-08-22T00:00:00,45,1346,6417,1,23301,1347
2026-08-22T00:00:00,46,1352,6417,0,23301,1352
2026-08-22T00:00:00,47,1364,6417,0,23301,1364
2026-08-22T00:00:00,48,1384,6417,0,23301,1384
2026-08-23T00:00:00,1,1412,6417,0,23301,1412
2026-08-23T00:00:00,2,1446,6417,0,23301,1446
2026-08-23T00:00:00,3,1453,6417,0,23301,1453
2026-08-23T00:00:00,4,1430,6417,0,23301,1430
2026-08-23T00:00:00,5,1411,6417,0,23301,1411
2026-08-23T00:00:00,6,1397,6417,0,23301,1397
2026-08-23T00:00:00,7,1388,6417,0,23301,1388
2026-08-23T00:00:00,8,1383,6417,1,23301,1384
2026-08-23T00:00:00,9,1384,6417,6,23301,1390
2026-08-23T00:00:00,10,1388,6417,145,23301,1533
2026-08-23T00:00:00,11,1397,6417,379,23301,1776
2026-08-23T00:00:00,12,1410,6417,706,23301,2116
2026-08-23T00:00:00,13,1427,6417,1276,23301,2703
2026-08-23T00:00:00,14,1449,6417,1864,23301,3313
2026-08-23T00:00:00,15,1448,6417,2562,23301,4010
2026-08-23T00:00:00,16,1425,6417,3363,23301,4788
2026-08-23T00:00:00,17,1408,6417,3918,23301,5326
2026-08-23T00:00:00,18,1398,6417,4562,23301,5960
2026-08-23T00:00:00,19,1393,6417,5301,23301,6694
2026-08-23T00:00:00,20,1394,6417,5960,23301,7354
2026-08-23T00:00:00,21,1401,6417,6594,23301,7995
2026-08-23T00:00:00,22,1413,6417,7014,23301,8427
2026-08-23T00:00:00,23,1430,6417,7343,23301,8773
2026-08-23T00:00:00,24,1452,6417,7546,23301,8998
2026-08-23T00:00:00,25,1479,6417,7652,23301,9131
2026-08-23T00:00:00,26,1511,6417,7701,23301,9212
2026-08-23T00:00:00,27,1514,6417,7685,23301,9199
2026-08-23T00:00:00,28,1489,6417,7603,23301,9092
2026-08-23T00:00:00,29,1468,6417,7470,23301,8938
2026-08-23T00:00:00,30,1452,6417,7293,23301,8745
2026-08-23T00:00:00,31,1441,6417,6948,23301,8389
2026-08-23T00:00:00,32,1436,6417,6457,23301,7893
2026-08-23T00:00:00,33,1436,6417,5932,23301,7368
2026-08-23T00:00:00,34,1441,6417,5309,23301,6750
2026-08-23T00:00:00,35,1452,6417,4588,23301,6040
2026-08-23T00:00:00,36,1467,6417,3882,23301,5349
2026-08-23T00:00:00,37,1487,6417,3320,23301,4807
2026-08-23T00:00:00,38,1512,6417,2693,23301,4205
2026-08-23T00:00:00,39,1506,6417,1903,23301,3409
2026-08-23T00:00:00,40,1471,6417,1289,23301,2760
2026-08-23T00:00:00,41,1441,6417,822,23301,2263
2026-08-23T00:00:00,42,1418,6417,420,23301,1838
2026-08-23T00:00:00,43,1401,6417,193,23301,1594
2026-08-23T00:00:00,44,1392,6417,18,23301,1410
2026-08-23T00:00:00,45,1390,6417,1,23301,1391
2026-08-23T00:00:00,46,1395,6417,0,23301,1395
2026-08-23T00:00:00,47,1408,6417,0,23301,1408
2026-08-23T00:00:00,48,1429,6417,0,23301,1429
2026-08-24T00:00:00,1,1457,6417,0,23301,1457
2026-08-24T00:00:00,2,1493,6417,0,23301,1493
2026-08-24T00:00:00,3,1502,6417,0,23301,1502
2026-08-24T00:00:00,4,1482,6417,0,23301,1482
2026-08-24T00:00:00,5,1466,6417,0,23301,1466
2026-08-24T00:00:00,6,1455,6417,0,23301,1455
2026-08-24T00:00:00,7,1448,6417,0,23301,1448
2026-08-24T00:00:00,8,1445,6417,0,23301,1445
2026-08-24T00:00:00,9,1447,6417,4,23301,1451
2026-08-24T00:00:00,10,1454,6417,146,23301,1600
2026-08-24T00:00:00,11,1465,6417,393,23301,1858
2026-08-24T00:00:00,12,1481,6417,720,23301,2201
2026-08-24T00:00:00,13,1502,6417,1350,23301,2852
2026-08-24T00:00:00,14,1528,6417,1971,23301,3499
2026-08-24T00:00:00,15,1532,6417,2692,23301,4224
2026-08-24T00:00:00,16,1514,6417,3531,23301,5045
2026-08-24T00:00:00,17,1502,6417,4121,23301,5623
2026-08-24T00:00:00,18,1494,6417,4786,23301,6280
2026-08-24T00:00:00,19,1490,6417,5551,23301,7041
2026-08-24T00:00:00,20,1491,6417,6227,23301,7718
2026-08-24T00:00:00,21,1496,6417,6873,23301,8369
2026-08-24T00:00:00,22,1505,6417,7292,23301,8797
2026-08-24T00:00:00,23,1519,6417,7623,23301,9142
2026-08-24T00:00:00,24,1537,6417,7823,23301,9360
2026-08-24T00:00:00,25,1559,6417,7910,23301,9469
2026-08-24T00:00:00,26,1586,6417,7939,23301,9525
2026-08-24T00:00:00,27,1587,6417,7904,23301,9491
2026-08-24T00:00:00,28,1562,6417,7807,23301,9369
2026-08-24T00:00:00,29,1542,6417,7652,23301,9194
2026-08-24T00:00:00,30,1527,6417,7459,23301,8986
2026-08-24T00:00:00,31,1515,6417,7069,23301,8584
2026-08-24T00:00:00,32,1508,6417,6578,23301,8086
2026-08-24T00:00:00,33,1505,6417,6018,23301,7523
2026-08-24T00:00:00,34,1508,6417,5392,23301,6900
2026-08-24T00:00:00,35,1515,6417,4633,23301,6148
2026-08-24T00:00:00,36,1527,6417,3934,23301,5461
2026-08-24T00:00:00,37,1544,6417,3375,23301,4919
2026-08-24T00:00:00,38,1567,6417,2700,23301,4267
2026-08-24T00:00:00,39,1557,6417,1910,23301,3467
2026-08-24T00:00:00,40,1515,6417,1293,23301,2808
2026-08-24T00:00:00,41,1479,6417,817,23301,2296
2026-08-24T00:00:00,42,1450,6417,413,23301,1863
2026-08-24T00:00:00,43,1428,6417,182,23301,1610
2026-08-24T00:00:00,44,1413,6417,14,23301,1427
2026-08-24T00:00:00,45,1405,6417,1,23301,1406
2026-08-24T00:00:00,46,1404,6417,0,23301,1404
2026-08-24T00:00:00,47,1410,6417,0,23301,1410
2026-08-24T00:00:00,48,1422,6417,0,23301,1422
2026-08-25T00:00:00,1,1443,6417,0,23301,1443
2026-08-25T00:00:00,2,1471,6417,0,23301,1471
2026-08-25T00:00:00,3,1467,6417,0,23301,1467
2026-08-25T00:00:00,4,1430,6417,0,23301,1430
2026-08-25T00:00:00,5,1397,6417,0,23301,1397
2026-08-25T00:00:00,6,1370,6417,0,23301,1370
2026-08-25T00:00:00,7,1348,6417,0,23301,1348
2026-08-25T00:00:00,8,1332,6417,1,23301,1333
2026-08-25T00:00:00,9,1322,6417,6,23301,1328
2026-08-25T00:00:00,10,1317,6417,142,23301,1459
2026-08-25T00:00:00,11,1319,6417,372,23301,1691
2026-08-25T00:00:00,12,1326,6417,648,23301,1974
2026-08-25T00:00:00,13,1340,6417,1246,23301,2586
2026-08-25T00:00:00,14,1359,6417,1813,23301,3172
2026-08-25T00:00:00,15,1355,6417,2491,23301,3846
2026-08-25T00:00:00,16,1327,6417,3295,23301,4622
2026-08-25T00:00:00,17,1304,6417,3835,23301,5139
2026-08-25T00:00:00,18,1287,6417,4471,23301,5758
2026-08-25T00:00:00,19,1276,6417,5220,23301,6496
2026-08-25T00:00:00,20,1271,6417,5886,23301,7157
2026-08-25T00:00:00,21,1271,6417,6505,23301,7776
2026-08-25T00:00:00,22,1277,6417,6941,23301,8218
2026-08-25T00:00:00,23,1288,6417,7278,23301,8566
2026-08-25T00:00:00,24,1305,6417,7510,23301,8815
2026-08-25T00:00:00,25,1328,6417,7628,23301,8956
2026-08-25T00:00:00,26,1356,6417,7699,23301,9055
2026-08-25T00:00:00,27,1351,6417,7711,23301,9062
2026-08-25T00:00:00,28,1312,6417,7660,23301,8972
2026-08-25T00:00:00,29,1278,6417,7553,23301,8831
2026-08-25T00:00:00,30,1249,6417,7386,23301,8635
2026-08-25T00:00:00,31,1226,6417,7023,23301,8249
2026-08-25T00:00:00,32,1207,6417,6558,23301,7765
2026-08-25T00:00:00,33,1194,6417,6014,23301,7208
2026-08-25T00:00:00,34,1186,6417,5399,23301,6585
2026-08-25T00:00:00,35,1185,6417,4628,23301,5813
2026-08-25T00:00:00,36,1190,6417,3943,23301,5133
2026-08-25T00:00:00,37,1201,6417,3400,23301,4601
2026-08-25T00:00:00,38,1220,6417,2669,23301,3889
2026-08-25T00:00:00,39,1212,6417,1911,23301,3123
2026-08-25T00:00:00,40,1179,6417,1299,23301,2478
2026-08-25T00:00:00,41,1154,6417,806,23301,1960
2026-08-25T00:00:00,42,1135,6417,410,23301,1545
2026-08-25T00:00:00,43,1123,6417,177,23301,1300
2026-08-25T00:00:00,44,1119,6417,12,23301,1131
2026-08-25T00:00:00,45,1121,6417,1,23301,1122
2026-08-25T00:00:00,46,1130,6417,0,23301,1130
2026-08-25T00:00:00,47,1146,6417,0,23301,1146
2026-08-25T00:00:00,48,1169,6417,0,23301,1169
2026-08-26T00:00:00,1,1200,6417,0,23301,1200
2026-08-26T00:00:00,2,1239,6417,0,23301,1239
2026-08-26T00:00:00,3,1248,6417,0,23301,1248
2026-08-26T00:00:00,4,1224,6417,0,23301,1224
2026-08-26T00:00:00,5,1207,6417,0,23301,1207
2026-08-26T00:00:00,6,1197,6417,0,23301,1197
2026-08-26T00:00:00,7,1193,6417,1,23301,1194
2026-08-26T00:00:00,8,1196,6417,2,23301,1198
2026-08-26T00:00:00,9,1205,6417,9,23301,1214
2026-08-26T00:00:00,10,1221,6417,142,23301,1363
2026-08-26T00:00:00,11,1243,6417,367,23301,1610
2026-08-26T00:00:00,12,1273,6417,636,23301,1909
2026-08-26T00:00:00,13,1309,6417,1223,23301,2532
2026-08-26T00:00:00,14,1352,6417,1780,23301,3132
2026-08-26T00:00:00,15,1360,6417,2407,23301,3767
2026-08-26T00:00:00,16,1334,6417,3217,23301,4551
2026-08-26T00:00:00,17,1317,6417,3748,23301,5065
2026-08-26T00:00:00,18,1310,6417,4363,23301,5673
2026-08-26T00:00:00,19,1311,6417,5109,23301,6420
2026-08-26T00:00:00,20,1321,6417,5758,23301,7079
2026-08-26T00:00:00,21,1339,6417,6339,23301,7678
2026-08-26T00:00:00,22,1366,6417,6751,23301,8117
2026-08-26T00:00:00,23,1400,6417,7051,23301,8451
2026-08-26T00:00:00,24,1442,6417,7290,23301,8732
2026-08-26T00:00:00,25,1491,6417,7390,23301,8881
2026-08-26T00:00:00,26,1545,6417,7448,23301,8993
2026-08-26T00:00:00,27,1551,6417,7447,23301,8998
2026-08-26T00:00:00,28,1510,6417,7384,23301,8894
2026-08-26T00:00:00,29,1474,6417,7261,23301,8735
2026-08-26T00:00:00,30,1444,6417,7091,23301,8535
2026-08-26T00:00:00,31,1421,6417,6707,23301,8128
2026-08-26T00:00:00,32,1405,6417,6268,23301,7673
2026-08-26T00:00:00,33,1396,6417,5740,23301,7136
2026-08-26T00:00:00,34,1394,6417,5166,23301,6560
2026-08-26T00:00:00,35,1400,6417,4412,23301,5812
2026-08-26T00:00:00,36,1414,6417,3752,23301,5166
2026-08-26T00:00:00,37,1435,6417,3244,23301,4679
2026-08-26T00:00:00,38,1465,6417,2514,23301,3979
2026-08-26T00:00:00,39,1461,6417,1800,23301,3261
2026-08-26T00:00:00,40,1421,6417,1225,23301,2646
2026-08-26T00:00:00,41,1388,6417,744,23301,2132
2026-08-26T00:00:00,42,1362,6417,388,23301,1750
2026-08-26T00:00:00,43,1343,6417,166,23301,1509
2026-08-26T00:00:00,44,1332,6417,12,23301,1344
2026-08-26T00:00:00,45,1329,6417,1,23301,1330
2026-08-26T00:00:00,46,1334,6417,0,23301,1334
2026-08-26T00:00:00,47,1346,6417,0,23301,1346
2026-08-26T00:00:00,48,1367,6417,0,23301,1367
2026-08-27T00:00:00,1,1396,6417,0,23301,1396
2026-08-27T00:00:00,2,1433,6417,0,23301,1433
2026-08-27T00:00:00,3,1437,6417,0,23301,1437
2026-08-27T00:00:00,4,1406,6417,0,23301,1406
2026-08-27T00:00:00,5,1380,6417,0,23301,1380
2026-08-27T00:00:00,6,1360,6417,0,23301,1360
2026-08-27T00:00:00,7,1345,6417,0,23301,1345
2026-08-27T00:00:00,8,1337,6417,1,23301,1338
2026-08-27T00:00:00,9,1335,6417,6,23301,1341
2026-08-27T00:00:00,10,1340,6417,135,23301,1475
2026-08-27T00:00:00,11,1351,6417,355,23301,1706
2026-08-27T00:00:00,12,1369,6417,611,23301,1980
2026-08-27T00:00:00,13,1394,6417,1175,23301,2569
2026-08-27T00:00:00,14,1424,6417,1699,23301,3123
2026-08-27T00:00:00,15,1426,6417,2327,23301,3753
2026-08-27T00:00:00,16,1399,6417,3139,23301,4538
2026-08-27T00:00:00,17,1376,6417,3666,23301,5042
2026-08-27T00:00:00,18,1360,6417,4266,23301,5626
2026-08-27T00:00:00,19,1352,6417,5015,23301,6367
2026-08-27T00:00:00,20,1353,6417,5661,23301,7014
2026-08-27T00:00:00,21,1364,6417,6243,23301,7607
2026-08-27T00:00:00,22,1384,6417,6667,23301,8051
2026-08-27T00:00:00,23,1415,6417,6968,23301,8383
2026-08-27T00:00:00,24,1455,6417,7238,23301,8693
2026-08-27T00:00:00,25,1505,6417,7355,23301,8860
2026-08-27T00:00:00,26,1562,6417,7438,23301,9000
2026-08-27T00:00:00,27,1574,6417,7459,23301,9033
2026-08-27T00:00:00,28,1543,6417,7412,23301,8955
2026-08-27T00:00:00,29,1517,6417,7311,23301,8828
2026-08-27T00:00:00,30,1495,6417,7138,23301,8633
2026-08-27T00:00:00,31,1479,6417,6739,23301,8218
2026-08-27T00:00:00,32,1467,6417,6308,23301,7775
2026-08-27T00:00:00,33,1460,6417,5779,23301,7239
2026-08-27T00:00:00,34,1459,6417,5212,23301,6671
2026-08-27T00:00:00,35,1462,6417,4431,23301,5893
2026-08-27T00:00:00,36,1471,6417,3777,23301,5248
2026-08-27T00:00:00,37,1485,6417,3263,23301,4748
2026-08-27T00:00:00,38,1505,6417,2494,23301,3999
2026-08-27T00:00:00,39,1498,6417,1768,23301,3266
2026-08-27T00:00:00,40,1466,6417,1191,23301,2657
2026-08-27T00:00:00,41,1439,6417,680,23301,2119
2026-08-27T00:00:00,42,1418,6417,359,23301,1777
2026-08-27T00:00:00,43,1403,6417,137,23301,1540
2026-08-27T00:00:00,44,1394,6417,3,23301,1397
2026-08-27T00:00:00,45,1392,6417,0,23301,1392
2026-08-27T00:00:00,46,1397,6417,0,23301,1397
2026-08-27T00:00:00,47,1410,6417,0,23301,1410
2026-08-27T00:00:00,48,1429,6417,0,23301,1429
2026-08-14T00:00:00,3,670,6417,0,23301,670
2026-08-14T00:00:00,4,646,6417,0,23301,646
2026-08-14T00:00:00,5,643,6417,0,23301,643
2026-08-14T00:00:00,6,656,6417,0,23301,656
2026-08-14T00:00:00,7,666,6417,0,23301,666
2026-08-14T00:00:00,8,671,6417,0,23301,671
2026-08-14T00:00:00,9,681,6417,0,23301,681
2026-08-14T00:00:00,10,693,6417,0,23301,693
2026-08-14T00:00:00,11,702,6417,6,23301,708
2026-08-14T00:00:00,12,709,6417,79,23301,788
2026-08-14T00:00:00,13,698,6417,207,23301,905
2026-08-14T00:00:00,14,674,6417,858,23301,1532
2026-08-14T00:00:00,15,624,6417,1891,23301,2515
2026-08-14T00:00:00,16,556,6417,3036,23301,3592
2026-08-14T00:00:00,17,523,6417,4110,23301,4633
2026-08-14T00:00:00,18,510,6417,5375,23301,5885
2026-08-14T00:00:00,19,517,6417,6769,23301,7286
2026-08-14T00:00:00,20,539,6417,8226,23301,8765
2026-08-14T00:00:00,21,570,6417,9498,23301,10068
2026-08-14T00:00:00,22,609,6417,10376,23301,10985
2026-08-14T00:00:00,23,654,6417,11157,23301,11811
2026-08-14T00:00:00,24,702,6417,11627,23301,12329
2026-08-14T00:00:00,25,755,6417,11939,23301,12694
2026-08-14T00:00:00,26,809,6417,11979,23301,12788
2026-08-14T00:00:00,27,868,6417,11937,23301,12805
2026-08-14T00:00:00,28,932,6417,11675,23301,12607
2026-08-14T00:00:00,29,989,6417,11310,23301,12299
2026-08-14T00:00:00,30,1039,6417,10721,23301,11760
2026-08-14T00:00:00,31,1081,6417,10023,23301,11104
2026-08-14T00:00:00,32,1116,6417,9149,23301,10265
2026-08-14T00:00:00,33,1140,6417,8106,23301,9246
2026-08-14T00:00:00,34,1151,6417,6949,23301,8100
2026-08-14T00:00:00,35,1151,6417,5672,23301,6823
2026-08-14T00:00:00,36,1139,6417,4470,23301,5609
2026-08-14T00:00:00,37,1116,6417,3509,23301,4625
2026-08-14T00:00:00,38,1087,6417,2605,23301,3692
2026-08-14T00:00:00,39,1063,6417,1602,23301,2665
2026-08-14T00:00:00,40,1045,6417,784,23301,1829
2026-08-14T00:00:00,41,1044,6417,266,23301,1310
2026-08-14T00:00:00,42,1056,6417,100,23301,1156
2026-08-14T00:00:00,43,1065,6417,0,23301,1065
2026-08-14T00:00:00,44,1064,6417,0,23301,1064
2026-08-14T00:00:00,45,1059,6417,0,23301,1059
2026-08-14T00:00:00,46,1042,6417,0,23301,1042
2026-08-14T00:00:00,47,1032,6417,0,23301,1032
2026-08-14T00:00:00,48,1026,6417,0,23301,1026
2026-08-15T00:00:00,1,1022,6417,0,23301,1022
2026-08-15T00:00:00,2,1020,6417,0,23301,1020
2026-08-15T00:00:00,3,1028,6417,0,23301,1028
2026-08-15T00:00:00,4,1042,6417,0,23301,1042
2026-08-15T00:00:00,5,1063,6417,0,23301,1063
2026-08-15T00:00:00,6,1091,6417,0,23301,1091
2026-08-15T00:00:00,7,1121,6417,0,23301,1121
2026-08-15T00:00:00,8,1151,6417,0,23301,1151
2026-08-15T00:00:00,9,1176,6417,0,23301,1176
2026-08-15T00:00:00,10,1195,6417,0,23301,1195
2026-08-15T00:00:00,11,1208,6417,3,23301,1211
2026-08-15T00:00:00,12,1213,6417,62,23301,1275
2026-08-15T00:00:00,13,1194,6417,155,23301,1349
2026-08-15T00:00:00,14,1154,6417,611,23301,1765
2026-08-15T00:00:00,15,1104,6417,1410,23301,2514
2026-08-15T00:00:00,16,1048,6417,2360,23301,3408
2026-08-15T00:00:00,17,1020,6417,3180,23301,4200
2026-08-15T00:00:00,18,1014,6417,4287,23301,5301
2026-08-15T00:00:00,19,995,6417,5461,23301,6456
2026-08-15T00:00:00,20,963,6417,6661,23301,7624
2026-08-15T00:00:00,21,928,6417,7687,23301,8615
2026-08-15T00:00:00,22,888,6417,8449,23301,9337
2026-08-15T00:00:00,23,853,6417,9077,23301,9930
2026-08-15T00:00:00,24,823,6417,9547,23301,10370
2026-08-15T00:00:00,25,807,6417,9910,23301,10717
2026-08-15T00:00:00,26,804,6417,10027,23301,10831
2026-08-15T00:00:00,27,810,6417,10096,23301,10906
2026-08-15T00:00:00,28,823,6417,10009,23301,10832
2026-08-15T00:00:00,29,840,6417,9844,23301,10684
2026-08-15T00:00:00,30,859,6417,9525,23301,10384
2026-08-15T00:00:00,31,880,6417,9118,23301,9998
2026-08-15T00:00:00,32,901,6417,8451,23301,9352
2026-08-15T00:00:00,33,922,6417,7638,23301,8560
2026-08-15T00:00:00,34,941,6417,6599,23301,7540
2026-08-15T00:00:00,35,955,6417,5436,23301,6391
2026-08-15T00:00:00,36,964,6417,4333,23301,5297
2026-08-15T00:00:00,37,967,6417,3424,23301,4391
2026-08-15T00:00:00,38,966,6417,2578,23301,3544
2026-08-15T00:00:00,39,958,6417,1599,23301,2557
2026-08-15T00:00:00,40,946,6417,839,23301,1785
2026-08-15T00:00:00,41,947,6417,279,23301,1226
2026-08-15T00:00:00,42,959,6417,99,23301,1058
2026-08-15T00:00:00,43,955,6417,0,23301,955
2026-08-15T00:00:00,44,934,6417,0,23301,934
2026-08-15T00:00:00,45,903,6417,0,23301,903
2026-08-15T00:00:00,46,859,6417,0,23301,859
2026-08-15T00:00:00,47,814,6417,0,23301,814
2026-08-15T00:00:00,48,766,6417,0,23301,766
2026-08-16T00:00:00,1,720,6417,0,23301,720
2026-08-16T00:00:00,2,675,6417,0,23301,675
2026-08-16T00:00:00,3,637,6417,0,23301,637
2026-08-16T00:00:00,4,604,6417,0,23301,604
2026-08-16T00:00:00,5,579,6417,0,23301,579
2026-08-16T00:00:00,6,562,6417,0,23301,562
2026-08-16T00:00:00,7,548,6417,0,23301,548
2026-08-16T00:00:00,8,537,6417,0,23301,537
2026-08-16T00:00:00,9,527,6417,0,23301,527
2026-08-16T00:00:00,10,520,6417,0,23301,520
2026-08-16T00:00:00,11,511,6417,3,23301,514
2026-08-16T00:00:00,12,501,6417,58,23301,559
2026-08-16T00:00:00,13,481,6417,166,23301,647
2026-08-16T00:00:00,14,452,6417,681,23301,1133
2026-08-16T00:00:00,15,409,6417,1570,23301,1979
2026-08-16T00:00:00,16,359,6417,2594,23301,2953
2026-08-16T00:00:00,17,330,6417,3538,23301,3868
2026-08-16T00:00:00,18,318,6417,4726,23301,5044
2026-08-16T00:00:00,19,308,6417,6039,23301,6347
2026-08-16T00:00:00,20,301,6417,7338,23301,7639
2026-08-16T00:00:00,21,295,6417,8439,23301,8734
2026-08-16T00:00:00,22,293,6417,9135,23301,9428
2026-08-16T00:00:00,23,294,6417,9678,23301,9972
2026-08-16T00:00:00,24,298,6417,10043,23301,10341
2026-08-16T00:00:00,25,306,6417,10344,23301,10650
2026-08-16T00:00:00,26,318,6417,10484,23301,10802
2026-08-16T00:00:00,27,335,6417,10540,23301,10875
2026-08-16T00:00:00,28,357,6417,10412,23301,10769
2026-08-16T00:00:00,29,379,6417,10192,23301,10571
2026-08-16T00:00:00,30,400,6417,9749,23301,10149
2026-08-16T00:00:00,31,419,6417,9220,23301,9639
2026-08-16T00:00:00,32,435,6417,8477,23301,8912
2026-08-16T00:00:00,33,449,6417,7578,23301,8027
2026-08-16T00:00:00,34,463,6417,6493,23301,6956
2026-08-16T00:00:00,35,473,6417,5298,23301,5771
2026-08-16T00:00:00,36,479,6417,4169,23301,4648
2026-08-16T00:00:00,37,482,6417,3246,23301,3728
2026-08-16T00:00:00,38,480,6417,2409,23301,2889
2026-08-16T00:00:00,39,477,6417,1440,23301,1917
2026-08-16T00:00:00,40,472,6417,692,23301,1164
2026-08-16T00:00:00,41,471,6417,235,23301,706
2026-08-16T00:00:00,42,472,6417,80,23301,552
2026-08-16T00:00:00,43,467,6417,0,23301,467
2026-08-16T00:00:00,44,456,6417,0,23301,456
2026-08-16T00:00:00,45,445,6417,0,23301,445
2026-08-16T00:00:00,46,432,6417,0,23301,432
2026-08-16T00:00:00,47,420,6417,0,23301,420
2026-08-16T00:00:00,48,407,6417,0,23301,407
2026-08-17T00:00:00,1,398,6417,0,23301,398
2026-08-17T00:00:00,2,390,6417,0,23301,390
2026-08-17T00:00:00,3,385,6417,0,23301,385
2026-08-17T00:00:00,4,381,6417,0,23301,381
2026-08-17T00:00:00,5,380,6417,0,23301,380
2026-08-17T00:00:00,6,382,6417,0,23301,382
2026-08-17T00:00:00,7,387,6417,0,23301,387
2026-08-17T00:00:00,8,394,6417,0,23301,394
2026-08-17T00:00:00,9,402,6417,0,23301,402
2026-08-17T00:00:00,10,410,6417,0,23301,410
2026-08-17T00:00:00,11,421,6417,2,23301,423
2026-08-17T00:00:00,12,433,6417,47,23301,480
2026-08-17T00:00:00,13,444,6417,143,23301,587
2026-08-17T00:00:00,14,453,6417,554,23301,1007
2026-08-17T00:00:00,15,458,6417,1300,23301,1758
2026-08-17T00:00:00,16,457,6417,2218,23301,2675
2026-08-17T00:00:00,17,463,6417,3027,23301,3490
2026-08-17T00:00:00,18,477,6417,4047,23301,4524
2026-08-17T00:00:00,19,497,6417,5184,23301,5681
2026-08-17T00:00:00,20,524,6417,6335,23301,6859
2026-08-17T00:00:00,21,549,6417,7358,23301,7907
2026-08-17T00:00:00,22,575,6417,8083,23301,8658
2026-08-17T00:00:00,23,608,6417,8673,23301,9281
2026-08-17T00:00:00,24,649,6417,9029,23301,9678
2026-08-17T00:00:00,25,697,6417,9306,23301,10003
2026-08-17T00:00:00,26,753,6417,9415,23301,10168
2026-08-17T00:00:00,27,799,6417,9435,23301,10234
2026-08-17T00:00:00,28,834,6417,9281,23301,10115
2026-08-17T00:00:00,29,875,6417,9053,23301,9928
2026-08-17T00:00:00,30,921,6417,8681,23301,9602
2026-08-17T00:00:00,31,972,6417,8220,23301,9192
2026-08-17T00:00:00,32,1028,6417,7484,23301,8512
2026-08-17T00:00:00,33,1066,6417,6629,23301,7695
2026-08-17T00:00:00,34,1089,6417,5669,23301,6758
2026-08-17T00:00:00,35,1120,6417,4645,23301,5765
2026-08-17T00:00:00,36,1159,6417,3636,23301,4795
2026-08-17T00:00:00,37,1205,6417,2814,23301,4019
2026-08-17T00:00:00,38,1259,6417,2088,23301,3347
2026-08-17T00:00:00,39,1289,6417,1187,23301,2476
2026-08-17T00:00:00,40,1299,6417,540,23301,1839
2026-08-17T00:00:00,41,1331,6417,200,23301,1531
2026-08-17T00:00:00,42,1387,6417,47,23301,1434
2026-08-17T00:00:00,43,1461,6417,2,23301,1463
2026-08-17T00:00:00,44,1553,6417,1,23301,1554
2026-08-17T00:00:00,45,1598,6417,0,23301,1598
2026-08-17T00:00:00,46,1597,6417,0,23301,1597
2026-08-17T00:00:00,47,1616,6417,1,23301,1617
2026-08-17T00:00:00,48,1657,6417,13,23301,1670
2026-08-18T00:00:00,1,1720,6417,23,23301,1743
2026-08-18T00:00:00,2,1805,6417,28,23301,1833
2026-08-18T00:00:00,3,1840,6417,29,23301,1869
2026-08-18T00:00:00,4,1819,6417,25,23301,1844
2026-08-18T00:00:00,5,1815,6417,15,23301,1830
2026-08-18T00:00:00,6,1828,6417,1,23301,1829
2026-08-18T00:00:00,7,1857,6417,0,23301,1857
2026-08-18T00:00:00,8,1903,6417,1,23301,1904
2026-08-18T00:00:00,9,1914,6417,2,23301,1916
2026-08-18T00:00:00,10,1886,6417,3,23301,1889
2026-08-18T00:00:00,11,1870,6417,4,23301,1874
2026-08-18T00:00:00,12,1868,6417,74,23301,1942
2026-08-18T00:00:00,13,1883,6417,234,23301,2117
2026-08-18T00:00:00,14,1915,6417,570,23301,2485
2026-08-18T00:00:00,15,1918,6417,1193,23301,3111
2026-08-18T00:00:00,16,1890,6417,1870,23301,3760
2026-08-18T00:00:00,17,1884,6417,2411,23301,4295
2026-08-18T00:00:00,18,1899,6417,3141,23301,5040
2026-08-18T00:00:00,19,1932,6417,3997,23301,5929
2026-08-18T00:00:00,20,1982,6417,4777,23301,6759
2026-08-18T00:00:00,21,2020,6417,5587,23301,7607
2026-08-18T00:00:00,22,2045,6417,6249,23301,8294
2026-08-18T00:00:00,23,2084,6417,6845,23301,8929
2026-08-18T00:00:00,24,2139,6417,7220,23301,9359
2026-08-18T00:00:00,25,2212,6417,7517,23301,9729
2026-08-18T00:00:00,26,2302,6417,7719,23301,10021
2026-08-18T00:00:00,27,2354,6417,7825,23301,10179
2026-08-18T00:00:00,28,2362,6417,7805,23301,10167
2026-08-18T00:00:00,29,2382,6417,7676,23301,10058
2026-08-18T00:00:00,30,2412,6417,7459,23301,9871
2026-08-18T00:00:00,31,2456,6417,7131,23301,9587
2026-08-18T00:00:00,32,2512,6417,6445,23301,8957
2026-08-18T00:00:00,33,2499,6417,5733,23301,8232
2026-08-18T00:00:00,34,2414,6417,4991,23301,7405
2026-08-18T00:00:00,35,2340,6417,4229,23301,6569
2026-08-18T00:00:00,36,2281,6417,3353,23301,5634
2026-08-18T00:00:00,37,2236,6417,2619,23301,4855
2026-08-18T00:00:00,38,2206,6417,1996,23301,4202
2026-08-18T00:00:00,39,2161,6417,1066,23301,3227
2026-08-18T00:00:00,40,2098,6417,489,23301,2587
2026-08-18T00:00:00,41,2052,6417,205,23301,2257
2026-08-18T00:00:00,42,2022,6417,25,23301,2047
2026-08-18T00:00:00,43,2009,6417,8,23301,2017
2026-08-18T00:00:00,44,2014,6417,4,23301,2018
2026-08-18T00:00:00,45,1997,6417,2,23301,1999
2026-08-18T00:00:00,46,1957,6417,0,23301,1957
2026-08-18T00:00:00,47,1929,6417,1,23301,1930
2026-08-18T00:00:00,48,1915,6417,27,23301,1942
2026-08-19T00:00:00,1,1913,6417,50,23301,1963
2026-08-19T00:00:00,2,1924,6417,65,23301,1989
2026-08-19T00:00:00,3,1915,6417,70,23301,1985
2026-08-19T00:00:00,4,1883,6417,62,23301,1945
2026-08-19T00:00:00,5,1860,6417,39,23301,1899
2026-08-19T00:00:00,6,1846,6417,3,23301,1849
2026-08-19T00:00:00,7,1840,6417,0,23301,1840
2026-08-19T00:00:00,8,1844,6417,0,23301,1844
2026-08-19T00:00:00,9,1827,6417,1,23301,1828
2026-08-19T00:00:00,10,1791,6417,1,23301,1792
2026-08-19T00:00:00,11,1761,6417,2,23301,1763
2026-08-19T00:00:00,12,1740,6417,107,23301,1847
2026-08-19T00:00:00,13,1726,6417,385,23301,2111
2026-08-19T00:00:00,14,1721,6417,893,23301,2614
2026-08-19T00:00:00,15,1709,6417,1744,23301,3453
2026-08-19T00:00:00,16,1692,6417,2679,23301,4371
2026-08-19T00:00:00,17,1686,6417,3413,23301,5099
2026-08-19T00:00:00,18,1690,6417,4356,23301,6046
2026-08-19T00:00:00,19,1705,6417,5480,23301,7185
2026-08-19T00:00:00,20,1729,6417,6534,23301,8263
2026-08-19T00:00:00,21,1751,6417,7675,23301,9426
2026-08-19T00:00:00,22,1768,6417,8537,23301,10305
2026-08-19T00:00:00,23,1795,6417,9166,23301,10961
2026-08-19T00:00:00,24,1830,6417,9475,23301,11305
2026-08-19T00:00:00,25,1875,6417,9633,23301,11508
2026-08-19T00:00:00,26,1928,6417,9613,23301,11541
2026-08-19T00:00:00,27,1937,6417,9420,23301,11357
2026-08-19T00:00:00,28,1898,6417,9137,23301,11035
2026-08-19T00:00:00,29,1863,6417,8810,23301,10673
2026-08-19T00:00:00,30,1833,6417,8443,23301,10276
2026-08-19T00:00:00,31,1808,6417,8014,23301,9822
2026-08-19T00:00:00,32,1788,6417,7346,23301,9134
2026-08-19T00:00:00,33,1775,6417,6660,23301,8435
2026-08-19T00:00:00,34,1767,6417,5933,23301,7700
2026-08-19T00:00:00,35,1764,6417,5204,23301,6968
2026-08-19T00:00:00,36,1767,6417,4336,23301,6103
2026-08-19T00:00:00,37,1776,6417,3632,23301,5408
2026-08-19T00:00:00,38,1790,6417,3047,23301,4837
2026-08-19T00:00:00,39,1767,6417,2137,23301,3904
2026-08-19T00:00:00,40,1708,6417,1456,23301,3164
2026-08-19T00:00:00,41,1655,6417,978,23301,2633
2026-08-19T00:00:00,42,1609,6417,493,23301,2102
2026-08-19T00:00:00,43,1570,6417,240,23301,1810
2026-08-19T00:00:00,44,1537,6417,31,23301,1568
2026-08-19T00:00:00,45,1511,6417,1,23301,1512
2026-08-19T00:00:00,46,1493,6417,0,23301,1493
2026-08-19T00:00:00,47,1482,6417,0,23301,1482
2026-08-19T00:00:00,48,1479,6417,0,23301,1479
2026-08-20T00:00:00,1,1485,6417,0,23301,1485
2026-08-20T00:00:00,2,1498,6417,0,23301,1498
2026-08-20T00:00:00,3,1484,6417,0,23301,1484
2026-08-20T00:00:00,4,1438,6417,0,23301,1438
2026-08-20T00:00:00,5,1396,6417,0,23301,1396
2026-08-20T00:00:00,6,1360,6417,0,23301,1360
2026-08-20T00:00:00,7,1329,6417,0,23301,1329
2026-08-20T00:00:00,8,1303,6417,0,23301,1303
2026-08-20T00:00:00,9,1282,6417,2,23301,1284
2026-08-20T00:00:00,10,1266,6417,170,23301,1436
2026-08-20T00:00:00,11,1255,6417,452,23301,1707
2026-08-20T00:00:00,12,1250,6417,896,23301,2146
2026-08-20T00:00:00,13,1251,6417,1549,23301,2800
2026-08-20T00:00:00,14,1257,6417,2279,23301,3536
2026-08-20T00:00:00,15,1242,6417,3128,23301,4370
2026-08-20T00:00:00,16,1204,6417,4002,23301,5206
2026-08-20T00:00:00,17,1174,6417,4680,23301,5854
2026-08-20T00:00:00,18,1151,6417,5459,23301,6610
2026-08-20T00:00:00,19,1134,6417,6292,23301,7426
2026-08-20T00:00:00,20,1125,6417,6983,23301,8108
2026-08-20T00:00:00,21,1121,6417,7674,23301,8795
2026-08-20T00:00:00,22,1124,6417,8156,23301,9280
2026-08-20T00:00:00,23,1132,6417,8541,23301,9673
2026-08-20T00:00:00,24,1147,6417,8712,23301,9859
2026-08-20T00:00:00,25,1168,6417,8824,23301,9992
2026-08-20T00:00:00,26,1195,6417,8866,23301,10061
2026-08-20T00:00:00,27,1193,6417,8823,23301,10016
2026-08-20T00:00:00,28,1162,6417,8692,23301,9854
2026-08-20T00:00:00,29,1138,6417,8506,23301,9644
2026-08-20T00:00:00,30,1120,6417,8270,23301,9390
2026-08-20T00:00:00,31,1108,6417,7927,23301,9035
2026-08-20T00:00:00,32,1102,6417,7367,23301,8469
2026-08-20T00:00:00,33,1103,6417,6749,23301,7852
2026-08-20T00:00:00,34,1109,6417,6059,23301,7168
2026-08-20T00:00:00,35,1120,6417,5353,23301,6473
2026-08-20T00:00:00,36,1138,6417,4493,23301,5631
2026-08-20T00:00:00,37,1161,6417,3784,23301,4945
2026-08-20T00:00:00,38,1191,6417,3164,23301,4355
2026-08-20T00:00:00,39,1182,6417,2221,23301,3403
2026-08-20T00:00:00,40,1135,6417,1506,23301,2641
2026-08-20T00:00:00,41,1096,6417,997,23301,2093
2026-08-20T00:00:00,42,1064,6417,486,23301,1550
2026-08-20T00:00:00,43,1039,6417,223,23301,1262
2026-08-20T00:00:00,44,1022,6417,18,23301,1040
2026-08-20T00:00:00,45,1011,6417,1,23301,1012
2026-08-20T00:00:00,46,1007,6417,0,23301,1007
2026-08-20T00:00:00,47,1010,6417,0,23301,1010
2026-08-20T00:00:00,48,1021,6417,0,23301,1021
2026-08-21T00:00:00,1,1038,6417,0,23301,1038
2026-08-21T00:00:00,2,1064,6417,0,23301,1064
2026-08-21T00:00:00,3,1062,6417,0,23301,1062
2026-08-21T00:00:00,4,1030,6417,0,23301,1030
2026-08-21T00:00:00,5,1003,6417,0,23301,1003
2026-08-21T00:00:00,6,981,6417,0,23301,981
2026-08-21T00:00:00,7,963,6417,0,23301,963
2026-08-21T00:00:00,8,949,6417,1,23301,950
2026-08-21T00:00:00,9,940,6417,6,23301,946
2026-08-21T00:00:00,10,936,6417,168,23301,1104
2026-08-21T00:00:00,11,936,6417,426,23301,1362
2026-08-21T00:00:00,12,942,6417,830,23301,1772
2026-08-21T00:00:00,13,952,6417,1427,23301,2379
2026-08-21T00:00:00,14,967,6417,2081,23301,3048
2026-08-21T00:00:00,15,960,6417,2851,23301,3811
2026-08-21T00:00:00,16,929,6417,3687,23301,4616
2026-08-21T00:00:00,17,905,6417,4283,23301,5188
2026-08-21T00:00:00,18,886,6417,4997,23301,5883
2026-08-21T00:00:00,19,873,6417,5756,23301,6629
2026-08-21T00:00:00,20,865,6417,6411,23301,7276
2026-08-21T00:00:00,21,862,6417,7053,23301,7915
2026-08-21T00:00:00,22,865,6417,7496,23301,8361
2026-08-21T00:00:00,23,872,6417,7846,23301,8718
2026-08-21T00:00:00,24,885,6417,7993,23301,8878
2026-08-21T00:00:00,25,903,6417,8077,23301,8980
2026-08-21T00:00:00,26,926,6417,8108,23301,9034
2026-08-21T00:00:00,27,925,6417,8061,23301,8986
2026-08-21T00:00:00,28,903,6417,7934,23301,8837
2026-08-21T00:00:00,29,887,6417,7758,23301,8645
2026-08-21T00:00:00,30,878,6417,7542,23301,8420
2026-08-21T00:00:00,31,875,6417,7198,23301,8073
2026-08-21T00:00:00,32,878,6417,6686,23301,7564
2026-08-21T00:00:00,33,887,6417,6114,23301,7001
2026-08-21T00:00:00,34,902,6417,5473,23301,6375
2026-08-21T00:00:00,35,923,6417,4775,23301,5698
2026-08-21T00:00:00,36,950,6417,4024,23301,4974
2026-08-21T00:00:00,37,984,6417,3400,23301,4384
2026-08-21T00:00:00,38,1023,6417,2815,23301,3838
2026-08-21T00:00:00,39,1024,6417,1956,23301,2980
2026-08-21T00:00:00,40,988,6417,1318,23301,2306
2026-08-21T00:00:00,41,961,6417,867,23301,1828
2026-08-21T00:00:00,42,943,6417,430,23301,1373
2026-08-21T00:00:00,43,932,6417,196,23301,1128
2026-08-21T00:00:00,44,930,6417,19,23301,949
2026-08-21T00:00:00,45,936,6417,1,23301,937
2026-08-21T00:00:00,46,951,6417,0,23301,951
2026-08-21T00:00:00,47,974,6417,0,23301,974
2026-08-21T00:00:00,48,1006,6417,0,23301,1006
2026-08-22T00:00:00,1,1048,6417,0,23301,1048
2026-08-22T00:00:00,2,1097,6417,0,23301,1097
2026-08-22T00:00:00,3,1113,6417,0,23301,1113
2026-08-22T00:00:00,4,1093,6417,0,23301,1093
2026-08-22T00:00:00,5,1078,6417,0,23301,1078
2026-08-22T00:00:00,6,1070,6417,0,23301,1070
2026-08-22T00:00:00,7,1069,6417,0,23301,1069
2026-08-22T00:00:00,8,1074,6417,1,23301,1075
2026-08-22T00:00:00,9,1085,6417,6,23301,1091
2026-08-22T00:00:00,10,1102,6417,149,23301,1251
2026-08-22T00:00:00,11,1126,6417,387,23301,1513
2026-08-22T00:00:00,12,1156,6417,732,23301,1888
2026-08-22T00:00:00,13,1192,6417,1297,23301,2489
2026-08-22T00:00:00,14,1234,6417,1896,23301,3130
2026-08-22T00:00:00,15,1240,6417,2625,23301,3865
2026-08-22T00:00:00,16,1212,6417,3409,23301,4621
2026-08-22T00:00:00,17,1192,6417,3963,23301,5155
2026-08-22T00:00:00,18,1179,6417,4628,23301,5807
2026-08-22T00:00:00,19,1175,6417,5344,23301,6519
2026-08-22T00:00:00,20,1179,6417,6001,23301,7180
2026-08-22T00:00:00,21,1191,6417,6622,23301,7813
2026-08-22T00:00:00,22,1212,6417,7052,23301,8264
2026-08-22T00:00:00,23,1240,6417,7380,23301,8620
2026-08-22T00:00:00,24,1275,6417,7562,23301,8837
2026-08-22T00:00:00,25,1316,6417,7657,23301,8973
2026-08-22T00:00:00,26,1362,6417,7703,23301,9065
2026-08-22T00:00:00,27,1370,6417,7670,23301,9040
2026-08-22T00:00:00,28,1344,6417,7574,23301,8918
2026-08-22T00:00:00,29,1323,6417,7424,23301,8747
2026-08-22T00:00:00,30,1308,6417,7236,23301,8544
2026-08-22T00:00:00,31,1300,6417,6893,23301,8193
2026-08-22T00:00:00,32,1300,6417,6415,23301,7715
2026-08-22T00:00:00,33,1307,6417,5882,23301,7189
2026-08-22T00:00:00,34,1322,6417,5257,23301,6579
2026-08-22T00:00:00,35,1346,6417,4571,23301,5917
2026-08-22T00:00:00,36,1377,6417,3849,23301,5226
2026-08-22T00:00:00,37,1416,6417,3281,23301,4697
2026-08-22T00:00:00,38,1461,6417,2683,23301,4144
2026-08-22T00:00:00,39,1466,6417,1875,23301,3341
2026-08-22T00:00:00,40,1429,6417,1263,23301,2692
2026-08-22T00:00:00,41,1399,6417,823,23301,2222
2026-08-22T00:00:00,42,1375,6417,411,23301,1786
2026-08-22T00:00:00,43,1358,6417,187,23301,1545
2026-08-22T00:00:00,44,1349,6417,16,23301,1365
2026-08-22T00:00:00,45,1346,6417,1,23301,1347
2026-08-22T00:00:00,46,1352,6417,0,23301,1352
2026-08-22T00:00:00,47,1364,6417,0,23301,1364
2026-08-22T00:00:00,48,1384,6417,0,23301,1384
2026-08-23T00:00:00,1,1412,6417,0,23301,1412
2026-08-23T00:00:00,2,1446,6417,0,23301,1446
2026-08-23T00:00:00,3,1453,6417,0,23301,1453
2026-08-23T00:00:00,4,1430,6417,0,23301,1430
2026-08-23T00:00:00,5,1411,6417,0,23301,1411
2026-08-23T00:00:00,6,1397,6417,0,23301,1397
2026-08-23T00:00:00,7,1388,6417,0,23301,1388
2026-08-23T00:00:00,8,1383,6417,1,23301,1384
2026-08-23T00:00:00,9,1384,6417,6,23301,1390
2026-08-23T00:00:00,10,1388,6417,145,23301,1533
2026-08-23T00:00:00,11,1397,6417,379,23301,1776
2026-08-23T00:00:00,12,1410,6417,706,23301,2116
2026-08-23T00:00:00,13,1427,6417,1276,23301,2703
2026-08-23T00:00:00,14,1449,6417,1864,23301,3313
2026-08-23T00:00:00,15,1448,6417,2562,23301,4010
2026-08-23T00:00:00,16,1425,6417,3363,23301,4788
2026-08-23T00:00:00,17,1408,6417,3918,23301,5326
2026-08-23T00:00:00,18,1398,6417,4562,23301,5960
2026-08-23T00:00:00,19,1393,6417,5301,23301,6694
2026-08-23T00:00:00,20,1394,6417,5960,23301,7354
2026-08-23T00:00:00,21,1401,6417,6594,23301,7995
2026-08-23T00:00:00,22,1413,6417,7014,23301,8427
2026-08-23T00:00:00,23,1430,6417,7343,23301,8773
2026-08-23T00:00:00,24,1452,6417,7546,23301,8998
2026-08-23T00:00:00,25,1479,6417,7652,23301,9131
2026-08-23T00:00:00,26,1511,6417,7701,23301,9212
2026-08-23T00:00:00,27,1514,6417,7685,23301,9199
2026-08-23T00:00:00,28,1489,6417,7603,23301,9092
2026-08-23T00:00:00,29,1468,6417,7470,23301,8938
2026-08-23T00:00:00,30,1452,6417,7293,23301,8745
2026-08-23T00:00:00,31,1441,6417,6948,23301,8389
2026-08-23T00:00:00,32,1436,6417,6457,23301,7893
2026-08-23T00:00:00,33,1436,6417,5932,23301,7368
2026-08-23T00:00:00,34,1441,6417,5309,23301,6750
2026-08-23T00:00:00,35,1452,6417,4588,23301,6040
2026-08-23T00:00:00,36,1467,6417,3882,23301,5349
2026-08-23T00:00:00,37,1487,6417,3320,23301,4807
2026-08-23T00:00:00,38,1512,6417,2693,23301,4205
2026-08-23T00:00:00,39,1506,6417,1903,23301,3409
2026-08-23T00:00:00,40,1471,6417,1289,23301,2760
2026-08-23T00:00:00,41,1441,6417,822,23301,2263
2026-08-23T00:00:00,42,1418,6417,420,23301,1838
2026-08-23T00:00:00,43,1401,6417,193,23301,1594
2026-08-23T00:00:00,44,1392,6417,18,23301,1410
2026-08-23T00:00:00,45,1390,6417,1,23301,1391
2026-08-23T00:00:00,46,1395,6417,0,23301,1395
2026-08-23T00:00:00,47,1408,6417,0,23301,1408
2026-08-23T00:00:00,48,1429,6417,0,23301,1429
2026-08-24T00:00:00,1,1457,6417,0,23301,1457
2026-08-24T00:00:00,2,1493,6417,0,23301,1493
2026-08-24T00:00:00,3,1502,6417,0,23301,1502
2026-08-24T00:00:00,4,1482,6417,0,23301,1482
2026-08-24T00:00:00,5,1466,6417,0,23301,1466
2026-08-24T00:00:00,6,1455,6417,0,23301,1455
2026-08-24T00:00:00,7,1448,6417,0,23301,1448
2026-08-24T00:00:00,8,1445,6417,0,23301,1445
2026-08-24T00:00:00,9,1447,6417,4,23301,1451
2026-08-24T00:00:00,10,1454,6417,146,23301,1600
2026-08-24T00:00:00,11,1465,6417,393,23301,1858
2026-08-24T00:00:00,12,1481,6417,720,23301,2201
2026-08-24T00:00:00,13,1502,6417,1350,23301,2852
2026-08-24T00:00:00,14,1528,6417,1971,23301,3499
2026-08-24T00:00:00,15,1532,6417,2692,23301,4224
2026-08-24T00:00:00,16,1514,6417,3531,23301,5045
2026-08-24T00:00:00,17,1502,6417,4121,23301,5623
2026-08-24T00:00:00,18,1494,6417,4786,23301,6280
2026-08-24T00:00:00,19,1490,6417,5551,23301,7041
2026-08-24T00:00:00,20,1491,6417,6227,23301,7718
2026-08-24T00:00:00,21,1496,6417,6873,23301,8369
2026-08-24T00:00:00,22,1505,6417,7292,23301,8797
2026-08-24T00:00:00,23,1519,6417,7623,23301,9142
2026-08-24T00:00:00,24,1537,6417,7823,23301,9360
2026-08-24T00:00:00,25,1559,6417,7910,23301,9469
2026-08-24T00:00:00,26,1586,6417,7939,23301,9525
2026-08-24T00:00:00,27,1587,6417,7904,23301,9491
2026-08-24T00:00:00,28,1562,6417,7807,23301,9369
2026-08-24T00:00:00,29,1542,6417,7652,23301,9194
2026-08-24T00:00:00,30,1527,6417,7459,23301,8986
2026-08-24T00:00:00,31,1515,6417,7069,23301,8584
2026-08-24T00:00:00,32,1508,6417,6578,23301,8086
2026-08-24T00:00:00,33,1505,6417,6018,23301,7523
2026-08-24T00:00:00,34,1508,6417,5392,23301,6900
2026-08-24T00:00:00,35,1515,6417,4633,23301,6148
2026-08-24T00:00:00,36,1527,6417,3934,23301,5461
2026-08-24T00:00:00,37,1544,6417,3375,23301,4919
2026-08-24T00:00:00,38,1567,6417,2700,23301,4267
2026-08-24T00:00:00,39,1557,6417,1910,23301,3467
2026-08-24T00:00:00,40,1515,6417,1293,23301,2808
2026-08-24T00:00:00,41,1479,6417,817,23301,2296
2026-08-24T00:00:00,42,1450,6417,413,23301,1863
2026-08-24T00:00:00,43,1428,6417,182,23301,1610
2026-08-24T00:00:00,44,1413,6417,14,23301,1427
2026-08-24T00:00:00,45,1405,6417,1,23301,1406
2026-08-24T00:00:00,46,1404,6417,0,23301,1404
2026-08-24T00:00:00,47,1410,6417,0,23301,1410
2026-08-24T00:00:00,48,1422,6417,0,23301,1422
2026-08-25T00:00:00,1,1443,6417,0,23301,1443
2026-08-25T00:00:00,2,1471,6417,0,23301,1471
2026-08-25T00:00:00,3,1467,6417,0,23301,1467
2026-08-25T00:00:00,4,1430,6417,0,23301,1430
2026-08-25T00:00:00,5,1397,6417,0,23301,1397
2026-08-25T00:00:00,6,1370,6417,0,23301,1370
2026-08-25T00:00:00,7,1348,6417,0,23301,1348
2026-08-25T00:00:00,8,1332,6417,1,23301,1333
2026-08-25T00:00:00,9,1322,6417,6,23301,1328
2026-08-25T00:00:00,10,1317,6417,142,23301,1459
2026-08-25T00:00:00,11,1319,6417,372,23301,1691
2026-08-25T00:00:00,12,1326,6417,648,23301,1974
2026-08-25T00:00:00,13,1340,6417,1246,23301,2586
2026-08-25T00:00:00,14,1359,6417,1813,23301,3172
2026-08-25T00:00:00,15,1355,6417,2491,23301,3846
2026-08-25T00:00:00,16,1327,6417,3295,23301,4622
2026-08-25T00:00:00,17,1304,6417,3835,23301,5139
2026-08-25T00:00:00,18,1287,6417,4471,23301,5758
2026-08-25T00:00:00,19,1276,6417,5220,23301,6496
2026-08-25T00:00:00,20,1271,6417,5886,23301,7157
2026-08-25T00:00:00,21,1271,6417,6505,23301,7776
2026-08-25T00:00:00,22,1277,6417,6941,23301,8218
2026-08-25T00:00:00,23,1288,6417,7278,23301,8566
2026-08-25T00:00:00,24,1305,6417,7510,23301,8815
2026-08-25T00:00:00,25,1328,6417,7628,23301,8956
2026-08-25T00:00:00,26,1356,6417,7699,23301,9055
2026-08-25T00:00:00,27,1351,6417,7711,23301,9062
2026-08-25T00:00:00,28,1312,6417,7660,23301,8972
2026-08-25T00:00:00,29,1278,6417,7553,23301,8831
2026-08-25T00:00:00,30,1249,6417,7386,23301,8635
2026-08-25T00:00:00,31,1226,6417,7023,23301,8249
2026-08-25T00:00:00,32,1207,6417,6558,23301,7765
2026-08-25T00:00:00,33,1194,6417,6014,23301,7208
2026-08-25T00:00:00,34,1186,6417,5399,23301,6585
2026-08-25T00:00:00,35,1185,6417,4628,23301,5813
2026-08-25T00:00:00,36,1190,6417,3943,23301,5133
2026-08-25T00:00:00,37,1201,6417,3400,23301,4601
2026-08-25T00:00:00,38,1220,6417,2669,23301,3889
2026-08-25T00:00:00,39,1212,6417,1911,23301,3123
2026-08-25T00:00:00,40,1179,6417,1299,23301,2478
2026-08-25T00:00:00,41,1154,6417,806,23301,1960
2026-08-25T00:00:00,42,1135,6417,410,23301,1545
2026-08-25T00:00:00,43,1123,6417,177,23301,1300
2026-08-25T00:00:00,44,1119,6417,12,23301,1131
2026-08-25T00:00:00,45,1121,6417,1,23301,1122
2026-08-25T00:00:00,46,1130,6417,0,23301,1130
2026-08-25T00:00:00,47,1146,6417,0,23301,1146
2026-08-25T00:00:00,48,1169,6417,0,23301,1169
2026-08-26T00:00:00,1,1200,6417,0,23301,1200
2026-08-26T00:00:00,2,1239,6417,0,23301,1239
2026-08-26T00:00:00,3,1248,6417,0,23301,1248
2026-08-26T00:00:00,4,1224,6417,0,23301,1224
2026-08-26T00:00:00,5,1207,6417,0,23301,1207
2026-08-26T00:00:00,6,1197,6417,0,23301,1197
2026-08-26T00:00:00,7,1193,6417,1,23301,1194
2026-08-26T00:00:00,8,1196,6417,2,23301,1198
2026-08-26T00:00:00,9,1205,6417,9,23301,1214
2026-08-26T00:00:00,10,1221,6417,142,23301,1363
2026-08-26T00:00:00,11,1243,6417,367,23301,1610
2026-08-26T00:00:00,12,1273,6417,636,23301,1909
2026-08-26T00:00:00,13,1309,6417,1223,23301,2532
2026-08-26T00:00:00,14,1352,6417,1780,23301,3132
2026-08-26T00:00:00,15,1360,6417,2407,23301,3767
2026-08-26T00:00:00,16,1334,6417,3217,23301,4551
2026-08-26T00:00:00,17,1317,6417,3748,23301,5065
2026-08-26T00:00:00,18,1310,6417,4363,23301,5673
2026-08-26T00:00:00,19,1311,6417,5109,23301,6420
2026-08-26T00:00:00,20,1321,6417,5758,23301,7079
2026-08-26T00:00:00,21,1339,6417,6339,23301,7678
2026-08-26T00:00:00,22,1366,6417,6751,23301,8117
2026-08-26T00:00:00,23,1400,6417,7051,23301,8451
2026-08-26T00:00:00,24,1442,6417,7290,23301,8732
2026-08-26T00:00:00,25,1491,6417,7390,23301,8881
2026-08-26T00:00:00,26,1545,6417,7448,23301,8993
2026-08-26T00:00:00,27,1551,6417,7447,23301,8998
2026-08-26T00:00:00,28,1510,6417,7384,23301,8894
2026-08-26T00:00:00,29,1474,6417,7261,23301,8735
2026-08-26T00:00:00,30,1444,6417,7091,23301,8535
2026-08-26T00:00:00,31,1421,6417,6707,23301,8128
2026-08-26T00:00:00,32,1405,6417,6268,23301,7673
2026-08-26T00:00:00,33,1396,6417,5740,23301,7136
2026-08-26T00:00:00,34,1394,6417,5166,23301,6560
2026-08-26T00:00:00,35,1400,6417,4412,23301,5812
2026-08-26T00:00:00,36,1414,6417,3752,23301,5166
2026-08-26T00:00:00,37,1435,6417,3244,23301,4679
2026-08-26T00:00:00,38,1465,6417,2514,23301,3979
2026-08-26T00:00:00,39,1461,6417,1800,23301,3261
2026-08-26T00:00:00,40,1421,6417,1225,23301,2646
2026-08-26T00:00:00,41,1388,6417,744,23301,2132
2026-08-26T00:00:00,42,1362,6417,388,23301,1750
2026-08-26T00:00:00,43,1343,6417,166,23301,1509
2026-08-26T00:00:00,44,1332,6417,12,23301,1344
2026-08-26T00:00:00,45,1329,6417,1,23301,1330
2026-08-26T00:00:00,46,1334,6417,0,23301,1334
2026-08-26T00:00:00,47,1346,6417,0,23301,1346
2026-08-26T00:00:00,48,1367,6417,0,23301,1367
2026-08-27T00:00:00,1,1396,6417,0,23301,1396
2026-08-27T00:00:00,2,1433,6417,0,23301,1433
2026-08-27T00:00:00,3,1437,6417,0,23301,1437
2026-08-27T00:00:00,4,1406,6417,0,23301,1406
2026-08-27T00:00:00,5,1380,6417,0,23301,1380
2026-08-27T00:00:00,6,1360,6417,0,23301,1360
2026-08-27T00:00:00,7,1345,6417,0,23301,1345
2026-08-27T00:00:00,8,1337,6417,1,23301,1338
2026-08-27T00:00:00,9,1335,6417,6,23301,1341
2026-08-27T00:00:00,10,1340,6417,135,23301,1475
2026-08-27T00:00:00,11,1351,6417,355,23301,1706
2026-08-27T00:00:00,12,1369,6417,611,23301,1980
2026-08-27T00:00:00,13,1394,6417,1175,23301,2569
2026-08-27T00:00:00,14,1424,6417,1699,23301,3123
2026-08-27T00:00:00,15,1426,6417,2327,23301,3753
2026-08-27T00:00:00,16,1399,6417,3139,23301,4538
2026-08-27T00:00:00,17,1376,6417,3666,23301,5042
2026-08-27T00:00:00,18,1360,6417,4266,23301,5626
2026-08-27T00:00:00,19,1352,6417,5015,23301,6367
2026-08-27T00:00:00,20,1353,6417,5661,23301,7014
2026-08-27T00:00:00,21,1364,6417,6243,23301,7607
2026-08-27T00:00:00,22,1384,6417,6667,23301,8051
2026-08-27T00:00:00,23,1415,6417,6968,23301,8383
2026-08-27T00:00:00,24,1455,6417,7238,23301,8693
2026-08-27T00:00:00,25,1505,6417,7355,23301,8860
2026-08-27T00:00:00,26,1562,6417,7438,23301,9000
2026-08-27T00:00:00,27,1574,6417,7459,23301,9033
2026-08-27T00:00:00,28,1543,6417,7412,23301,8955
2026-08-27T00:00:00,29,1517,6417,7311,23301,8828
2026-08-27T00:00:00,30,1495,6417,7138,23301,8633
2026-08-27T00:00:00,31,1479,6417,6739,23301,8218
2026-08-27T00:00:00,32,1467,6417,6308,23301,7775
2026-08-27T00:00:00,33,1460,6417,5779,23301,7239
2026-08-27T00:00:00,34,1459,6417,5212,23301,6671
2026-08-27T00:00:00,35,1462,6417,4431,23301,5893
2026-08-27T00:00:00,36,1471,6417,3777,23301,5248
2026-08-27T00:00:00,37,1485,6417,3263,23301,4748
2026-08-27T00:00:00,38,1505,6417,2494,23301,3999
2026-08-27T00:00:00,39,1498,6417,1768,23301,3266
2026-08-27T00:00:00,40,1466,6417,1191,23301,2657
2026-08-27T00:00:00,41,1439,6417,680,23301,2119
2026-08-27T00:00:00,42,1418,6417,359,23301,1777
2026-08-27T00:00:00,43,1403,6417,137,23301,1540
2026-08-27T00:00:00,44,1394,6417,3,23301,1397
2026-08-27T00:00:00,45,1392,6417,0,23301,1392
2026-08-27T00:00:00,46,1397,6417,0,23301,1397
2026-08-27T00:00:00,47,1410,6417,0,23301,1410
2026-08-27T00:00:00,48,1429,6417,0,23301,1429
2026-08-15T00:00:00,7,1060,6417,0,23301,1060
2026-08-15T00:00:00,8,1078,6417,0,23301,1078
2026-08-15T00:00:00,9,1100,6417,0,23301,1100
2026-08-15T00:00:00,10,1128,6417,0,23301,1128
2026-08-15T00:00:00,11,1137,6417,4,23301,1141
2026-08-15T00:00:00,12,1120,6417,67,23301,1187
2026-08-15T00:00:00,13,1093,6417,177,23301,1270
2026-08-15T00:00:00,14,1055,6417,697,23301,1752
2026-08-15T00:00:00,15,1017,6417,1602,23301,2619
2026-08-15T00:00:00,16,978,6417,2651,23301,3629
2026-08-15T00:00:00,17,957,6417,3623,23301,4580
2026-08-15T00:00:00,18,953,6417,4772,23301,5725
2026-08-15T00:00:00,19,940,6417,6033,23301,6973
2026-08-15T00:00:00,20,915,6417,7302,23301,8217
2026-08-15T00:00:00,21,886,6417,8406,23301,9292
2026-08-15T00:00:00,22,853,6417,9272,23301,10125
2026-08-15T00:00:00,23,825,6417,9943,23301,10768
2026-08-15T00:00:00,24,804,6417,10418,23301,11222
2026-08-15T00:00:00,25,790,6417,10848,23301,11638
2026-08-15T00:00:00,26,787,6417,11051,23301,11838
2026-08-15T00:00:00,27,792,6417,11160,23301,11952
2026-08-15T00:00:00,28,806,6417,11024,23301,11830
2026-08-15T00:00:00,29,821,6417,10789,23301,11610
2026-08-15T00:00:00,30,837,6417,10326,23301,11163
2026-08-15T00:00:00,31,852,6417,9771,23301,10623
2026-08-15T00:00:00,32,866,6417,8927,23301,9793
2026-08-15T00:00:00,33,877,6417,8053,23301,8930
2026-08-15T00:00:00,34,886,6417,6969,23301,7855
2026-08-15T00:00:00,35,890,6417,5781,23301,6671
2026-08-15T00:00:00,36,888,6417,4569,23301,5457
2026-08-15T00:00:00,37,880,6417,3616,23301,4496
2026-08-15T00:00:00,38,869,6417,2727,23301,3596
2026-08-15T00:00:00,39,855,6417,1708,23301,2563
2026-08-15T00:00:00,40,841,6417,880,23301,1721
2026-08-15T00:00:00,41,844,6417,284,23301,1128
2026-08-15T00:00:00,42,865,6417,101,23301,966
2026-08-15T00:00:00,43,866,6417,0,23301,866
2026-08-15T00:00:00,44,840,6417,0,23301,840
2026-08-15T00:00:00,45,803,6417,0,23301,803
2026-08-15T00:00:00,46,754,6417,0,23301,754
2026-08-15T00:00:00,47,703,6417,0,23301,703
2026-08-15T00:00:00,48,649,6417,0,23301,649
2026-08-16T00:00:00,1,600,6417,0,23301,600
2026-08-16T00:00:00,2,555,6417,0,23301,555
2026-08-16T00:00:00,3,518,6417,0,23301,518
2026-08-16T00:00:00,4,489,6417,0,23301,489
2026-08-16T00:00:00,5,466,6417,0,23301,466
2026-08-16T00:00:00,6,448,6417,0,23301,448
2026-08-16T00:00:00,7,435,6417,0,23301,435
2026-08-16T00:00:00,8,425,6417,0,23301,425
2026-08-16T00:00:00,9,415,6417,0,23301,415
2026-08-16T00:00:00,10,404,6417,0,23301,404
2026-08-16T00:00:00,11,392,6417,3,23301,395
2026-08-16T00:00:00,12,380,6417,56,23301,436
2026-08-16T00:00:00,13,362,6417,149,23301,511
2026-08-16T00:00:00,14,338,6417,556,23301,894
2026-08-16T00:00:00,15,308,6417,1311,23301,1619
2026-08-16T00:00:00,16,274,6417,2184,23301,2458
2026-08-16T00:00:00,17,253,6417,2950,23301,3203
2026-08-16T00:00:00,18,245,6417,4072,23301,4317
2026-08-16T00:00:00,19,240,6417,5217,23301,5457
2026-08-16T00:00:00,20,240,6417,6467,23301,6707
2026-08-16T00:00:00,21,242,6417,7511,23301,7753
2026-08-16T00:00:00,22,247,6417,8285,23301,8532
2026-08-16T00:00:00,23,255,6417,8942,23301,9197
2026-08-16T00:00:00,24,269,6417,9354,23301,9623
2026-08-16T00:00:00,25,285,6417,9703,23301,9988
2026-08-16T00:00:00,26,306,6417,9831,23301,10137
2026-08-16T00:00:00,27,328,6417,9877,23301,10205
2026-08-16T00:00:00,28,352,6417,9750,23301,10102
2026-08-16T00:00:00,29,376,6417,9531,23301,9907
2026-08-16T00:00:00,30,400,6417,9102,23301,9502
2026-08-16T00:00:00,31,422,6417,8597,23301,9019
2026-08-16T00:00:00,32,442,6417,7818,23301,8260
2026-08-16T00:00:00,33,458,6417,6989,23301,7447
2026-08-16T00:00:00,34,470,6417,5935,23301,6405
2026-08-16T00:00:00,35,475,6417,4831,23301,5306
2026-08-16T00:00:00,36,473,6417,3752,23301,4225
2026-08-16T00:00:00,37,467,6417,2859,23301,3326
2026-08-16T00:00:00,38,455,6417,2133,23301,2588
2026-08-16T00:00:00,39,441,6417,1235,23301,1676
2026-08-16T00:00:00,40,426,6417,570,23301,996
2026-08-16T00:00:00,41,420,6417,210,23301,630
2026-08-16T00:00:00,42,422,6417,70,23301,492
2026-08-16T00:00:00,43,421,6417,0,23301,421
2026-08-16T00:00:00,44,415,6417,0,23301,415
2026-08-16T00:00:00,45,408,6417,0,23301,408
2026-08-16T00:00:00,46,401,6417,0,23301,401
2026-08-16T00:00:00,47,394,6417,0,23301,394
2026-08-16T00:00:00,48,383,6417,0,23301,383
2026-08-17T00:00:00,1,375,6417,0,23301,375
2026-08-17T00:00:00,2,366,6417,0,23301,366
2026-08-17T00:00:00,3,359,6417,0,23301,359
2026-08-17T00:00:00,4,352,6417,0,23301,352
2026-08-17T00:00:00,5,347,6417,0,23301,347
2026-08-17T00:00:00,6,344,6417,0,23301,344
2026-08-17T00:00:00,7,342,6417,0,23301,342
2026-08-17T00:00:00,8,339,6417,0,23301,339
2026-08-17T00:00:00,9,340,6417,0,23301,340
2026-08-17T00:00:00,10,342,6417,0,23301,342
2026-08-17T00:00:00,11,345,6417,2,23301,347
2026-08-17T00:00:00,12,349,6417,47,23301,396
2026-08-17T00:00:00,13,349,6417,136,23301,485
2026-08-17T00:00:00,14,344,6417,497,23301,841
2026-08-17T00:00:00,15,333,6417,1218,23301,1551
2026-08-17T00:00:00,16,317,6417,2073,23301,2390
2026-08-17T00:00:00,17,314,6417,2850,23301,3164
2026-08-17T00:00:00,18,321,6417,3900,23301,4221
2026-08-17T00:00:00,19,333,6417,4965,23301,5298
2026-08-17T00:00:00,20,350,6417,6007,23301,6357
2026-08-17T00:00:00,21,370,6417,6907,23301,7277
2026-08-17T00:00:00,22,392,6417,7567,23301,7959
2026-08-17T00:00:00,23,419,6417,8115,23301,8534
2026-08-17T00:00:00,24,451,6417,8398,23301,8849
2026-08-17T00:00:00,25,486,6417,8630,23301,9116
2026-08-17T00:00:00,26,523,6417,8743,23301,9266
2026-08-17T00:00:00,27,558,6417,8790,23301,9348
2026-08-17T00:00:00,28,592,6417,8727,23301,9319
2026-08-17T00:00:00,29,625,6417,8575,23301,9200
2026-08-17T00:00:00,30,658,6417,8306,23301,8964
2026-08-17T00:00:00,31,687,6417,7934,23301,8621
2026-08-17T00:00:00,32,715,6417,7324,23301,8039
2026-08-17T00:00:00,33,739,6417,6617,23301,7356
2026-08-17T00:00:00,34,759,6417,5707,23301,6466
2026-08-17T00:00:00,35,777,6417,4693,23301,5470
2026-08-17T00:00:00,36,795,6417,3690,23301,4485
2026-08-17T00:00:00,37,814,6417,2852,23301,3666
2026-08-17T00:00:00,38,835,6417,2117,23301,2952
2026-08-17T00:00:00,39,861,6417,1228,23301,2089
2026-08-17T00:00:00,40,894,6417,558,23301,1452
2026-08-17T00:00:00,41,948,6417,194,23301,1142
2026-08-17T00:00:00,42,1026,6417,62,23301,1088
2026-08-17T00:00:00,43,1108,6417,0,23301,1108
2026-08-17T00:00:00,44,1196,6417,0,23301,1196
2026-08-17T00:00:00,45,1289,6417,0,23301,1289
2026-08-17T00:00:00,46,1387,6417,0,23301,1387
2026-08-17T00:00:00,47,1481,6417,0,23301,1481
2026-08-17T00:00:00,48,1571,6417,0,23301,1571
2026-08-18T00:00:00,1,1656,6417,0,23301,1656
2026-08-18T00:00:00,2,1736,6417,0,23301,1736
2026-08-18T00:00:00,3,1806,6417,0,23301,1806
2026-08-18T00:00:00,4,1866,6417,0,23301,1866
2026-08-18T00:00:00,5,1916,6417,0,23301,1916
2026-08-18T00:00:00,6,1960,6417,0,23301,1960
2026-08-18T00:00:00,7,1993,6417,0,23301,1993
2026-08-18T00:00:00,8,2015,6417,0,23301,2015
2026-08-18T00:00:00,9,2038,6417,0,23301,2038
2026-08-18T00:00:00,10,2061,6417,0,23301,2061
2026-08-18T00:00:00,11,2079,6417,1,23301,2080
2026-08-18T00:00:00,12,2089,6417,36,23301,2125
2026-08-18T00:00:00,13,2085,6417,108,23301,2193
2026-08-18T00:00:00,14,2066,6417,345,23301,2411
2026-08-18T00:00:00,15,2044,6417,852,23301,2896
2026-08-18T00:00:00,16,2009,6417,1449,23301,3458
2026-08-18T00:00:00,17,1994,6417,1918,23301,3912
2026-08-18T00:00:00,18,1999,6417,2666,23301,4665
2026-08-18T00:00:00,19,2023,6417,3420,23301,5443
2026-08-18T00:00:00,20,2065,6417,4245,23301,6310
2026-08-18T00:00:00,21,2103,6417,5018,23301,7121
2026-08-18T00:00:00,22,2132,6417,5615,23301,7747
2026-08-18T00:00:00,23,2170,6417,6162,23301,8332
2026-08-18T00:00:00,24,2217,6417,6481,23301,8698
2026-08-18T00:00:00,25,2272,6417,6750,23301,9022
2026-08-18T00:00:00,26,2334,6417,6907,23301,9241
2026-08-18T00:00:00,27,2369,6417,6990,23301,9359
2026-08-18T00:00:00,28,2375,6417,6974,23301,9349
2026-08-18T00:00:00,29,2388,6417,6885,23301,9273
2026-08-18T00:00:00,30,2411,6417,6659,23301,9070
2026-08-18T00:00:00,31,2436,6417,6344,23301,8780
2026-08-18T00:00:00,32,2463,6417,5808,23301,8271
2026-08-18T00:00:00,33,2441,6417,5183,23301,7624
2026-08-18T00:00:00,34,2371,6417,4371,23301,6742
2026-08-18T00:00:00,35,2302,6417,3592,23301,5894
2026-08-18T00:00:00,36,2236,6417,2806,23301,5042
2026-08-18T00:00:00,37,2169,6417,2178,23301,4347
2026-08-18T00:00:00,38,2104,6417,1653,23301,3757
2026-08-18T00:00:00,39,2037,6417,914,23301,2951
2026-08-18T00:00:00,40,1966,6417,409,23301,2375
2026-08-18T00:00:00,41,1914,6417,170,23301,2084
2026-08-18T00:00:00,42,1880,6417,37,23301,1917
2026-08-18T00:00:00,43,1859,6417,3,23301,1862
2026-08-18T00:00:00,44,1849,6417,2,23301,1851
2026-08-18T00:00:00,45,1833,6417,1,23301,1834
2026-08-18T00:00:00,46,1808,6417,0,23301,1808
2026-08-18T00:00:00,47,1794,6417,0,23301,1794
2026-08-18T00:00:00,48,1789,6417,12,23301,1801
2026-08-19T00:00:00,1,1793,6417,23,23301,1816
2026-08-19T00:00:00,2,1806,6417,33,23301,1839
2026-08-19T00:00:00,3,1803,6417,38,23301,1841
2026-08-19T00:00:00,4,1784,6417,36,23301,1820
2026-08-19T00:00:00,5,1773,6417,24,23301,1797
2026-08-19T00:00:00,6,1770,6417,2,23301,1772
2026-08-19T00:00:00,7,1774,6417,0,23301,1774
2026-08-19T00:00:00,8,1785,6417,0,23301,1785
2026-08-19T00:00:00,9,1781,6417,0,23301,1781
2026-08-19T00:00:00,10,1760,6417,0,23301,1760
2026-08-19T00:00:00,11,1744,6417,1,23301,1745
2026-08-19T00:00:00,12,1734,6417,79,23301,1813
2026-08-19T00:00:00,13,1729,6417,314,23301,2043
2026-08-19T00:00:00,14,1730,6417,805,23301,2535
2026-08-19T00:00:00,15,1728,6417,1663,23301,3391
2026-08-19T00:00:00,16,1723,6417,2608,23301,4331
2026-08-19T00:00:00,17,1735,6417,3371,23301,5106
2026-08-19T00:00:00,18,1763,6417,4341,23301,6104
2026-08-19T00:00:00,19,1798,6417,5391,23301,7189
2026-08-19T00:00:00,20,1838,6417,6356,23301,8194
2026-08-19T00:00:00,21,1869,6417,7358,23301,9227
2026-08-19T00:00:00,22,1892,6417,8120,23301,10012
2026-08-19T00:00:00,23,1924,6417,8701,23301,10625
2026-08-19T00:00:00,24,1965,6417,9053,23301,11018
2026-08-19T00:00:00,25,2017,6417,9285,23301,11302
2026-08-19T00:00:00,26,2080,6417,9406,23301,11486
2026-08-19T00:00:00,27,2110,6417,9391,23301,11501
2026-08-19T00:00:00,28,2108,6417,9231,23301,11339
2026-08-19T00:00:00,29,2113,6417,8986,23301,11099
2026-08-19T00:00:00,30,2127,6417,8646,23301,10773
2026-08-19T00:00:00,31,2146,6417,8167,23301,10313
2026-08-19T00:00:00,32,2173,6417,7440,23301,9613
2026-08-19T00:00:00,33,2145,6417,6566,23301,8711
2026-08-19T00:00:00,34,2062,6417,5647,23301,7709
2026-08-19T00:00:00,35,1990,6417,4762,23301,6752
2026-08-19T00:00:00,36,1928,6417,3761,23301,5689
2026-08-19T00:00:00,37,1877,6417,2928,23301,4805
2026-08-19T00:00:00,38,1840,6417,2190,23301,4030
2026-08-19T00:00:00,39,1789,6417,1164,23301,2953
2026-08-19T00:00:00,40,1723,6417,526,23301,2249
2026-08-19T00:00:00,41,1673,6417,212,23301,1885
2026-08-19T00:00:00,42,1638,6417,16,23301,1654
2026-08-19T00:00:00,43,1619,6417,2,23301,1621
2026-08-19T00:00:00,44,1616,6417,1,23301,1617
2026-08-19T00:00:00,45,1593,6417,0,23301,1593
2026-08-19T00:00:00,46,1544,6417,0,23301,1544
2026-08-19T00:00:00,47,1510,6417,1,23301,1511
2026-08-19T00:00:00,48,1488,6417,31,23301,1519
2026-08-20T00:00:00,1,1481,6417,56,23301,1537
2026-08-20T00:00:00,2,1488,6417,70,23301,1558
2026-08-20T00:00:00,3,1475,6417,74,23301,1549
2026-08-20T00:00:00,4,1438,6417,64,23301,1502
2026-08-20T00:00:00,5,1411,6417,40,23301,1451
2026-08-20T00:00:00,6,1394,6417,2,23301,1396
2026-08-20T00:00:00,7,1387,6417,0,23301,1387
2026-08-20T00:00:00,8,1391,6417,0,23301,1391
2026-08-20T00:00:00,9,1374,6417,1,23301,1375
2026-08-20T00:00:00,10,1337,6417,1,23301,1338
2026-08-20T00:00:00,11,1309,6417,2,23301,1311
2026-08-20T00:00:00,12,1289,6417,94,23301,1383
2026-08-20T00:00:00,13,1278,6417,379,23301,1657
2026-08-20T00:00:00,14,1276,6417,878,23301,2154
2026-08-20T00:00:00,15,1254,6417,1711,23301,2965
2026-08-20T00:00:00,16,1215,6417,2669,23301,3884
2026-08-20T00:00:00,17,1186,6417,3406,23301,4592
2026-08-20T00:00:00,18,1168,6417,4363,23301,5531
2026-08-20T00:00:00,19,1160,6417,5490,23301,6650
2026-08-20T00:00:00,20,1162,6417,6555,23301,7717
2026-08-20T00:00:00,21,1156,6417,7705,23301,8861
2026-08-20T00:00:00,22,1142,6417,8592,23301,9734
2026-08-20T00:00:00,23,1138,6417,9184,23301,10322
2026-08-20T00:00:00,24,1143,6417,9491,23301,10634
2026-08-20T00:00:00,25,1158,6417,9598,23301,10756
2026-08-20T00:00:00,26,1184,6417,9516,23301,10700
2026-08-20T00:00:00,27,1173,6417,9274,23301,10447
2026-08-20T00:00:00,28,1125,6417,8937,23301,10062
2026-08-20T00:00:00,29,1085,6417,8586,23301,9671
2026-08-20T00:00:00,30,1051,6417,8200,23301,9251
2026-08-20T00:00:00,31,1023,6417,7713,23301,8736
2026-08-20T00:00:00,32,1003,6417,7091,23301,8094
2026-08-20T00:00:00,33,989,6417,6387,23301,7376
2026-08-20T00:00:00,34,981,6417,5654,23301,6635
2026-08-20T00:00:00,35,980,6417,4956,23301,5936
2026-08-20T00:00:00,36,986,6417,4088,23301,5074
2026-08-20T00:00:00,37,999,6417,3416,23301,4415
2026-08-20T00:00:00,38,1019,6417,2858,23301,3877
2026-08-20T00:00:00,39,1003,6417,1971,23301,2974
2026-08-20T00:00:00,40,950,6417,1334,23301,2284
2026-08-20T00:00:00,41,905,6417,896,23301,1801
2026-08-20T00:00:00,42,868,6417,451,23301,1319
2026-08-20T00:00:00,43,838,6417,219,23301,1057
2026-08-20T00:00:00,44,815,6417,30,23301,845
2026-08-20T00:00:00,45,799,6417,3,23301,802
2026-08-20T00:00:00,46,791,6417,0,23301,791
2026-08-20T00:00:00,47,789,6417,0,23301,789
2026-08-20T00:00:00,48,795,6417,0,23301,795
2026-08-21T00:00:00,1,808,6417,0,23301,808
2026-08-21T00:00:00,2,829,6417,0,23301,829
2026-08-21T00:00:00,3,827,6417,0,23301,827
2026-08-21T00:00:00,4,800,6417,0,23301,800
2026-08-21T00:00:00,5,777,6417,0,23301,777
2026-08-21T00:00:00,6,760,6417,0,23301,760
2026-08-21T00:00:00,7,746,6417,0,23301,746
2026-08-21T00:00:00,8,737,6417,0,23301,737
2026-08-21T00:00:00,9,732,6417,5,23301,737
2026-08-21T00:00:00,10,731,6417,153,23301,884
2026-08-21T00:00:00,11,735,6417,405,23301,1140
2026-08-21T00:00:00,12,743,6417,793,23301,1536
2026-08-21T00:00:00,13,756,6417,1380,23301,2136
2026-08-21T00:00:00,14,773,6417,2052,23301,2825
2026-08-21T00:00:00,15,765,6417,2816,23301,3581
2026-08-21T00:00:00,16,732,6417,3633,23301,4365
2026-08-21T00:00:00,17,706,6417,4237,23301,4943
2026-08-21T00:00:00,18,685,6417,4958,23301,5643
2026-08-21T00:00:00,19,671,6417,5713,23301,6384
2026-08-21T00:00:00,20,662,6417,6345,23301,7007
2026-08-21T00:00:00,21,659,6417,6986,23301,7645
2026-08-21T00:00:00,22,662,6417,7447,23301,8109
2026-08-21T00:00:00,23,670,6417,7765,23301,8435
2026-08-21T00:00:00,24,683,6417,7928,23301,8611
2026-08-21T00:00:00,25,701,6417,8013,23301,8714
2026-08-21T00:00:00,26,724,6417,8026,23301,8750
2026-08-21T00:00:00,27,731,6417,7974,23301,8705
2026-08-21T00:00:00,28,723,6417,7856,23301,8579
2026-08-21T00:00:00,29,719,6417,7693,23301,8412
2026-08-21T00:00:00,30,720,6417,7485,23301,8205
2026-08-21T00:00:00,31,726,6417,7143,23301,7869
2026-08-21T00:00:00,32,738,6417,6654,23301,7392
2026-08-21T00:00:00,33,755,6417,6074,23301,6829
2026-08-21T00:00:00,34,777,6417,5429,23301,6206
2026-08-21T00:00:00,35,806,6417,4765,23301,5571
2026-08-21T00:00:00,36,840,6417,3988,23301,4828
2026-08-21T00:00:00,37,881,6417,3369,23301,4250
2026-08-21T00:00:00,38,927,6417,2790,23301,3717
2026-08-21T00:00:00,39,938,6417,1940,23301,2878
2026-08-21T00:00:00,40,914,6417,1306,23301,2220
2026-08-21T00:00:00,41,897,6417,864,23301,1761
2026-08-21T00:00:00,42,888,6417,430,23301,1318
2026-08-21T00:00:00,43,886,6417,198,23301,1084
2026-08-21T00:00:00,44,891,6417,19,23301,910
2026-08-21T00:00:00,45,903,6417,1,23301,904
2026-08-21T00:00:00,46,923,6417,0,23301,923
2026-08-21T00:00:00,47,951,6417,0,23301,951
2026-08-21T00:00:00,48,987,6417,0,23301,987
2026-08-22T00:00:00,1,1032,6417,0,23301,1032
2026-08-22T00:00:00,2,1085,6417,0,23301,1085
2026-08-22T00:00:00,3,1106,6417,0,23301,1106
2026-08-22T00:00:00,4,1092,6417,0,23301,1092
2026-08-22T00:00:00,5,1083,6417,0,23301,1083
2026-08-22T00:00:00,6,1078,6417,0,23301,1078
2026-08-22T00:00:00,7,1078,6417,0,23301,1078
2026-08-22T00:00:00,8,1083,6417,0,23301,1083
2026-08-22T00:00:00,9,1093,6417,5,23301,1098
2026-08-22T00:00:00,10,1108,6417,149,23301,1257
2026-08-22T00:00:00,11,1128,6417,393,23301,1521
2026-08-22T00:00:00,12,1153,6417,745,23301,1898
2026-08-22T00:00:00,13,1183,6417,1330,23301,2513
2026-08-22T00:00:00,14,1217,6417,1955,23301,3172
2026-08-22T00:00:00,15,1225,6417,2700,23301,3925
2026-08-22T00:00:00,16,1206,6417,3497,23301,4703
2026-08-22T00:00:00,17,1192,6417,4076,23301,5268
2026-08-22T00:00:00,18,1183,6417,4772,23301,5955
2026-08-22T00:00:00,19,1178,6417,5488,23301,6666
2026-08-22T00:00:00,20,1179,6417,6135,23301,7314
2026-08-22T00:00:00,21,1185,6417,6766,23301,7951
2026-08-22T00:00:00,22,1195,6417,7217,23301,8412
2026-08-22T00:00:00,23,1210,6417,7551,23301,8761
2026-08-22T00:00:00,24,1230,6417,7725,23301,8955
2026-08-22T00:00:00,25,1255,6417,7815,23301,9070
2026-08-22T00:00:00,26,1284,6417,7838,23301,9122
2026-08-22T00:00:00,27,1294,6417,7793,23301,9087
2026-08-22T00:00:00,28,1284,6417,7688,23301,8972
2026-08-22T00:00:00,29,1278,6417,7529,23301,8807
2026-08-22T00:00:00,30,1276,6417,7332,23301,8608
2026-08-22T00:00:00,31,1279,6417,6977,23301,8256
2026-08-22T00:00:00,32,1287,6417,6504,23301,7791
2026-08-22T00:00:00,33,1301,6417,5928,23301,7229
2026-08-22T00:00:00,34,1320,6417,5305,23301,6625
2026-08-22T00:00:00,35,1344,6417,4618,23301,5962
2026-08-22T00:00:00,36,1374,6417,3895,23301,5269
2026-08-22T00:00:00,37,1409,6417,3299,23301,4708
2026-08-22T00:00:00,38,1450,6417,2702,23301,4152
2026-08-22T00:00:00,39,1461,6417,1892,23301,3353
2026-08-22T00:00:00,40,1444,6417,1271,23301,2715
2026-08-22T00:00:00,41,1432,6417,829,23301,2261
2026-08-22T00:00:00,42,1426,6417,414,23301,1840
2026-08-22T00:00:00,43,1425,6417,189,23301,1614
2026-08-22T00:00:00,44,1429,6417,16,23301,1445
2026-08-22T00:00:00,45,1440,6417,0,23301,1440
2026-08-22T00:00:00,46,1456,6417,0,23301,1456
2026-08-22T00:00:00,47,1478,6417,0,23301,1478
2026-08-22T00:00:00,48,1505,6417,0,23301,1505
2026-08-23T00:00:00,1,1538,6417,0,23301,1538
2026-08-23T00:00:00,2,1576,6417,0,23301,1576
2026-08-23T00:00:00,3,1580,6417,0,23301,1580
2026-08-23T00:00:00,4,1550,6417,0,23301,1550
2026-08-23T00:00:00,5,1525,6417,0,23301,1525
2026-08-23T00:00:00,6,1506,6417,0,23301,1506
2026-08-23T00:00:00,7,1493,6417,0,23301,1493
2026-08-23T00:00:00,8,1485,6417,0,23301,1485
2026-08-23T00:00:00,9,1483,6417,4,23301,1487
2026-08-23T00:00:00,10,1487,6417,144,23301,1631
2026-08-23T00:00:00,11,1496,6417,383,23301,1879
2026-08-23T00:00:00,12,1509,6417,713,23301,2222
2026-08-23T00:00:00,13,1528,6417,1296,23301,2824
2026-08-23T00:00:00,14,1551,6417,1908,23301,3459
2026-08-23T00:00:00,15,1549,6417,2616,23301,4165
2026-08-23T00:00:00,16,1521,6417,3424,23301,4945
2026-08-23T00:00:00,17,1499,6417,3990,23301,5489
2026-08-23T00:00:00,18,1483,6417,4658,23301,6141
2026-08-23T00:00:00,19,1474,6417,5379,23301,6853
2026-08-23T00:00:00,20,1470,6417,6042,23301,7512
2026-08-23T00:00:00,21,1472,6417,6679,23301,8151
2026-08-23T00:00:00,22,1480,6417,7140,23301,8620
2026-08-23T00:00:00,23,1493,6417,7490,23301,8983
2026-08-23T00:00:00,24,1512,6417,7680,23301,9192
2026-08-23T00:00:00,25,1537,6417,7796,23301,9333
2026-08-23T00:00:00,26,1567,6417,7845,23301,9412
2026-08-23T00:00:00,27,1567,6417,7829,23301,9396
2026-08-23T00:00:00,28,1534,6417,7750,23301,9284
2026-08-23T00:00:00,29,1507,6417,7610,23301,9117
2026-08-23T00:00:00,30,1485,6417,7430,23301,8915
2026-08-23T00:00:00,31,1467,6417,7059,23301,8526
2026-08-23T00:00:00,32,1455,6417,6608,23301,8063
2026-08-23T00:00:00,33,1448,6417,6041,23301,7489
2026-08-23T00:00:00,34,1446,6417,5417,23301,6863
2026-08-23T00:00:00,35,1450,6417,4691,23301,6141
2026-08-23T00:00:00,36,1461,6417,3986,23301,5447
2026-08-23T00:00:00,37,1477,6417,3388,23301,4865
2026-08-23T00:00:00,38,1499,6417,2733,23301,4232
2026-08-23T00:00:00,39,1492,6417,1934,23301,3426
2026-08-23T00:00:00,40,1455,6417,1304,23301,2759
2026-08-23T00:00:00,41,1424,6417,829,23301,2253
2026-08-23T00:00:00,42,1400,6417,421,23301,1821
2026-08-23T00:00:00,43,1381,6417,189,23301,1570
2026-08-23T00:00:00,44,1368,6417,17,23301,1385
2026-08-23T00:00:00,45,1362,6417,1,23301,1363
2026-08-23T00:00:00,46,1361,6417,0,23301,1361
2026-08-23T00:00:00,47,1366,6417,0,23301,1366
2026-08-23T00:00:00,48,1378,6417,0,23301,1378
2026-08-24T00:00:00,1,1395,6417,0,23301,1395
2026-08-24T00:00:00,2,1418,6417,0,23301,1418
2026-08-24T00:00:00,3,1418,6417,0,23301,1418
2026-08-24T00:00:00,4,1395,6417,0,23301,1395
2026-08-24T00:00:00,5,1375,6417,0,23301,1375
2026-08-24T00:00:00,6,1359,6417,0,23301,1359
2026-08-24T00:00:00,7,1347,6417,0,23301,1347
2026-08-24T00:00:00,8,1340,6417,1,23301,1341
2026-08-24T00:00:00,9,1336,6417,7,23301,1343
2026-08-24T00:00:00,10,1337,6417,146,23301,1483
2026-08-24T00:00:00,11,1342,6417,384,23301,1726
2026-08-24T00:00:00,12,1350,6417,695,23301,2045
2026-08-24T00:00:00,13,1363,6417,1298,23301,2661
2026-08-24T00:00:00,14,1380,6417,1902,23301,3282
2026-08-24T00:00:00,15,1373,6417,2600,23301,3973
2026-08-24T00:00:00,16,1342,6417,3407,23301,4749
2026-08-24T00:00:00,17,1316,6417,3966,23301,5282
2026-08-24T00:00:00,18,1296,6417,4620,23301,5916
2026-08-24T00:00:00,19,1281,6417,5322,23301,6603
2026-08-24T00:00:00,20,1272,6417,5980,23301,7252
2026-08-24T00:00:00,21,1268,6417,6583,23301,7851
2026-08-24T00:00:00,22,1270,6417,7021,23301,8291
2026-08-24T00:00:00,23,1278,6417,7344,23301,8622
2026-08-24T00:00:00,24,1290,6417,7508,23301,8798
2026-08-24T00:00:00,25,1309,6417,7588,23301,8897
2026-08-24T00:00:00,26,1332,6417,7609,23301,8941
2026-08-24T00:00:00,27,1326,6417,7564,23301,8890
2026-08-24T00:00:00,28,1292,6417,7459,23301,8751
2026-08-24T00:00:00,29,1263,6417,7302,23301,8565
2026-08-24T00:00:00,30,1241,6417,7099,23301,8340
2026-08-24T00:00:00,31,1226,6417,6737,23301,7963
2026-08-24T00:00:00,32,1216,6417,6285,23301,7501
2026-08-24T00:00:00,33,1212,6417,5707,23301,6919
2026-08-24T00:00:00,34,1215,6417,5120,23301,6335
2026-08-24T00:00:00,35,1223,6417,4379,23301,5602
2026-08-24T00:00:00,36,1238,6417,3724,23301,4962
2026-08-24T00:00:00,37,1258,6417,3185,23301,4443
2026-08-24T00:00:00,38,1284,6417,2525,23301,3809
2026-08-24T00:00:00,39,1279,6417,1798,23301,3077
2026-08-24T00:00:00,40,1245,6417,1215,23301,2460
2026-08-24T00:00:00,41,1220,6417,778,23301,1998
2026-08-24T00:00:00,42,1202,6417,397,23301,1599
2026-08-24T00:00:00,43,1192,6417,180,23301,1372
2026-08-24T00:00:00,44,1190,6417,16,23301,1206
2026-08-24T00:00:00,45,1196,6417,2,23301,1198
2026-08-24T00:00:00,46,1210,6417,0,23301,1210
2026-08-24T00:00:00,47,1231,6417,0,23301,1231
2026-08-24T00:00:00,48,1261,6417,0,23301,1261
2026-08-25T00:00:00,1,1298,6417,0,23301,1298
2026-08-25T00:00:00,2,1344,6417,0,23301,1344
2026-08-25T00:00:00,3,1349,6417,0,23301,1349
2026-08-25T00:00:00,4,1312,6417,0,23301,1312
2026-08-25T00:00:00,5,1281,6417,0,23301,1281
2026-08-25T00:00:00,6,1255,6417,0,23301,1255
2026-08-25T00:00:00,7,1236,6417,0,23301,1236
2026-08-25T00:00:00,8,1223,6417,0,23301,1223
2026-08-25T00:00:00,9,1216,6417,5,23301,1221
2026-08-25T00:00:00,10,1215,6417,137,23301,1352
2026-08-25T00:00:00,11,1220,6417,372,23301,1592
2026-08-25T00:00:00,12,1233,6417,653,23301,1886
2026-08-25T00:00:00,13,1252,6417,1269,23301,2521
2026-08-25T00:00:00,14,1278,6417,1858,23301,3136
2026-08-25T00:00:00,15,1279,6417,2542,23301,3821
2026-08-25T00:00:00,16,1253,6417,3356,23301,4609
2026-08-25T00:00:00,17,1233,6417,3917,23301,5150
2026-08-25T00:00:00,18,1220,6417,4576,23301,5796
2026-08-25T00:00:00,19,1212,6417,5288,23301,6500
2026-08-25T00:00:00,20,1210,6417,5960,23301,7170
2026-08-25T00:00:00,21,1215,6417,6559,23301,7774
2026-08-25T00:00:00,22,1225,6417,6995,23301,8220
2026-08-25T00:00:00,23,1241,6417,7296,23301,8537
2026-08-25T00:00:00,24,1262,6417,7505,23301,8767
2026-08-25T00:00:00,25,1290,6417,7594,23301,8884
2026-08-25T00:00:00,26,1322,6417,7632,23301,8954
2026-08-25T00:00:00,27,1324,6417,7599,23301,8923
2026-08-25T00:00:00,28,1297,6417,7504,23301,8801
2026-08-25T00:00:00,29,1274,6417,7360,23301,8634
2026-08-25T00:00:00,30,1258,6417,7160,23301,8418
2026-08-25T00:00:00,31,1247,6417,6790,23301,8037
2026-08-25T00:00:00,32,1241,6417,6324,23301,7565
2026-08-25T00:00:00,33,1241,6417,5767,23301,7008
2026-08-25T00:00:00,34,1247,6417,5170,23301,6417
2026-08-25T00:00:00,35,1258,6417,4411,23301,5669
2026-08-25T00:00:00,36,1276,6417,3765,23301,5041
2026-08-25T00:00:00,37,1300,6417,3231,23301,4531
2026-08-25T00:00:00,38,1330,6417,2523,23301,3853
2026-08-25T00:00:00,39,1328,6417,1802,23301,3130
2026-08-25T00:00:00,40,1295,6417,1223,23301,2518
2026-08-25T00:00:00,41,1268,6417,765,23301,2033
2026-08-25T00:00:00,42,1248,6417,393,23301,1641
2026-08-25T00:00:00,43,1236,6417,173,23301,1409
2026-08-25T00:00:00,44,1230,6417,12,23301,1242
2026-08-25T00:00:00,45,1232,6417,0,23301,1232
2026-08-25T00:00:00,46,1242,6417,0,23301,1242
2026-08-25T00:00:00,47,1260,6417,0,23301,1260
2026-08-25T00:00:00,48,1286,6417,0,23301,1286
2026-08-26T00:00:00,1,1320,6417,0,23301,1320
2026-08-26T00:00:00,2,1364,6417,0,23301,1364
2026-08-26T00:00:00,3,1374,6417,0,23301,1374
2026-08-26T00:00:00,4,1349,6417,0,23301,1349
2026-08-26T00:00:00,5,1329,6417,0,23301,1329
2026-08-26T00:00:00,6,1316,6417,0,23301,1316
2026-08-26T00:00:00,7,1309,6417,0,23301,1309
2026-08-26T00:00:00,8,1309,6417,0,23301,1309
2026-08-26T00:00:00,9,1316,6417,5,23301,1321
2026-08-26T00:00:00,10,1330,6417,136,23301,1466
2026-08-26T00:00:00,11,1352,6417,364,23301,1716
2026-08-26T00:00:00,12,1381,6417,634,23301,2015
2026-08-26T00:00:00,13,1417,6417,1219,23301,2636
2026-08-26T00:00:00,14,1460,6417,1774,23301,3234
2026-08-26T00:00:00,15,1458,6417,2427,23301,3885
2026-08-26T00:00:00,16,1414,6417,3249,23301,4663
2026-08-26T00:00:00,17,1377,6417,3780,23301,5157
2026-08-26T00:00:00,18,1348,6417,4425,23301,5773
2026-08-26T00:00:00,19,1329,6417,5119,23301,6448
2026-08-26T00:00:00,20,1318,6417,5775,23301,7093
2026-08-26T00:00:00,21,1316,6417,6349,23301,7665
2026-08-26T00:00:00,22,1322,6417,6788,23301,8110
2026-08-26T00:00:00,23,1338,6417,7070,23301,8408
2026-08-26T00:00:00,24,1362,6417,7299,23301,8661
2026-08-26T00:00:00,25,1395,6417,7388,23301,8783
2026-08-26T00:00:00,26,1436,6417,7432,23301,8868
2026-08-26T00:00:00,27,1434,6417,7405,23301,8839
2026-08-26T00:00:00,28,1389,6417,7320,23301,8709
2026-08-26T00:00:00,29,1349,6417,7190,23301,8539
2026-08-26T00:00:00,30,1316,6417,6996,23301,8312
2026-08-26T00:00:00,31,1289,6417,6637,23301,7926
2026-08-26T00:00:00,32,1269,6417,6168,23301,7437
2026-08-26T00:00:00,33,1256,6417,5631,23301,6887
2026-08-26T00:00:00,34,1251,6417,5050,23301,6301
2026-08-26T00:00:00,35,1253,6417,4298,23301,5551
2026-08-26T00:00:00,36,1263,6417,3672,23301,4935
2026-08-26T00:00:00,37,1280,6417,3156,23301,4436
2026-08-26T00:00:00,38,1304,6417,2420,23301,3724
2026-08-26T00:00:00,39,1292,6417,1745,23301,3037
2026-08-26T00:00:00,40,1242,6417,1179,23301,2421
2026-08-26T00:00:00,41,1201,6417,716,23301,1917
2026-08-26T00:00:00,42,1168,6417,376,23301,1544
2026-08-26T00:00:00,43,1144,6417,161,23301,1305
2026-08-26T00:00:00,44,1127,6417,11,23301,1138
2026-08-26T00:00:00,45,1119,6417,1,23301,1120
2026-08-26T00:00:00,46,1119,6417,0,23301,1119
2026-08-26T00:00:00,47,1127,6417,0,23301,1127
2026-08-26T00:00:00,48,1144,6417,0,23301,1144
2026-08-27T00:00:00,1,1171,6417,0,23301,1171
2026-08-27T00:00:00,2,1208,6417,0,23301,1208
2026-08-27T00:00:00,3,1206,6417,0,23301,1206
2026-08-27T00:00:00,4,1163,6417,0,23301,1163
2026-08-27T00:00:00,5,1128,6417,0,23301,1128
2026-08-27T00:00:00,6,1100,6417,0,23301,1100
2026-08-27T00:00:00,7,1079,6417,0,23301,1079
2026-08-27T00:00:00,8,1065,6417,0,23301,1065
2026-08-27T00:00:00,9,1058,6417,5,23301,1063
2026-08-27T00:00:00,10,1058,6417,130,23301,1188
2026-08-27T00:00:00,11,1065,6417,342,23301,1407
2026-08-27T00:00:00,12,1079,6417,589,23301,1668
2026-08-27T00:00:00,13,1100,6417,1117,23301,2217
2026-08-27T00:00:00,14,1127,6417,1617,23301,2744
2026-08-27T00:00:00,15,1129,6417,2231,23301,3360
2026-08-27T00:00:00,16,1106,6417,3020,23301,4126
2026-08-27T00:00:00,17,1089,6417,3514,23301,4603
2026-08-27T00:00:00,18,1080,6417,4116,23301,5196
2026-08-27T00:00:00,19,1077,6417,4789,23301,5866
2026-08-27T00:00:00,20,1082,6417,5412,23301,6494
2026-08-27T00:00:00,21,1094,6417,5943,23301,7037
2026-08-27T00:00:00,22,1113,6417,6354,23301,7467
2026-08-27T00:00:00,23,1138,6417,6616,23301,7754
2026-08-27T00:00:00,24,1171,6417,6844,23301,8015
2026-08-27T00:00:00,25,1210,6417,6928,23301,8138
2026-08-27T00:00:00,26,1257,6417,6974,23301,8231
2026-08-27T00:00:00,27,1268,6417,6953,23301,8221
2026-08-27T00:00:00,28,1243,6417,6869,23301,8112
2026-08-27T00:00:00,29,1224,6417,6750,23301,7974
2026-08-27T00:00:00,30,1211,6417,6539,23301,7750
2026-08-27T00:00:00,31,1204,6417,6195,23301,7399
2026-08-27T00:00:00,32,1204,6417,5756,23301,6960
2026-08-27T00:00:00,33,1209,6417,5266,23301,6475
2026-08-27T00:00:00,34,1220,6417,4729,23301,5949
2026-08-27T00:00:00,35,1237,6417,3997,23301,5234
2026-08-27T00:00:00,36,1261,6417,3425,23301,4686
2026-08-27T00:00:00,37,1290,6417,2955,23301,4245
2026-08-27T00:00:00,38,1326,6417,2246,23301,3572
2026-08-27T00:00:00,39,1325,6417,1611,23301,2936
2026-08-27T00:00:00,40,1289,6417,1097,23301,2386
2026-08-27T00:00:00,41,1260,6417,644,23301,1904
2026-08-27T00:00:00,42,1239,6417,360,23301,1599
2026-08-27T00:00:00,43,1225,6417,158,23301,1383
2026-08-27T00:00:00,44,1220,6417,13,23301,1233
2026-08-27T00:00:00,45,1222,6417,1,23301,1223
2026-08-27T00:00:00,46,1233,6417,0,23301,1233
2026-08-27T00:00:00,47,1252,6417,0,23301,1252
2026-08-27T00:00:00,48,1280,6417,0,23301,1280
2026-08-28T00:00:00,1,1316,6417,0,23301,1316
2026-08-28T00:00:00,2,1361,6417,0,23301,1361
2026-08-28T00:00:00,3,1363,6417,0,23301,1363
2026-08-28T00:00:00,4,1321,6417,0,23301,1321
2026-08-28T00:00:00,5,1286,6417,0,23301,1286
2026-08-28T00:00:00,6,1258,6417,0,23301,1258
2026-08-28T00:00:00,7,1237,6417,0,23301,1237
2026-08-28T00:00:00,8,1224,6417,1,23301,1225
2026-08-28T00:00:00,9,1218,6417,5,23301,1223
2026-08-28T00:00:00,10,1219,6417,122,23301,1341
2026-08-28T00:00:00,11,1229,6417,343,23301,1572
2026-08-28T00:00:00,12,1247,6417,598,23301,1845
2026-08-28T00:00:00,13,1273,6417,1155,23301,2428
2026-08-28T00:00:00,14,1307,6417,1689,23301,2996
2026-08-28T00:00:00,15,1315,6417,2323,23301,3638
2026-08-28T00:00:00,16,1297,6417,3140,23301,4437
2026-08-28T00:00:00,17,1286,6417,3671,23301,4957
2026-08-28T00:00:00,18,1282,6417,4288,23301,5570
2026-08-28T00:00:00,19,1286,6417,5012,23301,6298
2026-08-28T00:00:00,20,1297,6417,5678,23301,6975
2026-08-28T00:00:00,21,1314,6417,6244,23301,7558
2026-08-28T00:00:00,22,1339,6417,6706,23301,8045
2026-08-28T00:00:00,23,1369,6417,7003,23301,8372
2026-08-28T00:00:00,24,1406,6417,7292,23301,8698
2026-08-28T00:00:00,25,1449,6417,7424,23301,8873
2026-08-28T00:00:00,26,1498,6417,7507,23301,9005
2026-08-28T00:00:00,27,1505,6417,7528,23301,9033
2026-08-28T00:00:00,28,1471,6417,7479,23301,8950
2026-08-28T00:00:00,29,1443,6417,7390,23301,8833
2026-08-28T00:00:00,30,1421,6417,7177,23301,8598
2026-08-28T00:00:00,31,1404,6417,6831,23301,8235
2026-08-28T00:00:00,32,1394,6417,6359,23301,7753
2026-08-28T00:00:00,33,1389,6417,5852,23301,7241
2026-08-28T00:00:00,34,1389,6417,5262,23301,6651
2026-08-28T00:00:00,35,1396,6417,4466,23301,5862
2026-08-28T00:00:00,36,1409,6417,3818,23301,5227
2026-08-28T00:00:00,37,1428,6417,3292,23301,4720
2026-08-28T00:00:00,38,1452,6417,2486,23301,3938
2026-08-28T00:00:00,39,1451,6417,1780,23301,3231
2026-08-28T00:00:00,40,1423,6417,1199,23301,2622
2026-08-28T00:00:00,41,1401,6417,659,23301,2060
2026-08-28T00:00:00,42,1386,6417,357,23301,1743
2026-08-28T00:00:00,43,1377,6417,134,23301,1511
2026-08-28T00:00:00,44,1375,6417,3,23301,1378
2026-08-28T00:00:00,45,1380,6417,0,23301,1380
2026-08-28T00:00:00,46,1392,6417,0,23301,1392
2026-08-28T00:00:00,47,1412,6417,0,23301,1412
2026-08-28T00:00:00,48,1439,6417,0,23301,1439
2026-08-17T00:00:00,33,481,6417,5863,23301,6344
2026-08-17T00:00:00,34,510,6417,5120,23301,5630
2026-08-17T00:00:00,35,538,6417,4353,23301,4891
2026-08-17T00:00:00,36,565,6417,3392,23301,3957
2026-08-17T00:00:00,37,581,6417,2669,23301,3250
2026-08-17T00:00:00,38,585,6417,1946,23301,2531
2026-08-17T00:00:00,39,593,6417,1128,23301,1721
2026-08-17T00:00:00,40,613,6417,515,23301,1128
2026-08-17T00:00:00,41,667,6417,182,23301,849
2026-08-17T00:00:00,42,756,6417,56,23301,812
2026-08-17T00:00:00,43,839,6417,0,23301,839
2026-08-17T00:00:00,44,921,6417,0,23301,921
2026-08-17T00:00:00,45,1008,6417,0,23301,1008
2026-08-17T00:00:00,46,1095,6417,0,23301,1095
2026-08-17T00:00:00,47,1176,6417,0,23301,1176
2026-08-17T00:00:00,48,1255,6417,0,23301,1255
2026-08-18T00:00:00,1,1335,6417,0,23301,1335
2026-08-18T00:00:00,2,1416,6417,0,23301,1416
2026-08-18T00:00:00,3,1490,6417,0,23301,1490
2026-08-18T00:00:00,4,1567,6417,0,23301,1567
2026-08-18T00:00:00,5,1644,6417,0,23301,1644
2026-08-18T00:00:00,6,1723,6417,0,23301,1723
2026-08-18T00:00:00,7,1805,6417,0,23301,1805
2026-08-18T00:00:00,8,1883,6417,0,23301,1883
2026-08-18T00:00:00,9,1940,6417,0,23301,1940
2026-08-18T00:00:00,10,1974,6417,0,23301,1974
2026-08-18T00:00:00,11,1996,6417,1,23301,1997
2026-08-18T00:00:00,12,2001,6417,37,23301,2038
2026-08-18T00:00:00,13,1994,6417,104,23301,2098
2026-08-18T00:00:00,14,1971,6417,313,23301,2284
2026-08-18T00:00:00,15,1932,6417,762,23301,2694
2026-08-18T00:00:00,16,1879,6417,1392,23301,3271
2026-08-18T00:00:00,17,1860,6417,1880,23301,3740
2026-08-18T00:00:00,18,1871,6417,2631,23301,4502
2026-08-18T00:00:00,19,1915,6417,3484,23301,5399
2026-08-18T00:00:00,20,1996,6417,4474,23301,6470
2026-08-18T00:00:00,21,2073,6417,5376,23301,7449
2026-08-18T00:00:00,22,2137,6417,6134,23301,8271
2026-08-18T00:00:00,23,2199,6417,6808,23301,9007
2026-08-18T00:00:00,24,2258,6417,7326,23301,9584
2026-08-18T00:00:00,25,2317,6417,7766,23301,10083
2026-08-18T00:00:00,26,2373,6417,8073,23301,10446
2026-08-18T00:00:00,27,2422,6417,8298,23301,10720
2026-08-18T00:00:00,28,2462,6417,8362,23301,10824
2026-08-18T00:00:00,29,2497,6417,8329,23301,10826
2026-08-18T00:00:00,30,2524,6417,8117,23301,10641
2026-08-18T00:00:00,31,2528,6417,7815,23301,10343
2026-08-18T00:00:00,32,2510,6417,7198,23301,9708
2026-08-18T00:00:00,33,2471,6417,6442,23301,8913
2026-08-18T00:00:00,34,2412,6417,5462,23301,7874
2026-08-18T00:00:00,35,2320,6417,4425,23301,6745
2026-08-18T00:00:00,36,2195,6417,3427,23301,5622
2026-08-18T00:00:00,37,2049,6417,2618,23301,4667
2026-08-18T00:00:00,38,1885,6417,1923,23301,3808
2026-08-18T00:00:00,39,1741,6417,1055,23301,2796
2026-08-18T00:00:00,40,1619,6417,451,23301,2070
2026-08-18T00:00:00,41,1522,6417,166,23301,1688
2026-08-18T00:00:00,42,1447,6417,49,23301,1496
2026-08-18T00:00:00,43,1385,6417,0,23301,1385
2026-08-18T00:00:00,44,1337,6417,0,23301,1337
2026-08-18T00:00:00,45,1293,6417,0,23301,1293
2026-08-18T00:00:00,46,1252,6417,0,23301,1252
2026-08-18T00:00:00,47,1215,6417,0,23301,1215
2026-08-18T00:00:00,48,1179,6417,0,23301,1179
2026-08-19T00:00:00,1,1156,6417,0,23301,1156
2026-08-19T00:00:00,2,1144,6417,0,23301,1144
2026-08-19T00:00:00,3,1138,6417,0,23301,1138
2026-08-19T00:00:00,4,1137,6417,0,23301,1137
2026-08-19T00:00:00,5,1138,6417,0,23301,1138
2026-08-19T00:00:00,6,1142,6417,0,23301,1142
2026-08-19T00:00:00,7,1142,6417,0,23301,1142
2026-08-19T00:00:00,8,1140,6417,0,23301,1140
2026-08-19T00:00:00,9,1133,6417,0,23301,1133
2026-08-19T00:00:00,10,1120,6417,0,23301,1120
2026-08-19T00:00:00,11,1105,6417,1,23301,1106
2026-08-19T00:00:00,12,1090,6417,32,23301,1122
2026-08-19T00:00:00,13,1070,6417,134,23301,1204
2026-08-19T00:00:00,14,1048,6417,500,23301,1548
2026-08-19T00:00:00,15,1019,6417,1202,23301,2221
2026-08-19T00:00:00,16,989,6417,2158,23301,3147
2026-08-19T00:00:00,17,991,6417,2946,23301,3937
2026-08-19T00:00:00,18,1025,6417,3896,23301,4921
2026-08-19T00:00:00,19,1056,6417,4942,23301,5998
2026-08-19T00:00:00,20,1079,6417,5846,23301,6925
2026-08-19T00:00:00,21,1107,6417,6584,23301,7691
2026-08-19T00:00:00,22,1142,6417,7089,23301,8231
2026-08-19T00:00:00,23,1179,6417,7488,23301,8667
2026-08-19T00:00:00,24,1221,6417,7702,23301,8923
2026-08-19T00:00:00,25,1265,6417,7919,23301,9184
2026-08-19T00:00:00,26,1313,6417,8147,23301,9460
2026-08-19T00:00:00,27,1357,6417,8299,23301,9656
2026-08-19T00:00:00,28,1401,6417,8275,23301,9676
2026-08-19T00:00:00,29,1438,6417,8179,23301,9617
2026-08-19T00:00:00,30,1471,6417,7943,23301,9414
2026-08-19T00:00:00,31,1489,6417,7627,23301,9116
2026-08-19T00:00:00,32,1494,6417,7067,23301,8561
2026-08-19T00:00:00,33,1495,6417,6409,23301,7904
2026-08-19T00:00:00,34,1495,6417,5551,23301,7046
2026-08-19T00:00:00,35,1481,6417,4593,23301,6074
2026-08-19T00:00:00,36,1455,6417,3675,23301,5130
2026-08-19T00:00:00,37,1407,6417,2929,23301,4336
2026-08-19T00:00:00,38,1338,6417,2189,23301,3527
2026-08-19T00:00:00,39,1271,6417,1303,23301,2574
2026-08-19T00:00:00,40,1206,6417,555,23301,1761
2026-08-19T00:00:00,41,1169,6417,179,23301,1348
2026-08-19T00:00:00,42,1156,6417,54,23301,1210
2026-08-19T00:00:00,43,1152,6417,0,23301,1152
2026-08-19T00:00:00,44,1150,6417,0,23301,1150
2026-08-19T00:00:00,45,1151,6417,0,23301,1151
2026-08-19T00:00:00,46,1153,6417,0,23301,1153
2026-08-19T00:00:00,47,1155,6417,0,23301,1155
2026-08-19T00:00:00,48,1151,6417,0,23301,1151
2026-08-20T00:00:00,1,1150,6417,0,23301,1150
2026-08-20T00:00:00,2,1148,6417,0,23301,1148
2026-08-20T00:00:00,3,1151,6417,0,23301,1151
2026-08-20T00:00:00,4,1153,6417,0,23301,1153
2026-08-20T00:00:00,5,1154,6417,0,23301,1154
2026-08-20T00:00:00,6,1152,6417,0,23301,1152
2026-08-20T00:00:00,7,1149,6417,0,23301,1149
2026-08-20T00:00:00,8,1146,6417,0,23301,1146
2026-08-20T00:00:00,9,1143,6417,0,23301,1143
2026-08-20T00:00:00,10,1139,6417,0,23301,1139
2026-08-20T00:00:00,11,1135,6417,1,23301,1136
2026-08-20T00:00:00,12,1127,6417,24,23301,1151
2026-08-20T00:00:00,13,1113,6417,127,23301,1240
2026-08-20T00:00:00,14,1092,6417,461,23301,1553
2026-08-20T00:00:00,15,1058,6417,1084,23301,2142
2026-08-20T00:00:00,16,1017,6417,2010,23301,3027
2026-08-20T00:00:00,17,998,6417,2746,23301,3744
2026-08-20T00:00:00,18,1000,6417,3647,23301,4647
2026-08-20T00:00:00,19,1012,6417,4628,23301,5640
2026-08-20T00:00:00,20,1031,6417,5514,23301,6545
2026-08-20T00:00:00,21,1048,6417,6237,23301,7285
2026-08-20T00:00:00,22,1060,6417,6703,23301,7763
2026-08-20T00:00:00,23,1069,6417,7057,23301,8126
2026-08-20T00:00:00,24,1077,6417,7279,23301,8356
2026-08-20T00:00:00,25,1089,6417,7443,23301,8532
2026-08-20T00:00:00,26,1108,6417,7523,23301,8631
2026-08-20T00:00:00,27,1125,6417,7545,23301,8670
2026-08-20T00:00:00,28,1147,6417,7508,23301,8655
2026-08-20T00:00:00,29,1165,6417,7367,23301,8532
2026-08-20T00:00:00,30,1184,6417,7140,23301,8324
2026-08-20T00:00:00,31,1198,6417,6804,23301,8002
2026-08-20T00:00:00,32,1212,6417,6241,23301,7453
2026-08-20T00:00:00,33,1222,6417,5591,23301,6813
2026-08-20T00:00:00,34,1226,6417,4817,23301,6043
2026-08-20T00:00:00,35,1220,6417,3966,23301,5186
2026-08-20T00:00:00,36,1201,6417,3082,23301,4283
2026-08-20T00:00:00,37,1176,6417,2419,23301,3595
2026-08-20T00:00:00,38,1144,6417,1797,23301,2941
2026-08-20T00:00:00,39,1116,6417,1036,23301,2152
2026-08-20T00:00:00,40,1080,6417,441,23301,1521
2026-08-20T00:00:00,41,1062,6417,155,23301,1217
2026-08-20T00:00:00,42,1057,6417,42,23301,1099
2026-08-20T00:00:00,43,1063,6417,0,23301,1063
2026-08-20T00:00:00,44,1076,6417,0,23301,1076
2026-08-20T00:00:00,45,1076,6417,0,23301,1076
2026-08-20T00:00:00,46,1057,6417,0,23301,1057
2026-08-20T00:00:00,47,1048,6417,0,23301,1048
2026-08-20T00:00:00,48,1046,6417,0,23301,1046
2026-08-21T00:00:00,1,1052,6417,1,23301,1053
2026-08-21T00:00:00,2,1065,6417,1,23301,1066
2026-08-21T00:00:00,3,1072,6417,1,23301,1073
2026-08-21T00:00:00,4,1071,6417,2,23301,1073
2026-08-21T00:00:00,5,1074,6417,3,23301,1077
2026-08-21T00:00:00,6,1079,6417,0,23301,1079
2026-08-21T00:00:00,7,1090,6417,0,23301,1090
2026-08-21T00:00:00,8,1104,6417,0,23301,1104
2026-08-21T00:00:00,9,1110,6417,0,23301,1110
2026-08-21T00:00:00,10,1106,6417,0,23301,1106
2026-08-21T00:00:00,11,1104,6417,1,23301,1105
2026-08-21T00:00:00,12,1103,6417,33,23301,1136
2026-08-21T00:00:00,13,1103,6417,182,23301,1285
2026-08-21T00:00:00,14,1104,6417,546,23301,1650
2026-08-21T00:00:00,15,1092,6417,1232,23301,2324
2026-08-21T00:00:00,16,1067,6417,2206,23301,3273
2026-08-21T00:00:00,17,1060,6417,2972,23301,4032
2026-08-21T00:00:00,18,1069,6417,3923,23301,4992
2026-08-21T00:00:00,19,1079,6417,4957,23301,6036
2026-08-21T00:00:00,20,1088,6417,5934,23301,7022
2026-08-21T00:00:00,21,1085,6417,6855,23301,7940
2026-08-21T00:00:00,22,1069,6417,7443,23301,8512
2026-08-21T00:00:00,23,1055,6417,7890,23301,8945
2026-08-21T00:00:00,24,1046,6417,8074,23301,9120
2026-08-21T00:00:00,25,1042,6417,8172,23301,9214
2026-08-21T00:00:00,26,1043,6417,8160,23301,9203
2026-08-21T00:00:00,27,1046,6417,8040,23301,9086
2026-08-21T00:00:00,28,1053,6417,7839,23301,8892
2026-08-21T00:00:00,29,1064,6417,7582,23301,8646
2026-08-21T00:00:00,30,1078,6417,7296,23301,8374
2026-08-21T00:00:00,31,1098,6417,6871,23301,7969
2026-08-21T00:00:00,32,1125,6417,6267,23301,7392
2026-08-21T00:00:00,33,1135,6417,5586,23301,6721
2026-08-21T00:00:00,34,1126,6417,4755,23301,5881
2026-08-21T00:00:00,35,1122,6417,3937,23301,5059
2026-08-21T00:00:00,36,1122,6417,3121,23301,4243
2026-08-21T00:00:00,37,1124,6417,2456,23301,3580
2026-08-21T00:00:00,38,1127,6417,1786,23301,2913
2026-08-21T00:00:00,39,1118,6417,963,23301,2081
2026-08-21T00:00:00,40,1097,6417,424,23301,1521
2026-08-21T00:00:00,41,1088,6417,165,23301,1253
2026-08-21T00:00:00,42,1092,6417,17,23301,1109
2026-08-21T00:00:00,43,1106,6417,1,23301,1107
2026-08-21T00:00:00,44,1129,6417,1,23301,1130
2026-08-21T00:00:00,45,1130,6417,0,23301,1130
2026-08-21T00:00:00,46,1106,6417,0,23301,1106
2026-08-21T00:00:00,47,1090,6417,0,23301,1090
2026-08-21T00:00:00,48,1083,6417,22,23301,1105
2026-08-22T00:00:00,1,1082,6417,41,23301,1123
2026-08-22T00:00:00,2,1089,6417,54,23301,1143
2026-08-22T00:00:00,3,1088,6417,60,23301,1148
2026-08-22T00:00:00,4,1080,6417,53,23301,1133
2026-08-22T00:00:00,5,1077,6417,34,23301,1111
2026-08-22T00:00:00,6,1081,6417,2,23301,1083
2026-08-22T00:00:00,7,1089,6417,0,23301,1089
2026-08-22T00:00:00,8,1104,6417,0,23301,1104
2026-08-22T00:00:00,9,1107,6417,0,23301,1107
2026-08-22T00:00:00,10,1097,6417,0,23301,1097
2026-08-22T00:00:00,11,1091,6417,1,23301,1092
2026-08-22T00:00:00,12,1090,6417,62,23301,1152
2026-08-22T00:00:00,13,1091,6417,331,23301,1422
2026-08-22T00:00:00,14,1096,6417,798,23301,1894
2026-08-22T00:00:00,15,1075,6417,1607,23301,2682
2026-08-22T00:00:00,16,1033,6417,2623,23301,3656
2026-08-22T00:00:00,17,1000,6417,3342,23301,4342
2026-08-22T00:00:00,18,976,6417,4295,23301,5271
2026-08-22T00:00:00,19,959,6417,5413,23301,6372
2026-08-22T00:00:00,20,951,6417,6498,23301,7449
2026-08-22T00:00:00,21,927,6417,7656,23301,8583
2026-08-22T00:00:00,22,886,6417,8466,23301,9352
2026-08-22T00:00:00,23,852,6417,9088,23301,9940
2026-08-22T00:00:00,24,825,6417,9403,23301,10228
2026-08-22T00:00:00,25,804,6417,9537,23301,10341
2026-08-22T00:00:00,26,791,6417,9495,23301,10286
2026-08-22T00:00:00,27,777,6417,9305,23301,10082
2026-08-22T00:00:00,28,763,6417,9011,23301,9774
2026-08-22T00:00:00,29,754,6417,8651,23301,9405
2026-08-22T00:00:00,30,751,6417,8231,23301,8982
2026-08-22T00:00:00,31,754,6417,7627,23301,8381
2026-08-22T00:00:00,32,763,6417,6893,23301,7656
2026-08-22T00:00:00,33,757,6417,6050,23301,6807
2026-08-22T00:00:00,34,737,6417,5115,23301,5852
2026-08-22T00:00:00,35,724,6417,4198,23301,4922
2026-08-22T00:00:00,36,719,6417,3311,23301,4030
2026-08-22T00:00:00,37,722,6417,2565,23301,3287
2026-08-22T00:00:00,38,733,6417,1815,23301,2548
2026-08-22T00:00:00,39,728,6417,934,23301,1662
2026-08-22T00:00:00,40,712,6417,404,23301,1116
2026-08-22T00:00:00,41,707,6417,152,23301,859
2026-08-22T00:00:00,42,715,6417,6,23301,721
2026-08-22T00:00:00,43,735,6417,2,23301,737
2026-08-22T00:00:00,44,769,6417,3,23301,772
2026-08-22T00:00:00,45,765,6417,19,23301,784
2026-08-22T00:00:00,46,722,6417,67,23301,789
2026-08-22T00:00:00,47,692,6417,81,23301,773
2026-08-22T00:00:00,48,673,6417,47,23301,720
2026-08-23T00:00:00,1,667,6417,1,23301,668
2026-08-23T00:00:00,2,674,6417,0,23301,674
2026-08-23T00:00:00,3,671,6417,0,23301,671
2026-08-23T00:00:00,4,652,6417,0,23301,652
2026-08-23T00:00:00,5,636,6417,0,23301,636
2026-08-23T00:00:00,6,623,6417,0,23301,623
2026-08-23T00:00:00,7,614,6417,0,23301,614
2026-08-23T00:00:00,8,607,6417,0,23301,607
2026-08-23T00:00:00,9,603,6417,0,23301,603
2026-08-23T00:00:00,10,602,6417,12,23301,614
2026-08-23T00:00:00,11,604,6417,282,23301,886
2026-08-23T00:00:00,12,608,6417,660,23301,1268
2026-08-23T00:00:00,13,616,6417,1345,23301,1961
2026-08-23T00:00:00,14,627,6417,2175,23301,2802
2026-08-23T00:00:00,15,613,6417,3102,23301,3715
2026-08-23T00:00:00,16,575,6417,4089,23301,4664
2026-08-23T00:00:00,17,543,6417,4805,23301,5348
2026-08-23T00:00:00,18,515,6417,5640,23301,6155
2026-08-23T00:00:00,19,493,6417,6547,23301,7040
2026-08-23T00:00:00,20,474,6417,7301,23301,7775
2026-08-23T00:00:00,21,460,6417,8053,23301,8513
2026-08-23T00:00:00,22,449,6417,8511,23301,8960
2026-08-23T00:00:00,23,442,6417,8872,23301,9314
2026-08-23T00:00:00,24,438,6417,9014,23301,9452
2026-08-23T00:00:00,25,438,6417,9053,23301,9491
2026-08-23T00:00:00,26,440,6417,9008,23301,9448
2026-08-23T00:00:00,27,439,6417,8882,23301,9321
2026-08-23T00:00:00,28,432,6417,8694,23301,9126
2026-08-23T00:00:00,29,428,6417,8461,23301,8889
2026-08-23T00:00:00,30,427,6417,8183,23301,8610
2026-08-23T00:00:00,31,428,6417,7739,23301,8167
2026-08-23T00:00:00,32,433,6417,7165,23301,7598
2026-08-23T00:00:00,33,440,6417,6559,23301,6999
2026-08-23T00:00:00,34,450,6417,5815,23301,6265
2026-08-23T00:00:00,35,463,6417,5026,23301,5489
2026-08-23T00:00:00,36,479,6417,4248,23301,4727
2026-08-23T00:00:00,37,499,6417,3612,23301,4111
2026-08-23T00:00:00,38,522,6417,2923,23301,3445
2026-08-23T00:00:00,39,524,6417,2082,23301,2606
2026-08-23T00:00:00,40,507,6417,1422,23301,1929
2026-08-23T00:00:00,41,495,6417,917,23301,1412
2026-08-23T00:00:00,42,488,6417,470,23301,958
2026-08-23T00:00:00,43,487,6417,221,23301,708
2026-08-23T00:00:00,44,490,6417,20,23301,510
2026-08-23T00:00:00,45,498,6417,0,23301,498
2026-08-23T00:00:00,46,510,6417,0,23301,510
2026-08-23T00:00:00,47,528,6417,0,23301,528
2026-08-23T00:00:00,48,552,6417,0,23301,552
2026-08-24T00:00:00,1,582,6417,0,23301,582
2026-08-24T00:00:00,2,618,6417,0,23301,618
2026-08-24T00:00:00,3,634,6417,0,23301,634
2026-08-24T00:00:00,4,627,6417,0,23301,627
2026-08-24T00:00:00,5,623,6417,0,23301,623
2026-08-24T00:00:00,6,623,6417,0,23301,623
2026-08-24T00:00:00,7,625,6417,0,23301,625
2026-08-24T00:00:00,8,631,6417,0,23301,631
2026-08-24T00:00:00,9,640,6417,3,23301,643
2026-08-24T00:00:00,10,652,6417,161,23301,813
2026-08-24T00:00:00,11,668,6417,440,23301,1108
2026-08-24T00:00:00,12,687,6417,803,23301,1490
2026-08-24T00:00:00,13,709,6417,1543,23301,2252
2026-08-24T00:00:00,14,736,6417,2277,23301,3013
2026-08-24T00:00:00,15,748,6417,3061,23301,3809
2026-08-24T00:00:00,16,748,6417,3969,23301,4717
2026-08-24T00:00:00,17,753,6417,4605,23301,5358
2026-08-24T00:00:00,18,762,6417,5352,23301,6114
2026-08-24T00:00:00,19,776,6417,6170,23301,6946
2026-08-24T00:00:00,20,795,6417,6847,23301,7642
2026-08-24T00:00:00,21,818,6417,7521,23301,8339
2026-08-24T00:00:00,22,847,6417,7928,23301,8775
2026-08-24T00:00:00,23,880,6417,8258,23301,9138
2026-08-24T00:00:00,24,919,6417,8389,23301,9308
2026-08-24T00:00:00,25,963,6417,8424,23301,9387
2026-08-24T00:00:00,26,1012,6417,8392,23301,9404
2026-08-24T00:00:00,27,1030,6417,8284,23301,9314
2026-08-24T00:00:00,28,1017,6417,8106,23301,9123
2026-08-24T00:00:00,29,1008,6417,7882,23301,8890
2026-08-24T00:00:00,30,1003,6417,7623,23301,8626
2026-08-24T00:00:00,31,1002,6417,7187,23301,8189
2026-08-24T00:00:00,32,1004,6417,6631,23301,7635
2026-08-24T00:00:00,33,1012,6417,6043,23301,7055
2026-08-24T00:00:00,34,1023,6417,5381,23301,6404
2026-08-24T00:00:00,35,1040,6417,4608,23301,5648
2026-08-24T00:00:00,36,1061,6417,3891,23301,4952
2026-08-24T00:00:00,37,1087,6417,3315,23301,4402
2026-08-24T00:00:00,38,1118,6417,2612,23301,3730
2026-08-24T00:00:00,39,1125,6417,1870,23301,2995
2026-08-24T00:00:00,40,1110,6417,1267,23301,2377
2026-08-24T00:00:00,41,1101,6417,807,23301,1908
2026-08-24T00:00:00,42,1099,6417,413,23301,1512
2026-08-24T00:00:00,43,1105,6417,186,23301,1291
2026-08-24T00:00:00,44,1119,6417,16,23301,1135
2026-08-24T00:00:00,45,1141,6417,1,23301,1142
2026-08-24T00:00:00,46,1172,6417,0,23301,1172
2026-08-24T00:00:00,47,1211,6417,0,23301,1211
2026-08-24T00:00:00,48,1261,6417,0,23301,1261
2026-08-25T00:00:00,1,1320,6417,0,23301,1320
2026-08-25T00:00:00,2,1388,6417,0,23301,1388
2026-08-25T00:00:00,3,1411,6417,0,23301,1411
2026-08-25T00:00:00,4,1384,6417,0,23301,1384
2026-08-25T00:00:00,5,1360,6417,0,23301,1360
2026-08-25T00:00:00,6,1342,6417,0,23301,1342
2026-08-25T00:00:00,7,1333,6417,0,23301,1333
2026-08-25T00:00:00,8,1332,6417,1,23301,1333
2026-08-25T00:00:00,9,1342,6417,8,23301,1350
2026-08-25T00:00:00,10,1360,6417,142,23301,1502
2026-08-25T00:00:00,11,1386,6417,379,23301,1765
2026-08-25T00:00:00,12,1420,6417,660,23301,2080
2026-08-25T00:00:00,13,1462,6417,1278,23301,2740
2026-08-25T00:00:00,14,1512,6417,1860,23301,3372
2026-08-25T00:00:00,15,1525,6417,2524,23301,4049
2026-08-25T00:00:00,16,1498,6417,3363,23301,4861
2026-08-25T00:00:00,17,1478,6417,3898,23301,5376
2026-08-25T00:00:00,18,1466,6417,4548,23301,6014
2026-08-25T00:00:00,19,1465,6417,5295,23301,6760
2026-08-25T00:00:00,20,1475,6417,5895,23301,7370
2026-08-25T00:00:00,21,1495,6417,6459,23301,7954
2026-08-25T00:00:00,22,1525,6417,6812,23301,8337
2026-08-25T00:00:00,23,1564,6417,7110,23301,8674
2026-08-25T00:00:00,24,1612,6417,7261,23301,8873
2026-08-25T00:00:00,25,1668,6417,7304,23301,8972
2026-08-25T00:00:00,26,1734,6417,7295,23301,9029
2026-08-25T00:00:00,27,1746,6417,7211,23301,8957
2026-08-25T00:00:00,28,1700,6417,7069,23301,8769
2026-08-25T00:00:00,29,1658,6417,6884,23301,8542
2026-08-25T00:00:00,30,1622,6417,6664,23301,8286
2026-08-25T00:00:00,31,1596,6417,6260,23301,7856
2026-08-25T00:00:00,32,1582,6417,5768,23301,7350
2026-08-25T00:00:00,33,1578,6417,5276,23301,6854
2026-08-25T00:00:00,34,1587,6417,4710,23301,6297
2026-08-25T00:00:00,35,1607,6417,4008,23301,5615
2026-08-25T00:00:00,36,1638,6417,3376,23301,5014
2026-08-25T00:00:00,37,1681,6417,2888,23301,4569
2026-08-25T00:00:00,38,1735,6417,2223,23301,3958
2026-08-25T00:00:00,39,1730,6417,1588,23301,3318
2026-08-25T00:00:00,40,1665,6417,1072,23301,2737
2026-08-25T00:00:00,41,1609,6417,676,23301,2285
2026-08-25T00:00:00,42,1564,6417,354,23301,1918
2026-08-25T00:00:00,43,1530,6417,159,23301,1689
2026-08-25T00:00:00,44,1509,6417,20,23301,1529
2026-08-25T00:00:00,45,1502,6417,4,23301,1506
2026-08-25T00:00:00,46,1507,6417,1,23301,1508
2026-08-25T00:00:00,47,1525,6417,0,23301,1525
2026-08-25T00:00:00,48,1556,6417,0,23301,1556
2026-08-26T00:00:00,1,1601,6417,0,23301,1601
2026-08-26T00:00:00,2,1660,6417,0,23301,1660
2026-08-26T00:00:00,3,1660,6417,0,23301,1660
2026-08-26T00:00:00,4,1594,6417,0,23301,1594
2026-08-26T00:00:00,5,1537,6417,0,23301,1537
2026-08-26T00:00:00,6,1489,6417,0,23301,1489
2026-08-26T00:00:00,7,1452,6417,0,23301,1452
2026-08-26T00:00:00,8,1425,6417,1,23301,1426
2026-08-26T00:00:00,9,1410,6417,7,23301,1417
2026-08-26T00:00:00,10,1404,6417,121,23301,1525
2026-08-26T00:00:00,11,1407,6417,333,23301,1740
2026-08-26T00:00:00,12,1420,6417,582,23301,2002
2026-08-26T00:00:00,13,1442,6417,1110,23301,2552
2026-08-26T00:00:00,14,1472,6417,1613,23301,3085
2026-08-26T00:00:00,15,1466,6417,2220,23301,3686
2026-08-26T00:00:00,16,1420,6417,3037,23301,4457
2026-08-26T00:00:00,17,1383,6417,3529,23301,4912
2026-08-26T00:00:00,18,1356,6417,4156,23301,5512
2026-08-26T00:00:00,19,1338,6417,4872,23301,6210
2026-08-26T00:00:00,20,1330,6417,5498,23301,6828
2026-08-26T00:00:00,21,1331,6417,6098,23301,7429
2026-08-26T00:00:00,22,1342,6417,6511,23301,7853
2026-08-26T00:00:00,23,1361,6417,6866,23301,8227
2026-08-26T00:00:00,24,1389,6417,7120,23301,8509
2026-08-26T00:00:00,25,1425,6417,7258,23301,8683
2026-08-26T00:00:00,26,1468,6417,7355,23301,8823
2026-08-26T00:00:00,27,1468,6417,7387,23301,8855
2026-08-26T00:00:00,28,1427,6417,7352,23301,8779
2026-08-26T00:00:00,29,1392,6417,7264,23301,8656
2026-08-26T00:00:00,30,1363,6417,7107,23301,8470
2026-08-26T00:00:00,31,1341,6417,6744,23301,8085
2026-08-26T00:00:00,32,1325,6417,6307,23301,7632
2026-08-26T00:00:00,33,1316,6417,5820,23301,7136
2026-08-26T00:00:00,34,1314,6417,5215,23301,6529
2026-08-26T00:00:00,35,1319,6417,4465,23301,5784
2026-08-26T00:00:00,36,1330,6417,3807,23301,5137
2026-08-26T00:00:00,37,1348,6417,3280,23301,4628
2026-08-26T00:00:00,38,1372,6417,2526,23301,3898
2026-08-26T00:00:00,39,1362,6417,1836,23301,3198
2026-08-26T00:00:00,40,1319,6417,1244,23301,2563
2026-08-26T00:00:00,41,1283,6417,757,23301,2040
2026-08-26T00:00:00,42,1254,6417,397,23301,1651
2026-08-26T00:00:00,43,1232,6417,171,23301,1403
2026-08-26T00:00:00,44,1217,6417,11,23301,1228
2026-08-26T00:00:00,45,1209,6417,1,23301,1210
2026-08-26T00:00:00,46,1208,6417,0,23301,1208
2026-08-26T00:00:00,47,1215,6417,0,23301,1215
2026-08-26T00:00:00,48,1230,6417,0,23301,1230
2026-08-27T00:00:00,1,1253,6417,0,23301,1253
2026-08-27T00:00:00,2,1285,6417,0,23301,1285
2026-08-27T00:00:00,3,1280,6417,0,23301,1280
2026-08-27T00:00:00,4,1235,6417,0,23301,1235
2026-08-27T00:00:00,5,1196,6417,0,23301,1196
2026-08-27T00:00:00,6,1164,6417,0,23301,1164
2026-08-27T00:00:00,7,1140,6417,0,23301,1140
2026-08-27T00:00:00,8,1122,6417,1,23301,1123
2026-08-27T00:00:00,9,1111,6417,6,23301,1117
2026-08-27T00:00:00,10,1106,6417,138,23301,1244
2026-08-27T00:00:00,11,1108,6417,370,23301,1478
2026-08-27T00:00:00,12,1116,6417,638,23301,1754
2026-08-27T00:00:00,13,1130,6417,1233,23301,2363
2026-08-27T00:00:00,14,1152,6417,1796,23301,2948
2026-08-27T00:00:00,15,1147,6417,2439,23301,3586
2026-08-27T00:00:00,16,1118,6417,3283,23301,4401
2026-08-27T00:00:00,17,1095,6417,3819,23301,4914
2026-08-27T00:00:00,18,1081,6417,4473,23301,5554
2026-08-27T00:00:00,19,1075,6417,5225,23301,6300
2026-08-27T00:00:00,20,1076,6417,5859,23301,6935
2026-08-27T00:00:00,21,1084,6417,6459,23301,7543
2026-08-27T00:00:00,22,1100,6417,6858,23301,7958
2026-08-27T00:00:00,23,1122,6417,7162,23301,8284
2026-08-27T00:00:00,24,1151,6417,7392,23301,8543
2026-08-27T00:00:00,25,1187,6417,7486,23301,8673
2026-08-27T00:00:00,26,1229,6417,7528,23301,8757
2026-08-27T00:00:00,27,1233,6417,7505,23301,8738
2026-08-27T00:00:00,28,1199,6417,7420,23301,8619
2026-08-27T00:00:00,29,1174,6417,7291,23301,8465
2026-08-27T00:00:00,30,1157,6417,7077,23301,8234
2026-08-27T00:00:00,31,1148,6417,6685,23301,7833
2026-08-27T00:00:00,32,1148,6417,6239,23301,7387
2026-08-27T00:00:00,33,1157,6417,5703,23301,6860
2026-08-27T00:00:00,34,1174,6417,5125,23301,6299
2026-08-27T00:00:00,35,1200,6417,4356,23301,5556
2026-08-27T00:00:00,36,1235,6417,3703,23301,4938
2026-08-27T00:00:00,37,1278,6417,3197,23301,4475
2026-08-27T00:00:00,38,1330,6417,2442,23301,3772
2026-08-27T00:00:00,39,1337,6417,1760,23301,3097
2026-08-27T00:00:00,40,1300,6417,1199,23301,2499
2026-08-27T00:00:00,41,1271,6417,693,23301,1964
2026-08-27T00:00:00,42,1251,6417,384,23301,1635
2026-08-27T00:00:00,43,1240,6417,164,23301,1404
2026-08-27T00:00:00,44,1238,6417,12,23301,1250
2026-08-27T00:00:00,45,1246,6417,1,23301,1247
2026-08-27T00:00:00,46,1263,6417,0,23301,1263
2026-08-27T00:00:00,47,1290,6417,0,23301,1290
2026-08-27T00:00:00,48,1326,6417,0,23301,1326
2026-08-28T00:00:00,1,1373,6417,0,23301,1373
2026-08-28T00:00:00,2,1430,6417,0,23301,1430
2026-08-28T00:00:00,3,1442,6417,0,23301,1442
2026-08-28T00:00:00,4,1407,6417,0,23301,1407
2026-08-28T00:00:00,5,1382,6417,0,23301,1382
2026-08-28T00:00:00,6,1364,6417,0,23301,1364
2026-08-28T00:00:00,7,1355,6417,0,23301,1355
2026-08-28T00:00:00,8,1355,6417,1,23301,1356
2026-08-28T00:00:00,9,1362,6417,6,23301,1368
2026-08-28T00:00:00,10,1377,6417,133,23301,1510
2026-08-28T00:00:00,11,1401,6417,358,23301,1759
2026-08-28T00:00:00,12,1433,6417,617,23301,2050
2026-08-28T00:00:00,13,1473,6417,1185,23301,2658
2026-08-28T00:00:00,14,1522,6417,1719,23301,3241
2026-08-28T00:00:00,15,1536,6417,2357,23301,3893
2026-08-28T00:00:00,16,1515,6417,3191,23301,4706
2026-08-28T00:00:00,17,1502,6417,3710,23301,5212
2026-08-28T00:00:00,18,1498,6417,4337,23301,5835
2026-08-28T00:00:00,19,1502,6417,5092,23301,6594
2026-08-28T00:00:00,20,1514,6417,5729,23301,7243
2026-08-28T00:00:00,21,1534,6417,6329,23301,7863
2026-08-28T00:00:00,22,1561,6417,6728,23301,8289
2026-08-28T00:00:00,23,1597,6417,7022,23301,8619
2026-08-28T00:00:00,24,1639,6417,7297,23301,8936
2026-08-28T00:00:00,25,1688,6417,7415,23301,9103
2026-08-28T00:00:00,26,1743,6417,7484,23301,9227
2026-08-28T00:00:00,27,1741,6417,7491,23301,9232
2026-08-28T00:00:00,28,1684,6417,7427,23301,9111
2026-08-28T00:00:00,29,1635,6417,7320,23301,8955
2026-08-28T00:00:00,30,1596,6417,7119,23301,8715
2026-08-28T00:00:00,31,1570,6417,6733,23301,8303
2026-08-28T00:00:00,32,1554,6417,6307,23301,7861
2026-08-28T00:00:00,33,1551,6417,5785,23301,7336
2026-08-28T00:00:00,34,1560,6417,5216,23301,6776
2026-08-28T00:00:00,35,1579,6417,4449,23301,6028
2026-08-28T00:00:00,36,1608,6417,3795,23301,5403
2026-08-28T00:00:00,37,1647,6417,3281,23301,4928
2026-08-28T00:00:00,38,1694,6417,2498,23301,4192
2026-08-28T00:00:00,39,1687,6417,1798,23301,3485
2026-08-28T00:00:00,40,1626,6417,1241,23301,2867
2026-08-28T00:00:00,41,1574,6417,696,23301,2270
2026-08-28T00:00:00,42,1532,6417,396,23301,1928
2026-08-28T00:00:00,43,1500,6417,169,23301,1669
2026-08-28T00:00:00,44,1478,6417,10,23301,1488
2026-08-28T00:00:00,45,1465,6417,1,23301,1466
2026-08-28T00:00:00,46,1464,6417,0,23301,1464
2026-08-28T00:00:00,47,1474,6417,0,23301,1474
2026-08-28T00:00:00,48,1495,6417,0,23301,1495
2026-08-29T00:00:00,1,1528,6417,0,23301,1528
2026-08-29T00:00:00,2,1569,6417,0,23301,1569
2026-08-29T00:00:00,3,1569,6417,0,23301,1569
2026-08-29T00:00:00,4,1527,6417,0,23301,1527
2026-08-29T00:00:00,5,1492,6417,0,23301,1492
2026-08-29T00:00:00,6,1463,6417,0,23301,1463
2026-08-29T00:00:00,7,1441,6417,0,23301,1441
2026-08-29T00:00:00,8,1426,6417,1,23301,1427
2026-08-29T00:00:00,9,1418,6417,6,23301,1424
2026-08-29T00:00:00,10,1416,6417,137,23301,1553
2026-08-29T00:00:00,11,1422,6417,374,23301,1796
2026-08-29T00:00:00,12,1435,6417,642,23301,2077
2026-08-29T00:00:00,13,1454,6417,1257,23301,2711
2026-08-29T00:00:00,14,1481,6417,1832,23301,3313
2026-08-29T00:00:00,15,1481,6417,2500,23301,3981
2026-08-29T00:00:00,16,1455,6417,3356,23301,4811
2026-08-29T00:00:00,17,1436,6417,3913,23301,5349
2026-08-29T00:00:00,18,1426,6417,4561,23301,5987
2026-08-29T00:00:00,19,1422,6417,5334,23301,6756
2026-08-29T00:00:00,20,1426,6417,6014,23301,7440
2026-08-29T00:00:00,21,1438,6417,6626,23301,8064
2026-08-29T00:00:00,22,1457,6417,7053,23301,8510
2026-08-29T00:00:00,23,1484,6417,7343,23301,8827
2026-08-29T00:00:00,24,1518,6417,7641,23301,9159
2026-08-29T00:00:00,25,1559,6417,7770,23301,9329
2026-08-29T00:00:00,26,1608,6417,7834,23301,9442
2026-08-29T00:00:00,27,1614,6417,7841,23301,9455
2026-08-29T00:00:00,28,1574,6417,7787,23301,9361
2026-08-29T00:00:00,29,1541,6417,7680,23301,9221
2026-08-29T00:00:00,30,1513,6417,7447,23301,8960
2026-08-29T00:00:00,31,1492,6417,7065,23301,8557
2026-08-29T00:00:00,32,1477,6417,6620,23301,8097
2026-08-29T00:00:00,33,1469,6417,6064,23301,7533
2026-08-29T00:00:00,34,1466,6417,5479,23301,6945
2026-08-29T00:00:00,35,1471,6417,4672,23301,6143
2026-08-29T00:00:00,36,1481,6417,3991,23301,5472
2026-08-29T00:00:00,37,1499,6417,3455,23301,4954
2026-08-29T00:00:00,38,1524,6417,2612,23301,4136
2026-08-29T00:00:00,39,1518,6417,1893,23301,3411
2026-08-29T00:00:00,40,1482,6417,1309,23301,2791
2026-08-29T00:00:00,41,1455,6417,717,23301,2172
2026-08-29T00:00:00,42,1435,6417,411,23301,1846
2026-08-29T00:00:00,43,1425,6417,170,23301,1595
2026-08-29T00:00:00,44,1422,6417,7,23301,1429
2026-08-29T00:00:00,45,1428,6417,0,23301,1428
2026-08-29T00:00:00,46,1442,6417,0,23301,1442
2026-08-29T00:00:00,47,1464,6417,0,23301,1464
2026-08-29T00:00:00,48,1494,6417,0,23301,1494
2026-08-30T00:00:00,1,1532,6417,0,23301,1532
2026-08-30T00:00:00,2,1577,6417,0,23301,1577
2026-08-30T00:00:00,3,1577,6417,0,23301,1577
2026-08-30T00:00:00,4,1531,6417,0,23301,1531
2026-08-30T00:00:00,5,1491,6417,0,23301,1491
2026-08-30T00:00:00,6,1458,6417,0,23301,1458
2026-08-30T00:00:00,7,1432,6417,0,23301,1432
2026-08-30T00:00:00,8,1413,6417,0,23301,1413
2026-08-30T00:00:00,9,1402,6417,3,23301,1405
2026-08-30T00:00:00,10,1400,6417,142,23301,1542
2026-08-30T00:00:00,11,1405,6417,382,23301,1787
2026-08-30T00:00:00,12,1418,6417,652,23301,2070
2026-08-30T00:00:00,13,1441,6417,1269,23301,2710
2026-08-30T00:00:00,14,1472,6417,1842,23301,3314
2026-08-30T00:00:00,15,1473,6417,2513,23301,3986
2026-08-30T00:00:00,16,1446,6417,3373,23301,4819
2026-08-30T00:00:00,17,1425,6417,3931,23301,5356
2026-08-30T00:00:00,18,1412,6417,4572,23301,5984
2026-08-30T00:00:00,19,1406,6417,5330,23301,6736
2026-08-30T00:00:00,20,1406,6417,6007,23301,7413
2026-08-30T00:00:00,21,1413,6417,6580,23301,7993
2026-08-30T00:00:00,22,1427,6417,7000,23301,8427
2026-08-30T00:00:00,23,1447,6417,7270,23301,8717
2026-08-30T00:00:00,24,1474,6417,7546,23301,9020
2026-08-30T00:00:00,25,1508,6417,7651,23301,9159
2026-08-30T00:00:00,26,1547,6417,7682,23301,9229
2026-08-30T00:00:00,27,1553,6417,7653,23301,9206
2026-08-30T00:00:00,28,1524,6417,7568,23301,9092
2026-08-30T00:00:00,29,1498,6417,7436,23301,8934
2026-08-30T00:00:00,30,1476,6417,7147,23301,8623
2026-08-30T00:00:00,31,1459,6417,6772,23301,8231
2026-08-30T00:00:00,32,1447,6417,6330,23301,7777
2026-08-30T00:00:00,33,1439,6417,5776,23301,7215
2026-08-30T00:00:00,34,1437,6417,5189,23301,6626
2026-08-30T00:00:00,35,1440,6417,4410,23301,5850
2026-08-30T00:00:00,36,1448,6417,3766,23301,5214
2026-08-30T00:00:00,37,1461,6417,3251,23301,4712
2026-08-30T00:00:00,38,1480,6417,2418,23301,3898
2026-08-30T00:00:00,39,1471,6417,1738,23301,3209
2026-08-30T00:00:00,40,1436,6417,1206,23301,2642
2026-08-30T00:00:00,41,1407,6417,652,23301,2059
2026-08-30T00:00:00,42,1386,6417,377,23301,1763
2026-08-30T00:00:00,43,1371,6417,152,23301,1523
2026-08-30T00:00:00,44,1364,6417,6,23301,1370
2026-08-30T00:00:00,45,1364,6417,0,23301,1364
2026-08-30T00:00:00,46,1371,6417,0,23301,1371
2026-08-30T00:00:00,47,1386,6417,0,23301,1386
2026-08-30T00:00:00,48,1409,6417,0,23301,1409
