Quarterly_Obligation_Period,Settlement_Day,Payment_Day,Technology,Forecast_CFD_Payments_GBP
"Determination 01/07/2026-30/09/2026",2026-07-01 00:00:00.0000000,2026-07-29 00:00:00.0000000,"Advanced Conversion Technology",0.0000
"Determination 01/04/2026-30/06/2026",2026-05-11 00:00:00.0000000,2026-06-08 00:00:00.0000000,"Advanced Conversion Technology",0.0000
"Determination 01/07/2026-30/09/2026",2026-07-01 00:00:00.0000000,2026-07-29 00:00:00.0000000,"Biomass Conversion",505007.2512
"Determination 01/04/2026-30/06/2026",2026-05-11 00:00:00.0000000,2026-06-08 00:00:00.0000000,"Biomass Conversion",1505677.3233
"Determination 01/07/2026-30/09/2026",2026-07-01 00:00:00.0000000,2026-07-29 00:00:00.0000000,"Biomass with CHP",466979.1341
"Determination 01/04/2026-30/06/2026",2026-05-11 00:00:00.0000000,2026-06-08 00:00:00.0000000,"Biomass with CHP",0.0000
"Determination 01/07/2026-30/09/2026",2026-07-01 00:00:00.0000000,2026-07-29 00:00:00.0000000,"Energy from Waste with CHP",18488.1000
"Determination 01/04/2026-30/06/2026",2026-05-11 00:00:00.0000000,2026-06-08 00:00:00.0000000,"Energy from Waste with CHP",21818.5805
"Determination 01/07/2026-30/09/2026",2026-07-01 00:00:00.0000000,2026-07-29 00:00:00.0000000,"Offshore Wind",4397439.3590
"Determination 01/04/2026-30/06/2026",2026-05-11 00:00:00.0000000,2026-06-08 00:00:00.0000000,"Offshore Wind",5129594.6153
"Determination 01/07/2026-30/09/2026",2026-07-01 00:00:00.0000000,2026-07-29 00:00:00.0000000,"Onshore Wind",155629.6536
"Determination 01/04/2026-30/06/2026",2026-05-11 00:00:00.0000000,2026-06-08 00:00:00.0000000,"Onshore Wind",182195.4283
"Determination 01/07/2026-30/09/2026",2026-07-06 00:00:00.0000000,2026-07-29 00:00:00.0000000,"Solar PV",-7331.9681
"Determination 01/04/2026-30/06/2026",2026-05-13 00:00:00.0000000,2026-06-08 00:00:00.0000000,"Solar PV",-2181.5164
"Determination 01/07/2026-30/09/2026",2026-09-10 00:00:00.0000000,2026-10-08 00:00:00.0000000,"Advanced Conversion Technology",0.0000
"Determination 01/04/2026-30/06/2026",2026-05-21 00:00:00.0000000,2026-06-18 00:00:00.0000000,"Advanced Conversion Technology",0.0000
"Determination 01/07/2026-30/09/2026",2026-09-10 00:00:00.0000000,2026-10-08 00:00:00.0000000,"Biomass Conversion",1655839.0917
"Determination 01/04/2026-30/06/2026",2026-05-21 00:00:00.0000000,2026-06-18 00:00:00.0000000,"Biomass Conversion",487112.1941
"Determination 01/07/2026-30/09/2026",2026-09-10 00:00:00.0000000,2026-10-08 00:00:00.0000000,"Biomass with CHP",466979.1341
"Determination 01/04/2026-30/06/2026",2026-05-21 00:00:00.0000000,2026-06-18 00:00:00.0000000,"Biomass with CHP",0.0000
"Determination 01/07/2026-30/09/2026",2026-09-10 00:00:00.0000000,2026-10-08 00:00:00.0000000,"Energy from Waste with CHP",18488.1000
"Determination 01/04/2026-30/06/2026",2026-05-21 00:00:00.0000000,2026-06-18 00:00:00.0000000,"Energy from Waste with CHP",21818.5805
"Determination 01/07/2026-30/09/2026",2026-09-10 00:00:00.0000000,2026-10-08 00:00:00.0000000,"Offshore Wind",5812686.6881
"Determination 01/04/2026-30/06/2026",2026-05-21 00:00:00.0000000,2026-06-18 00:00:00.0000000,"Offshore Wind",5098242.8875
"Determination 01/07/2026-30/09/2026",2026-09-10 00:00:00.0000000,2026-10-08 00:00:00.0000000,"Onshore Wind",216062.1582
"Determination 01/04/2026-30/06/2026",2026-05-21 00:00:00.0000000,2026-06-18 00:00:00.0000000,"Onshore Wind",182067.7015
"Determination 01/07/2026-30/09/2026",2026-09-15 00:00:00.0000000,2026-10-08 00:00:00.0000000,"Solar PV",-8547.4164
"Determination 01/04/2026-30/06/2026",2026-05-21 00:00:00.0000000,2026-06-18 00:00:00.0000000,"Solar PV",4056.8222
"Determination 01/07/2026-30/09/2026",2026-07-28 00:00:00.0000000,2026-08-25 00:00:00.0000000,"Advanced Conversion Technology",0.0000
"Determination 01/04/2026-30/06/2026",2026-05-27 00:00:00.0000000,2026-06-24 00:00:00.0000000,"Advanced Conversion Technology",0.0000
"Determination 01/07/2026-30/09/2026",2026-07-28 00:00:00.0000000,2026-08-25 00:00:00.0000000,"Biomass Conversion",505007.2512
"Determination 01/04/2026-30/06/2026",2026-05-27 00:00:00.0000000,2026-06-24 00:00:00.0000000,"Biomass Conversion",487112.1941
"Determination 01/07/2026-30/09/2026",2026-07-28 00:00:00.0000000,2026-08-25 00:00:00.0000000,"Biomass with CHP",466979.1341
"Determination 01/04/2026-30/06/2026",2026-05-27 00:00:00.0000000,2026-06-24 00:00:00.0000000,"Biomass with CHP",0.0000
"Determination 01/07/2026-30/09/2026",2026-07-28 00:00:00.0000000,2026-08-25 00:00:00.0000000,"Energy from Waste with CHP",18488.1000
"Determination 01/04/2026-30/06/2026",2026-05-27 00:00:00.0000000,2026-06-24 00:00:00.0000000,"Energy from Waste with CHP",21818.5805
"Determination 01/07/2026-30/09/2026",2026-07-28 00:00:00.0000000,2026-08-25 00:00:00.0000000,"Offshore Wind",4472515.4693
"Determination 01/04/2026-30/06/2026",2026-05-27 00:00:00.0000000,2026-06-24 00:00:00.0000000,"Offshore Wind",5143031.8511
"Determination 01/07/2026-30/09/2026",2026-07-28 00:00:00.0000000,2026-08-25 00:00:00.0000000,"Onshore Wind",162972.3652
"Determination 01/04/2026-30/06/2026",2026-05-27 00:00:00.0000000,2026-06-24 00:00:00.0000000,"Onshore Wind",182551.0853
"Determination 01/07/2026-30/09/2026",2026-07-31 00:00:00.0000000,2026-08-25 00:00:00.0000000,"Solar PV",-4169.7583
"Determination 01/04/2026-30/06/2026",2026-05-27 00:00:00.0000000,2026-06-24 00:00:00.0000000,"Solar PV",5308.4218
"Determination 01/07/2026-30/09/2026",2026-07-01 00:00:00.0000000,2026-07-24 00:00:00.0000000,"Solar PV",-13071.7596
"Determination 01/04/2026-30/06/2026",2026-06-01 00:00:00.0000000,2026-06-24 00:00:00.0000000,"Solar PV",-2254.9135
"Determination 01/07/2026-30/09/2026",2026-07-08 00:00:00.0000000,2026-08-05 00:00:00.0000000,"Advanced Conversion Technology",0.0000
"Determination 01/04/2026-30/06/2026",2026-06-26 00:00:00.0000000,2026-07-24 00:00:00.0000000,"Advanced Conversion Technology",0.0000
"Determination 01/07/2026-30/09/2026",2026-07-08 00:00:00.0000000,2026-08-05 00:00:00.0000000,"Biomass Conversion",505007.2512
"Determination 01/04/2026-30/06/2026",2026-06-26 00:00:00.0000000,2026-07-24 00:00:00.0000000,"Biomass Conversion",487112.1941
"Determination 01/07/2026-30/09/2026",2026-07-08 00:00:00.0000000,2026-08-05 00:00:00.0000000,"Biomass with CHP",466979.1341
"Determination 01/04/2026-30/06/2026",2026-06-26 00:00:00.0000000,2026-07-24 00:00:00.0000000,"Biomass with CHP",340428.9283
"Determination 01/07/2026-30/09/2026",2026-07-08 00:00:00.0000000,2026-08-05 00:00:00.0000000,"Energy from Waste with CHP",18488.1000
"Determination 01/04/2026-30/06/2026",2026-06-26 00:00:00.0000000,2026-07-24 00:00:00.0000000,"Energy from Waste with CHP",21818.5805
"Determination 01/07/2026-30/09/2026",2026-07-08 00:00:00.0000000,2026-08-05 00:00:00.0000000,"Offshore Wind",4471169.7923
"Determination 01/04/2026-30/06/2026",2026-06-26 00:00:00.0000000,2026-07-24 00:00:00.0000000,"Offshore Wind",4647532.9135
"Determination 01/07/2026-30/09/2026",2026-07-08 00:00:00.0000000,2026-08-05 00:00:00.0000000,"Onshore Wind",159689.0535
"Determination 01/04/2026-30/06/2026",2026-06-26 00:00:00.0000000,2026-07-24 00:00:00.0000000,"Onshore Wind",170886.6635
"Determination 01/07/2026-30/09/2026",2026-07-13 00:00:00.0000000,2026-08-05 00:00:00.0000000,"Solar PV",-8124.8476
"Determination 01/04/2026-30/06/2026",2026-06-26 00:00:00.0000000,2026-07-24 00:00:00.0000000,"Solar PV",3416.1484
"Determination 01/07/2026-30/09/2026",2026-09-22 00:00:00.0000000,2026-10-20 00:00:00.0000000,"Advanced Conversion Technology",0.0000
"Determination 01/04/2026-30/06/2026",2026-06-27 00:00:00.0000000,2026-07-24 00:00:00.0000000,"Advanced Conversion Technology",0.0000
"Determination 01/07/2026-30/09/2026",2026-09-22 00:00:00.0000000,2026-10-20 00:00:00.0000000,"Biomass Conversion",1655839.0917
"Determination 01/04/2026-30/06/2026",2026-06-27 00:00:00.0000000,2026-07-24 00:00:00.0000000,"Biomass Conversion",487112.1941
"Determination 01/07/2026-30/09/2026",2026-09-22 00:00:00.0000000,2026-10-20 00:00:00.0000000,"Biomass with CHP",466979.1341
"Determination 01/04/2026-30/06/2026",2026-06-27 00:00:00.0000000,2026-07-24 00:00:00.0000000,"Biomass with CHP",340428.9283
"Determination 01/07/2026-30/09/2026",2026-09-22 00:00:00.0000000,2026-10-20 00:00:00.0000000,"Energy from Waste with CHP",18488.1000
"Determination 01/04/2026-30/06/2026",2026-06-27 00:00:00.0000000,2026-07-24 00:00:00.0000000,"Energy from Waste with CHP",21818.5805
"Determination 01/07/2026-30/09/2026",2026-09-22 00:00:00.0000000,2026-10-20 00:00:00.0000000,"Offshore Wind",5703881.7644
"Determination 01/04/2026-30/06/2026",2026-06-27 00:00:00.0000000,2026-07-24 00:00:00.0000000,"Offshore Wind",4694631.2950
"Determination 01/07/2026-30/09/2026",2026-09-22 00:00:00.0000000,2026-10-20 00:00:00.0000000,"Onshore Wind",208545.2011
"Determination 01/04/2026-30/06/2026",2026-06-27 00:00:00.0000000,2026-07-24 00:00:00.0000000,"Onshore Wind",184658.2493
"Determination 01/07/2026-30/09/2026",2026-09-25 00:00:00.0000000,2026-10-20 00:00:00.0000000,"Solar PV",-9430.2686
"Determination 01/04/2026-30/06/2026",2026-06-27 00:00:00.0000000,2026-07-24 00:00:00.0000000,"Solar PV",18418.2250
"Determination 01/07/2026-30/09/2026",2026-09-26 00:00:00.0000000,2026-10-20 00:00:00.0000000,"Solar PV",-3437.2687
"Determination 01/04/2026-30/06/2026",2026-06-28 00:00:00.0000000,2026-07-24 00:00:00.0000000,"Advanced Conversion Technology",0.0000
"Determination 01/07/2026-30/09/2026",2026-09-27 00:00:00.0000000,2026-10-20 00:00:00.0000000,"Solar PV",-4245.2605
"Determination 01/04/2026-30/06/2026",2026-06-28 00:00:00.0000000,2026-07-24 00:00:00.0000000,"Biomass Conversion",487112.1941
"Determination 01/07/2026-30/09/2026",2026-07-29 00:00:00.0000000,2026-08-26 00:00:00.0000000,"Advanced Conversion Technology",0.0000
"Determination 01/04/2026-30/06/2026",2026-06-28 00:00:00.0000000,2026-07-24 00:00:00.0000000,"Biomass with CHP",340428.9283
"Determination 01/07/2026-30/09/2026",2026-07-29 00:00:00.0000000,2026-08-26 00:00:00.0000000,"Biomass Conversion",505007.2512
"Determination 01/04/2026-30/06/2026",2026-06-28 00:00:00.0000000,2026-07-24 00:00:00.0000000,"Energy from Waste with CHP",21818.5805
"Determination 01/07/2026-30/09/2026",2026-07-29 00:00:00.0000000,2026-08-26 00:00:00.0000000,"Biomass with CHP",466979.1341
"Determination 01/04/2026-30/06/2026",2026-06-28 00:00:00.0000000,2026-07-24 00:00:00.0000000,"Offshore Wind",4383265.9721
"Determination 01/07/2026-30/09/2026",2026-07-29 00:00:00.0000000,2026-08-26 00:00:00.0000000,"Energy from Waste with CHP",18488.1000
"Determination 01/04/2026-30/06/2026",2026-06-28 00:00:00.0000000,2026-07-24 00:00:00.0000000,"Onshore Wind",172663.6844
"Determination 01/07/2026-30/09/2026",2026-07-29 00:00:00.0000000,2026-08-26 00:00:00.0000000,"Offshore Wind",4490744.7988
"Determination 01/04/2026-30/06/2026",2026-06-28 00:00:00.0000000,2026-07-24 00:00:00.0000000,"Solar PV",13417.6264
"Determination 01/07/2026-30/09/2026",2026-07-29 00:00:00.0000000,2026-08-26 00:00:00.0000000,"Onshore Wind",161531.9198
"Determination 01/04/2026-30/06/2026",2026-04-24 00:00:00.0000000,2026-05-22 00:00:00.0000000,"Advanced Conversion Technology",0.0000
"Determination 01/07/2026-30/09/2026",2026-08-03 00:00:00.0000000,2026-08-26 00:00:00.0000000,"Solar PV",-5585.4407
"Determination 01/04/2026-30/06/2026",2026-04-24 00:00:00.0000000,2026-05-22 00:00:00.0000000,"Biomass Conversion",1505677.3233
"Determination 01/07/2026-30/09/2026",2026-09-15 00:00:00.0000000,2026-10-13 00:00:00.0000000,"Advanced Conversion Technology",0.0000
"Determination 01/04/2026-30/06/2026",2026-04-24 00:00:00.0000000,2026-05-22 00:00:00.0000000,"Biomass with CHP",340428.9283
"Determination 01/07/2026-30/09/2026",2026-09-15 00:00:00.0000000,2026-10-13 00:00:00.0000000,"Biomass Conversion",1655839.0917
"Determination 01/04/2026-30/06/2026",2026-04-24 00:00:00.0000000,2026-05-22 00:00:00.0000000,"Energy from Waste with CHP",21818.5805
"Determination 01/07/2026-30/09/2026",2026-09-15 00:00:00.0000000,2026-10-13 00:00:00.0000000,"Biomass with CHP",466979.1341
"Determination 01/04/2026-30/06/2026",2026-04-24 00:00:00.0000000,2026-05-22 00:00:00.0000000,"Offshore Wind",5564530.2813
"Determination 01/07/2026-30/09/2026",2026-09-15 00:00:00.0000000,2026-10-13 00:00:00.0000000,"Energy from Waste with CHP",18488.1000
"Determination 01/04/2026-30/06/2026",2026-04-24 00:00:00.0000000,2026-05-22 00:00:00.0000000,"Onshore Wind",206911.6025
"Determination 01/07/2026-30/09/2026",2026-09-15 00:00:00.0000000,2026-10-13 00:00:00.0000000,"Offshore Wind",5751428.2774
"Determination 01/04/2026-30/06/2026",2026-04-24 00:00:00.0000000,2026-05-22 00:00:00.0000000,"Solar PV",571.0883
"Determination 01/07/2026-30/09/2026",2026-09-15 00:00:00.0000000,2026-10-13 00:00:00.0000000,"Onshore Wind",214531.2411
"Determination 01/04/2026-30/06/2026",2026-04-25 00:00:00.0000000,2026-05-22 00:00:00.0000000,"Advanced Conversion Technology",0.0000
"Determination 01/07/2026-30/09/2026",2026-09-18 00:00:00.0000000,2026-10-13 00:00:00.0000000,"Solar PV",-5329.2101
"Determination 01/04/2026-30/06/2026",2026-04-25 00:00:00.0000000,2026-05-22 00:00:00.0000000,"Biomass Conversion",1505677.3233
"Determination 01/07/2026-30/09/2026",2026-09-20 00:00:00.0000000,2026-10-13 00:00:00.0000000,"Solar PV",-1765.4851
"Determination 01/04/2026-30/06/2026",2026-04-25 00:00:00.0000000,2026-05-22 00:00:00.0000000,"Biomass with CHP",340428.9283
"Determination 01/07/2026-30/09/2026",2026-07-09 00:00:00.0000000,2026-08-06 00:00:00.0000000,"Advanced Conversion Technology",0.0000
"Determination 01/04/2026-30/06/2026",2026-04-25 00:00:00.0000000,2026-05-22 00:00:00.0000000,"Energy from Waste with CHP",21818.5805
"Determination 01/07/2026-30/09/2026",2026-07-09 00:00:00.0000000,2026-08-06 00:00:00.0000000,"Biomass Conversion",505007.2512
"Determination 01/04/2026-30/06/2026",2026-04-25 00:00:00.0000000,2026-05-22 00:00:00.0000000,"Offshore Wind",5635726.8595
"Determination 01/07/2026-30/09/2026",2026-07-09 00:00:00.0000000,2026-08-06 00:00:00.0000000,"Biomass with CHP",466979.1341
"Determination 01/04/2026-30/06/2026",2026-04-25 00:00:00.0000000,2026-05-22 00:00:00.0000000,"Onshore Wind",222319.5813
"Determination 01/07/2026-30/09/2026",2026-07-09 00:00:00.0000000,2026-08-06 00:00:00.0000000,"Energy from Waste with CHP",18488.1000
"Determination 01/04/2026-30/06/2026",2026-04-25 00:00:00.0000000,2026-05-22 00:00:00.0000000,"Solar PV",12381.8546
"Determination 01/07/2026-30/09/2026",2026-07-09 00:00:00.0000000,2026-08-06 00:00:00.0000000,"Offshore Wind",4422873.7248
"Determination 01/04/2026-30/06/2026",2026-04-26 00:00:00.0000000,2026-05-22 00:00:00.0000000,"Advanced Conversion Technology",0.0000
"Determination 01/07/2026-30/09/2026",2026-07-09 00:00:00.0000000,2026-08-06 00:00:00.0000000,"Onshore Wind",158980.2832
"Determination 01/04/2026-30/06/2026",2026-04-26 00:00:00.0000000,2026-05-22 00:00:00.0000000,"Biomass Conversion",1505677.3233
"Determination 01/07/2026-30/09/2026",2026-07-14 00:00:00.0000000,2026-08-06 00:00:00.0000000,"Solar PV",-3937.5941
"Determination 01/04/2026-30/06/2026",2026-04-26 00:00:00.0000000,2026-05-22 00:00:00.0000000,"Biomass with CHP",340428.9283
"Determination 01/07/2026-30/09/2026",2026-08-07 00:00:00.0000000,2026-09-04 00:00:00.0000000,"Advanced Conversion Technology",0.0000
"Determination 01/04/2026-30/06/2026",2026-04-26 00:00:00.0000000,2026-05-22 00:00:00.0000000,"Energy from Waste with CHP",21818.5805
"Determination 01/07/2026-30/09/2026",2026-08-07 00:00:00.0000000,2026-09-04 00:00:00.0000000,"Biomass Conversion",1655839.0917
"Determination 01/04/2026-30/06/2026",2026-04-26 00:00:00.0000000,2026-05-22 00:00:00.0000000,"Offshore Wind",5743972.3939
"Determination 01/07/2026-30/09/2026",2026-08-07 00:00:00.0000000,2026-09-04 00:00:00.0000000,"Biomass with CHP",466979.1341
"Determination 01/04/2026-30/06/2026",2026-04-26 00:00:00.0000000,2026-05-22 00:00:00.0000000,"Onshore Wind",238325.2970
"Determination 01/07/2026-30/09/2026",2026-08-07 00:00:00.0000000,2026-09-04 00:00:00.0000000,"Energy from Waste with CHP",18488.1000
"Determination 01/04/2026-30/06/2026",2026-04-26 00:00:00.0000000,2026-05-22 00:00:00.0000000,"Solar PV",13229.8090
"Determination 01/07/2026-30/09/2026",2026-08-07 00:00:00.0000000,2026-09-04 00:00:00.0000000,"Offshore Wind",4983107.8569
"Determination 01/04/2026-30/06/2026",2026-04-27 00:00:00.0000000,2026-05-22 00:00:00.0000000,"Advanced Conversion Technology",0.0000
"Determination 01/07/2026-30/09/2026",2026-08-07 00:00:00.0000000,2026-09-04 00:00:00.0000000,"Onshore Wind",191828.8334
"Determination 01/04/2026-30/06/2026",2026-04-27 00:00:00.0000000,2026-05-22 00:00:00.0000000,"Biomass Conversion",1505677.3233
"Determination 01/07/2026-30/09/2026",2026-08-07 00:00:00.0000000,2026-09-04 00:00:00.0000000,"Solar PV",1126.4694
"Determination 01/04/2026-30/06/2026",2026-04-27 00:00:00.0000000,2026-05-22 00:00:00.0000000,"Biomass with CHP",340428.9283
"Determination 01/07/2026-30/09/2026",2026-08-08 00:00:00.0000000,2026-09-04 00:00:00.0000000,"Advanced Conversion Technology",0.0000
"Determination 01/04/2026-30/06/2026",2026-04-27 00:00:00.0000000,2026-05-22 00:00:00.0000000,"Energy from Waste with CHP",21818.5805
"Determination 01/07/2026-30/09/2026",2026-08-08 00:00:00.0000000,2026-09-04 00:00:00.0000000,"Biomass Conversion",1655839.0917
"Determination 01/04/2026-30/06/2026",2026-04-27 00:00:00.0000000,2026-05-22 00:00:00.0000000,"Offshore Wind",5595524.7916
"Determination 01/07/2026-30/09/2026",2026-08-08 00:00:00.0000000,2026-09-04 00:00:00.0000000,"Biomass with CHP",466979.1341
"Determination 01/04/2026-30/06/2026",2026-04-27 00:00:00.0000000,2026-05-22 00:00:00.0000000,"Onshore Wind",203721.3970
"Determination 01/07/2026-30/09/2026",2026-08-08 00:00:00.0000000,2026-09-04 00:00:00.0000000,"Energy from Waste with CHP",18488.1000
"Determination 01/04/2026-30/06/2026",2026-04-28 00:00:00.0000000,2026-05-22 00:00:00.0000000,"Solar PV",-260.7952
"Determination 01/07/2026-30/09/2026",2026-08-08 00:00:00.0000000,2026-09-04 00:00:00.0000000,"Offshore Wind",5002283.2069
"Determination 01/04/2026-30/06/2026",2026-06-22 00:00:00.0000000,2026-07-20 00:00:00.0000000,"Advanced Conversion Technology",0.0000
"Determination 01/07/2026-30/09/2026",2026-08-08 00:00:00.0000000,2026-09-04 00:00:00.0000000,"Onshore Wind",216063.9400
"Determination 01/04/2026-30/06/2026",2026-06-22 00:00:00.0000000,2026-07-20 00:00:00.0000000,"Biomass Conversion",487112.1941
"Determination 01/07/2026-30/09/2026",2026-08-08 00:00:00.0000000,2026-09-04 00:00:00.0000000,"Solar PV",15946.9582
"Determination 01/04/2026-30/06/2026",2026-06-22 00:00:00.0000000,2026-07-20 00:00:00.0000000,"Biomass with CHP",340428.9283
"Determination 01/07/2026-30/09/2026",2026-08-09 00:00:00.0000000,2026-09-04 00:00:00.0000000,"Advanced Conversion Technology",0.0000
"Determination 01/04/2026-30/06/2026",2026-06-22 00:00:00.0000000,2026-07-20 00:00:00.0000000,"Energy from Waste with CHP",21818.5805
"Determination 01/07/2026-30/09/2026",2026-08-09 00:00:00.0000000,2026-09-04 00:00:00.0000000,"Biomass Conversion",1655839.0917
"Determination 01/04/2026-30/06/2026",2026-06-22 00:00:00.0000000,2026-07-20 00:00:00.0000000,"Offshore Wind",4523659.9014
"Determination 01/07/2026-30/09/2026",2026-08-09 00:00:00.0000000,2026-09-04 00:00:00.0000000,"Biomass with CHP",466979.1341
"Determination 01/04/2026-30/06/2026",2026-06-22 00:00:00.0000000,2026-07-20 00:00:00.0000000,"Onshore Wind",162331.9506
"Determination 01/07/2026-30/09/2026",2026-08-09 00:00:00.0000000,2026-09-04 00:00:00.0000000,"Energy from Waste with CHP",18488.1000
"Determination 01/04/2026-30/06/2026",2026-04-15 00:00:00.0000000,2026-05-13 00:00:00.0000000,"Advanced Conversion Technology",0.0000
"Determination 01/07/2026-30/09/2026",2026-08-09 00:00:00.0000000,2026-09-04 00:00:00.0000000,"Offshore Wind",5104350.4955
"Determination 01/04/2026-30/06/2026",2026-04-15 00:00:00.0000000,2026-05-13 00:00:00.0000000,"Biomass Conversion",1505677.3233
"Determination 01/07/2026-30/09/2026",2026-08-09 00:00:00.0000000,2026-09-04 00:00:00.0000000,"Onshore Wind",207985.2837
"Determination 01/04/2026-30/06/2026",2026-04-15 00:00:00.0000000,2026-05-13 00:00:00.0000000,"Biomass with CHP",340428.9283
"Determination 01/07/2026-30/09/2026",2026-08-09 00:00:00.0000000,2026-09-04 00:00:00.0000000,"Solar PV",12086.2734
"Determination 01/04/2026-30/06/2026",2026-04-15 00:00:00.0000000,2026-05-13 00:00:00.0000000,"Energy from Waste with CHP",21818.5805
"Determination 01/07/2026-30/09/2026",2026-08-11 00:00:00.0000000,2026-09-04 00:00:00.0000000,"Solar PV",-4092.3588
"Determination 01/04/2026-30/06/2026",2026-04-15 00:00:00.0000000,2026-05-13 00:00:00.0000000,"Offshore Wind",5542138.8053
"Determination 01/07/2026-30/09/2026",2026-08-19 00:00:00.0000000,2026-09-16 00:00:00.0000000,"Advanced Conversion Technology",0.0000
"Determination 01/04/2026-30/06/2026",2026-04-15 00:00:00.0000000,2026-05-13 00:00:00.0000000,"Onshore Wind",193800.9479
"Determination 01/07/2026-30/09/2026",2026-08-19 00:00:00.0000000,2026-09-16 00:00:00.0000000,"Biomass Conversion",1655839.0917
"Determination 01/04/2026-30/06/2026",2026-04-17 00:00:00.0000000,2026-05-13 00:00:00.0000000,"Solar PV",-3470.1809
"Determination 01/07/2026-30/09/2026",2026-08-19 00:00:00.0000000,2026-09-16 00:00:00.0000000,"Biomass with CHP",466979.1341
"Determination 01/04/2026-30/06/2026",2026-05-01 00:00:00.0000000,2026-05-29 00:00:00.0000000,"Advanced Conversion Technology",0.0000
"Determination 01/07/2026-30/09/2026",2026-08-19 00:00:00.0000000,2026-09-16 00:00:00.0000000,"Energy from Waste with CHP",18488.1000
"Determination 01/04/2026-30/06/2026",2026-05-01 00:00:00.0000000,2026-05-29 00:00:00.0000000,"Biomass Conversion",1505677.3233
"Determination 01/07/2026-30/09/2026",2026-08-19 00:00:00.0000000,2026-09-16 00:00:00.0000000,"Offshore Wind",4751119.7730
"Determination 01/04/2026-30/06/2026",2026-05-01 00:00:00.0000000,2026-05-29 00:00:00.0000000,"Biomass with CHP",340428.9283
"Determination 01/07/2026-30/09/2026",2026-08-19 00:00:00.0000000,2026-09-16 00:00:00.0000000,"Onshore Wind",177223.6170
"Determination 01/04/2026-30/06/2026",2026-05-01 00:00:00.0000000,2026-05-29 00:00:00.0000000,"Energy from Waste with CHP",21818.5805
"Determination 01/07/2026-30/09/2026",2026-08-21 00:00:00.0000000,2026-09-16 00:00:00.0000000,"Solar PV",-5877.1768
"Determination 01/04/2026-30/06/2026",2026-05-01 00:00:00.0000000,2026-05-29 00:00:00.0000000,"Offshore Wind",5486263.7446
"Determination 01/07/2026-30/09/2026",2026-09-03 00:00:00.0000000,2026-10-01 00:00:00.0000000,"Advanced Conversion Technology",0.0000
"Determination 01/04/2026-30/06/2026",2026-05-01 00:00:00.0000000,2026-05-29 00:00:00.0000000,"Onshore Wind",201368.0970
"Determination 01/07/2026-30/09/2026",2026-09-03 00:00:00.0000000,2026-10-01 00:00:00.0000000,"Biomass Conversion",1655839.0917
"Determination 01/04/2026-30/06/2026",2026-05-01 00:00:00.0000000,2026-05-29 00:00:00.0000000,"Solar PV",2117.4066
"Determination 01/07/2026-30/09/2026",2026-09-03 00:00:00.0000000,2026-10-01 00:00:00.0000000,"Biomass with CHP",466979.1341
"Determination 01/04/2026-30/06/2026",2026-05-02 00:00:00.0000000,2026-05-29 00:00:00.0000000,"Advanced Conversion Technology",0.0000
"Determination 01/07/2026-30/09/2026",2026-09-03 00:00:00.0000000,2026-10-01 00:00:00.0000000,"Energy from Waste with CHP",18488.1000
"Determination 01/04/2026-30/06/2026",2026-05-02 00:00:00.0000000,2026-05-29 00:00:00.0000000,"Biomass Conversion",1505677.3233
"Determination 01/07/2026-30/09/2026",2026-09-03 00:00:00.0000000,2026-10-01 00:00:00.0000000,"Offshore Wind",5780725.2824
"Determination 01/04/2026-30/06/2026",2026-05-02 00:00:00.0000000,2026-05-29 00:00:00.0000000,"Biomass with CHP",340428.9283
"Determination 01/07/2026-30/09/2026",2026-09-03 00:00:00.0000000,2026-10-01 00:00:00.0000000,"Onshore Wind",221455.5488
"Determination 01/04/2026-30/06/2026",2026-05-02 00:00:00.0000000,2026-05-29 00:00:00.0000000,"Energy from Waste with CHP",21818.5805
"Determination 01/07/2026-30/09/2026",2026-09-08 00:00:00.0000000,2026-10-01 00:00:00.0000000,"Solar PV",-7270.4054
"Determination 01/04/2026-30/06/2026",2026-05-02 00:00:00.0000000,2026-05-29 00:00:00.0000000,"Offshore Wind",5605293.1569
"Determination 01/07/2026-30/09/2026",2026-09-25 00:00:00.0000000,2026-10-23 00:00:00.0000000,"Advanced Conversion Technology",0.0000
"Determination 01/04/2026-30/06/2026",2026-05-02 00:00:00.0000000,2026-05-29 00:00:00.0000000,"Onshore Wind",236418.3426
"Determination 01/07/2026-30/09/2026",2026-09-25 00:00:00.0000000,2026-10-23 00:00:00.0000000,"Biomass Conversion",1655839.0917
"Determination 01/04/2026-30/06/2026",2026-05-02 00:00:00.0000000,2026-05-29 00:00:00.0000000,"Solar PV",24069.6037
"Determination 01/07/2026-30/09/2026",2026-09-25 00:00:00.0000000,2026-10-23 00:00:00.0000000,"Biomass with CHP",466979.1341
"Determination 01/04/2026-30/06/2026",2026-05-03 00:00:00.0000000,2026-05-29 00:00:00.0000000,"Advanced Conversion Technology",0.0000
"Determination 01/07/2026-30/09/2026",2026-09-25 00:00:00.0000000,2026-10-23 00:00:00.0000000,"Energy from Waste with CHP",18488.1000
"Determination 01/04/2026-30/06/2026",2026-05-03 00:00:00.0000000,2026-05-29 00:00:00.0000000,"Biomass Conversion",1505677.3233
"Determination 01/07/2026-30/09/2026",2026-09-25 00:00:00.0000000,2026-10-23 00:00:00.0000000,"Offshore Wind",5956237.2561
"Determination 01/04/2026-30/06/2026",2026-05-03 00:00:00.0000000,2026-05-29 00:00:00.0000000,"Biomass with CHP",340428.9283
"Determination 01/07/2026-30/09/2026",2026-09-25 00:00:00.0000000,2026-10-23 00:00:00.0000000,"Onshore Wind",221762.4815
"Determination 01/04/2026-30/06/2026",2026-05-03 00:00:00.0000000,2026-05-29 00:00:00.0000000,"Energy from Waste with CHP",21818.5805
"Determination 01/07/2026-30/09/2026",2026-09-26 00:00:00.0000000,2026-10-23 00:00:00.0000000,"Advanced Conversion Technology",0.0000
"Determination 01/04/2026-30/06/2026",2026-05-03 00:00:00.0000000,2026-05-29 00:00:00.0000000,"Offshore Wind",5257880.2747
"Determination 01/07/2026-30/09/2026",2026-09-26 00:00:00.0000000,2026-10-23 00:00:00.0000000,"Biomass Conversion",1655839.0917
"Determination 01/04/2026-30/06/2026",2026-05-03 00:00:00.0000000,2026-05-29 00:00:00.0000000,"Onshore Wind",211024.2742
"Determination 01/07/2026-30/09/2026",2026-09-26 00:00:00.0000000,2026-10-23 00:00:00.0000000,"Biomass with CHP",466979.1341
"Determination 01/04/2026-30/06/2026",2026-05-03 00:00:00.0000000,2026-05-29 00:00:00.0000000,"Solar PV",23577.7293
"Determination 01/07/2026-30/09/2026",2026-09-26 00:00:00.0000000,2026-10-23 00:00:00.0000000,"Energy from Waste with CHP",18488.1000
"Determination 01/04/2026-30/06/2026",2026-05-04 00:00:00.0000000,2026-05-29 00:00:00.0000000,"Advanced Conversion Technology",0.0000
"Determination 01/07/2026-30/09/2026",2026-09-26 00:00:00.0000000,2026-10-23 00:00:00.0000000,"Offshore Wind",6080792.5983
"Determination 01/04/2026-30/06/2026",2026-05-04 00:00:00.0000000,2026-05-29 00:00:00.0000000,"Biomass Conversion",1505677.3233
"Determination 01/07/2026-30/09/2026",2026-09-26 00:00:00.0000000,2026-10-23 00:00:00.0000000,"Onshore Wind",236176.8130
"Determination 01/04/2026-30/06/2026",2026-05-04 00:00:00.0000000,2026-05-29 00:00:00.0000000,"Biomass with CHP",340428.9283
"Determination 01/07/2026-30/09/2026",2026-09-27 00:00:00.0000000,2026-10-23 00:00:00.0000000,"Advanced Conversion Technology",0.0000
"Determination 01/04/2026-30/06/2026",2026-05-04 00:00:00.0000000,2026-05-29 00:00:00.0000000,"Energy from Waste with CHP",21818.5805
"Determination 01/07/2026-30/09/2026",2026-09-27 00:00:00.0000000,2026-10-23 00:00:00.0000000,"Biomass Conversion",1655839.0917
"Determination 01/04/2026-30/06/2026",2026-05-04 00:00:00.0000000,2026-05-29 00:00:00.0000000,"Offshore Wind",5267974.9268
"Determination 01/07/2026-30/09/2026",2026-09-27 00:00:00.0000000,2026-10-23 00:00:00.0000000,"Biomass with CHP",466979.1341
"Determination 01/04/2026-30/06/2026",2026-05-04 00:00:00.0000000,2026-05-29 00:00:00.0000000,"Onshore Wind",216830.6888
"Determination 01/07/2026-30/09/2026",2026-09-27 00:00:00.0000000,2026-10-23 00:00:00.0000000,"Energy from Waste with CHP",18488.1000
"Determination 01/04/2026-30/06/2026",2026-05-04 00:00:00.0000000,2026-05-29 00:00:00.0000000,"Solar PV",26695.2433
"Determination 01/07/2026-30/09/2026",2026-09-27 00:00:00.0000000,2026-10-23 00:00:00.0000000,"Offshore Wind",6119577.3853
"Determination 01/04/2026-30/06/2026",2026-06-15 00:00:00.0000000,2026-07-13 00:00:00.0000000,"Advanced Conversion Technology",0.0000
"Determination 01/07/2026-30/09/2026",2026-09-27 00:00:00.0000000,2026-10-23 00:00:00.0000000,"Onshore Wind",236254.8144
"Determination 01/04/2026-30/06/2026",2026-06-15 00:00:00.0000000,2026-07-13 00:00:00.0000000,"Biomass Conversion",487112.1941
"Determination 01/07/2026-30/09/2026",2026-09-30 00:00:00.0000000,2026-10-23 00:00:00.0000000,"Solar PV",-4685.9998
"Determination 01/04/2026-30/06/2026",2026-06-15 00:00:00.0000000,2026-07-13 00:00:00.0000000,"Biomass with CHP",340428.9283
"Determination 01/07/2026-30/09/2026",2026-08-11 00:00:00.0000000,2026-09-08 00:00:00.0000000,"Advanced Conversion Technology",0.0000
"Determination 01/04/2026-30/06/2026",2026-06-15 00:00:00.0000000,2026-07-13 00:00:00.0000000,"Energy from Waste with CHP",21818.5805
"Determination 01/07/2026-30/09/2026",2026-08-11 00:00:00.0000000,2026-09-08 00:00:00.0000000,"Biomass Conversion",1655839.0917
"Determination 01/04/2026-30/06/2026",2026-06-15 00:00:00.0000000,2026-07-13 00:00:00.0000000,"Offshore Wind",4498615.2365
"Determination 01/07/2026-30/09/2026",2026-08-11 00:00:00.0000000,2026-09-08 00:00:00.0000000,"Biomass with CHP",466979.1341
"Determination 01/04/2026-30/06/2026",2026-06-15 00:00:00.0000000,2026-07-13 00:00:00.0000000,"Onshore Wind",163492.4343
"Determination 01/07/2026-30/09/2026",2026-08-11 00:00:00.0000000,2026-09-08 00:00:00.0000000,"Energy from Waste with CHP",18488.1000
"Determination 01/04/2026-30/06/2026",2026-06-15 00:00:00.0000000,2026-07-13 00:00:00.0000000,"Solar PV",512.4258
"Determination 01/07/2026-30/09/2026",2026-08-11 00:00:00.0000000,2026-09-08 00:00:00.0000000,"Offshore Wind",4776842.0356
"Determination 01/04/2026-30/06/2026",2026-06-04 00:00:00.0000000,2026-07-02 00:00:00.0000000,"Advanced Conversion Technology",0.0000
"Determination 01/07/2026-30/09/2026",2026-08-11 00:00:00.0000000,2026-09-08 00:00:00.0000000,"Onshore Wind",178163.7442
"Determination 01/04/2026-30/06/2026",2026-06-04 00:00:00.0000000,2026-07-02 00:00:00.0000000,"Biomass Conversion",487112.1941
"Determination 01/07/2026-30/09/2026",2026-08-13 00:00:00.0000000,2026-09-08 00:00:00.0000000,"Solar PV",-3518.0623
"Determination 01/04/2026-30/06/2026",2026-06-04 00:00:00.0000000,2026-07-02 00:00:00.0000000,"Biomass with CHP",0.0000
"Determination 01/07/2026-30/09/2026",2026-08-06 00:00:00.0000000,2026-09-03 00:00:00.0000000,"Advanced Conversion Technology",0.0000
"Determination 01/04/2026-30/06/2026",2026-06-04 00:00:00.0000000,2026-07-02 00:00:00.0000000,"Energy from Waste with CHP",21818.5805
"Determination 01/07/2026-30/09/2026",2026-08-06 00:00:00.0000000,2026-09-03 00:00:00.0000000,"Biomass Conversion",1655839.0917
"Determination 01/04/2026-30/06/2026",2026-06-04 00:00:00.0000000,2026-07-02 00:00:00.0000000,"Offshore Wind",4552916.3015
"Determination 01/07/2026-30/09/2026",2026-08-06 00:00:00.0000000,2026-09-03 00:00:00.0000000,"Biomass with CHP",466979.1341
"Determination 01/04/2026-30/06/2026",2026-06-04 00:00:00.0000000,2026-07-02 00:00:00.0000000,"Onshore Wind",166599.5338
"Determination 01/07/2026-30/09/2026",2026-08-06 00:00:00.0000000,2026-09-03 00:00:00.0000000,"Energy from Waste with CHP",18488.1000
"Determination 01/04/2026-30/06/2026",2026-06-09 00:00:00.0000000,2026-07-02 00:00:00.0000000,"Solar PV",-922.4342
"Determination 01/07/2026-30/09/2026",2026-08-06 00:00:00.0000000,2026-09-03 00:00:00.0000000,"Offshore Wind",4905086.9759
"Determination 01/04/2026-30/06/2026",2026-04-10 00:00:00.0000000,2026-05-08 00:00:00.0000000,"Advanced Conversion Technology",0.0000
"Determination 01/07/2026-30/09/2026",2026-08-06 00:00:00.0000000,2026-09-03 00:00:00.0000000,"Onshore Wind",186116.3791
"Determination 01/04/2026-30/06/2026",2026-04-10 00:00:00.0000000,2026-05-08 00:00:00.0000000,"Biomass Conversion",1505677.3233
"Determination 01/07/2026-30/09/2026",2026-08-10 00:00:00.0000000,2026-09-03 00:00:00.0000000,"Solar PV",-7751.1216
"Determination 01/04/2026-30/06/2026",2026-04-10 00:00:00.0000000,2026-05-08 00:00:00.0000000,"Biomass with CHP",340428.9283
"Determination 01/07/2026-30/09/2026",2026-09-08 00:00:00.0000000,2026-10-06 00:00:00.0000000,"Advanced Conversion Technology",0.0000
"Determination 01/04/2026-30/06/2026",2026-04-10 00:00:00.0000000,2026-05-08 00:00:00.0000000,"Energy from Waste with CHP",21818.5805
"Determination 01/07/2026-30/09/2026",2026-09-08 00:00:00.0000000,2026-10-06 00:00:00.0000000,"Biomass Conversion",1655839.0917
"Determination 01/04/2026-30/06/2026",2026-04-10 00:00:00.0000000,2026-05-08 00:00:00.0000000,"Offshore Wind",5527057.2731
"Determination 01/07/2026-30/09/2026",2026-09-08 00:00:00.0000000,2026-10-06 00:00:00.0000000,"Biomass with CHP",466979.1341
"Determination 01/04/2026-30/06/2026",2026-04-10 00:00:00.0000000,2026-05-08 00:00:00.0000000,"Onshore Wind",195100.3264
"Determination 01/07/2026-30/09/2026",2026-09-08 00:00:00.0000000,2026-10-06 00:00:00.0000000,"Energy from Waste with CHP",18488.1000
"Determination 01/04/2026-30/06/2026",2026-04-11 00:00:00.0000000,2026-05-08 00:00:00.0000000,"Advanced Conversion Technology",0.0000
"Determination 01/07/2026-30/09/2026",2026-09-08 00:00:00.0000000,2026-10-06 00:00:00.0000000,"Offshore Wind",5729089.3927
"Determination 01/04/2026-30/06/2026",2026-04-11 00:00:00.0000000,2026-05-08 00:00:00.0000000,"Biomass Conversion",1505677.3233
"Determination 01/07/2026-30/09/2026",2026-09-08 00:00:00.0000000,2026-10-06 00:00:00.0000000,"Onshore Wind",212723.3920
"Determination 01/04/2026-30/06/2026",2026-04-11 00:00:00.0000000,2026-05-08 00:00:00.0000000,"Biomass with CHP",340428.9283
"Determination 01/07/2026-30/09/2026",2026-09-11 00:00:00.0000000,2026-10-06 00:00:00.0000000,"Solar PV",-6128.2738
"Determination 01/04/2026-30/06/2026",2026-04-11 00:00:00.0000000,2026-05-08 00:00:00.0000000,"Energy from Waste with CHP",21818.5805
"Determination 01/07/2026-30/09/2026",2026-09-24 00:00:00.0000000,2026-10-22 00:00:00.0000000,"Advanced Conversion Technology",0.0000
"Determination 01/04/2026-30/06/2026",2026-04-11 00:00:00.0000000,2026-05-08 00:00:00.0000000,"Offshore Wind",5570184.2655
"Determination 01/07/2026-30/09/2026",2026-09-24 00:00:00.0000000,2026-10-22 00:00:00.0000000,"Biomass Conversion",1655839.0917
"Determination 01/04/2026-30/06/2026",2026-04-11 00:00:00.0000000,2026-05-08 00:00:00.0000000,"Onshore Wind",213117.6960
"Determination 01/07/2026-30/09/2026",2026-09-24 00:00:00.0000000,2026-10-22 00:00:00.0000000,"Biomass with CHP",466979.1341
"Determination 01/04/2026-30/06/2026",2026-04-11 00:00:00.0000000,2026-05-08 00:00:00.0000000,"Solar PV",6633.8609
"Determination 01/07/2026-30/09/2026",2026-09-24 00:00:00.0000000,2026-10-22 00:00:00.0000000,"Energy from Waste with CHP",18488.1000
"Determination 01/04/2026-30/06/2026",2026-04-12 00:00:00.0000000,2026-05-08 00:00:00.0000000,"Advanced Conversion Technology",0.0000
"Determination 01/07/2026-30/09/2026",2026-09-24 00:00:00.0000000,2026-10-22 00:00:00.0000000,"Offshore Wind",5819827.9622
"Determination 01/04/2026-30/06/2026",2026-04-12 00:00:00.0000000,2026-05-08 00:00:00.0000000,"Biomass Conversion",1505677.3233
"Determination 01/07/2026-30/09/2026",2026-09-24 00:00:00.0000000,2026-10-22 00:00:00.0000000,"Onshore Wind",213472.0456
"Determination 01/04/2026-30/06/2026",2026-04-12 00:00:00.0000000,2026-05-08 00:00:00.0000000,"Biomass with CHP",340428.9283
"Determination 01/07/2026-30/09/2026",2026-09-29 00:00:00.0000000,2026-10-22 00:00:00.0000000,"Solar PV",-3854.1086
"Determination 01/04/2026-30/06/2026",2026-04-12 00:00:00.0000000,2026-05-08 00:00:00.0000000,"Energy from Waste with CHP",21818.5805
"Determination 01/07/2026-30/09/2026",2026-08-24 00:00:00.0000000,2026-09-21 00:00:00.0000000,"Advanced Conversion Technology",0.0000
"Determination 01/04/2026-30/06/2026",2026-04-12 00:00:00.0000000,2026-05-08 00:00:00.0000000,"Offshore Wind",5722361.1786
"Determination 01/07/2026-30/09/2026",2026-08-24 00:00:00.0000000,2026-09-21 00:00:00.0000000,"Biomass Conversion",1655839.0917
"Determination 01/04/2026-30/06/2026",2026-04-12 00:00:00.0000000,2026-05-08 00:00:00.0000000,"Onshore Wind",219120.9211
"Determination 01/07/2026-30/09/2026",2026-08-24 00:00:00.0000000,2026-09-21 00:00:00.0000000,"Biomass with CHP",466979.1341
"Determination 01/04/2026-30/06/2026",2026-04-12 00:00:00.0000000,2026-05-08 00:00:00.0000000,"Solar PV",8137.6147
"Determination 01/07/2026-30/09/2026",2026-08-24 00:00:00.0000000,2026-09-21 00:00:00.0000000,"Energy from Waste with CHP",18488.1000
"Determination 01/04/2026-30/06/2026",2026-04-14 00:00:00.0000000,2026-05-08 00:00:00.0000000,"Solar PV",-6946.6413
"Determination 01/07/2026-30/09/2026",2026-08-24 00:00:00.0000000,2026-09-21 00:00:00.0000000,"Offshore Wind",4717545.2976
"Determination 01/04/2026-30/06/2026",2026-06-09 00:00:00.0000000,2026-07-07 00:00:00.0000000,"Advanced Conversion Technology",0.0000
"Determination 01/07/2026-30/09/2026",2026-08-24 00:00:00.0000000,2026-09-21 00:00:00.0000000,"Onshore Wind",170138.0510
"Determination 01/04/2026-30/06/2026",2026-06-09 00:00:00.0000000,2026-07-07 00:00:00.0000000,"Biomass Conversion",487112.1941
"Determination 01/07/2026-30/09/2026",2026-08-26 00:00:00.0000000,2026-09-21 00:00:00.0000000,"Solar PV",-7644.0946
"Determination 01/04/2026-30/06/2026",2026-06-09 00:00:00.0000000,2026-07-07 00:00:00.0000000,"Biomass with CHP",340428.9283
"Determination 01/07/2026-30/09/2026",2026-09-09 00:00:00.0000000,2026-10-07 00:00:00.0000000,"Advanced Conversion Technology",0.0000
"Determination 01/04/2026-30/06/2026",2026-06-09 00:00:00.0000000,2026-07-07 00:00:00.0000000,"Energy from Waste with CHP",21818.5805
"Determination 01/07/2026-30/09/2026",2026-09-09 00:00:00.0000000,2026-10-07 00:00:00.0000000,"Biomass Conversion",1655839.0917
"Determination 01/04/2026-30/06/2026",2026-06-09 00:00:00.0000000,2026-07-07 00:00:00.0000000,"Offshore Wind",4579742.0179
"Determination 01/07/2026-30/09/2026",2026-09-09 00:00:00.0000000,2026-10-07 00:00:00.0000000,"Biomass with CHP",466979.1341
"Determination 01/04/2026-30/06/2026",2026-06-09 00:00:00.0000000,2026-07-07 00:00:00.0000000,"Onshore Wind",164373.9841
"Determination 01/07/2026-30/09/2026",2026-09-09 00:00:00.0000000,2026-10-07 00:00:00.0000000,"Energy from Waste with CHP",18488.1000
"Determination 01/04/2026-30/06/2026",2026-05-20 00:00:00.0000000,2026-06-17 00:00:00.0000000,"Advanced Conversion Technology",0.0000
"Determination 01/07/2026-30/09/2026",2026-09-09 00:00:00.0000000,2026-10-07 00:00:00.0000000,"Offshore Wind",5790151.0560
"Determination 01/04/2026-30/06/2026",2026-05-20 00:00:00.0000000,2026-06-17 00:00:00.0000000,"Biomass Conversion",487112.1941
"Determination 01/07/2026-30/09/2026",2026-09-09 00:00:00.0000000,2026-10-07 00:00:00.0000000,"Onshore Wind",212249.2746
"Determination 01/04/2026-30/06/2026",2026-05-20 00:00:00.0000000,2026-06-17 00:00:00.0000000,"Biomass with CHP",0.0000
"Determination 01/07/2026-30/09/2026",2026-09-14 00:00:00.0000000,2026-10-07 00:00:00.0000000,"Solar PV",-8960.4838
"Determination 01/04/2026-30/06/2026",2026-05-20 00:00:00.0000000,2026-06-17 00:00:00.0000000,"Energy from Waste with CHP",21818.5805
"Determination 01/07/2026-30/09/2026",2026-07-30 00:00:00.0000000,2026-08-27 00:00:00.0000000,"Advanced Conversion Technology",0.0000
"Determination 01/04/2026-30/06/2026",2026-05-20 00:00:00.0000000,2026-06-17 00:00:00.0000000,"Offshore Wind",5128412.3034
"Determination 01/07/2026-30/09/2026",2026-07-30 00:00:00.0000000,2026-08-27 00:00:00.0000000,"Biomass Conversion",505007.2512
"Determination 01/04/2026-30/06/2026",2026-05-20 00:00:00.0000000,2026-06-17 00:00:00.0000000,"Onshore Wind",182797.2285
"Determination 01/07/2026-30/09/2026",2026-07-30 00:00:00.0000000,2026-08-27 00:00:00.0000000,"Biomass with CHP",466979.1341
"Determination 01/04/2026-30/06/2026",2026-05-20 00:00:00.0000000,2026-06-17 00:00:00.0000000,"Solar PV",457.1739
"Determination 01/07/2026-30/09/2026",2026-07-30 00:00:00.0000000,2026-08-27 00:00:00.0000000,"Energy from Waste with CHP",18488.1000
"Determination 01/04/2026-30/06/2026",2026-06-05 00:00:00.0000000,2026-07-03 00:00:00.0000000,"Advanced Conversion Technology",0.0000
"Determination 01/07/2026-30/09/2026",2026-07-30 00:00:00.0000000,2026-08-27 00:00:00.0000000,"Offshore Wind",4488062.2460
"Determination 01/04/2026-30/06/2026",2026-06-05 00:00:00.0000000,2026-07-03 00:00:00.0000000,"Biomass Conversion",487112.1941
"Determination 01/07/2026-30/09/2026",2026-07-30 00:00:00.0000000,2026-08-27 00:00:00.0000000,"Onshore Wind",162183.4867
"Determination 01/04/2026-30/06/2026",2026-06-05 00:00:00.0000000,2026-07-03 00:00:00.0000000,"Biomass with CHP",0.0000
"Determination 01/07/2026-30/09/2026",2026-08-04 00:00:00.0000000,2026-08-27 00:00:00.0000000,"Solar PV",-4889.1458
"Determination 01/04/2026-30/06/2026",2026-06-05 00:00:00.0000000,2026-07-03 00:00:00.0000000,"Energy from Waste with CHP",21818.5805
"Determination 01/07/2026-30/09/2026",2026-08-28 00:00:00.0000000,2026-09-25 00:00:00.0000000,"Advanced Conversion Technology",0.0000
"Determination 01/04/2026-30/06/2026",2026-06-05 00:00:00.0000000,2026-07-03 00:00:00.0000000,"Offshore Wind",4587622.0671
"Determination 01/07/2026-30/09/2026",2026-08-28 00:00:00.0000000,2026-09-25 00:00:00.0000000,"Biomass Conversion",1655839.0917
"Determination 01/04/2026-30/06/2026",2026-06-05 00:00:00.0000000,2026-07-03 00:00:00.0000000,"Onshore Wind",171535.2342
"Determination 01/07/2026-30/09/2026",2026-08-28 00:00:00.0000000,2026-09-25 00:00:00.0000000,"Biomass with CHP",466979.1341
"Determination 01/04/2026-30/06/2026",2026-06-05 00:00:00.0000000,2026-07-03 00:00:00.0000000,"Solar PV",6573.1781
"Determination 01/07/2026-30/09/2026",2026-08-28 00:00:00.0000000,2026-09-25 00:00:00.0000000,"Energy from Waste with CHP",18488.1000
"Determination 01/04/2026-30/06/2026",2026-06-06 00:00:00.0000000,2026-07-03 00:00:00.0000000,"Advanced Conversion Technology",0.0000
"Determination 01/07/2026-30/09/2026",2026-08-28 00:00:00.0000000,2026-09-25 00:00:00.0000000,"Offshore Wind",4878811.9152
"Determination 01/04/2026-30/06/2026",2026-06-06 00:00:00.0000000,2026-07-03 00:00:00.0000000,"Biomass Conversion",487112.1941
"Determination 01/07/2026-30/09/2026",2026-08-28 00:00:00.0000000,2026-09-25 00:00:00.0000000,"Onshore Wind",183936.4416
"Determination 01/04/2026-30/06/2026",2026-06-06 00:00:00.0000000,2026-07-03 00:00:00.0000000,"Biomass with CHP",746063.8063
"Determination 01/07/2026-30/09/2026",2026-08-29 00:00:00.0000000,2026-09-25 00:00:00.0000000,"Advanced Conversion Technology",0.0000
"Determination 01/04/2026-30/06/2026",2026-06-06 00:00:00.0000000,2026-07-03 00:00:00.0000000,"Energy from Waste with CHP",21818.5805
"Determination 01/07/2026-30/09/2026",2026-08-29 00:00:00.0000000,2026-09-25 00:00:00.0000000,"Biomass Conversion",1655839.0917
"Determination 01/04/2026-30/06/2026",2026-06-06 00:00:00.0000000,2026-07-03 00:00:00.0000000,"Offshore Wind",4643635.2480
"Determination 01/07/2026-30/09/2026",2026-08-29 00:00:00.0000000,2026-09-25 00:00:00.0000000,"Biomass with CHP",466979.1341
"Determination 01/04/2026-30/06/2026",2026-06-06 00:00:00.0000000,2026-07-03 00:00:00.0000000,"Onshore Wind",194144.3152
"Determination 01/07/2026-30/09/2026",2026-08-29 00:00:00.0000000,2026-09-25 00:00:00.0000000,"Energy from Waste with CHP",18488.1000
"Determination 01/04/2026-30/06/2026",2026-06-06 00:00:00.0000000,2026-07-03 00:00:00.0000000,"Solar PV",23326.0326
"Determination 01/07/2026-30/09/2026",2026-08-29 00:00:00.0000000,2026-09-25 00:00:00.0000000,"Offshore Wind",5011511.2279
"Determination 01/04/2026-30/06/2026",2026-06-07 00:00:00.0000000,2026-07-03 00:00:00.0000000,"Advanced Conversion Technology",0.0000
"Determination 01/07/2026-30/09/2026",2026-08-29 00:00:00.0000000,2026-09-25 00:00:00.0000000,"Onshore Wind",200489.9715
"Determination 01/04/2026-30/06/2026",2026-06-07 00:00:00.0000000,2026-07-03 00:00:00.0000000,"Biomass Conversion",487112.1941
"Determination 01/07/2026-30/09/2026",2026-08-29 00:00:00.0000000,2026-09-25 00:00:00.0000000,"Solar PV",1886.1253
"Determination 01/04/2026-30/06/2026",2026-06-07 00:00:00.0000000,2026-07-03 00:00:00.0000000,"Biomass with CHP",340428.9283
"Determination 01/07/2026-30/09/2026",2026-08-30 00:00:00.0000000,2026-09-25 00:00:00.0000000,"Advanced Conversion Technology",0.0000
"Determination 01/04/2026-30/06/2026",2026-06-07 00:00:00.0000000,2026-07-03 00:00:00.0000000,"Energy from Waste with CHP",21818.5805
"Determination 01/07/2026-30/09/2026",2026-08-30 00:00:00.0000000,2026-09-25 00:00:00.0000000,"Biomass Conversion",1655839.0917
"Determination 01/04/2026-30/06/2026",2026-06-07 00:00:00.0000000,2026-07-03 00:00:00.0000000,"Offshore Wind",4574173.7663
"Determination 01/07/2026-30/09/2026",2026-08-30 00:00:00.0000000,2026-09-25 00:00:00.0000000,"Biomass with CHP",466979.1341
"Determination 01/04/2026-30/06/2026",2026-06-07 00:00:00.0000000,2026-07-03 00:00:00.0000000,"Onshore Wind",190957.5918
"Determination 01/07/2026-30/09/2026",2026-08-30 00:00:00.0000000,2026-09-25 00:00:00.0000000,"Energy from Waste with CHP",18488.1000
"Determination 01/04/2026-30/06/2026",2026-06-07 00:00:00.0000000,2026-07-03 00:00:00.0000000,"Solar PV",22092.3313
"Determination 01/07/2026-30/09/2026",2026-08-30 00:00:00.0000000,2026-09-25 00:00:00.0000000,"Offshore Wind",5082839.0435
"Determination 01/04/2026-30/06/2026",2026-06-16 00:00:00.0000000,2026-07-14 00:00:00.0000000,"Advanced Conversion Technology",0.0000
"Determination 01/07/2026-30/09/2026",2026-08-30 00:00:00.0000000,2026-09-25 00:00:00.0000000,"Onshore Wind",211743.6368
"Determination 01/04/2026-30/06/2026",2026-06-16 00:00:00.0000000,2026-07-14 00:00:00.0000000,"Biomass Conversion",487112.1941
"Determination 01/07/2026-30/09/2026",2026-08-30 00:00:00.0000000,2026-09-25 00:00:00.0000000,"Solar PV",8073.3131
"Determination 01/04/2026-30/06/2026",2026-06-16 00:00:00.0000000,2026-07-14 00:00:00.0000000,"Biomass with CHP",340428.9283
"Determination 01/07/2026-30/09/2026",2026-08-31 00:00:00.0000000,2026-09-25 00:00:00.0000000,"Advanced Conversion Technology",0.0000
"Determination 01/04/2026-30/06/2026",2026-06-16 00:00:00.0000000,2026-07-14 00:00:00.0000000,"Energy from Waste with CHP",21818.5805
"Determination 01/07/2026-30/09/2026",2026-08-31 00:00:00.0000000,2026-09-25 00:00:00.0000000,"Biomass Conversion",1655839.0917
"Determination 01/04/2026-30/06/2026",2026-06-16 00:00:00.0000000,2026-07-14 00:00:00.0000000,"Offshore Wind",4532701.4578
"Determination 01/07/2026-30/09/2026",2026-08-31 00:00:00.0000000,2026-09-25 00:00:00.0000000,"Biomass with CHP",466979.1341
"Determination 01/04/2026-30/06/2026",2026-06-16 00:00:00.0000000,2026-07-14 00:00:00.0000000,"Onshore Wind",172677.6958
"Determination 01/07/2026-30/09/2026",2026-08-31 00:00:00.0000000,2026-09-25 00:00:00.0000000,"Energy from Waste with CHP",18488.1000
"Determination 01/04/2026-30/06/2026",2026-06-16 00:00:00.0000000,2026-07-14 00:00:00.0000000,"Solar PV",9572.2412
"Determination 01/07/2026-30/09/2026",2026-08-31 00:00:00.0000000,2026-09-25 00:00:00.0000000,"Offshore Wind",5858772.9336
"Determination 01/04/2026-30/06/2026",2026-06-18 00:00:00.0000000,2026-07-16 00:00:00.0000000,"Advanced Conversion Technology",0.0000
"Determination 01/07/2026-30/09/2026",2026-08-31 00:00:00.0000000,2026-09-25 00:00:00.0000000,"Onshore Wind",236067.3546
"Determination 01/04/2026-30/06/2026",2026-06-18 00:00:00.0000000,2026-07-16 00:00:00.0000000,"Biomass Conversion",487112.1941
"Determination 01/07/2026-30/09/2026",2026-08-31 00:00:00.0000000,2026-09-25 00:00:00.0000000,"Solar PV",1848.6509
"Determination 01/04/2026-30/06/2026",2026-06-18 00:00:00.0000000,2026-07-16 00:00:00.0000000,"Biomass with CHP",340428.9283
"Determination 01/07/2026-30/09/2026",2026-09-02 00:00:00.0000000,2026-09-25 00:00:00.0000000,"Solar PV",-3354.2926
"Determination 01/04/2026-30/06/2026",2026-06-18 00:00:00.0000000,2026-07-16 00:00:00.0000000,"Energy from Waste with CHP",21818.5805
"Determination 01/07/2026-30/09/2026",2026-09-02 00:00:00.0000000,2026-09-30 00:00:00.0000000,"Advanced Conversion Technology",0.0000
"Determination 01/04/2026-30/06/2026",2026-06-18 00:00:00.0000000,2026-07-16 00:00:00.0000000,"Offshore Wind",4630290.0504
"Determination 01/07/2026-30/09/2026",2026-09-02 00:00:00.0000000,2026-09-30 00:00:00.0000000,"Biomass Conversion",1655839.0917
"Determination 01/04/2026-30/06/2026",2026-06-18 00:00:00.0000000,2026-07-16 00:00:00.0000000,"Onshore Wind",170151.4321
"Determination 01/07/2026-30/09/2026",2026-09-02 00:00:00.0000000,2026-09-30 00:00:00.0000000,"Biomass with CHP",466979.1341
"Determination 01/04/2026-30/06/2026",2026-06-18 00:00:00.0000000,2026-07-16 00:00:00.0000000,"Solar PV",5067.7548
"Determination 01/07/2026-30/09/2026",2026-09-02 00:00:00.0000000,2026-09-30 00:00:00.0000000,"Energy from Waste with CHP",18488.1000
"Determination 01/04/2026-30/06/2026",2026-05-15 00:00:00.0000000,2026-06-12 00:00:00.0000000,"Advanced Conversion Technology",0.0000
"Determination 01/07/2026-30/09/2026",2026-09-02 00:00:00.0000000,2026-09-30 00:00:00.0000000,"Offshore Wind",5765532.6007
"Determination 01/04/2026-30/06/2026",2026-05-15 00:00:00.0000000,2026-06-12 00:00:00.0000000,"Biomass Conversion",487112.1941
"Determination 01/07/2026-30/09/2026",2026-09-02 00:00:00.0000000,2026-09-30 00:00:00.0000000,"Onshore Wind",219279.5163
"Determination 01/04/2026-30/06/2026",2026-05-15 00:00:00.0000000,2026-06-12 00:00:00.0000000,"Biomass with CHP",0.0000
"Determination 01/07/2026-30/09/2026",2026-09-07 00:00:00.0000000,2026-09-30 00:00:00.0000000,"Solar PV",-5180.8919
"Determination 01/04/2026-30/06/2026",2026-05-15 00:00:00.0000000,2026-06-12 00:00:00.0000000,"Energy from Waste with CHP",21818.5805
"Determination 01/07/2026-30/09/2026",2026-09-21 00:00:00.0000000,2026-10-19 00:00:00.0000000,"Advanced Conversion Technology",0.0000
"Determination 01/04/2026-30/06/2026",2026-05-15 00:00:00.0000000,2026-06-12 00:00:00.0000000,"Offshore Wind",5067049.6714
"Determination 01/07/2026-30/09/2026",2026-09-21 00:00:00.0000000,2026-10-19 00:00:00.0000000,"Biomass Conversion",1655839.0917
"Determination 01/04/2026-30/06/2026",2026-05-15 00:00:00.0000000,2026-06-12 00:00:00.0000000,"Onshore Wind",181371.8762
"Determination 01/07/2026-30/09/2026",2026-09-21 00:00:00.0000000,2026-10-19 00:00:00.0000000,"Biomass with CHP",466979.1341
"Determination 01/04/2026-30/06/2026",2026-05-15 00:00:00.0000000,2026-06-12 00:00:00.0000000,"Solar PV",961.0133
"Determination 01/07/2026-30/09/2026",2026-09-21 00:00:00.0000000,2026-10-19 00:00:00.0000000,"Energy from Waste with CHP",18488.1000
"Determination 01/04/2026-30/06/2026",2026-05-16 00:00:00.0000000,2026-06-12 00:00:00.0000000,"Advanced Conversion Technology",0.0000
"Determination 01/07/2026-30/09/2026",2026-09-21 00:00:00.0000000,2026-10-19 00:00:00.0000000,"Offshore Wind",5666216.5217
"Determination 01/04/2026-30/06/2026",2026-05-16 00:00:00.0000000,2026-06-12 00:00:00.0000000,"Biomass Conversion",487112.1941
"Determination 01/07/2026-30/09/2026",2026-09-21 00:00:00.0000000,2026-10-19 00:00:00.0000000,"Onshore Wind",205201.8940
"Determination 01/04/2026-30/06/2026",2026-05-16 00:00:00.0000000,2026-06-12 00:00:00.0000000,"Biomass with CHP",0.0000
"Determination 01/07/2026-30/09/2026",2026-09-24 00:00:00.0000000,2026-10-19 00:00:00.0000000,"Solar PV",-13859.1760
"Determination 01/04/2026-30/06/2026",2026-05-16 00:00:00.0000000,2026-06-12 00:00:00.0000000,"Energy from Waste with CHP",21818.5805
"Determination 01/07/2026-30/09/2026",2026-07-24 00:00:00.0000000,2026-08-21 00:00:00.0000000,"Advanced Conversion Technology",0.0000
"Determination 01/04/2026-30/06/2026",2026-05-16 00:00:00.0000000,2026-06-12 00:00:00.0000000,"Offshore Wind",4996085.0659
"Determination 01/07/2026-30/09/2026",2026-07-24 00:00:00.0000000,2026-08-21 00:00:00.0000000,"Biomass Conversion",505007.2512
"Determination 01/04/2026-30/06/2026",2026-05-16 00:00:00.0000000,2026-06-12 00:00:00.0000000,"Onshore Wind",209790.2155
"Determination 01/07/2026-30/09/2026",2026-07-24 00:00:00.0000000,2026-08-21 00:00:00.0000000,"Biomass with CHP",466979.1341
"Determination 01/04/2026-30/06/2026",2026-05-16 00:00:00.0000000,2026-06-12 00:00:00.0000000,"Solar PV",24137.5895
"Determination 01/07/2026-30/09/2026",2026-07-24 00:00:00.0000000,2026-08-21 00:00:00.0000000,"Energy from Waste with CHP",18488.1000
"Determination 01/04/2026-30/06/2026",2026-05-17 00:00:00.0000000,2026-06-12 00:00:00.0000000,"Advanced Conversion Technology",0.0000
"Determination 01/07/2026-30/09/2026",2026-07-24 00:00:00.0000000,2026-08-21 00:00:00.0000000,"Offshore Wind",4219974.4341
"Determination 01/04/2026-30/06/2026",2026-05-17 00:00:00.0000000,2026-06-12 00:00:00.0000000,"Biomass Conversion",487112.1941
"Determination 01/07/2026-30/09/2026",2026-07-24 00:00:00.0000000,2026-08-21 00:00:00.0000000,"Onshore Wind",160694.5197
"Determination 01/04/2026-30/06/2026",2026-05-17 00:00:00.0000000,2026-06-12 00:00:00.0000000,"Biomass with CHP",0.0000
"Determination 01/07/2026-30/09/2026",2026-07-25 00:00:00.0000000,2026-08-21 00:00:00.0000000,"Advanced Conversion Technology",0.0000
"Determination 01/04/2026-30/06/2026",2026-05-17 00:00:00.0000000,2026-06-12 00:00:00.0000000,"Energy from Waste with CHP",21818.5805
"Determination 01/07/2026-30/09/2026",2026-07-25 00:00:00.0000000,2026-08-21 00:00:00.0000000,"Biomass Conversion",505007.2512
"Determination 01/04/2026-30/06/2026",2026-05-17 00:00:00.0000000,2026-06-12 00:00:00.0000000,"Offshore Wind",5207933.6336
"Determination 01/07/2026-30/09/2026",2026-07-25 00:00:00.0000000,2026-08-21 00:00:00.0000000,"Biomass with CHP",466979.1341
"Determination 01/04/2026-30/06/2026",2026-05-17 00:00:00.0000000,2026-06-12 00:00:00.0000000,"Onshore Wind",217506.8691
"Determination 01/07/2026-30/09/2026",2026-07-25 00:00:00.0000000,2026-08-21 00:00:00.0000000,"Energy from Waste with CHP",18488.1000
"Determination 01/04/2026-30/06/2026",2026-05-17 00:00:00.0000000,2026-06-12 00:00:00.0000000,"Solar PV",24547.9364
"Determination 01/07/2026-30/09/2026",2026-07-25 00:00:00.0000000,2026-08-21 00:00:00.0000000,"Offshore Wind",4440099.5187
"Determination 01/04/2026-30/06/2026",2026-05-19 00:00:00.0000000,2026-06-16 00:00:00.0000000,"Advanced Conversion Technology",0.0000
"Determination 01/07/2026-30/09/2026",2026-07-25 00:00:00.0000000,2026-08-21 00:00:00.0000000,"Onshore Wind",168436.9153
"Determination 01/04/2026-30/06/2026",2026-05-19 00:00:00.0000000,2026-06-16 00:00:00.0000000,"Biomass Conversion",487112.1941
"Determination 01/07/2026-30/09/2026",2026-07-25 00:00:00.0000000,2026-08-21 00:00:00.0000000,"Solar PV",4566.1056
"Determination 01/04/2026-30/06/2026",2026-05-19 00:00:00.0000000,2026-06-16 00:00:00.0000000,"Biomass with CHP",0.0000
"Determination 01/07/2026-30/09/2026",2026-07-26 00:00:00.0000000,2026-08-21 00:00:00.0000000,"Advanced Conversion Technology",0.0000
"Determination 01/04/2026-30/06/2026",2026-05-19 00:00:00.0000000,2026-06-16 00:00:00.0000000,"Energy from Waste with CHP",21818.5805
"Determination 01/07/2026-30/09/2026",2026-07-26 00:00:00.0000000,2026-08-21 00:00:00.0000000,"Biomass Conversion",505007.2512
"Determination 01/04/2026-30/06/2026",2026-05-19 00:00:00.0000000,2026-06-16 00:00:00.0000000,"Offshore Wind",5145850.2308
"Determination 01/07/2026-30/09/2026",2026-07-26 00:00:00.0000000,2026-08-21 00:00:00.0000000,"Biomass with CHP",466979.1341
"Determination 01/04/2026-30/06/2026",2026-05-19 00:00:00.0000000,2026-06-16 00:00:00.0000000,"Onshore Wind",184483.6480
"Determination 01/07/2026-30/09/2026",2026-07-26 00:00:00.0000000,2026-08-21 00:00:00.0000000,"Energy from Waste with CHP",18488.1000
"Determination 01/04/2026-30/06/2026",2026-05-19 00:00:00.0000000,2026-06-16 00:00:00.0000000,"Solar PV",2654.2013
"Determination 01/07/2026-30/09/2026",2026-07-26 00:00:00.0000000,2026-08-21 00:00:00.0000000,"Offshore Wind",4530839.1633
"Determination 01/04/2026-30/06/2026",2026-04-20 00:00:00.0000000,2026-05-18 00:00:00.0000000,"Advanced Conversion Technology",0.0000
"Determination 01/07/2026-30/09/2026",2026-07-26 00:00:00.0000000,2026-08-21 00:00:00.0000000,"Onshore Wind",171018.8545
"Determination 01/04/2026-30/06/2026",2026-04-20 00:00:00.0000000,2026-05-18 00:00:00.0000000,"Biomass Conversion",1505677.3233
"Determination 01/07/2026-30/09/2026",2026-07-26 00:00:00.0000000,2026-08-21 00:00:00.0000000,"Solar PV",2268.5631
"Determination 01/04/2026-30/06/2026",2026-04-20 00:00:00.0000000,2026-05-18 00:00:00.0000000,"Biomass with CHP",340428.9283
"Determination 01/07/2026-30/09/2026",2026-07-29 00:00:00.0000000,2026-08-21 00:00:00.0000000,"Solar PV",-7365.1694
"Determination 01/04/2026-30/06/2026",2026-04-20 00:00:00.0000000,2026-05-18 00:00:00.0000000,"Energy from Waste with CHP",21818.5805
"Determination 01/07/2026-30/09/2026",2026-09-16 00:00:00.0000000,2026-10-14 00:00:00.0000000,"Advanced Conversion Technology",0.0000
"Determination 01/04/2026-30/06/2026",2026-04-20 00:00:00.0000000,2026-05-18 00:00:00.0000000,"Offshore Wind",5643901.6577
"Determination 01/07/2026-30/09/2026",2026-09-16 00:00:00.0000000,2026-10-14 00:00:00.0000000,"Biomass Conversion",1655839.0917
"Determination 01/04/2026-30/06/2026",2026-04-20 00:00:00.0000000,2026-05-18 00:00:00.0000000,"Onshore Wind",204034.8083
"Determination 01/07/2026-30/09/2026",2026-09-16 00:00:00.0000000,2026-10-14 00:00:00.0000000,"Biomass with CHP",466979.1341
"Determination 01/04/2026-30/06/2026",2026-04-22 00:00:00.0000000,2026-05-18 00:00:00.0000000,"Solar PV",-6036.2169
"Determination 01/07/2026-30/09/2026",2026-09-16 00:00:00.0000000,2026-10-14 00:00:00.0000000,"Energy from Waste with CHP",18488.1000
"Determination 01/04/2026-30/06/2026",2026-06-10 00:00:00.0000000,2026-07-08 00:00:00.0000000,"Advanced Conversion Technology",0.0000
"Determination 01/07/2026-30/09/2026",2026-09-16 00:00:00.0000000,2026-10-14 00:00:00.0000000,"Offshore Wind",5744486.0429
"Determination 01/04/2026-30/06/2026",2026-06-10 00:00:00.0000000,2026-07-08 00:00:00.0000000,"Biomass Conversion",487112.1941
"Determination 01/07/2026-30/09/2026",2026-09-16 00:00:00.0000000,2026-10-14 00:00:00.0000000,"Onshore Wind",216493.4531
"Determination 01/04/2026-30/06/2026",2026-06-10 00:00:00.0000000,2026-07-08 00:00:00.0000000,"Biomass with CHP",340428.9283
"Determination 01/07/2026-30/09/2026",2026-09-21 00:00:00.0000000,2026-10-14 00:00:00.0000000,"Solar PV",-14602.0925
"Determination 01/04/2026-30/06/2026",2026-06-10 00:00:00.0000000,2026-07-08 00:00:00.0000000,"Energy from Waste with CHP",21818.5805
"Determination 01/07/2026-30/09/2026",2026-07-06 00:00:00.0000000,2026-08-03 00:00:00.0000000,"Advanced Conversion Technology",0.0000
"Determination 01/04/2026-30/06/2026",2026-06-10 00:00:00.0000000,2026-07-08 00:00:00.0000000,"Offshore Wind",4520752.2838
"Determination 01/07/2026-30/09/2026",2026-07-06 00:00:00.0000000,2026-08-03 00:00:00.0000000,"Biomass Conversion",505007.2512
"Determination 01/04/2026-30/06/2026",2026-06-10 00:00:00.0000000,2026-07-08 00:00:00.0000000,"Onshore Wind",166514.8439
"Determination 01/07/2026-30/09/2026",2026-07-06 00:00:00.0000000,2026-08-03 00:00:00.0000000,"Biomass with CHP",466979.1341
"Determination 01/04/2026-30/06/2026",2026-06-10 00:00:00.0000000,2026-07-08 00:00:00.0000000,"Solar PV",2357.2534
"Determination 01/07/2026-30/09/2026",2026-07-06 00:00:00.0000000,2026-08-03 00:00:00.0000000,"Energy from Waste with CHP",18488.1000
"Determination 01/04/2026-30/06/2026",2026-04-22 00:00:00.0000000,2026-05-20 00:00:00.0000000,"Advanced Conversion Technology",0.0000
"Determination 01/07/2026-30/09/2026",2026-07-06 00:00:00.0000000,2026-08-03 00:00:00.0000000,"Offshore Wind",4499488.4346
"Determination 01/04/2026-30/06/2026",2026-04-22 00:00:00.0000000,2026-05-20 00:00:00.0000000,"Biomass Conversion",1505677.3233
"Determination 01/07/2026-30/09/2026",2026-07-06 00:00:00.0000000,2026-08-03 00:00:00.0000000,"Onshore Wind",163219.3761
"Determination 01/04/2026-30/06/2026",2026-04-22 00:00:00.0000000,2026-05-20 00:00:00.0000000,"Biomass with CHP",340428.9283
"Determination 01/07/2026-30/09/2026",2026-07-09 00:00:00.0000000,2026-08-03 00:00:00.0000000,"Solar PV",-8963.6365
"Determination 01/04/2026-30/06/2026",2026-04-22 00:00:00.0000000,2026-05-20 00:00:00.0000000,"Energy from Waste with CHP",21818.5805
"Determination 01/07/2026-30/09/2026",2026-08-20 00:00:00.0000000,2026-09-17 00:00:00.0000000,"Advanced Conversion Technology",0.0000
"Determination 01/04/2026-30/06/2026",2026-04-22 00:00:00.0000000,2026-05-20 00:00:00.0000000,"Offshore Wind",5542387.1543
"Determination 01/07/2026-30/09/2026",2026-08-20 00:00:00.0000000,2026-09-17 00:00:00.0000000,"Biomass Conversion",1655839.0917
"Determination 01/04/2026-30/06/2026",2026-04-22 00:00:00.0000000,2026-05-20 00:00:00.0000000,"Onshore Wind",200681.3620
"Determination 01/07/2026-30/09/2026",2026-08-20 00:00:00.0000000,2026-09-17 00:00:00.0000000,"Biomass with CHP",466979.1341
"Determination 01/04/2026-30/06/2026",2026-04-28 00:00:00.0000000,2026-05-26 00:00:00.0000000,"Advanced Conversion Technology",0.0000
"Determination 01/07/2026-30/09/2026",2026-08-20 00:00:00.0000000,2026-09-17 00:00:00.0000000,"Energy from Waste with CHP",18488.1000
"Determination 01/04/2026-30/06/2026",2026-04-28 00:00:00.0000000,2026-05-26 00:00:00.0000000,"Biomass Conversion",1505677.3233
"Determination 01/07/2026-30/09/2026",2026-08-20 00:00:00.0000000,2026-09-17 00:00:00.0000000,"Offshore Wind",4783873.0187
"Determination 01/04/2026-30/06/2026",2026-04-28 00:00:00.0000000,2026-05-26 00:00:00.0000000,"Biomass with CHP",340428.9283
"Determination 01/07/2026-30/09/2026",2026-08-20 00:00:00.0000000,2026-09-17 00:00:00.0000000,"Onshore Wind",177489.2340
"Determination 01/04/2026-30/06/2026",2026-04-28 00:00:00.0000000,2026-05-26 00:00:00.0000000,"Energy from Waste with CHP",21818.5805
"Determination 01/07/2026-30/09/2026",2026-08-24 00:00:00.0000000,2026-09-17 00:00:00.0000000,"Solar PV",-12164.6189
"Determination 01/04/2026-30/06/2026",2026-04-28 00:00:00.0000000,2026-05-26 00:00:00.0000000,"Offshore Wind",5560647.2359
"Determination 01/07/2026-30/09/2026",2026-09-07 00:00:00.0000000,2026-10-05 00:00:00.0000000,"Advanced Conversion Technology",0.0000
"Determination 01/04/2026-30/06/2026",2026-04-28 00:00:00.0000000,2026-05-26 00:00:00.0000000,"Onshore Wind",205781.4791
"Determination 01/07/2026-30/09/2026",2026-09-07 00:00:00.0000000,2026-10-05 00:00:00.0000000,"Biomass Conversion",1655839.0917
"Determination 01/04/2026-30/06/2026",2026-05-18 00:00:00.0000000,2026-06-15 00:00:00.0000000,"Advanced Conversion Technology",0.0000
"Determination 01/07/2026-30/09/2026",2026-09-07 00:00:00.0000000,2026-10-05 00:00:00.0000000,"Biomass with CHP",466979.1341
"Determination 01/04/2026-30/06/2026",2026-05-18 00:00:00.0000000,2026-06-15 00:00:00.0000000,"Biomass Conversion",487112.1941
"Determination 01/07/2026-30/09/2026",2026-09-07 00:00:00.0000000,2026-10-05 00:00:00.0000000,"Energy from Waste with CHP",18488.1000
"Determination 01/04/2026-30/06/2026",2026-05-18 00:00:00.0000000,2026-06-15 00:00:00.0000000,"Biomass with CHP",0.0000
"Determination 01/07/2026-30/09/2026",2026-09-07 00:00:00.0000000,2026-10-05 00:00:00.0000000,"Offshore Wind",5754844.6754
"Determination 01/04/2026-30/06/2026",2026-05-18 00:00:00.0000000,2026-06-15 00:00:00.0000000,"Energy from Waste with CHP",21818.5805
"Determination 01/07/2026-30/09/2026",2026-09-07 00:00:00.0000000,2026-10-05 00:00:00.0000000,"Onshore Wind",215229.4511
"Determination 01/04/2026-30/06/2026",2026-05-18 00:00:00.0000000,2026-06-15 00:00:00.0000000,"Offshore Wind",5145446.1047
"Determination 01/07/2026-30/09/2026",2026-09-10 00:00:00.0000000,2026-10-05 00:00:00.0000000,"Solar PV",-7451.1380
"Determination 01/04/2026-30/06/2026",2026-05-18 00:00:00.0000000,2026-06-15 00:00:00.0000000,"Onshore Wind",180057.3149
"Determination 01/07/2026-30/09/2026",2026-07-13 00:00:00.0000000,2026-08-10 00:00:00.0000000,"Advanced Conversion Technology",0.0000
"Determination 01/04/2026-30/06/2026",2026-06-17 00:00:00.0000000,2026-07-15 00:00:00.0000000,"Advanced Conversion Technology",0.0000
"Determination 01/07/2026-30/09/2026",2026-07-13 00:00:00.0000000,2026-08-10 00:00:00.0000000,"Biomass Conversion",505007.2512
"Determination 01/04/2026-30/06/2026",2026-06-17 00:00:00.0000000,2026-07-15 00:00:00.0000000,"Biomass Conversion",487112.1941
"Determination 01/07/2026-30/09/2026",2026-07-13 00:00:00.0000000,2026-08-10 00:00:00.0000000,"Biomass with CHP",466979.1341
"Determination 01/04/2026-30/06/2026",2026-06-17 00:00:00.0000000,2026-07-15 00:00:00.0000000,"Biomass with CHP",340428.9283
"Determination 01/07/2026-30/09/2026",2026-07-13 00:00:00.0000000,2026-08-10 00:00:00.0000000,"Energy from Waste with CHP",18488.1000
"Determination 01/04/2026-30/06/2026",2026-06-17 00:00:00.0000000,2026-07-15 00:00:00.0000000,"Energy from Waste with CHP",21818.5805
"Determination 01/07/2026-30/09/2026",2026-07-13 00:00:00.0000000,2026-08-10 00:00:00.0000000,"Offshore Wind",4440489.3169
"Determination 01/04/2026-30/06/2026",2026-06-17 00:00:00.0000000,2026-07-15 00:00:00.0000000,"Offshore Wind",4584272.6427
"Determination 01/07/2026-30/09/2026",2026-07-13 00:00:00.0000000,2026-08-10 00:00:00.0000000,"Onshore Wind",159369.7767
"Determination 01/04/2026-30/06/2026",2026-06-17 00:00:00.0000000,2026-07-15 00:00:00.0000000,"Onshore Wind",168834.4041
"Determination 01/07/2026-30/09/2026",2026-07-16 00:00:00.0000000,2026-08-10 00:00:00.0000000,"Solar PV",-4610.4349
"Determination 01/04/2026-30/06/2026",2026-06-17 00:00:00.0000000,2026-07-15 00:00:00.0000000,"Solar PV",3282.8453
"Determination 01/07/2026-30/09/2026",2026-07-07 00:00:00.0000000,2026-08-04 00:00:00.0000000,"Advanced Conversion Technology",0.0000
"Determination 01/04/2026-30/06/2026",2026-06-22 00:00:00.0000000,2026-07-15 00:00:00.0000000,"Solar PV",-1107.5005
"Determination 01/07/2026-30/09/2026",2026-07-07 00:00:00.0000000,2026-08-04 00:00:00.0000000,"Biomass Conversion",505007.2512
"Determination 01/04/2026-30/06/2026",2026-05-06 00:00:00.0000000,2026-06-03 00:00:00.0000000,"Advanced Conversion Technology",0.0000
"Determination 01/07/2026-30/09/2026",2026-07-07 00:00:00.0000000,2026-08-04 00:00:00.0000000,"Biomass with CHP",466979.1341
"Determination 01/04/2026-30/06/2026",2026-05-06 00:00:00.0000000,2026-06-03 00:00:00.0000000,"Biomass Conversion",1505677.3233
"Determination 01/07/2026-30/09/2026",2026-07-07 00:00:00.0000000,2026-08-04 00:00:00.0000000,"Energy from Waste with CHP",18488.1000
"Determination 01/04/2026-30/06/2026",2026-05-06 00:00:00.0000000,2026-06-03 00:00:00.0000000,"Biomass with CHP",746063.8063
"Determination 01/07/2026-30/09/2026",2026-07-07 00:00:00.0000000,2026-08-04 00:00:00.0000000,"Offshore Wind",4512499.0905
"Determination 01/04/2026-30/06/2026",2026-05-06 00:00:00.0000000,2026-06-03 00:00:00.0000000,"Energy from Waste with CHP",21818.5805
"Determination 01/07/2026-30/09/2026",2026-07-07 00:00:00.0000000,2026-08-04 00:00:00.0000000,"Onshore Wind",163632.8893
"Determination 01/04/2026-30/06/2026",2026-05-06 00:00:00.0000000,2026-06-03 00:00:00.0000000,"Offshore Wind",5068004.4020
"Determination 01/07/2026-30/09/2026",2026-07-10 00:00:00.0000000,2026-08-04 00:00:00.0000000,"Solar PV",-4691.4187
"Determination 01/04/2026-30/06/2026",2026-05-06 00:00:00.0000000,2026-06-03 00:00:00.0000000,"Onshore Wind",179677.3447
"Determination 01/07/2026-30/09/2026",2026-09-14 00:00:00.0000000,2026-10-12 00:00:00.0000000,"Advanced Conversion Technology",0.0000
"Determination 01/04/2026-30/06/2026",2026-05-08 00:00:00.0000000,2026-06-03 00:00:00.0000000,"Solar PV",-1258.7414
"Determination 01/07/2026-30/09/2026",2026-09-14 00:00:00.0000000,2026-10-12 00:00:00.0000000,"Biomass Conversion",1655839.0917
"Determination 01/04/2026-30/06/2026",2026-05-14 00:00:00.0000000,2026-06-11 00:00:00.0000000,"Advanced Conversion Technology",0.0000
"Determination 01/07/2026-30/09/2026",2026-09-14 00:00:00.0000000,2026-10-12 00:00:00.0000000,"Biomass with CHP",466979.1341
"Determination 01/04/2026-30/06/2026",2026-05-14 00:00:00.0000000,2026-06-11 00:00:00.0000000,"Biomass Conversion",487112.1941
"Determination 01/07/2026-30/09/2026",2026-09-14 00:00:00.0000000,2026-10-12 00:00:00.0000000,"Energy from Waste with CHP",18488.1000
"Determination 01/04/2026-30/06/2026",2026-05-14 00:00:00.0000000,2026-06-11 00:00:00.0000000,"Biomass with CHP",0.0000
"Determination 01/07/2026-30/09/2026",2026-09-14 00:00:00.0000000,2026-10-12 00:00:00.0000000,"Offshore Wind",5748729.5435
"Determination 01/04/2026-30/06/2026",2026-05-14 00:00:00.0000000,2026-06-11 00:00:00.0000000,"Energy from Waste with CHP",21818.5805
"Determination 01/07/2026-30/09/2026",2026-09-14 00:00:00.0000000,2026-10-12 00:00:00.0000000,"Onshore Wind",213073.1343
"Determination 01/04/2026-30/06/2026",2026-05-14 00:00:00.0000000,2026-06-11 00:00:00.0000000,"Offshore Wind",5037763.7592
"Determination 01/07/2026-30/09/2026",2026-09-17 00:00:00.0000000,2026-10-12 00:00:00.0000000,"Solar PV",-10153.0142
"Determination 01/04/2026-30/06/2026",2026-05-14 00:00:00.0000000,2026-06-11 00:00:00.0000000,"Onshore Wind",177775.3310
"Determination 01/07/2026-30/09/2026",2026-09-17 00:00:00.0000000,2026-10-15 00:00:00.0000000,"Advanced Conversion Technology",0.0000
"Determination 01/04/2026-30/06/2026",2026-05-18 00:00:00.0000000,2026-06-11 00:00:00.0000000,"Solar PV",-2911.8072
"Determination 01/07/2026-30/09/2026",2026-09-17 00:00:00.0000000,2026-10-15 00:00:00.0000000,"Biomass Conversion",1655839.0917
"Determination 01/04/2026-30/06/2026",2026-04-01 00:00:00.0000000,2026-04-28 00:00:00.0000000,"Solar PV",-4620.7271
"Determination 01/07/2026-30/09/2026",2026-09-17 00:00:00.0000000,2026-10-15 00:00:00.0000000,"Biomass with CHP",466979.1341
"Determination 01/04/2026-30/06/2026",2026-04-17 00:00:00.0000000,2026-05-15 00:00:00.0000000,"Advanced Conversion Technology",0.0000
"Determination 01/07/2026-30/09/2026",2026-09-17 00:00:00.0000000,2026-10-15 00:00:00.0000000,"Energy from Waste with CHP",18488.1000
"Determination 01/04/2026-30/06/2026",2026-04-17 00:00:00.0000000,2026-05-15 00:00:00.0000000,"Biomass Conversion",1505677.3233
"Determination 01/07/2026-30/09/2026",2026-09-17 00:00:00.0000000,2026-10-15 00:00:00.0000000,"Offshore Wind",5816336.4596
"Determination 01/04/2026-30/06/2026",2026-04-17 00:00:00.0000000,2026-05-15 00:00:00.0000000,"Biomass with CHP",340428.9283
"Determination 01/07/2026-30/09/2026",2026-09-17 00:00:00.0000000,2026-10-15 00:00:00.0000000,"Onshore Wind",220744.6204
"Determination 01/04/2026-30/06/2026",2026-04-17 00:00:00.0000000,2026-05-15 00:00:00.0000000,"Energy from Waste with CHP",21818.5805
"Determination 01/07/2026-30/09/2026",2026-09-22 00:00:00.0000000,2026-10-15 00:00:00.0000000,"Solar PV",-15377.3920
"Determination 01/04/2026-30/06/2026",2026-04-17 00:00:00.0000000,2026-05-15 00:00:00.0000000,"Offshore Wind",5565411.5409
"Determination 01/07/2026-30/09/2026",2026-07-15 00:00:00.0000000,2026-08-12 00:00:00.0000000,"Advanced Conversion Technology",0.0000
"Determination 01/04/2026-30/06/2026",2026-04-17 00:00:00.0000000,2026-05-15 00:00:00.0000000,"Onshore Wind",199448.2099
"Determination 01/07/2026-30/09/2026",2026-07-15 00:00:00.0000000,2026-08-12 00:00:00.0000000,"Biomass Conversion",505007.2512
"Determination 01/04/2026-30/06/2026",2026-04-18 00:00:00.0000000,2026-05-15 00:00:00.0000000,"Advanced Conversion Technology",0.0000
"Determination 01/07/2026-30/09/2026",2026-07-15 00:00:00.0000000,2026-08-12 00:00:00.0000000,"Biomass with CHP",466979.1341
"Determination 01/04/2026-30/06/2026",2026-04-18 00:00:00.0000000,2026-05-15 00:00:00.0000000,"Biomass Conversion",1505677.3233
"Determination 01/07/2026-30/09/2026",2026-07-15 00:00:00.0000000,2026-08-12 00:00:00.0000000,"Energy from Waste with CHP",18488.1000
"Determination 01/04/2026-30/06/2026",2026-04-18 00:00:00.0000000,2026-05-15 00:00:00.0000000,"Biomass with CHP",340428.9283
"Determination 01/07/2026-30/09/2026",2026-07-15 00:00:00.0000000,2026-08-12 00:00:00.0000000,"Offshore Wind",4440706.7575
"Determination 01/04/2026-30/06/2026",2026-04-18 00:00:00.0000000,2026-05-15 00:00:00.0000000,"Energy from Waste with CHP",21818.5805
"Determination 01/07/2026-30/09/2026",2026-07-15 00:00:00.0000000,2026-08-12 00:00:00.0000000,"Onshore Wind",159336.9059
"Determination 01/04/2026-30/06/2026",2026-04-18 00:00:00.0000000,2026-05-15 00:00:00.0000000,"Offshore Wind",5640741.7463
"Determination 01/07/2026-30/09/2026",2026-07-20 00:00:00.0000000,2026-08-12 00:00:00.0000000,"Solar PV",-12005.2927
"Determination 01/04/2026-30/06/2026",2026-04-18 00:00:00.0000000,2026-05-15 00:00:00.0000000,"Onshore Wind",221673.4862
"Determination 01/07/2026-30/09/2026",2026-07-21 00:00:00.0000000,2026-08-18 00:00:00.0000000,"Advanced Conversion Technology",0.0000
"Determination 01/04/2026-30/06/2026",2026-04-18 00:00:00.0000000,2026-05-15 00:00:00.0000000,"Solar PV",13260.9593
"Determination 01/07/2026-30/09/2026",2026-07-21 00:00:00.0000000,2026-08-18 00:00:00.0000000,"Biomass Conversion",505007.2512
"Determination 01/04/2026-30/06/2026",2026-04-19 00:00:00.0000000,2026-05-15 00:00:00.0000000,"Advanced Conversion Technology",0.0000
"Determination 01/07/2026-30/09/2026",2026-07-21 00:00:00.0000000,2026-08-18 00:00:00.0000000,"Biomass with CHP",466979.1341
"Determination 01/04/2026-30/06/2026",2026-04-19 00:00:00.0000000,2026-05-15 00:00:00.0000000,"Biomass Conversion",1505677.3233
"Determination 01/07/2026-30/09/2026",2026-07-21 00:00:00.0000000,2026-08-18 00:00:00.0000000,"Energy from Waste with CHP",18488.1000
"Determination 01/04/2026-30/06/2026",2026-04-19 00:00:00.0000000,2026-05-15 00:00:00.0000000,"Biomass with CHP",340428.9283
"Determination 01/07/2026-30/09/2026",2026-07-21 00:00:00.0000000,2026-08-18 00:00:00.0000000,"Offshore Wind",4453598.1616
"Determination 01/04/2026-30/06/2026",2026-04-19 00:00:00.0000000,2026-05-15 00:00:00.0000000,"Energy from Waste with CHP",21818.5805
"Determination 01/07/2026-30/09/2026",2026-07-21 00:00:00.0000000,2026-08-18 00:00:00.0000000,"Onshore Wind",160196.1562
"Determination 01/04/2026-30/06/2026",2026-04-19 00:00:00.0000000,2026-05-15 00:00:00.0000000,"Offshore Wind",5819529.5998
"Determination 01/07/2026-30/09/2026",2026-07-22 00:00:00.0000000,2026-08-19 00:00:00.0000000,"Advanced Conversion Technology",0.0000
"Determination 01/04/2026-30/06/2026",2026-04-19 00:00:00.0000000,2026-05-15 00:00:00.0000000,"Onshore Wind",233253.1870
"Determination 01/07/2026-30/09/2026",2026-07-22 00:00:00.0000000,2026-08-19 00:00:00.0000000,"Biomass Conversion",505007.2512
"Determination 01/04/2026-30/06/2026",2026-04-19 00:00:00.0000000,2026-05-15 00:00:00.0000000,"Solar PV",13163.4122
"Determination 01/07/2026-30/09/2026",2026-07-22 00:00:00.0000000,2026-08-19 00:00:00.0000000,"Biomass with CHP",466979.1341
"Determination 01/04/2026-30/06/2026",2026-04-21 00:00:00.0000000,2026-05-15 00:00:00.0000000,"Solar PV",-7255.9318
"Determination 01/07/2026-30/09/2026",2026-07-22 00:00:00.0000000,2026-08-19 00:00:00.0000000,"Energy from Waste with CHP",18488.1000
"Determination 01/04/2026-30/06/2026",2026-04-21 00:00:00.0000000,2026-05-19 00:00:00.0000000,"Advanced Conversion Technology",0.0000
"Determination 01/07/2026-30/09/2026",2026-07-22 00:00:00.0000000,2026-08-19 00:00:00.0000000,"Offshore Wind",4235956.8886
"Determination 01/04/2026-30/06/2026",2026-04-21 00:00:00.0000000,2026-05-19 00:00:00.0000000,"Biomass Conversion",1505677.3233
"Determination 01/07/2026-30/09/2026",2026-07-22 00:00:00.0000000,2026-08-19 00:00:00.0000000,"Onshore Wind",159160.8943
"Determination 01/04/2026-30/06/2026",2026-04-21 00:00:00.0000000,2026-05-19 00:00:00.0000000,"Biomass with CHP",340428.9283
"Determination 01/07/2026-30/09/2026",2026-07-24 00:00:00.0000000,2026-08-18 00:00:00.0000000,"Solar PV",-4287.3330
"Determination 01/04/2026-30/06/2026",2026-04-21 00:00:00.0000000,2026-05-19 00:00:00.0000000,"Energy from Waste with CHP",21818.5805
"Determination 01/07/2026-30/09/2026",2026-07-27 00:00:00.0000000,2026-08-19 00:00:00.0000000,"Solar PV",-10092.4452
"Determination 01/04/2026-30/06/2026",2026-04-21 00:00:00.0000000,2026-05-19 00:00:00.0000000,"Offshore Wind",5555830.1309
"Determination 01/07/2026-30/09/2026",2026-09-18 00:00:00.0000000,2026-10-16 00:00:00.0000000,"Advanced Conversion Technology",0.0000
"Determination 01/04/2026-30/06/2026",2026-04-21 00:00:00.0000000,2026-05-19 00:00:00.0000000,"Onshore Wind",200380.4468
"Determination 01/07/2026-30/09/2026",2026-09-18 00:00:00.0000000,2026-10-16 00:00:00.0000000,"Biomass Conversion",1655839.0917
"Determination 01/04/2026-30/06/2026",2026-04-23 00:00:00.0000000,2026-05-19 00:00:00.0000000,"Solar PV",-3482.8697
"Determination 01/07/2026-30/09/2026",2026-09-18 00:00:00.0000000,2026-10-16 00:00:00.0000000,"Biomass with CHP",466979.1341
"Determination 01/04/2026-30/06/2026",2026-04-08 00:00:00.0000000,2026-05-01 00:00:00.0000000,"Solar PV",-7392.0718
"Determination 01/07/2026-30/09/2026",2026-09-18 00:00:00.0000000,2026-10-16 00:00:00.0000000,"Energy from Waste with CHP",18488.1000
"Determination 01/04/2026-30/06/2026",2026-05-28 00:00:00.0000000,2026-06-25 00:00:00.0000000,"Advanced Conversion Technology",0.0000
"Determination 01/07/2026-30/09/2026",2026-09-18 00:00:00.0000000,2026-10-16 00:00:00.0000000,"Offshore Wind",6014065.6101
"Determination 01/04/2026-30/06/2026",2026-05-28 00:00:00.0000000,2026-06-25 00:00:00.0000000,"Biomass Conversion",487112.1941
"Determination 01/07/2026-30/09/2026",2026-09-18 00:00:00.0000000,2026-10-16 00:00:00.0000000,"Onshore Wind",233280.7729
"Determination 01/04/2026-30/06/2026",2026-05-28 00:00:00.0000000,2026-06-25 00:00:00.0000000,"Biomass with CHP",0.0000
"Determination 01/07/2026-30/09/2026",2026-09-19 00:00:00.0000000,2026-10-16 00:00:00.0000000,"Advanced Conversion Technology",0.0000
"Determination 01/04/2026-30/06/2026",2026-05-28 00:00:00.0000000,2026-06-25 00:00:00.0000000,"Energy from Waste with CHP",21818.5805
"Determination 01/07/2026-30/09/2026",2026-09-19 00:00:00.0000000,2026-10-16 00:00:00.0000000,"Biomass Conversion",1655839.0917
"Determination 01/04/2026-30/06/2026",2026-05-28 00:00:00.0000000,2026-06-25 00:00:00.0000000,"Offshore Wind",5128644.4120
"Determination 01/07/2026-30/09/2026",2026-09-19 00:00:00.0000000,2026-10-16 00:00:00.0000000,"Biomass with CHP",466979.1341
"Determination 01/04/2026-30/06/2026",2026-05-28 00:00:00.0000000,2026-06-25 00:00:00.0000000,"Onshore Wind",185067.4742
"Determination 01/07/2026-30/09/2026",2026-09-19 00:00:00.0000000,2026-10-16 00:00:00.0000000,"Energy from Waste with CHP",18488.1000
"Determination 01/04/2026-30/06/2026",2026-05-28 00:00:00.0000000,2026-06-25 00:00:00.0000000,"Solar PV",6656.0782
"Determination 01/07/2026-30/09/2026",2026-09-19 00:00:00.0000000,2026-10-16 00:00:00.0000000,"Offshore Wind",6135035.5776
"Determination 01/04/2026-30/06/2026",2026-06-02 00:00:00.0000000,2026-06-25 00:00:00.0000000,"Solar PV",-2116.5044
"Determination 01/07/2026-30/09/2026",2026-09-19 00:00:00.0000000,2026-10-16 00:00:00.0000000,"Onshore Wind",248146.9236
"Determination 01/04/2026-30/06/2026",2026-04-08 00:00:00.0000000,2026-05-06 00:00:00.0000000,"Advanced Conversion Technology",0.0000
"Determination 01/07/2026-30/09/2026",2026-09-19 00:00:00.0000000,2026-10-16 00:00:00.0000000,"Solar PV",815.5740
"Determination 01/04/2026-30/06/2026",2026-04-08 00:00:00.0000000,2026-05-06 00:00:00.0000000,"Biomass Conversion",1505677.3233
"Determination 01/07/2026-30/09/2026",2026-09-20 00:00:00.0000000,2026-10-16 00:00:00.0000000,"Advanced Conversion Technology",0.0000
"Determination 01/04/2026-30/06/2026",2026-04-08 00:00:00.0000000,2026-05-06 00:00:00.0000000,"Biomass with CHP",340428.9283
"Determination 01/07/2026-30/09/2026",2026-09-20 00:00:00.0000000,2026-10-16 00:00:00.0000000,"Biomass Conversion",1655839.0917
"Determination 01/04/2026-30/06/2026",2026-04-08 00:00:00.0000000,2026-05-06 00:00:00.0000000,"Energy from Waste with CHP",21818.5805
"Determination 01/07/2026-30/09/2026",2026-09-20 00:00:00.0000000,2026-10-16 00:00:00.0000000,"Biomass with CHP",466979.1341
"Determination 01/04/2026-30/06/2026",2026-04-08 00:00:00.0000000,2026-05-06 00:00:00.0000000,"Offshore Wind",5475010.5542
"Determination 01/07/2026-30/09/2026",2026-09-20 00:00:00.0000000,2026-10-16 00:00:00.0000000,"Energy from Waste with CHP",18488.1000
"Determination 01/04/2026-30/06/2026",2026-04-08 00:00:00.0000000,2026-05-06 00:00:00.0000000,"Onshore Wind",194915.8366
"Determination 01/07/2026-30/09/2026",2026-09-20 00:00:00.0000000,2026-10-16 00:00:00.0000000,"Offshore Wind",6268091.5615
"Determination 01/04/2026-30/06/2026",2026-04-10 00:00:00.0000000,2026-05-06 00:00:00.0000000,"Solar PV",-5565.3361
"Determination 01/07/2026-30/09/2026",2026-09-20 00:00:00.0000000,2026-10-16 00:00:00.0000000,"Onshore Wind",244320.2822
"Determination 01/04/2026-30/06/2026",2026-05-05 00:00:00.0000000,2026-06-02 00:00:00.0000000,"Advanced Conversion Technology",0.0000
"Determination 01/07/2026-30/09/2026",2026-09-23 00:00:00.0000000,2026-10-16 00:00:00.0000000,"Solar PV",-16373.3215
"Determination 01/04/2026-30/06/2026",2026-05-05 00:00:00.0000000,2026-06-02 00:00:00.0000000,"Biomass Conversion",1505677.3233
"Determination 01/07/2026-30/09/2026",2026-09-30 00:00:00.0000000,2026-10-28 00:00:00.0000000,"Advanced Conversion Technology",0.0000
"Determination 01/04/2026-30/06/2026",2026-05-05 00:00:00.0000000,2026-06-02 00:00:00.0000000,"Biomass with CHP",340428.9283
"Determination 01/07/2026-30/09/2026",2026-09-30 00:00:00.0000000,2026-10-28 00:00:00.0000000,"Biomass Conversion",1655839.0917
"Determination 01/04/2026-30/06/2026",2026-05-05 00:00:00.0000000,2026-06-02 00:00:00.0000000,"Energy from Waste with CHP",21818.5805
"Determination 01/07/2026-30/09/2026",2026-09-30 00:00:00.0000000,2026-10-28 00:00:00.0000000,"Biomass with CHP",466979.1341
"Determination 01/04/2026-30/06/2026",2026-05-05 00:00:00.0000000,2026-06-02 00:00:00.0000000,"Offshore Wind",5106584.6879
"Determination 01/07/2026-30/09/2026",2026-09-30 00:00:00.0000000,2026-10-28 00:00:00.0000000,"Energy from Waste with CHP",21832.8990
"Determination 01/04/2026-30/06/2026",2026-05-05 00:00:00.0000000,2026-06-02 00:00:00.0000000,"Onshore Wind",181191.4539
"Determination 01/07/2026-30/09/2026",2026-09-30 00:00:00.0000000,2026-10-28 00:00:00.0000000,"Offshore Wind",7278887.9615
"Determination 01/04/2026-30/06/2026",2026-05-05 00:00:00.0000000,2026-06-02 00:00:00.0000000,"Solar PV",392.4636
"Determination 01/07/2026-30/09/2026",2026-09-30 00:00:00.0000000,2026-10-28 00:00:00.0000000,"Onshore Wind",259610.2062
"Determination 01/04/2026-30/06/2026",2026-05-07 00:00:00.0000000,2026-06-02 00:00:00.0000000,"Solar PV",-3095.6384
"Determination 01/07/2026-30/09/2026",2026-08-21 00:00:00.0000000,2026-09-18 00:00:00.0000000,"Advanced Conversion Technology",0.0000
"Determination 01/04/2026-30/06/2026",2026-06-11 00:00:00.0000000,2026-07-09 00:00:00.0000000,"Advanced Conversion Technology",0.0000
"Determination 01/07/2026-30/09/2026",2026-08-21 00:00:00.0000000,2026-09-18 00:00:00.0000000,"Biomass Conversion",1655839.0917
"Determination 01/04/2026-30/06/2026",2026-06-11 00:00:00.0000000,2026-07-09 00:00:00.0000000,"Biomass Conversion",487112.1941
"Determination 01/07/2026-30/09/2026",2026-08-21 00:00:00.0000000,2026-09-18 00:00:00.0000000,"Biomass with CHP",466979.1341
"Determination 01/04/2026-30/06/2026",2026-06-11 00:00:00.0000000,2026-07-09 00:00:00.0000000,"Biomass with CHP",340428.9283
"Determination 01/07/2026-30/09/2026",2026-08-21 00:00:00.0000000,2026-09-18 00:00:00.0000000,"Energy from Waste with CHP",18488.1000
"Determination 01/04/2026-30/06/2026",2026-06-11 00:00:00.0000000,2026-07-09 00:00:00.0000000,"Energy from Waste with CHP",21818.5805
"Determination 01/07/2026-30/09/2026",2026-08-21 00:00:00.0000000,2026-09-18 00:00:00.0000000,"Offshore Wind",4843156.0297
"Determination 01/04/2026-30/06/2026",2026-06-11 00:00:00.0000000,2026-07-09 00:00:00.0000000,"Offshore Wind",4506840.4006
"Determination 01/07/2026-30/09/2026",2026-08-21 00:00:00.0000000,2026-09-18 00:00:00.0000000,"Onshore Wind",182065.1749
"Determination 01/04/2026-30/06/2026",2026-06-11 00:00:00.0000000,2026-07-09 00:00:00.0000000,"Onshore Wind",166286.8507
"Determination 01/07/2026-30/09/2026",2026-08-22 00:00:00.0000000,2026-09-18 00:00:00.0000000,"Advanced Conversion Technology",0.0000
"Determination 01/04/2026-30/06/2026",2026-06-11 00:00:00.0000000,2026-07-09 00:00:00.0000000,"Solar PV",3928.7447
"Determination 01/07/2026-30/09/2026",2026-08-22 00:00:00.0000000,2026-09-18 00:00:00.0000000,"Biomass Conversion",1655839.0917
"Determination 01/04/2026-30/06/2026",2026-06-25 00:00:00.0000000,2026-07-23 00:00:00.0000000,"Advanced Conversion Technology",0.0000
"Determination 01/07/2026-30/09/2026",2026-08-22 00:00:00.0000000,2026-09-18 00:00:00.0000000,"Biomass with CHP",466979.1341
"Determination 01/04/2026-30/06/2026",2026-06-25 00:00:00.0000000,2026-07-23 00:00:00.0000000,"Biomass Conversion",487112.1941
"Determination 01/07/2026-30/09/2026",2026-08-22 00:00:00.0000000,2026-09-18 00:00:00.0000000,"Energy from Waste with CHP",18488.1000
"Determination 01/04/2026-30/06/2026",2026-06-25 00:00:00.0000000,2026-07-23 00:00:00.0000000,"Biomass with CHP",340428.9283
"Determination 01/07/2026-30/09/2026",2026-08-22 00:00:00.0000000,2026-09-18 00:00:00.0000000,"Offshore Wind",5002070.2262
"Determination 01/04/2026-30/06/2026",2026-06-25 00:00:00.0000000,2026-07-23 00:00:00.0000000,"Energy from Waste with CHP",21818.5805
"Determination 01/07/2026-30/09/2026",2026-08-22 00:00:00.0000000,2026-09-18 00:00:00.0000000,"Onshore Wind",206760.9247
"Determination 01/04/2026-30/06/2026",2026-06-25 00:00:00.0000000,2026-07-23 00:00:00.0000000,"Offshore Wind",4599506.4371
"Determination 01/07/2026-30/09/2026",2026-08-22 00:00:00.0000000,2026-09-18 00:00:00.0000000,"Solar PV",8225.5103
"Determination 01/04/2026-30/06/2026",2026-06-25 00:00:00.0000000,2026-07-23 00:00:00.0000000,"Onshore Wind",168118.8890
"Determination 01/07/2026-30/09/2026",2026-08-23 00:00:00.0000000,2026-09-18 00:00:00.0000000,"Advanced Conversion Technology",0.0000
"Determination 01/04/2026-30/06/2026",2026-06-25 00:00:00.0000000,2026-07-23 00:00:00.0000000,"Solar PV",375.6558
"Determination 01/07/2026-30/09/2026",2026-08-23 00:00:00.0000000,2026-09-18 00:00:00.0000000,"Biomass Conversion",1655839.0917
"Determination 01/04/2026-30/06/2026",2026-06-30 00:00:00.0000000,2026-07-23 00:00:00.0000000,"Solar PV",-2248.9391
"Determination 01/07/2026-30/09/2026",2026-08-23 00:00:00.0000000,2026-09-18 00:00:00.0000000,"Biomass with CHP",466979.1341
"Determination 01/04/2026-30/06/2026",2026-04-30 00:00:00.0000000,2026-05-28 00:00:00.0000000,"Advanced Conversion Technology",0.0000
"Determination 01/07/2026-30/09/2026",2026-08-23 00:00:00.0000000,2026-09-18 00:00:00.0000000,"Energy from Waste with CHP",18488.1000
"Determination 01/04/2026-30/06/2026",2026-04-30 00:00:00.0000000,2026-05-28 00:00:00.0000000,"Biomass Conversion",1505677.3233
"Determination 01/07/2026-30/09/2026",2026-08-23 00:00:00.0000000,2026-09-18 00:00:00.0000000,"Offshore Wind",5102738.9922
"Determination 01/04/2026-30/06/2026",2026-04-30 00:00:00.0000000,2026-05-28 00:00:00.0000000,"Biomass with CHP",340428.9283
"Determination 01/07/2026-30/09/2026",2026-08-23 00:00:00.0000000,2026-09-18 00:00:00.0000000,"Onshore Wind",201755.3294
"Determination 01/04/2026-30/06/2026",2026-04-30 00:00:00.0000000,2026-05-28 00:00:00.0000000,"Energy from Waste with CHP",21818.5805
"Determination 01/07/2026-30/09/2026",2026-08-23 00:00:00.0000000,2026-09-18 00:00:00.0000000,"Solar PV",5282.8468
"Determination 01/04/2026-30/06/2026",2026-04-30 00:00:00.0000000,2026-05-28 00:00:00.0000000,"Offshore Wind",5512344.9942
"Determination 01/07/2026-30/09/2026",2026-08-25 00:00:00.0000000,2026-09-18 00:00:00.0000000,"Solar PV",-10122.7211
"Determination 01/04/2026-30/06/2026",2026-04-30 00:00:00.0000000,2026-05-28 00:00:00.0000000,"Onshore Wind",205681.5153
"Determination 01/07/2026-30/09/2026",2026-08-12 00:00:00.0000000,2026-09-09 00:00:00.0000000,"Advanced Conversion Technology",0.0000
"Determination 01/04/2026-30/06/2026",2026-04-30 00:00:00.0000000,2026-05-28 00:00:00.0000000,"Solar PV",1955.0326
"Determination 01/07/2026-30/09/2026",2026-08-12 00:00:00.0000000,2026-09-09 00:00:00.0000000,"Biomass Conversion",1655839.0917
"Determination 01/04/2026-30/06/2026",2026-05-13 00:00:00.0000000,2026-06-10 00:00:00.0000000,"Advanced Conversion Technology",0.0000
"Determination 01/07/2026-30/09/2026",2026-08-12 00:00:00.0000000,2026-09-09 00:00:00.0000000,"Biomass with CHP",466979.1341
"Determination 01/04/2026-30/06/2026",2026-05-13 00:00:00.0000000,2026-06-10 00:00:00.0000000,"Biomass Conversion",1631181.7369
"Determination 01/07/2026-30/09/2026",2026-08-12 00:00:00.0000000,2026-09-09 00:00:00.0000000,"Energy from Waste with CHP",18488.1000
"Determination 01/04/2026-30/06/2026",2026-05-13 00:00:00.0000000,2026-06-10 00:00:00.0000000,"Biomass with CHP",0.0000
"Determination 01/07/2026-30/09/2026",2026-08-12 00:00:00.0000000,2026-09-09 00:00:00.0000000,"Offshore Wind",4798980.3715
"Determination 01/04/2026-30/06/2026",2026-05-13 00:00:00.0000000,2026-06-10 00:00:00.0000000,"Energy from Waste with CHP",21818.5805
"Determination 01/07/2026-30/09/2026",2026-08-12 00:00:00.0000000,2026-09-09 00:00:00.0000000,"Onshore Wind",177537.4263
"Determination 01/04/2026-30/06/2026",2026-05-13 00:00:00.0000000,2026-06-10 00:00:00.0000000,"Offshore Wind",5093635.3635
"Determination 01/07/2026-30/09/2026",2026-08-14 00:00:00.0000000,2026-09-09 00:00:00.0000000,"Solar PV",-1961.0679
"Determination 01/04/2026-30/06/2026",2026-05-13 00:00:00.0000000,2026-06-10 00:00:00.0000000,"Onshore Wind",179855.2649
"Determination 01/07/2026-30/09/2026",2026-08-26 00:00:00.0000000,2026-09-23 00:00:00.0000000,"Advanced Conversion Technology",0.0000
"Determination 01/04/2026-30/06/2026",2026-06-01 00:00:00.0000000,2026-06-29 00:00:00.0000000,"Advanced Conversion Technology",0.0000
"Determination 01/07/2026-30/09/2026",2026-08-26 00:00:00.0000000,2026-09-23 00:00:00.0000000,"Biomass Conversion",1655839.0917
"Determination 01/04/2026-30/06/2026",2026-06-01 00:00:00.0000000,2026-06-29 00:00:00.0000000,"Biomass Conversion",487112.1941
"Determination 01/07/2026-30/09/2026",2026-08-26 00:00:00.0000000,2026-09-23 00:00:00.0000000,"Biomass with CHP",466979.1341
"Determination 01/04/2026-30/06/2026",2026-06-01 00:00:00.0000000,2026-06-29 00:00:00.0000000,"Biomass with CHP",0.0000
"Determination 01/07/2026-30/09/2026",2026-08-26 00:00:00.0000000,2026-09-23 00:00:00.0000000,"Energy from Waste with CHP",18488.1000
"Determination 01/04/2026-30/06/2026",2026-06-01 00:00:00.0000000,2026-06-29 00:00:00.0000000,"Energy from Waste with CHP",21818.5805
"Determination 01/07/2026-30/09/2026",2026-08-26 00:00:00.0000000,2026-09-23 00:00:00.0000000,"Offshore Wind",4816289.2841
"Determination 01/04/2026-30/06/2026",2026-06-01 00:00:00.0000000,2026-06-29 00:00:00.0000000,"Offshore Wind",4473596.5563
"Determination 01/07/2026-30/09/2026",2026-08-26 00:00:00.0000000,2026-09-23 00:00:00.0000000,"Onshore Wind",176456.4134
"Determination 01/04/2026-30/06/2026",2026-06-01 00:00:00.0000000,2026-06-29 00:00:00.0000000,"Onshore Wind",162273.1652
"Determination 01/07/2026-30/09/2026",2026-08-28 00:00:00.0000000,2026-09-23 00:00:00.0000000,"Solar PV",-5520.9852
"Determination 01/04/2026-30/06/2026",2026-06-04 00:00:00.0000000,2026-06-29 00:00:00.0000000,"Solar PV",-553.0465
"Determination 01/07/2026-30/09/2026",2026-09-23 00:00:00.0000000,2026-10-21 00:00:00.0000000,"Advanced Conversion Technology",0.0000
"Determination 01/04/2026-30/06/2026",2026-06-30 00:00:00.0000000,2026-07-28 00:00:00.0000000,"Advanced Conversion Technology",0.0000
"Determination 01/07/2026-30/09/2026",2026-09-23 00:00:00.0000000,2026-10-21 00:00:00.0000000,"Biomass Conversion",1655839.0917
"Determination 01/04/2026-30/06/2026",2026-06-30 00:00:00.0000000,2026-07-28 00:00:00.0000000,"Biomass Conversion",487112.1941
"Determination 01/07/2026-30/09/2026",2026-09-23 00:00:00.0000000,2026-10-21 00:00:00.0000000,"Biomass with CHP",466979.1341
"Determination 01/04/2026-30/06/2026",2026-06-30 00:00:00.0000000,2026-07-28 00:00:00.0000000,"Biomass with CHP",340428.9283
"Determination 01/07/2026-30/09/2026",2026-09-23 00:00:00.0000000,2026-10-21 00:00:00.0000000,"Energy from Waste with CHP",18488.1000
"Determination 01/04/2026-30/06/2026",2026-06-30 00:00:00.0000000,2026-07-28 00:00:00.0000000,"Energy from Waste with CHP",21818.5805
"Determination 01/07/2026-30/09/2026",2026-09-23 00:00:00.0000000,2026-10-21 00:00:00.0000000,"Offshore Wind",5733817.7714
"Determination 01/04/2026-30/06/2026",2026-06-30 00:00:00.0000000,2026-07-28 00:00:00.0000000,"Offshore Wind",4378788.1378
"Determination 01/07/2026-30/09/2026",2026-09-23 00:00:00.0000000,2026-10-21 00:00:00.0000000,"Onshore Wind",209925.5297
"Determination 01/04/2026-30/06/2026",2026-06-30 00:00:00.0000000,2026-07-28 00:00:00.0000000,"Onshore Wind",157097.0765
"Determination 01/07/2026-30/09/2026",2026-09-28 00:00:00.0000000,2026-10-21 00:00:00.0000000,"Solar PV",-6462.4077
"Determination 01/04/2026-30/06/2026",2026-06-08 00:00:00.0000000,2026-07-06 00:00:00.0000000,"Advanced Conversion Technology",0.0000
"Determination 01/07/2026-30/09/2026",2026-07-23 00:00:00.0000000,2026-08-20 00:00:00.0000000,"Advanced Conversion Technology",0.0000
"Determination 01/04/2026-30/06/2026",2026-06-08 00:00:00.0000000,2026-07-06 00:00:00.0000000,"Biomass Conversion",487112.1941
"Determination 01/07/2026-30/09/2026",2026-07-23 00:00:00.0000000,2026-08-20 00:00:00.0000000,"Biomass Conversion",505007.2512
"Determination 01/04/2026-30/06/2026",2026-06-08 00:00:00.0000000,2026-07-06 00:00:00.0000000,"Biomass with CHP",340428.9283
"Determination 01/07/2026-30/09/2026",2026-07-23 00:00:00.0000000,2026-08-20 00:00:00.0000000,"Biomass with CHP",466979.1341
"Determination 01/04/2026-30/06/2026",2026-06-08 00:00:00.0000000,2026-07-06 00:00:00.0000000,"Energy from Waste with CHP",21818.5805
"Determination 01/07/2026-30/09/2026",2026-07-23 00:00:00.0000000,2026-08-20 00:00:00.0000000,"Energy from Waste with CHP",18488.1000
"Determination 01/04/2026-30/06/2026",2026-06-08 00:00:00.0000000,2026-07-06 00:00:00.0000000,"Offshore Wind",4509687.4473
"Determination 01/07/2026-30/09/2026",2026-07-23 00:00:00.0000000,2026-08-20 00:00:00.0000000,"Offshore Wind",4224884.4929
"Determination 01/04/2026-30/06/2026",2026-06-08 00:00:00.0000000,2026-07-06 00:00:00.0000000,"Onshore Wind",163296.9982
"Determination 01/07/2026-30/09/2026",2026-07-23 00:00:00.0000000,2026-08-20 00:00:00.0000000,"Onshore Wind",158485.7188
"Determination 01/04/2026-30/06/2026",2026-06-24 00:00:00.0000000,2026-07-22 00:00:00.0000000,"Advanced Conversion Technology",0.0000
"Determination 01/07/2026-30/09/2026",2026-07-28 00:00:00.0000000,2026-08-20 00:00:00.0000000,"Solar PV",-6412.6043
"Determination 01/04/2026-30/06/2026",2026-06-24 00:00:00.0000000,2026-07-22 00:00:00.0000000,"Biomass Conversion",487112.1941
"Determination 01/07/2026-30/09/2026",2026-09-04 00:00:00.0000000,2026-10-02 00:00:00.0000000,"Advanced Conversion Technology",0.0000
"Determination 01/04/2026-30/06/2026",2026-06-24 00:00:00.0000000,2026-07-22 00:00:00.0000000,"Biomass with CHP",340428.9283
"Determination 01/07/2026-30/09/2026",2026-09-04 00:00:00.0000000,2026-10-02 00:00:00.0000000,"Biomass Conversion",1655839.0917
"Determination 01/04/2026-30/06/2026",2026-06-24 00:00:00.0000000,2026-07-22 00:00:00.0000000,"Energy from Waste with CHP",21818.5805
"Determination 01/07/2026-30/09/2026",2026-09-04 00:00:00.0000000,2026-10-02 00:00:00.0000000,"Biomass with CHP",466979.1341
"Determination 01/04/2026-30/06/2026",2026-06-24 00:00:00.0000000,2026-07-22 00:00:00.0000000,"Offshore Wind",4554737.7433
"Determination 01/07/2026-30/09/2026",2026-09-04 00:00:00.0000000,2026-10-02 00:00:00.0000000,"Energy from Waste with CHP",18488.1000
"Determination 01/04/2026-30/06/2026",2026-06-24 00:00:00.0000000,2026-07-22 00:00:00.0000000,"Onshore Wind",167869.4604
"Determination 01/07/2026-30/09/2026",2026-09-04 00:00:00.0000000,2026-10-02 00:00:00.0000000,"Offshore Wind",5857813.1321
"Determination 01/04/2026-30/06/2026",2026-06-24 00:00:00.0000000,2026-07-22 00:00:00.0000000,"Solar PV",149.1623
"Determination 01/07/2026-30/09/2026",2026-09-04 00:00:00.0000000,2026-10-02 00:00:00.0000000,"Onshore Wind",224628.6082
"Determination 01/04/2026-30/06/2026",2026-06-29 00:00:00.0000000,2026-07-22 00:00:00.0000000,"Solar PV",-4149.6810
"Determination 01/07/2026-30/09/2026",2026-09-05 00:00:00.0000000,2026-10-02 00:00:00.0000000,"Advanced Conversion Technology",0.0000
"Determination 01/04/2026-30/06/2026",2026-04-01 00:00:00.0000000,2026-04-29 00:00:00.0000000,"Advanced Conversion Technology",0.0000
"Determination 01/07/2026-30/09/2026",2026-09-05 00:00:00.0000000,2026-10-02 00:00:00.0000000,"Biomass Conversion",1655839.0917
"Determination 01/04/2026-30/06/2026",2026-04-01 00:00:00.0000000,2026-04-29 00:00:00.0000000,"Biomass Conversion",1505677.3233
"Determination 01/07/2026-30/09/2026",2026-09-05 00:00:00.0000000,2026-10-02 00:00:00.0000000,"Biomass with CHP",466979.1341
"Determination 01/04/2026-30/06/2026",2026-04-01 00:00:00.0000000,2026-04-29 00:00:00.0000000,"Biomass with CHP",340428.9283
"Determination 01/07/2026-30/09/2026",2026-09-05 00:00:00.0000000,2026-10-02 00:00:00.0000000,"Energy from Waste with CHP",18488.1000
"Determination 01/04/2026-30/06/2026",2026-04-01 00:00:00.0000000,2026-04-29 00:00:00.0000000,"Energy from Waste with CHP",21818.5805
"Determination 01/07/2026-30/09/2026",2026-09-05 00:00:00.0000000,2026-10-02 00:00:00.0000000,"Offshore Wind",6056229.0632
"Determination 01/04/2026-30/06/2026",2026-04-01 00:00:00.0000000,2026-04-29 00:00:00.0000000,"Offshore Wind",5569286.7938
"Determination 01/07/2026-30/09/2026",2026-09-05 00:00:00.0000000,2026-10-02 00:00:00.0000000,"Onshore Wind",250291.1551
"Determination 01/04/2026-30/06/2026",2026-04-01 00:00:00.0000000,2026-04-29 00:00:00.0000000,"Onshore Wind",200602.5652
"Determination 01/07/2026-30/09/2026",2026-09-05 00:00:00.0000000,2026-10-02 00:00:00.0000000,"Solar PV",5786.3730
"Determination 01/04/2026-30/06/2026",2026-04-02 00:00:00.0000000,2026-04-29 00:00:00.0000000,"Solar PV",-847.4392
"Determination 01/07/2026-30/09/2026",2026-09-06 00:00:00.0000000,2026-10-02 00:00:00.0000000,"Advanced Conversion Technology",0.0000
"Determination 01/04/2026-30/06/2026",2026-06-03 00:00:00.0000000,2026-07-01 00:00:00.0000000,"Advanced Conversion Technology",0.0000
"Determination 01/07/2026-30/09/2026",2026-09-06 00:00:00.0000000,2026-10-02 00:00:00.0000000,"Biomass Conversion",1655839.0917
"Determination 01/04/2026-30/06/2026",2026-06-03 00:00:00.0000000,2026-07-01 00:00:00.0000000,"Biomass Conversion",487112.1941
"Determination 01/07/2026-30/09/2026",2026-09-06 00:00:00.0000000,2026-10-02 00:00:00.0000000,"Biomass with CHP",466979.1341
"Determination 01/04/2026-30/06/2026",2026-06-03 00:00:00.0000000,2026-07-01 00:00:00.0000000,"Biomass with CHP",0.0000
"Determination 01/07/2026-30/09/2026",2026-09-06 00:00:00.0000000,2026-10-02 00:00:00.0000000,"Energy from Waste with CHP",18488.1000
"Determination 01/04/2026-30/06/2026",2026-06-03 00:00:00.0000000,2026-07-01 00:00:00.0000000,"Energy from Waste with CHP",21818.5805
"Determination 01/07/2026-30/09/2026",2026-09-06 00:00:00.0000000,2026-10-02 00:00:00.0000000,"Offshore Wind",6252972.1918
"Determination 01/04/2026-30/06/2026",2026-06-03 00:00:00.0000000,2026-07-01 00:00:00.0000000,"Offshore Wind",4549584.3562
"Determination 01/07/2026-30/09/2026",2026-09-06 00:00:00.0000000,2026-10-02 00:00:00.0000000,"Onshore Wind",262455.3357
"Determination 01/04/2026-30/06/2026",2026-06-03 00:00:00.0000000,2026-07-01 00:00:00.0000000,"Onshore Wind",165892.3836
"Determination 01/07/2026-30/09/2026",2026-09-06 00:00:00.0000000,2026-10-02 00:00:00.0000000,"Solar PV",6272.2665
"Determination 01/04/2026-30/06/2026",2026-06-08 00:00:00.0000000,2026-07-01 00:00:00.0000000,"Solar PV",-1472.4112
"Determination 01/07/2026-30/09/2026",2026-09-09 00:00:00.0000000,2026-10-02 00:00:00.0000000,"Solar PV",-9330.1217
"Determination 01/04/2026-30/06/2026",2026-04-07 00:00:00.0000000,2026-05-05 00:00:00.0000000,"Advanced Conversion Technology",0.0000
"Determination 01/07/2026-30/09/2026",2026-07-03 00:00:00.0000000,2026-07-28 00:00:00.0000000,"Solar PV",-10126.7957
"Determination 01/04/2026-30/06/2026",2026-04-07 00:00:00.0000000,2026-05-05 00:00:00.0000000,"Biomass Conversion",1505677.3233
"Determination 01/07/2026-30/09/2026",2026-07-03 00:00:00.0000000,2026-07-31 00:00:00.0000000,"Advanced Conversion Technology",0.0000
"Determination 01/04/2026-30/06/2026",2026-04-07 00:00:00.0000000,2026-05-05 00:00:00.0000000,"Biomass with CHP",340428.9283
"Determination 01/07/2026-30/09/2026",2026-07-03 00:00:00.0000000,2026-07-31 00:00:00.0000000,"Biomass Conversion",505007.2512
"Determination 01/04/2026-30/06/2026",2026-04-07 00:00:00.0000000,2026-05-05 00:00:00.0000000,"Energy from Waste with CHP",21818.5805
"Determination 01/07/2026-30/09/2026",2026-07-03 00:00:00.0000000,2026-07-31 00:00:00.0000000,"Biomass with CHP",466979.1341
"Determination 01/04/2026-30/06/2026",2026-04-07 00:00:00.0000000,2026-05-05 00:00:00.0000000,"Offshore Wind",5514104.4631
"Determination 01/07/2026-30/09/2026",2026-07-03 00:00:00.0000000,2026-07-31 00:00:00.0000000,"Energy from Waste with CHP",18488.1000
"Determination 01/04/2026-30/06/2026",2026-04-07 00:00:00.0000000,2026-05-05 00:00:00.0000000,"Onshore Wind",197462.8934
"Determination 01/07/2026-30/09/2026",2026-07-03 00:00:00.0000000,2026-07-31 00:00:00.0000000,"Offshore Wind",4445404.2761
"Determination 01/04/2026-30/06/2026",2026-04-09 00:00:00.0000000,2026-05-05 00:00:00.0000000,"Solar PV",-9025.5713
"Determination 01/07/2026-30/09/2026",2026-07-03 00:00:00.0000000,2026-07-31 00:00:00.0000000,"Onshore Wind",160471.6077
"Determination 01/04/2026-30/06/2026",2026-05-07 00:00:00.0000000,2026-06-04 00:00:00.0000000,"Advanced Conversion Technology",0.0000
"Determination 01/07/2026-30/09/2026",2026-07-04 00:00:00.0000000,2026-07-31 00:00:00.0000000,"Advanced Conversion Technology",0.0000
"Determination 01/04/2026-30/06/2026",2026-05-07 00:00:00.0000000,2026-06-04 00:00:00.0000000,"Biomass Conversion",1505677.3233
"Determination 01/07/2026-30/09/2026",2026-07-04 00:00:00.0000000,2026-07-31 00:00:00.0000000,"Biomass Conversion",505007.2512
"Determination 01/04/2026-30/06/2026",2026-05-07 00:00:00.0000000,2026-06-04 00:00:00.0000000,"Biomass with CHP",0.0000
"Determination 01/07/2026-30/09/2026",2026-07-04 00:00:00.0000000,2026-07-31 00:00:00.0000000,"Biomass with CHP",466979.1341
"Determination 01/04/2026-30/06/2026",2026-05-07 00:00:00.0000000,2026-06-04 00:00:00.0000000,"Energy from Waste with CHP",21818.5805
"Determination 01/07/2026-30/09/2026",2026-07-04 00:00:00.0000000,2026-07-31 00:00:00.0000000,"Energy from Waste with CHP",18488.1000
"Determination 01/04/2026-30/06/2026",2026-05-07 00:00:00.0000000,2026-06-04 00:00:00.0000000,"Offshore Wind",5025511.1231
"Determination 01/07/2026-30/09/2026",2026-07-04 00:00:00.0000000,2026-07-31 00:00:00.0000000,"Offshore Wind",4500837.4413
"Determination 01/04/2026-30/06/2026",2026-05-07 00:00:00.0000000,2026-06-04 00:00:00.0000000,"Onshore Wind",177324.4399
"Determination 01/07/2026-30/09/2026",2026-07-04 00:00:00.0000000,2026-07-31 00:00:00.0000000,"Onshore Wind",168226.0695
"Determination 01/04/2026-30/06/2026",2026-05-11 00:00:00.0000000,2026-06-04 00:00:00.0000000,"Solar PV",-2772.5405
"Determination 01/07/2026-30/09/2026",2026-07-04 00:00:00.0000000,2026-07-31 00:00:00.0000000,"Solar PV",3754.7073
"Determination 01/04/2026-30/06/2026",2026-05-26 00:00:00.0000000,2026-06-23 00:00:00.0000000,"Advanced Conversion Technology",0.0000
"Determination 01/07/2026-30/09/2026",2026-07-05 00:00:00.0000000,2026-07-31 00:00:00.0000000,"Advanced Conversion Technology",0.0000
"Determination 01/04/2026-30/06/2026",2026-05-26 00:00:00.0000000,2026-06-23 00:00:00.0000000,"Biomass Conversion",487112.1941
"Determination 01/07/2026-30/09/2026",2026-07-05 00:00:00.0000000,2026-07-31 00:00:00.0000000,"Biomass Conversion",505007.2512
"Determination 01/04/2026-30/06/2026",2026-05-26 00:00:00.0000000,2026-06-23 00:00:00.0000000,"Biomass with CHP",0.0000
"Determination 01/07/2026-30/09/2026",2026-07-05 00:00:00.0000000,2026-07-31 00:00:00.0000000,"Biomass with CHP",466979.1341
"Determination 01/04/2026-30/06/2026",2026-05-26 00:00:00.0000000,2026-06-23 00:00:00.0000000,"Energy from Waste with CHP",21818.5805
"Determination 01/07/2026-30/09/2026",2026-07-05 00:00:00.0000000,2026-07-31 00:00:00.0000000,"Energy from Waste with CHP",18488.1000
"Determination 01/04/2026-30/06/2026",2026-05-26 00:00:00.0000000,2026-06-23 00:00:00.0000000,"Offshore Wind",5150657.3701
"Determination 01/07/2026-30/09/2026",2026-07-05 00:00:00.0000000,2026-07-31 00:00:00.0000000,"Offshore Wind",4496578.4673
"Determination 01/04/2026-30/06/2026",2026-05-26 00:00:00.0000000,2026-06-23 00:00:00.0000000,"Onshore Wind",184574.3867
"Determination 01/07/2026-30/09/2026",2026-07-05 00:00:00.0000000,2026-07-31 00:00:00.0000000,"Onshore Wind",170095.9447
"Determination 01/04/2026-30/06/2026",2026-05-26 00:00:00.0000000,2026-06-23 00:00:00.0000000,"Solar PV",4699.6999
"Determination 01/07/2026-30/09/2026",2026-07-05 00:00:00.0000000,2026-07-31 00:00:00.0000000,"Solar PV",5775.7759
"Determination 01/04/2026-30/06/2026",2026-05-08 00:00:00.0000000,2026-06-05 00:00:00.0000000,"Advanced Conversion Technology",0.0000
"Determination 01/07/2026-30/09/2026",2026-07-08 00:00:00.0000000,2026-07-31 00:00:00.0000000,"Solar PV",-9271.9408
"Determination 01/04/2026-30/06/2026",2026-05-08 00:00:00.0000000,2026-06-05 00:00:00.0000000,"Biomass Conversion",1505677.3233
"Determination 01/07/2026-30/09/2026",2026-08-25 00:00:00.0000000,2026-09-22 00:00:00.0000000,"Advanced Conversion Technology",0.0000
"Determination 01/04/2026-30/06/2026",2026-05-08 00:00:00.0000000,2026-06-05 00:00:00.0000000,"Biomass with CHP",0.0000
"Determination 01/07/2026-30/09/2026",2026-08-25 00:00:00.0000000,2026-09-22 00:00:00.0000000,"Biomass Conversion",1655839.0917
"Determination 01/04/2026-30/06/2026",2026-05-08 00:00:00.0000000,2026-06-05 00:00:00.0000000,"Energy from Waste with CHP",21818.5805
"Determination 01/07/2026-30/09/2026",2026-08-25 00:00:00.0000000,2026-09-22 00:00:00.0000000,"Biomass with CHP",466979.1341
"Determination 01/04/2026-30/06/2026",2026-05-08 00:00:00.0000000,2026-06-05 00:00:00.0000000,"Offshore Wind",5062033.4865
"Determination 01/07/2026-30/09/2026",2026-08-25 00:00:00.0000000,2026-09-22 00:00:00.0000000,"Energy from Waste with CHP",18488.1000
"Determination 01/04/2026-30/06/2026",2026-05-08 00:00:00.0000000,2026-06-05 00:00:00.0000000,"Onshore Wind",180602.8313
"Determination 01/07/2026-30/09/2026",2026-08-25 00:00:00.0000000,2026-09-22 00:00:00.0000000,"Offshore Wind",4784948.0850
"Determination 01/04/2026-30/06/2026",2026-05-09 00:00:00.0000000,2026-06-05 00:00:00.0000000,"Advanced Conversion Technology",0.0000
"Determination 01/07/2026-30/09/2026",2026-08-25 00:00:00.0000000,2026-09-22 00:00:00.0000000,"Onshore Wind",174369.5110
"Determination 01/04/2026-30/06/2026",2026-05-09 00:00:00.0000000,2026-06-05 00:00:00.0000000,"Biomass Conversion",1505677.3233
"Determination 01/07/2026-30/09/2026",2026-08-27 00:00:00.0000000,2026-09-22 00:00:00.0000000,"Solar PV",-7629.0262
"Determination 01/04/2026-30/06/2026",2026-05-09 00:00:00.0000000,2026-06-05 00:00:00.0000000,"Biomass with CHP",0.0000
"Determination 01/07/2026-30/09/2026",2026-09-01 00:00:00.0000000,2026-09-29 00:00:00.0000000,"Advanced Conversion Technology",0.0000
"Determination 01/04/2026-30/06/2026",2026-05-09 00:00:00.0000000,2026-06-05 00:00:00.0000000,"Energy from Waste with CHP",21818.5805
"Determination 01/07/2026-30/09/2026",2026-09-01 00:00:00.0000000,2026-09-29 00:00:00.0000000,"Biomass Conversion",1655839.0917
"Determination 01/04/2026-30/06/2026",2026-05-09 00:00:00.0000000,2026-06-05 00:00:00.0000000,"Offshore Wind",5149740.9005
"Determination 01/07/2026-30/09/2026",2026-09-01 00:00:00.0000000,2026-09-29 00:00:00.0000000,"Biomass with CHP",466979.1341
"Determination 01/04/2026-30/06/2026",2026-05-09 00:00:00.0000000,2026-06-05 00:00:00.0000000,"Onshore Wind",207323.6898
"Determination 01/07/2026-30/09/2026",2026-09-01 00:00:00.0000000,2026-09-29 00:00:00.0000000,"Energy from Waste with CHP",18488.1000
"Determination 01/04/2026-30/06/2026",2026-05-09 00:00:00.0000000,2026-06-05 00:00:00.0000000,"Solar PV",20436.9775
"Determination 01/07/2026-30/09/2026",2026-09-01 00:00:00.0000000,2026-09-29 00:00:00.0000000,"Offshore Wind",5819962.5250
"Determination 01/04/2026-30/06/2026",2026-05-10 00:00:00.0000000,2026-06-05 00:00:00.0000000,"Advanced Conversion Technology",0.0000
"Determination 01/07/2026-30/09/2026",2026-09-01 00:00:00.0000000,2026-09-29 00:00:00.0000000,"Onshore Wind",220746.6996
"Determination 01/04/2026-30/06/2026",2026-05-10 00:00:00.0000000,2026-06-05 00:00:00.0000000,"Biomass Conversion",1505677.3233
"Determination 01/07/2026-30/09/2026",2026-09-04 00:00:00.0000000,2026-09-29 00:00:00.0000000,"Solar PV",-3266.4500
"Determination 01/04/2026-30/06/2026",2026-05-10 00:00:00.0000000,2026-06-05 00:00:00.0000000,"Biomass with CHP",0.0000
"Determination 01/07/2026-30/09/2026",2026-07-10 00:00:00.0000000,2026-08-07 00:00:00.0000000,"Advanced Conversion Technology",0.0000
"Determination 01/04/2026-30/06/2026",2026-05-10 00:00:00.0000000,2026-06-05 00:00:00.0000000,"Energy from Waste with CHP",21818.5805
"Determination 01/07/2026-30/09/2026",2026-07-10 00:00:00.0000000,2026-08-07 00:00:00.0000000,"Biomass Conversion",505007.2512
"Determination 01/04/2026-30/06/2026",2026-05-10 00:00:00.0000000,2026-06-05 00:00:00.0000000,"Offshore Wind",5223697.0727
"Determination 01/07/2026-30/09/2026",2026-07-10 00:00:00.0000000,2026-08-07 00:00:00.0000000,"Biomass with CHP",466979.1341
"Determination 01/04/2026-30/06/2026",2026-05-10 00:00:00.0000000,2026-06-05 00:00:00.0000000,"Onshore Wind",224863.2252
"Determination 01/07/2026-30/09/2026",2026-07-10 00:00:00.0000000,2026-08-07 00:00:00.0000000,"Energy from Waste with CHP",18488.1000
"Determination 01/04/2026-30/06/2026",2026-05-10 00:00:00.0000000,2026-06-05 00:00:00.0000000,"Solar PV",27995.0962
"Determination 01/07/2026-30/09/2026",2026-07-10 00:00:00.0000000,2026-08-07 00:00:00.0000000,"Offshore Wind",4434527.0655
"Determination 01/04/2026-30/06/2026",2026-05-12 00:00:00.0000000,2026-06-05 00:00:00.0000000,"Solar PV",-2482.1159
"Determination 01/07/2026-30/09/2026",2026-07-10 00:00:00.0000000,2026-08-07 00:00:00.0000000,"Onshore Wind",161788.3377
"Determination 01/04/2026-30/06/2026",2026-04-14 00:00:00.0000000,2026-05-12 00:00:00.0000000,"Advanced Conversion Technology",0.0000
"Determination 01/07/2026-30/09/2026",2026-07-11 00:00:00.0000000,2026-08-07 00:00:00.0000000,"Advanced Conversion Technology",0.0000
"Determination 01/04/2026-30/06/2026",2026-04-14 00:00:00.0000000,2026-05-12 00:00:00.0000000,"Biomass Conversion",1505677.3233
"Determination 01/07/2026-30/09/2026",2026-07-11 00:00:00.0000000,2026-08-07 00:00:00.0000000,"Biomass Conversion",505007.2512
"Determination 01/04/2026-30/06/2026",2026-04-14 00:00:00.0000000,2026-05-12 00:00:00.0000000,"Biomass with CHP",340428.9283
"Determination 01/07/2026-30/09/2026",2026-07-11 00:00:00.0000000,2026-08-07 00:00:00.0000000,"Biomass with CHP",466979.1341
"Determination 01/04/2026-30/06/2026",2026-04-14 00:00:00.0000000,2026-05-12 00:00:00.0000000,"Energy from Waste with CHP",21818.5805
"Determination 01/07/2026-30/09/2026",2026-07-11 00:00:00.0000000,2026-08-07 00:00:00.0000000,"Energy from Waste with CHP",18488.1000
"Determination 01/04/2026-30/06/2026",2026-04-14 00:00:00.0000000,2026-05-12 00:00:00.0000000,"Offshore Wind",5543357.9764
"Determination 01/07/2026-30/09/2026",2026-07-11 00:00:00.0000000,2026-08-07 00:00:00.0000000,"Offshore Wind",4490175.0089
"Determination 01/04/2026-30/06/2026",2026-04-14 00:00:00.0000000,2026-05-12 00:00:00.0000000,"Onshore Wind",195438.7595
"Determination 01/07/2026-30/09/2026",2026-07-11 00:00:00.0000000,2026-08-07 00:00:00.0000000,"Onshore Wind",179165.1932
"Determination 01/04/2026-30/06/2026",2026-04-16 00:00:00.0000000,2026-05-12 00:00:00.0000000,"Solar PV",-6790.2222
"Determination 01/07/2026-30/09/2026",2026-07-11 00:00:00.0000000,2026-08-07 00:00:00.0000000,"Solar PV",12842.3602
"Determination 01/04/2026-30/06/2026",2026-05-29 00:00:00.0000000,2026-06-26 00:00:00.0000000,"Advanced Conversion Technology",0.0000
"Determination 01/07/2026-30/09/2026",2026-07-12 00:00:00.0000000,2026-08-07 00:00:00.0000000,"Advanced Conversion Technology",0.0000
"Determination 01/04/2026-30/06/2026",2026-05-29 00:00:00.0000000,2026-06-26 00:00:00.0000000,"Biomass Conversion",487112.1941
"Determination 01/07/2026-30/09/2026",2026-07-12 00:00:00.0000000,2026-08-07 00:00:00.0000000,"Biomass Conversion",505007.2512
"Determination 01/04/2026-30/06/2026",2026-05-29 00:00:00.0000000,2026-06-26 00:00:00.0000000,"Biomass with CHP",0.0000
"Determination 01/07/2026-30/09/2026",2026-07-12 00:00:00.0000000,2026-08-07 00:00:00.0000000,"Biomass with CHP",466979.1341
"Determination 01/04/2026-30/06/2026",2026-05-29 00:00:00.0000000,2026-06-26 00:00:00.0000000,"Energy from Waste with CHP",21818.5805
"Determination 01/07/2026-30/09/2026",2026-07-12 00:00:00.0000000,2026-08-07 00:00:00.0000000,"Energy from Waste with CHP",18488.1000
"Determination 01/04/2026-30/06/2026",2026-05-29 00:00:00.0000000,2026-06-26 00:00:00.0000000,"Offshore Wind",5115615.7530
"Determination 01/07/2026-30/09/2026",2026-07-12 00:00:00.0000000,2026-08-07 00:00:00.0000000,"Offshore Wind",4561398.1648
"Determination 01/04/2026-30/06/2026",2026-05-29 00:00:00.0000000,2026-06-26 00:00:00.0000000,"Onshore Wind",185869.1729
"Determination 01/07/2026-30/09/2026",2026-07-12 00:00:00.0000000,2026-08-07 00:00:00.0000000,"Onshore Wind",176948.5815
"Determination 01/04/2026-30/06/2026",2026-05-29 00:00:00.0000000,2026-06-26 00:00:00.0000000,"Solar PV",6735.7509
"Determination 01/07/2026-30/09/2026",2026-07-12 00:00:00.0000000,2026-08-07 00:00:00.0000000,"Solar PV",10440.1139
"Determination 01/04/2026-30/06/2026",2026-05-30 00:00:00.0000000,2026-06-26 00:00:00.0000000,"Advanced Conversion Technology",0.0000
"Determination 01/07/2026-30/09/2026",2026-07-15 00:00:00.0000000,2026-08-07 00:00:00.0000000,"Solar PV",-6818.1071
"Determination 01/04/2026-30/06/2026",2026-05-30 00:00:00.0000000,2026-06-26 00:00:00.0000000,"Biomass Conversion",487112.1941
"Determination 01/07/2026-30/09/2026",2026-08-05 00:00:00.0000000,2026-09-02 00:00:00.0000000,"Advanced Conversion Technology",0.0000
"Determination 01/04/2026-30/06/2026",2026-05-30 00:00:00.0000000,2026-06-26 00:00:00.0000000,"Biomass with CHP",0.0000
"Determination 01/07/2026-30/09/2026",2026-08-05 00:00:00.0000000,2026-09-02 00:00:00.0000000,"Biomass Conversion",1655839.0917
"Determination 01/04/2026-30/06/2026",2026-05-30 00:00:00.0000000,2026-06-26 00:00:00.0000000,"Energy from Waste with CHP",21818.5805
"Determination 01/07/2026-30/09/2026",2026-08-05 00:00:00.0000000,2026-09-02 00:00:00.0000000,"Biomass with CHP",466979.1341
"Determination 01/04/2026-30/06/2026",2026-05-30 00:00:00.0000000,2026-06-26 00:00:00.0000000,"Offshore Wind",5102300.1378
"Determination 01/07/2026-30/09/2026",2026-08-05 00:00:00.0000000,2026-09-02 00:00:00.0000000,"Energy from Waste with CHP",18488.1000
"Determination 01/04/2026-30/06/2026",2026-05-30 00:00:00.0000000,2026-06-26 00:00:00.0000000,"Onshore Wind",207355.4418
"Determination 01/07/2026-30/09/2026",2026-08-05 00:00:00.0000000,2026-09-02 00:00:00.0000000,"Offshore Wind",4879845.4109
"Determination 01/04/2026-30/06/2026",2026-05-30 00:00:00.0000000,2026-06-26 00:00:00.0000000,"Solar PV",24300.1460
"Determination 01/07/2026-30/09/2026",2026-08-05 00:00:00.0000000,2026-09-02 00:00:00.0000000,"Onshore Wind",187030.1136
"Determination 01/04/2026-30/06/2026",2026-05-31 00:00:00.0000000,2026-06-26 00:00:00.0000000,"Advanced Conversion Technology",0.0000
"Determination 01/07/2026-30/09/2026",2026-07-27 00:00:00.0000000,2026-08-24 00:00:00.0000000,"Advanced Conversion Technology",0.0000
"Determination 01/04/2026-30/06/2026",2026-05-31 00:00:00.0000000,2026-06-26 00:00:00.0000000,"Biomass Conversion",487112.1941
"Determination 01/07/2026-30/09/2026",2026-07-27 00:00:00.0000000,2026-08-24 00:00:00.0000000,"Biomass Conversion",505007.2512
"Determination 01/04/2026-30/06/2026",2026-05-31 00:00:00.0000000,2026-06-26 00:00:00.0000000,"Biomass with CHP",0.0000
"Determination 01/07/2026-30/09/2026",2026-07-27 00:00:00.0000000,2026-08-24 00:00:00.0000000,"Biomass with CHP",466979.1341
"Determination 01/04/2026-30/06/2026",2026-05-31 00:00:00.0000000,2026-06-26 00:00:00.0000000,"Energy from Waste with CHP",21818.5805
"Determination 01/07/2026-30/09/2026",2026-07-27 00:00:00.0000000,2026-08-24 00:00:00.0000000,"Energy from Waste with CHP",18488.1000
"Determination 01/04/2026-30/06/2026",2026-05-31 00:00:00.0000000,2026-06-26 00:00:00.0000000,"Offshore Wind",4515544.1736
"Determination 01/07/2026-30/09/2026",2026-07-27 00:00:00.0000000,2026-08-24 00:00:00.0000000,"Offshore Wind",4431089.2591
"Determination 01/04/2026-30/06/2026",2026-05-31 00:00:00.0000000,2026-06-26 00:00:00.0000000,"Onshore Wind",189771.0801
"Determination 01/07/2026-30/09/2026",2026-07-27 00:00:00.0000000,2026-08-24 00:00:00.0000000,"Onshore Wind",157710.9503
"Determination 01/04/2026-30/06/2026",2026-05-31 00:00:00.0000000,2026-06-26 00:00:00.0000000,"Solar PV",21406.5413
"Determination 01/07/2026-30/09/2026",2026-07-30 00:00:00.0000000,2026-08-24 00:00:00.0000000,"Solar PV",-7287.0316
"Determination 01/04/2026-30/06/2026",2026-06-03 00:00:00.0000000,2026-06-26 00:00:00.0000000,"Solar PV",-1145.6052
"Determination 01/07/2026-30/09/2026",2026-07-02 00:00:00.0000000,2026-07-30 00:00:00.0000000,"Advanced Conversion Technology",0.0000
"Determination 01/04/2026-30/06/2026",2026-05-12 00:00:00.0000000,2026-06-09 00:00:00.0000000,"Advanced Conversion Technology",0.0000
"Determination 01/07/2026-30/09/2026",2026-07-02 00:00:00.0000000,2026-07-30 00:00:00.0000000,"Biomass Conversion",505007.2512
"Determination 01/04/2026-30/06/2026",2026-05-12 00:00:00.0000000,2026-06-09 00:00:00.0000000,"Biomass Conversion",1505677.3233
"Determination 01/07/2026-30/09/2026",2026-07-02 00:00:00.0000000,2026-07-30 00:00:00.0000000,"Biomass with CHP",466979.1341
"Determination 01/04/2026-30/06/2026",2026-05-12 00:00:00.0000000,2026-06-09 00:00:00.0000000,"Biomass with CHP",0.0000
"Determination 01/07/2026-30/09/2026",2026-07-02 00:00:00.0000000,2026-07-30 00:00:00.0000000,"Energy from Waste with CHP",18488.1000
"Determination 01/04/2026-30/06/2026",2026-05-12 00:00:00.0000000,2026-06-09 00:00:00.0000000,"Energy from Waste with CHP",21818.5805
"Determination 01/07/2026-30/09/2026",2026-07-02 00:00:00.0000000,2026-07-30 00:00:00.0000000,"Offshore Wind",4425351.5601
"Determination 01/04/2026-30/06/2026",2026-05-12 00:00:00.0000000,2026-06-09 00:00:00.0000000,"Offshore Wind",5121801.0614
"Determination 01/07/2026-30/09/2026",2026-07-02 00:00:00.0000000,2026-07-30 00:00:00.0000000,"Onshore Wind",156538.9597
"Determination 01/04/2026-30/06/2026",2026-05-12 00:00:00.0000000,2026-06-09 00:00:00.0000000,"Onshore Wind",179050.6985
"Determination 01/07/2026-30/09/2026",2026-07-07 00:00:00.0000000,2026-07-30 00:00:00.0000000,"Solar PV",-6236.2922
"Determination 01/04/2026-30/06/2026",2026-05-14 00:00:00.0000000,2026-06-09 00:00:00.0000000,"Solar PV",-3174.0329
"Determination 01/07/2026-30/09/2026",2026-09-29 00:00:00.0000000,2026-10-27 00:00:00.0000000,"Advanced Conversion Technology",0.0000
"Determination 01/04/2026-30/06/2026",2026-06-23 00:00:00.0000000,2026-07-21 00:00:00.0000000,"Advanced Conversion Technology",0.0000
"Determination 01/07/2026-30/09/2026",2026-09-29 00:00:00.0000000,2026-10-27 00:00:00.0000000,"Biomass Conversion",1655839.0917
"Determination 01/04/2026-30/06/2026",2026-06-23 00:00:00.0000000,2026-07-21 00:00:00.0000000,"Biomass Conversion",487112.1941
"Determination 01/07/2026-30/09/2026",2026-09-29 00:00:00.0000000,2026-10-27 00:00:00.0000000,"Biomass with CHP",466979.1341
"Determination 01/04/2026-30/06/2026",2026-06-23 00:00:00.0000000,2026-07-21 00:00:00.0000000,"Biomass with CHP",340428.9283
"Determination 01/07/2026-30/09/2026",2026-09-29 00:00:00.0000000,2026-10-27 00:00:00.0000000,"Energy from Waste with CHP",18488.1000
"Determination 01/04/2026-30/06/2026",2026-06-23 00:00:00.0000000,2026-07-21 00:00:00.0000000,"Energy from Waste with CHP",21818.5805
"Determination 01/07/2026-30/09/2026",2026-09-29 00:00:00.0000000,2026-10-27 00:00:00.0000000,"Offshore Wind",7232760.7634
"Determination 01/04/2026-30/06/2026",2026-06-23 00:00:00.0000000,2026-07-21 00:00:00.0000000,"Offshore Wind",4608617.6633
"Determination 01/07/2026-30/09/2026",2026-09-29 00:00:00.0000000,2026-10-27 00:00:00.0000000,"Onshore Wind",257080.7732
"Determination 01/04/2026-30/06/2026",2026-06-23 00:00:00.0000000,2026-07-21 00:00:00.0000000,"Onshore Wind",168444.1602
"Determination 01/07/2026-30/09/2026",2026-08-10 00:00:00.0000000,2026-09-07 00:00:00.0000000,"Advanced Conversion Technology",0.0000
"Determination 01/04/2026-30/06/2026",2026-06-23 00:00:00.0000000,2026-07-21 00:00:00.0000000,"Solar PV",914.4160
"Determination 01/07/2026-30/09/2026",2026-08-10 00:00:00.0000000,2026-09-07 00:00:00.0000000,"Biomass Conversion",1655839.0917
"Determination 01/04/2026-30/06/2026",2026-04-09 00:00:00.0000000,2026-05-07 00:00:00.0000000,"Advanced Conversion Technology",0.0000
"Determination 01/07/2026-30/09/2026",2026-08-10 00:00:00.0000000,2026-09-07 00:00:00.0000000,"Biomass with CHP",466979.1341
"Determination 01/04/2026-30/06/2026",2026-04-09 00:00:00.0000000,2026-05-07 00:00:00.0000000,"Biomass Conversion",1505677.3233
"Determination 01/07/2026-30/09/2026",2026-08-10 00:00:00.0000000,2026-09-07 00:00:00.0000000,"Energy from Waste with CHP",18488.1000
"Determination 01/04/2026-30/06/2026",2026-04-09 00:00:00.0000000,2026-05-07 00:00:00.0000000,"Biomass with CHP",340428.9283
"Determination 01/07/2026-30/09/2026",2026-08-10 00:00:00.0000000,2026-09-07 00:00:00.0000000,"Offshore Wind",4717741.7242
"Determination 01/04/2026-30/06/2026",2026-04-09 00:00:00.0000000,2026-05-07 00:00:00.0000000,"Energy from Waste with CHP",21818.5805
"Determination 01/07/2026-30/09/2026",2026-08-10 00:00:00.0000000,2026-09-07 00:00:00.0000000,"Onshore Wind",170934.1122
"Determination 01/04/2026-30/06/2026",2026-04-09 00:00:00.0000000,2026-05-07 00:00:00.0000000,"Offshore Wind",5481126.5071
"Determination 01/07/2026-30/09/2026",2026-08-12 00:00:00.0000000,2026-09-07 00:00:00.0000000,"Solar PV",-4908.5943
"Determination 01/04/2026-30/06/2026",2026-04-09 00:00:00.0000000,2026-05-07 00:00:00.0000000,"Onshore Wind",192599.0140
"Determination 01/07/2026-30/09/2026",2026-08-27 00:00:00.0000000,2026-09-24 00:00:00.0000000,"Advanced Conversion Technology",0.0000
"Determination 01/04/2026-30/06/2026",2026-04-13 00:00:00.0000000,2026-05-07 00:00:00.0000000,"Solar PV",-7531.1287
"Determination 01/07/2026-30/09/2026",2026-08-27 00:00:00.0000000,2026-09-24 00:00:00.0000000,"Biomass Conversion",1655839.0917
"Determination 01/04/2026-30/06/2026",2026-04-13 00:00:00.0000000,2026-05-11 00:00:00.0000000,"Advanced Conversion Technology",0.0000
"Determination 01/07/2026-30/09/2026",2026-08-27 00:00:00.0000000,2026-09-24 00:00:00.0000000,"Biomass with CHP",466979.1341
"Determination 01/04/2026-30/06/2026",2026-04-13 00:00:00.0000000,2026-05-11 00:00:00.0000000,"Biomass Conversion",1505677.3233
"Determination 01/07/2026-30/09/2026",2026-08-27 00:00:00.0000000,2026-09-24 00:00:00.0000000,"Energy from Waste with CHP",18488.1000
"Determination 01/04/2026-30/06/2026",2026-04-13 00:00:00.0000000,2026-05-11 00:00:00.0000000,"Biomass with CHP",340428.9283
"Determination 01/07/2026-30/09/2026",2026-08-27 00:00:00.0000000,2026-09-24 00:00:00.0000000,"Offshore Wind",4854102.3856
"Determination 01/04/2026-30/06/2026",2026-04-13 00:00:00.0000000,2026-05-11 00:00:00.0000000,"Energy from Waste with CHP",21818.5805
"Determination 01/07/2026-30/09/2026",2026-08-27 00:00:00.0000000,2026-09-24 00:00:00.0000000,"Onshore Wind",179975.8385
"Determination 01/04/2026-30/06/2026",2026-04-13 00:00:00.0000000,2026-05-11 00:00:00.0000000,"Offshore Wind",5571738.0404
"Determination 01/07/2026-30/09/2026",2026-09-01 00:00:00.0000000,2026-09-24 00:00:00.0000000,"Solar PV",-2574.9938
"Determination 01/04/2026-30/06/2026",2026-04-13 00:00:00.0000000,2026-05-11 00:00:00.0000000,"Onshore Wind",195363.1817
"Determination 01/07/2026-30/09/2026",2026-09-28 00:00:00.0000000,2026-10-26 00:00:00.0000000,"Advanced Conversion Technology",0.0000
"Determination 01/04/2026-30/06/2026",2026-04-15 00:00:00.0000000,2026-05-11 00:00:00.0000000,"Solar PV",-9255.7396
"Determination 01/07/2026-30/09/2026",2026-09-28 00:00:00.0000000,2026-10-26 00:00:00.0000000,"Biomass Conversion",1655839.0917
"Determination 01/04/2026-30/06/2026",2026-04-29 00:00:00.0000000,2026-05-27 00:00:00.0000000,"Advanced Conversion Technology",0.0000
"Determination 01/07/2026-30/09/2026",2026-09-28 00:00:00.0000000,2026-10-26 00:00:00.0000000,"Biomass with CHP",466979.1341
"Determination 01/04/2026-30/06/2026",2026-04-29 00:00:00.0000000,2026-05-27 00:00:00.0000000,"Biomass Conversion",1505677.3233
"Determination 01/07/2026-30/09/2026",2026-09-28 00:00:00.0000000,2026-10-26 00:00:00.0000000,"Energy from Waste with CHP",18488.1000
"Determination 01/04/2026-30/06/2026",2026-04-29 00:00:00.0000000,2026-05-27 00:00:00.0000000,"Biomass with CHP",340428.9283
"Determination 01/07/2026-30/09/2026",2026-09-28 00:00:00.0000000,2026-10-26 00:00:00.0000000,"Offshore Wind",7160728.8069
"Determination 01/04/2026-30/06/2026",2026-04-29 00:00:00.0000000,2026-05-27 00:00:00.0000000,"Energy from Waste with CHP",21818.5805
"Determination 01/07/2026-30/09/2026",2026-09-28 00:00:00.0000000,2026-10-26 00:00:00.0000000,"Onshore Wind",251992.4050
"Determination 01/04/2026-30/06/2026",2026-04-29 00:00:00.0000000,2026-05-27 00:00:00.0000000,"Offshore Wind",5561348.5748
"Determination 01/07/2026-30/09/2026",2026-07-14 00:00:00.0000000,2026-08-11 00:00:00.0000000,"Advanced Conversion Technology",0.0000
"Determination 01/04/2026-30/06/2026",2026-04-29 00:00:00.0000000,2026-05-27 00:00:00.0000000,"Onshore Wind",205939.2609
"Determination 01/07/2026-30/09/2026",2026-07-14 00:00:00.0000000,2026-08-11 00:00:00.0000000,"Biomass Conversion",505007.2512
"Determination 01/04/2026-30/06/2026",2026-04-29 00:00:00.0000000,2026-05-27 00:00:00.0000000,"Solar PV",1337.0250
"Determination 01/07/2026-30/09/2026",2026-07-14 00:00:00.0000000,2026-08-11 00:00:00.0000000,"Biomass with CHP",466979.1341
"Determination 01/04/2026-30/06/2026",2026-05-06 00:00:00.0000000,2026-06-01 00:00:00.0000000,"Solar PV",-1613.0317
"Determination 01/07/2026-30/09/2026",2026-07-14 00:00:00.0000000,2026-08-11 00:00:00.0000000,"Energy from Waste with CHP",18488.1000
"Determination 01/04/2026-30/06/2026",2026-06-19 00:00:00.0000000,2026-07-17 00:00:00.0000000,"Advanced Conversion Technology",0.0000
"Determination 01/07/2026-30/09/2026",2026-07-14 00:00:00.0000000,2026-08-11 00:00:00.0000000,"Offshore Wind",4505695.4999
"Determination 01/04/2026-30/06/2026",2026-06-19 00:00:00.0000000,2026-07-17 00:00:00.0000000,"Biomass Conversion",487112.1941
"Determination 01/07/2026-30/09/2026",2026-07-14 00:00:00.0000000,2026-08-11 00:00:00.0000000,"Onshore Wind",161980.8979
"Determination 01/04/2026-30/06/2026",2026-06-19 00:00:00.0000000,2026-07-17 00:00:00.0000000,"Biomass with CHP",340428.9283
"Determination 01/07/2026-30/09/2026",2026-07-17 00:00:00.0000000,2026-08-11 00:00:00.0000000,"Solar PV",-5103.5090
"Determination 01/04/2026-30/06/2026",2026-06-19 00:00:00.0000000,2026-07-17 00:00:00.0000000,"Energy from Waste with CHP",21818.5805
"Determination 01/07/2026-30/09/2026",2026-07-20 00:00:00.0000000,2026-08-17 00:00:00.0000000,"Advanced Conversion Technology",0.0000
"Determination 01/04/2026-30/06/2026",2026-06-19 00:00:00.0000000,2026-07-17 00:00:00.0000000,"Offshore Wind",4646051.6517
"Determination 01/07/2026-30/09/2026",2026-07-20 00:00:00.0000000,2026-08-17 00:00:00.0000000,"Biomass Conversion",505007.2512
"Determination 01/04/2026-30/06/2026",2026-06-19 00:00:00.0000000,2026-07-17 00:00:00.0000000,"Onshore Wind",173083.3065
"Determination 01/07/2026-30/09/2026",2026-07-20 00:00:00.0000000,2026-08-17 00:00:00.0000000,"Biomass with CHP",466979.1341
"Determination 01/04/2026-30/06/2026",2026-06-19 00:00:00.0000000,2026-07-17 00:00:00.0000000,"Solar PV",7814.3012
"Determination 01/07/2026-30/09/2026",2026-07-20 00:00:00.0000000,2026-08-17 00:00:00.0000000,"Energy from Waste with CHP",18488.1000
"Determination 01/04/2026-30/06/2026",2026-06-20 00:00:00.0000000,2026-07-17 00:00:00.0000000,"Advanced Conversion Technology",0.0000
"Determination 01/07/2026-30/09/2026",2026-07-20 00:00:00.0000000,2026-08-17 00:00:00.0000000,"Offshore Wind",4428596.4536
"Determination 01/04/2026-30/06/2026",2026-06-20 00:00:00.0000000,2026-07-17 00:00:00.0000000,"Biomass Conversion",487112.1941
"Determination 01/07/2026-30/09/2026",2026-07-20 00:00:00.0000000,2026-08-17 00:00:00.0000000,"Onshore Wind",157058.4536
"Determination 01/04/2026-30/06/2026",2026-06-20 00:00:00.0000000,2026-07-17 00:00:00.0000000,"Biomass with CHP",340428.9283
"Determination 01/07/2026-30/09/2026",2026-07-23 00:00:00.0000000,2026-08-17 00:00:00.0000000,"Solar PV",-7099.5259
"Determination 01/04/2026-30/06/2026",2026-06-20 00:00:00.0000000,2026-07-17 00:00:00.0000000,"Energy from Waste with CHP",21818.5805
"Determination 01/07/2026-30/09/2026",2026-07-17 00:00:00.0000000,2026-08-14 00:00:00.0000000,"Advanced Conversion Technology",0.0000
"Determination 01/04/2026-30/06/2026",2026-06-20 00:00:00.0000000,2026-07-17 00:00:00.0000000,"Offshore Wind",4625074.1737
"Determination 01/07/2026-30/09/2026",2026-07-17 00:00:00.0000000,2026-08-14 00:00:00.0000000,"Biomass Conversion",505007.2512
"Determination 01/04/2026-30/06/2026",2026-06-20 00:00:00.0000000,2026-07-17 00:00:00.0000000,"Onshore Wind",195247.7350
"Determination 01/07/2026-30/09/2026",2026-07-17 00:00:00.0000000,2026-08-14 00:00:00.0000000,"Biomass with CHP",466979.1341
"Determination 01/04/2026-30/06/2026",2026-06-20 00:00:00.0000000,2026-07-17 00:00:00.0000000,"Solar PV",25927.9110
"Determination 01/07/2026-30/09/2026",2026-07-17 00:00:00.0000000,2026-08-14 00:00:00.0000000,"Energy from Waste with CHP",18488.1000
"Determination 01/04/2026-30/06/2026",2026-06-21 00:00:00.0000000,2026-07-17 00:00:00.0000000,"Advanced Conversion Technology",0.0000
"Determination 01/07/2026-30/09/2026",2026-07-17 00:00:00.0000000,2026-08-14 00:00:00.0000000,"Offshore Wind",4198816.2703
"Determination 01/04/2026-30/06/2026",2026-06-21 00:00:00.0000000,2026-07-17 00:00:00.0000000,"Biomass Conversion",487112.1941
"Determination 01/07/2026-30/09/2026",2026-07-17 00:00:00.0000000,2026-08-14 00:00:00.0000000,"Onshore Wind",159734.2459
"Determination 01/04/2026-30/06/2026",2026-06-21 00:00:00.0000000,2026-07-17 00:00:00.0000000,"Biomass with CHP",340428.9283
"Determination 01/07/2026-30/09/2026",2026-07-18 00:00:00.0000000,2026-08-14 00:00:00.0000000,"Advanced Conversion Technology",0.0000
"Determination 01/04/2026-30/06/2026",2026-06-21 00:00:00.0000000,2026-07-17 00:00:00.0000000,"Energy from Waste with CHP",21818.5805
"Determination 01/07/2026-30/09/2026",2026-07-18 00:00:00.0000000,2026-08-14 00:00:00.0000000,"Biomass Conversion",505007.2512
"Determination 01/04/2026-30/06/2026",2026-06-21 00:00:00.0000000,2026-07-17 00:00:00.0000000,"Offshore Wind",4580405.7926
"Determination 01/07/2026-30/09/2026",2026-07-18 00:00:00.0000000,2026-08-14 00:00:00.0000000,"Biomass with CHP",466979.1341
"Determination 01/04/2026-30/06/2026",2026-06-21 00:00:00.0000000,2026-07-17 00:00:00.0000000,"Onshore Wind",194647.0731
"Determination 01/07/2026-30/09/2026",2026-07-18 00:00:00.0000000,2026-08-14 00:00:00.0000000,"Energy from Waste with CHP",18488.1000
"Determination 01/04/2026-30/06/2026",2026-06-21 00:00:00.0000000,2026-07-17 00:00:00.0000000,"Solar PV",27689.2396
"Determination 01/07/2026-30/09/2026",2026-07-18 00:00:00.0000000,2026-08-14 00:00:00.0000000,"Offshore Wind",4258848.5419
"Determination 01/04/2026-30/06/2026",2026-04-23 00:00:00.0000000,2026-05-21 00:00:00.0000000,"Advanced Conversion Technology",0.0000
"Determination 01/07/2026-30/09/2026",2026-07-18 00:00:00.0000000,2026-08-14 00:00:00.0000000,"Onshore Wind",173614.7945
"Determination 01/04/2026-30/06/2026",2026-04-23 00:00:00.0000000,2026-05-21 00:00:00.0000000,"Biomass Conversion",1505677.3233
"Determination 01/07/2026-30/09/2026",2026-07-18 00:00:00.0000000,2026-08-14 00:00:00.0000000,"Solar PV",9244.5316
"Determination 01/04/2026-30/06/2026",2026-04-23 00:00:00.0000000,2026-05-21 00:00:00.0000000,"Biomass with CHP",340428.9283
"Determination 01/07/2026-30/09/2026",2026-07-19 00:00:00.0000000,2026-08-14 00:00:00.0000000,"Advanced Conversion Technology",0.0000
"Determination 01/04/2026-30/06/2026",2026-04-23 00:00:00.0000000,2026-05-21 00:00:00.0000000,"Energy from Waste with CHP",21818.5805
"Determination 01/07/2026-30/09/2026",2026-07-19 00:00:00.0000000,2026-08-14 00:00:00.0000000,"Biomass Conversion",505007.2512
"Determination 01/04/2026-30/06/2026",2026-04-23 00:00:00.0000000,2026-05-21 00:00:00.0000000,"Offshore Wind",5545737.8297
"Determination 01/07/2026-30/09/2026",2026-07-19 00:00:00.0000000,2026-08-14 00:00:00.0000000,"Biomass with CHP",466979.1341
"Determination 01/04/2026-30/06/2026",2026-04-23 00:00:00.0000000,2026-05-21 00:00:00.0000000,"Onshore Wind",201564.3705
"Determination 01/07/2026-30/09/2026",2026-07-19 00:00:00.0000000,2026-08-14 00:00:00.0000000,"Energy from Waste with CHP",18488.1000
"Determination 01/04/2026-30/06/2026",2026-04-27 00:00:00.0000000,2026-05-21 00:00:00.0000000,"Solar PV",-364.0822
"Determination 01/07/2026-30/09/2026",2026-07-19 00:00:00.0000000,2026-08-14 00:00:00.0000000,"Offshore Wind",4315785.7152
"Determination 01/04/2026-30/06/2026",2026-05-22 00:00:00.0000000,2026-06-19 00:00:00.0000000,"Advanced Conversion Technology",0.0000
"Determination 01/07/2026-30/09/2026",2026-07-19 00:00:00.0000000,2026-08-14 00:00:00.0000000,"Onshore Wind",177621.9076
"Determination 01/04/2026-30/06/2026",2026-05-22 00:00:00.0000000,2026-06-19 00:00:00.0000000,"Biomass Conversion",487112.1941
"Determination 01/07/2026-30/09/2026",2026-07-19 00:00:00.0000000,2026-08-14 00:00:00.0000000,"Solar PV",9676.6445
"Determination 01/04/2026-30/06/2026",2026-05-22 00:00:00.0000000,2026-06-19 00:00:00.0000000,"Biomass with CHP",0.0000
"Determination 01/07/2026-30/09/2026",2026-07-22 00:00:00.0000000,2026-08-14 00:00:00.0000000,"Solar PV",-9106.2518
"Determination 01/04/2026-30/06/2026",2026-05-22 00:00:00.0000000,2026-06-19 00:00:00.0000000,"Energy from Waste with CHP",21818.5805
"Determination 01/07/2026-30/09/2026",2026-08-18 00:00:00.0000000,2026-09-15 00:00:00.0000000,"Advanced Conversion Technology",0.0000
"Determination 01/04/2026-30/06/2026",2026-05-22 00:00:00.0000000,2026-06-19 00:00:00.0000000,"Offshore Wind",5078752.3589
"Determination 01/07/2026-30/09/2026",2026-08-18 00:00:00.0000000,2026-09-15 00:00:00.0000000,"Biomass Conversion",1655839.0917
"Determination 01/04/2026-30/06/2026",2026-05-22 00:00:00.0000000,2026-06-19 00:00:00.0000000,"Onshore Wind",187419.1094
"Determination 01/07/2026-30/09/2026",2026-08-18 00:00:00.0000000,2026-09-15 00:00:00.0000000,"Biomass with CHP",466979.1341
"Determination 01/04/2026-30/06/2026",2026-05-22 00:00:00.0000000,2026-06-19 00:00:00.0000000,"Solar PV",6714.8970
"Determination 01/07/2026-30/09/2026",2026-08-18 00:00:00.0000000,2026-09-15 00:00:00.0000000,"Energy from Waste with CHP",18488.1000
"Determination 01/04/2026-30/06/2026",2026-05-23 00:00:00.0000000,2026-06-19 00:00:00.0000000,"Advanced Conversion Technology",0.0000
"Determination 01/07/2026-30/09/2026",2026-08-18 00:00:00.0000000,2026-09-15 00:00:00.0000000,"Offshore Wind",4818415.0449
"Determination 01/04/2026-30/06/2026",2026-05-23 00:00:00.0000000,2026-06-19 00:00:00.0000000,"Biomass Conversion",487112.1941
"Determination 01/07/2026-30/09/2026",2026-08-18 00:00:00.0000000,2026-09-15 00:00:00.0000000,"Onshore Wind",178487.4514
"Determination 01/04/2026-30/06/2026",2026-05-23 00:00:00.0000000,2026-06-19 00:00:00.0000000,"Biomass with CHP",0.0000
"Determination 01/07/2026-30/09/2026",2026-08-20 00:00:00.0000000,2026-09-15 00:00:00.0000000,"Solar PV",-7843.8571
"Determination 01/04/2026-30/06/2026",2026-05-23 00:00:00.0000000,2026-06-19 00:00:00.0000000,"Energy from Waste with CHP",21818.5805
"Determination 01/07/2026-30/09/2026",2026-07-31 00:00:00.0000000,2026-08-28 00:00:00.0000000,"Advanced Conversion Technology",0.0000
"Determination 01/04/2026-30/06/2026",2026-05-23 00:00:00.0000000,2026-06-19 00:00:00.0000000,"Offshore Wind",5060013.1848
"Determination 01/07/2026-30/09/2026",2026-07-31 00:00:00.0000000,2026-08-28 00:00:00.0000000,"Biomass Conversion",505007.2512
"Determination 01/04/2026-30/06/2026",2026-05-23 00:00:00.0000000,2026-06-19 00:00:00.0000000,"Onshore Wind",209540.8533
"Determination 01/07/2026-30/09/2026",2026-07-31 00:00:00.0000000,2026-08-28 00:00:00.0000000,"Biomass with CHP",466979.1341
"Determination 01/04/2026-30/06/2026",2026-05-23 00:00:00.0000000,2026-06-19 00:00:00.0000000,"Solar PV",24110.1243
"Determination 01/07/2026-30/09/2026",2026-07-31 00:00:00.0000000,2026-08-28 00:00:00.0000000,"Energy from Waste with CHP",18488.1000
"Determination 01/04/2026-30/06/2026",2026-05-24 00:00:00.0000000,2026-06-19 00:00:00.0000000,"Advanced Conversion Technology",0.0000
"Determination 01/07/2026-30/09/2026",2026-07-31 00:00:00.0000000,2026-08-28 00:00:00.0000000,"Offshore Wind",4477088.6998
"Determination 01/04/2026-30/06/2026",2026-05-24 00:00:00.0000000,2026-06-19 00:00:00.0000000,"Biomass Conversion",487112.1941
"Determination 01/07/2026-30/09/2026",2026-07-31 00:00:00.0000000,2026-08-28 00:00:00.0000000,"Onshore Wind",162915.3643
"Determination 01/04/2026-30/06/2026",2026-05-24 00:00:00.0000000,2026-06-19 00:00:00.0000000,"Biomass with CHP",0.0000
"Determination 01/07/2026-30/09/2026",2026-08-01 00:00:00.0000000,2026-08-28 00:00:00.0000000,"Advanced Conversion Technology",0.0000
"Determination 01/04/2026-30/06/2026",2026-05-24 00:00:00.0000000,2026-06-19 00:00:00.0000000,"Energy from Waste with CHP",21818.5805
"Determination 01/07/2026-30/09/2026",2026-08-01 00:00:00.0000000,2026-08-28 00:00:00.0000000,"Biomass Conversion",505007.2512
"Determination 01/04/2026-30/06/2026",2026-05-24 00:00:00.0000000,2026-06-19 00:00:00.0000000,"Offshore Wind",5177313.7414
"Determination 01/07/2026-30/09/2026",2026-08-01 00:00:00.0000000,2026-08-28 00:00:00.0000000,"Biomass with CHP",466979.1341
"Determination 01/04/2026-30/06/2026",2026-05-24 00:00:00.0000000,2026-06-19 00:00:00.0000000,"Onshore Wind",233848.4721
"Determination 01/07/2026-30/09/2026",2026-08-01 00:00:00.0000000,2026-08-28 00:00:00.0000000,"Energy from Waste with CHP",18488.1000
"Determination 01/04/2026-30/06/2026",2026-05-24 00:00:00.0000000,2026-06-19 00:00:00.0000000,"Solar PV",30372.0521
"Determination 01/07/2026-30/09/2026",2026-08-01 00:00:00.0000000,2026-08-28 00:00:00.0000000,"Offshore Wind",4497836.3285
"Determination 01/04/2026-30/06/2026",2026-05-25 00:00:00.0000000,2026-06-19 00:00:00.0000000,"Advanced Conversion Technology",0.0000
"Determination 01/07/2026-30/09/2026",2026-08-01 00:00:00.0000000,2026-08-28 00:00:00.0000000,"Onshore Wind",175114.1818
"Determination 01/04/2026-30/06/2026",2026-05-25 00:00:00.0000000,2026-06-19 00:00:00.0000000,"Biomass Conversion",487112.1941
"Determination 01/07/2026-30/09/2026",2026-08-01 00:00:00.0000000,2026-08-28 00:00:00.0000000,"Solar PV",7612.9173
"Determination 01/04/2026-30/06/2026",2026-05-25 00:00:00.0000000,2026-06-19 00:00:00.0000000,"Biomass with CHP",0.0000
"Determination 01/07/2026-30/09/2026",2026-08-02 00:00:00.0000000,2026-08-28 00:00:00.0000000,"Advanced Conversion Technology",0.0000
"Determination 01/04/2026-30/06/2026",2026-05-25 00:00:00.0000000,2026-06-19 00:00:00.0000000,"Energy from Waste with CHP",21818.5805
"Determination 01/07/2026-30/09/2026",2026-08-02 00:00:00.0000000,2026-08-28 00:00:00.0000000,"Biomass Conversion",505007.2512
"Determination 01/04/2026-30/06/2026",2026-05-25 00:00:00.0000000,2026-06-19 00:00:00.0000000,"Offshore Wind",5161295.3921
"Determination 01/07/2026-30/09/2026",2026-08-02 00:00:00.0000000,2026-08-28 00:00:00.0000000,"Biomass with CHP",466979.1341
"Determination 01/04/2026-30/06/2026",2026-05-25 00:00:00.0000000,2026-06-19 00:00:00.0000000,"Onshore Wind",198695.1042
"Determination 01/07/2026-30/09/2026",2026-08-02 00:00:00.0000000,2026-08-28 00:00:00.0000000,"Energy from Waste with CHP",18488.1000
"Determination 01/04/2026-30/06/2026",2026-05-25 00:00:00.0000000,2026-06-19 00:00:00.0000000,"Solar PV",14147.7669
"Determination 01/07/2026-30/09/2026",2026-08-02 00:00:00.0000000,2026-08-28 00:00:00.0000000,"Offshore Wind",4578044.1573
"Determination 01/04/2026-30/06/2026",2026-04-02 00:00:00.0000000,2026-04-30 00:00:00.0000000,"Advanced Conversion Technology",0.0000
"Determination 01/07/2026-30/09/2026",2026-08-02 00:00:00.0000000,2026-08-28 00:00:00.0000000,"Onshore Wind",180030.7316
"Determination 01/04/2026-30/06/2026",2026-04-02 00:00:00.0000000,2026-04-30 00:00:00.0000000,"Biomass Conversion",1505677.3233
"Determination 01/07/2026-30/09/2026",2026-08-02 00:00:00.0000000,2026-08-28 00:00:00.0000000,"Solar PV",9134.9661
"Determination 01/04/2026-30/06/2026",2026-04-02 00:00:00.0000000,2026-04-30 00:00:00.0000000,"Biomass with CHP",340428.9283
"Determination 01/07/2026-30/09/2026",2026-08-03 00:00:00.0000000,2026-08-28 00:00:00.0000000,"Advanced Conversion Technology",0.0000
"Determination 01/04/2026-30/06/2026",2026-04-02 00:00:00.0000000,2026-04-30 00:00:00.0000000,"Energy from Waste with CHP",21818.5805
"Determination 01/07/2026-30/09/2026",2026-08-03 00:00:00.0000000,2026-08-28 00:00:00.0000000,"Biomass Conversion",505007.2512
"Determination 01/04/2026-30/06/2026",2026-04-02 00:00:00.0000000,2026-04-30 00:00:00.0000000,"Offshore Wind",5579566.5136
"Determination 01/07/2026-30/09/2026",2026-08-03 00:00:00.0000000,2026-08-28 00:00:00.0000000,"Biomass with CHP",466979.1341
"Determination 01/04/2026-30/06/2026",2026-04-02 00:00:00.0000000,2026-04-30 00:00:00.0000000,"Onshore Wind",206702.3688
"Determination 01/07/2026-30/09/2026",2026-08-03 00:00:00.0000000,2026-08-28 00:00:00.0000000,"Energy from Waste with CHP",18488.1000
"Determination 01/04/2026-30/06/2026",2026-04-03 00:00:00.0000000,2026-04-30 00:00:00.0000000,"Advanced Conversion Technology",0.0000
"Determination 01/07/2026-30/09/2026",2026-08-03 00:00:00.0000000,2026-08-28 00:00:00.0000000,"Offshore Wind",4805386.5084
"Determination 01/04/2026-30/06/2026",2026-04-03 00:00:00.0000000,2026-04-30 00:00:00.0000000,"Biomass Conversion",1505677.3233
"Determination 01/07/2026-30/09/2026",2026-08-03 00:00:00.0000000,2026-08-28 00:00:00.0000000,"Onshore Wind",176456.1357
"Determination 01/04/2026-30/06/2026",2026-04-03 00:00:00.0000000,2026-04-30 00:00:00.0000000,"Biomass with CHP",340428.9283
"Determination 01/07/2026-30/09/2026",2026-08-05 00:00:00.0000000,2026-08-28 00:00:00.0000000,"Solar PV",-3069.8625
"Determination 01/04/2026-30/06/2026",2026-04-03 00:00:00.0000000,2026-04-30 00:00:00.0000000,"Energy from Waste with CHP",21818.5805
"Determination 01/07/2026-30/09/2026",2026-08-13 00:00:00.0000000,2026-09-10 00:00:00.0000000,"Advanced Conversion Technology",0.0000
"Determination 01/04/2026-30/06/2026",2026-04-03 00:00:00.0000000,2026-04-30 00:00:00.0000000,"Offshore Wind",5577282.1586
"Determination 01/07/2026-30/09/2026",2026-08-13 00:00:00.0000000,2026-09-10 00:00:00.0000000,"Biomass Conversion",1655839.0917
"Determination 01/04/2026-30/06/2026",2026-04-03 00:00:00.0000000,2026-04-30 00:00:00.0000000,"Onshore Wind",226788.7068
"Determination 01/07/2026-30/09/2026",2026-08-13 00:00:00.0000000,2026-09-10 00:00:00.0000000,"Biomass with CHP",466979.1341
"Determination 01/04/2026-30/06/2026",2026-04-03 00:00:00.0000000,2026-04-30 00:00:00.0000000,"Solar PV",14182.9635
"Determination 01/07/2026-30/09/2026",2026-08-13 00:00:00.0000000,2026-09-10 00:00:00.0000000,"Energy from Waste with CHP",18488.1000
"Determination 01/04/2026-30/06/2026",2026-04-04 00:00:00.0000000,2026-04-30 00:00:00.0000000,"Advanced Conversion Technology",0.0000
"Determination 01/07/2026-30/09/2026",2026-08-13 00:00:00.0000000,2026-09-10 00:00:00.0000000,"Offshore Wind",4861834.9951
"Determination 01/04/2026-30/06/2026",2026-04-04 00:00:00.0000000,2026-04-30 00:00:00.0000000,"Biomass Conversion",1505677.3233
"Determination 01/07/2026-30/09/2026",2026-08-13 00:00:00.0000000,2026-09-10 00:00:00.0000000,"Onshore Wind",180677.2961
"Determination 01/04/2026-30/06/2026",2026-04-04 00:00:00.0000000,2026-04-30 00:00:00.0000000,"Biomass with CHP",340428.9283
"Determination 01/07/2026-30/09/2026",2026-08-17 00:00:00.0000000,2026-09-10 00:00:00.0000000,"Solar PV",-8938.6972
"Determination 01/04/2026-30/06/2026",2026-04-04 00:00:00.0000000,2026-04-30 00:00:00.0000000,"Energy from Waste with CHP",21818.5805
"Determination 01/07/2026-30/09/2026",2026-07-02 00:00:00.0000000,2026-07-27 00:00:00.0000000,"Solar PV",-14191.1017
"Determination 01/04/2026-30/06/2026",2026-04-04 00:00:00.0000000,2026-04-30 00:00:00.0000000,"Offshore Wind",5695666.4115
"Determination 01/07/2026-30/09/2026",2026-07-16 00:00:00.0000000,2026-08-13 00:00:00.0000000,"Advanced Conversion Technology",0.0000
"Determination 01/04/2026-30/06/2026",2026-04-04 00:00:00.0000000,2026-04-30 00:00:00.0000000,"Onshore Wind",223251.5770
"Determination 01/07/2026-30/09/2026",2026-07-16 00:00:00.0000000,2026-08-13 00:00:00.0000000,"Biomass Conversion",505007.2512
"Determination 01/04/2026-30/06/2026",2026-04-04 00:00:00.0000000,2026-04-30 00:00:00.0000000,"Solar PV",14182.6387
"Determination 01/07/2026-30/09/2026",2026-07-16 00:00:00.0000000,2026-08-13 00:00:00.0000000,"Biomass with CHP",466979.1341
"Determination 01/04/2026-30/06/2026",2026-04-05 00:00:00.0000000,2026-04-30 00:00:00.0000000,"Advanced Conversion Technology",0.0000
"Determination 01/07/2026-30/09/2026",2026-07-16 00:00:00.0000000,2026-08-13 00:00:00.0000000,"Energy from Waste with CHP",18488.1000
"Determination 01/04/2026-30/06/2026",2026-04-05 00:00:00.0000000,2026-04-30 00:00:00.0000000,"Biomass Conversion",1505677.3233
"Determination 01/07/2026-30/09/2026",2026-07-16 00:00:00.0000000,2026-08-13 00:00:00.0000000,"Offshore Wind",4466716.7813
"Determination 01/04/2026-30/06/2026",2026-04-05 00:00:00.0000000,2026-04-30 00:00:00.0000000,"Biomass with CHP",340428.9283
"Determination 01/07/2026-30/09/2026",2026-07-16 00:00:00.0000000,2026-08-13 00:00:00.0000000,"Onshore Wind",161901.2601
"Determination 01/04/2026-30/06/2026",2026-04-05 00:00:00.0000000,2026-04-30 00:00:00.0000000,"Energy from Waste with CHP",21818.5805
"Determination 01/07/2026-30/09/2026",2026-07-21 00:00:00.0000000,2026-08-13 00:00:00.0000000,"Solar PV",-8440.2846
"Determination 01/04/2026-30/06/2026",2026-04-05 00:00:00.0000000,2026-04-30 00:00:00.0000000,"Offshore Wind",5815982.7539
"Determination 01/07/2026-30/09/2026",2026-08-04 00:00:00.0000000,2026-09-01 00:00:00.0000000,"Advanced Conversion Technology",0.0000
"Determination 01/04/2026-30/06/2026",2026-04-05 00:00:00.0000000,2026-04-30 00:00:00.0000000,"Onshore Wind",238437.7714
"Determination 01/07/2026-30/09/2026",2026-08-04 00:00:00.0000000,2026-09-01 00:00:00.0000000,"Biomass Conversion",505007.2512
"Determination 01/04/2026-30/06/2026",2026-04-05 00:00:00.0000000,2026-04-30 00:00:00.0000000,"Solar PV",15853.8894
"Determination 01/07/2026-30/09/2026",2026-08-04 00:00:00.0000000,2026-09-01 00:00:00.0000000,"Biomass with CHP",466979.1341
"Determination 01/04/2026-30/06/2026",2026-04-06 00:00:00.0000000,2026-04-30 00:00:00.0000000,"Advanced Conversion Technology",0.0000
"Determination 01/07/2026-30/09/2026",2026-08-04 00:00:00.0000000,2026-09-01 00:00:00.0000000,"Energy from Waste with CHP",18488.1000
"Determination 01/04/2026-30/06/2026",2026-04-06 00:00:00.0000000,2026-04-30 00:00:00.0000000,"Biomass Conversion",1505677.3233
"Determination 01/07/2026-30/09/2026",2026-08-04 00:00:00.0000000,2026-09-01 00:00:00.0000000,"Offshore Wind",4840816.4394
"Determination 01/04/2026-30/06/2026",2026-04-06 00:00:00.0000000,2026-04-30 00:00:00.0000000,"Biomass with CHP",340428.9283
"Determination 01/07/2026-30/09/2026",2026-08-04 00:00:00.0000000,2026-09-01 00:00:00.0000000,"Onshore Wind",180896.2107
"Determination 01/04/2026-30/06/2026",2026-04-06 00:00:00.0000000,2026-04-30 00:00:00.0000000,"Energy from Waste with CHP",21818.5805
"Determination 01/07/2026-30/09/2026",2026-08-06 00:00:00.0000000,2026-09-01 00:00:00.0000000,"Solar PV",-1538.2730
"Determination 01/04/2026-30/06/2026",2026-04-06 00:00:00.0000000,2026-04-30 00:00:00.0000000,"Offshore Wind",5752362.1264
"Determination 01/07/2026-30/09/2026",2026-08-17 00:00:00.0000000,2026-09-14 00:00:00.0000000,"Advanced Conversion Technology",0.0000
"Determination 01/04/2026-30/06/2026",2026-04-06 00:00:00.0000000,2026-04-30 00:00:00.0000000,"Onshore Wind",223312.6574
"Determination 01/07/2026-30/09/2026",2026-08-17 00:00:00.0000000,2026-09-14 00:00:00.0000000,"Biomass Conversion",1655839.0917
"Determination 01/04/2026-30/06/2026",2026-04-06 00:00:00.0000000,2026-04-30 00:00:00.0000000,"Solar PV",10430.4092
"Determination 01/07/2026-30/09/2026",2026-08-17 00:00:00.0000000,2026-09-14 00:00:00.0000000,"Biomass with CHP",466979.1341
"Determination 01/04/2026-30/06/2026",2026-04-07 00:00:00.0000000,2026-04-30 00:00:00.0000000,"Solar PV",-5615.7074
"Determination 01/07/2026-30/09/2026",2026-08-17 00:00:00.0000000,2026-09-14 00:00:00.0000000,"Energy from Waste with CHP",18488.1000
"Determination 01/04/2026-30/06/2026",2026-06-02 00:00:00.0000000,2026-06-30 00:00:00.0000000,"Advanced Conversion Technology",0.0000
"Determination 01/07/2026-30/09/2026",2026-08-17 00:00:00.0000000,2026-09-14 00:00:00.0000000,"Offshore Wind",4797404.1515
"Determination 01/04/2026-30/06/2026",2026-06-02 00:00:00.0000000,2026-06-30 00:00:00.0000000,"Biomass Conversion",487112.1941
"Determination 01/07/2026-30/09/2026",2026-08-17 00:00:00.0000000,2026-09-14 00:00:00.0000000,"Onshore Wind",174752.4040
"Determination 01/04/2026-30/06/2026",2026-06-02 00:00:00.0000000,2026-06-30 00:00:00.0000000,"Biomass with CHP",0.0000
"Determination 01/07/2026-30/09/2026",2026-08-19 00:00:00.0000000,2026-09-14 00:00:00.0000000,"Solar PV",-7053.9949
"Determination 01/04/2026-30/06/2026",2026-06-02 00:00:00.0000000,2026-06-30 00:00:00.0000000,"Energy from Waste with CHP",21818.5805
"Determination 01/07/2026-30/09/2026",2026-08-14 00:00:00.0000000,2026-09-11 00:00:00.0000000,"Advanced Conversion Technology",0.0000
"Determination 01/04/2026-30/06/2026",2026-06-02 00:00:00.0000000,2026-06-30 00:00:00.0000000,"Offshore Wind",4541079.9375
"Determination 01/07/2026-30/09/2026",2026-08-14 00:00:00.0000000,2026-09-11 00:00:00.0000000,"Biomass Conversion",1655839.0917
"Determination 01/04/2026-30/06/2026",2026-06-02 00:00:00.0000000,2026-06-30 00:00:00.0000000,"Onshore Wind",165164.1630
"Determination 01/07/2026-30/09/2026",2026-08-14 00:00:00.0000000,2026-09-11 00:00:00.0000000,"Biomass with CHP",466979.1341
"Determination 01/04/2026-30/06/2026",2026-04-16 00:00:00.0000000,2026-05-14 00:00:00.0000000,"Advanced Conversion Technology",0.0000
"Determination 01/07/2026-30/09/2026",2026-08-14 00:00:00.0000000,2026-09-11 00:00:00.0000000,"Energy from Waste with CHP",18488.1000
"Determination 01/04/2026-30/06/2026",2026-04-16 00:00:00.0000000,2026-05-14 00:00:00.0000000,"Biomass Conversion",1505677.3233
"Determination 01/07/2026-30/09/2026",2026-08-14 00:00:00.0000000,2026-09-11 00:00:00.0000000,"Offshore Wind",4871272.5072
"Determination 01/04/2026-30/06/2026",2026-04-16 00:00:00.0000000,2026-05-14 00:00:00.0000000,"Biomass with CHP",340428.9283
"Determination 01/07/2026-30/09/2026",2026-08-14 00:00:00.0000000,2026-09-11 00:00:00.0000000,"Onshore Wind",181965.6981
"Determination 01/04/2026-30/06/2026",2026-04-16 00:00:00.0000000,2026-05-14 00:00:00.0000000,"Energy from Waste with CHP",21818.5805
"Determination 01/07/2026-30/09/2026",2026-08-15 00:00:00.0000000,2026-09-11 00:00:00.0000000,"Advanced Conversion Technology",0.0000
"Determination 01/04/2026-30/06/2026",2026-04-16 00:00:00.0000000,2026-05-14 00:00:00.0000000,"Offshore Wind",5543607.1510
"Determination 01/07/2026-30/09/2026",2026-08-15 00:00:00.0000000,2026-09-11 00:00:00.0000000,"Biomass Conversion",1655839.0917
"Determination 01/04/2026-30/06/2026",2026-04-16 00:00:00.0000000,2026-05-14 00:00:00.0000000,"Onshore Wind",195038.3350
"Determination 01/07/2026-30/09/2026",2026-08-15 00:00:00.0000000,2026-09-11 00:00:00.0000000,"Biomass with CHP",466979.1341
"Determination 01/04/2026-30/06/2026",2026-04-20 00:00:00.0000000,2026-05-14 00:00:00.0000000,"Solar PV",-5804.7536
"Determination 01/07/2026-30/09/2026",2026-08-15 00:00:00.0000000,2026-09-11 00:00:00.0000000,"Energy from Waste with CHP",18488.1000
"Determination 01/04/2026-30/06/2026",2026-06-29 00:00:00.0000000,2026-07-27 00:00:00.0000000,"Advanced Conversion Technology",0.0000
"Determination 01/07/2026-30/09/2026",2026-08-15 00:00:00.0000000,2026-09-11 00:00:00.0000000,"Offshore Wind",4966487.6172
"Determination 01/04/2026-30/06/2026",2026-06-29 00:00:00.0000000,2026-07-27 00:00:00.0000000,"Biomass Conversion",487112.1941
"Determination 01/07/2026-30/09/2026",2026-08-15 00:00:00.0000000,2026-09-11 00:00:00.0000000,"Onshore Wind",196285.1435
"Determination 01/04/2026-30/06/2026",2026-06-29 00:00:00.0000000,2026-07-27 00:00:00.0000000,"Biomass with CHP",340428.9283
"Determination 01/07/2026-30/09/2026",2026-08-15 00:00:00.0000000,2026-09-11 00:00:00.0000000,"Solar PV",5870.2297
"Determination 01/04/2026-30/06/2026",2026-06-29 00:00:00.0000000,2026-07-27 00:00:00.0000000,"Energy from Waste with CHP",21818.5805
"Determination 01/07/2026-30/09/2026",2026-08-16 00:00:00.0000000,2026-09-11 00:00:00.0000000,"Advanced Conversion Technology",0.0000
"Determination 01/04/2026-30/06/2026",2026-06-29 00:00:00.0000000,2026-07-27 00:00:00.0000000,"Offshore Wind",4350189.2329
"Determination 01/07/2026-30/09/2026",2026-08-16 00:00:00.0000000,2026-09-11 00:00:00.0000000,"Biomass Conversion",1655839.0917
"Determination 01/04/2026-30/06/2026",2026-06-29 00:00:00.0000000,2026-07-27 00:00:00.0000000,"Onshore Wind",156178.3780
"Determination 01/07/2026-30/09/2026",2026-08-16 00:00:00.0000000,2026-09-11 00:00:00.0000000,"Biomass with CHP",466979.1341
"Determination 01/04/2026-30/06/2026",2026-06-12 00:00:00.0000000,2026-07-10 00:00:00.0000000,"Advanced Conversion Technology",0.0000
"Determination 01/07/2026-30/09/2026",2026-08-16 00:00:00.0000000,2026-09-11 00:00:00.0000000,"Energy from Waste with CHP",18488.1000
"Determination 01/04/2026-30/06/2026",2026-06-12 00:00:00.0000000,2026-07-10 00:00:00.0000000,"Biomass Conversion",487112.1941
"Determination 01/07/2026-30/09/2026",2026-08-16 00:00:00.0000000,2026-09-11 00:00:00.0000000,"Offshore Wind",5041798.2272
"Determination 01/04/2026-30/06/2026",2026-06-12 00:00:00.0000000,2026-07-10 00:00:00.0000000,"Biomass with CHP",340428.9283
"Determination 01/07/2026-30/09/2026",2026-08-16 00:00:00.0000000,2026-09-11 00:00:00.0000000,"Onshore Wind",200934.9195
"Determination 01/04/2026-30/06/2026",2026-06-12 00:00:00.0000000,2026-07-10 00:00:00.0000000,"Energy from Waste with CHP",21818.5805
"Determination 01/07/2026-30/09/2026",2026-08-16 00:00:00.0000000,2026-09-11 00:00:00.0000000,"Solar PV",8044.2717
"Determination 01/04/2026-30/06/2026",2026-06-12 00:00:00.0000000,2026-07-10 00:00:00.0000000,"Offshore Wind",4544327.6511
"Determination 01/07/2026-30/09/2026",2026-08-18 00:00:00.0000000,2026-09-11 00:00:00.0000000,"Solar PV",-7093.0046
"Determination 01/04/2026-30/06/2026",2026-06-12 00:00:00.0000000,2026-07-10 00:00:00.0000000,"Onshore Wind",167127.5902
"Determination 01/07/2026-30/09/2026",2026-09-03 00:00:00.0000000,2026-09-28 00:00:00.0000000,"Solar PV",-2794.7836
"Determination 01/04/2026-30/06/2026",2026-06-12 00:00:00.0000000,2026-07-10 00:00:00.0000000,"Solar PV",3742.3656
"Determination 01/07/2026-30/09/2026",2026-09-11 00:00:00.0000000,2026-10-09 00:00:00.0000000,"Advanced Conversion Technology",0.0000
"Determination 01/04/2026-30/06/2026",2026-06-13 00:00:00.0000000,2026-07-10 00:00:00.0000000,"Advanced Conversion Technology",0.0000
"Determination 01/07/2026-30/09/2026",2026-09-11 00:00:00.0000000,2026-10-09 00:00:00.0000000,"Biomass Conversion",1655839.0917
"Determination 01/04/2026-30/06/2026",2026-06-13 00:00:00.0000000,2026-07-10 00:00:00.0000000,"Biomass Conversion",487112.1941
"Determination 01/07/2026-30/09/2026",2026-09-11 00:00:00.0000000,2026-10-09 00:00:00.0000000,"Biomass with CHP",466979.1341
"Determination 01/04/2026-30/06/2026",2026-06-13 00:00:00.0000000,2026-07-10 00:00:00.0000000,"Biomass with CHP",340428.9283
"Determination 01/07/2026-30/09/2026",2026-09-11 00:00:00.0000000,2026-10-09 00:00:00.0000000,"Energy from Waste with CHP",18488.1000
"Determination 01/04/2026-30/06/2026",2026-06-13 00:00:00.0000000,2026-07-10 00:00:00.0000000,"Energy from Waste with CHP",21818.5805
"Determination 01/07/2026-30/09/2026",2026-09-11 00:00:00.0000000,2026-10-09 00:00:00.0000000,"Offshore Wind",5863397.6501
"Determination 01/04/2026-30/06/2026",2026-06-13 00:00:00.0000000,2026-07-10 00:00:00.0000000,"Offshore Wind",4648966.4833
"Determination 01/07/2026-30/09/2026",2026-09-11 00:00:00.0000000,2026-10-09 00:00:00.0000000,"Onshore Wind",219311.5461
"Determination 01/04/2026-30/06/2026",2026-06-13 00:00:00.0000000,2026-07-10 00:00:00.0000000,"Onshore Wind",191188.1096
"Determination 01/07/2026-30/09/2026",2026-09-12 00:00:00.0000000,2026-10-09 00:00:00.0000000,"Advanced Conversion Technology",0.0000
"Determination 01/04/2026-30/06/2026",2026-06-13 00:00:00.0000000,2026-07-10 00:00:00.0000000,"Solar PV",24431.4922
"Determination 01/07/2026-30/09/2026",2026-09-12 00:00:00.0000000,2026-10-09 00:00:00.0000000,"Biomass Conversion",1655839.0917
"Determination 01/04/2026-30/06/2026",2026-06-14 00:00:00.0000000,2026-07-10 00:00:00.0000000,"Advanced Conversion Technology",0.0000
"Determination 01/07/2026-30/09/2026",2026-09-12 00:00:00.0000000,2026-10-09 00:00:00.0000000,"Biomass with CHP",466979.1341
"Determination 01/04/2026-30/06/2026",2026-06-14 00:00:00.0000000,2026-07-10 00:00:00.0000000,"Biomass Conversion",487112.1941
"Determination 01/07/2026-30/09/2026",2026-09-12 00:00:00.0000000,2026-10-09 00:00:00.0000000,"Energy from Waste with CHP",18488.1000
"Determination 01/04/2026-30/06/2026",2026-06-14 00:00:00.0000000,2026-07-10 00:00:00.0000000,"Biomass with CHP",340428.9283
"Determination 01/07/2026-30/09/2026",2026-09-12 00:00:00.0000000,2026-10-09 00:00:00.0000000,"Offshore Wind",6035680.8866
"Determination 01/04/2026-30/06/2026",2026-06-14 00:00:00.0000000,2026-07-10 00:00:00.0000000,"Energy from Waste with CHP",21818.5805
"Determination 01/07/2026-30/09/2026",2026-09-12 00:00:00.0000000,2026-10-09 00:00:00.0000000,"Onshore Wind",244751.3674
"Determination 01/04/2026-30/06/2026",2026-06-14 00:00:00.0000000,2026-07-10 00:00:00.0000000,"Offshore Wind",4529066.9240
"Determination 01/07/2026-30/09/2026",2026-09-12 00:00:00.0000000,2026-10-09 00:00:00.0000000,"Solar PV",3046.2927
"Determination 01/04/2026-30/06/2026",2026-06-14 00:00:00.0000000,2026-07-10 00:00:00.0000000,"Onshore Wind",185800.8768
"Determination 01/07/2026-30/09/2026",2026-09-13 00:00:00.0000000,2026-10-09 00:00:00.0000000,"Advanced Conversion Technology",0.0000
"Determination 01/04/2026-30/06/2026",2026-06-14 00:00:00.0000000,2026-07-10 00:00:00.0000000,"Solar PV",23337.5171
"Determination 01/07/2026-30/09/2026",2026-09-13 00:00:00.0000000,2026-10-09 00:00:00.0000000,"Biomass Conversion",1655839.0917
"Determination 01/07/2026-30/09/2026",2026-09-13 00:00:00.0000000,2026-10-09 00:00:00.0000000,"Biomass with CHP",466979.1341
"Determination 01/07/2026-30/09/2026",2026-09-13 00:00:00.0000000,2026-10-09 00:00:00.0000000,"Energy from Waste with CHP",18488.1000
"Determination 01/07/2026-30/09/2026",2026-09-13 00:00:00.0000000,2026-10-09 00:00:00.0000000,"Offshore Wind",6198533.0091
"Determination 01/07/2026-30/09/2026",2026-09-13 00:00:00.0000000,2026-10-09 00:00:00.0000000,"Onshore Wind",249838.6875
"Determination 01/07/2026-30/09/2026",2026-09-13 00:00:00.0000000,2026-10-09 00:00:00.0000000,"Solar PV",3827.4497
"Determination 01/07/2026-30/09/2026",2026-09-16 00:00:00.0000000,2026-10-09 00:00:00.0000000,"Solar PV",-8859.0046
