Date,Price,Seven-day rolling average
2020-01-01,3.951209083333334,3.7211387976190484
2020-01-02,1.7714166666666664,3.486188351190477
2020-01-03,2.1354583333333332,3.112759779761905
2020-01-04,2.6996666666666673,2.988640732142857
2020-01-05,2.758,2.853292517857143
2020-01-06,3.4715975416666667,2.9445646369047624
2020-01-07,2.8751249999999997,2.8089247559523813
2020-01-08,3.0537916666666676,2.680722267857143
2020-01-09,3.061168020833333,2.8649724613095238
2020-01-10,4.486437770833334,3.200826666666667
2020-01-11,3.2667213750000004,3.2818344821428576
2020-01-12,3.5584795,3.3961886964285717
2020-01-13,3.6887081249999993,3.427204494047619
2020-01-14,4.950083333333334,3.723627113095238
2020-01-15,3.006422791666667,3.7168601309523805
2020-01-16,3.9214164583333337,3.8397527648809526
2020-01-17,3.1079680833333336,3.642828523809524
2020-01-18,3.8235953333333326,3.722381946428571
2020-01-19,4.138275270833333,3.8052099136904762
2020-01-20,2.8328125,3.6829391101190474
2020-01-21,5.204829208333333,3.7193313779761903
2020-01-22,5.773104166666668,4.114571574404762
2020-01-23,3.7429468541666666,4.089075916666666
2020-01-24,3.5913958333333333,4.158137023809524
2020-01-25,3.575973166666666,4.122762428571429
2020-01-26,3.513228958333334,4.033470098214286
2020-01-27,3.648186854166666,4.149952148809524
2020-01-28,3.777624999999999,3.9460658333333334
2020-01-29,3.4091666666666676,3.608360476190476
2020-01-30,2.490270833333333,3.4294067589285717
2020-01-31,3.2563680833333337,3.3815456517857143
2020-02-01,3.308120375,3.343280967261905
2020-02-02,3.7491458333333334,3.376983377976191
2020-02-03,2.5721249999999993,3.2232602559523813
2020-02-04,3.4578541666666682,3.1775787083333333
2020-02-05,1.7229791666666667,2.9366947797619045
2020-02-06,3.7137099583333333,3.111471797619047
2020-02-07,3.1534433125,3.0967682589285714
2020-02-08,3.0098964375000006,3.0541648392857144
2020-02-09,3.428958333333333,3.0084237678571433
2020-02-10,4.020979166666667,3.2154029345238095
2020-02-11,3.382333333333334,3.2046142440476193
2020-02-12,2.3898914374999998,3.299887425595238
2020-02-13,3.6881041666666667,3.296229455357143
2020-02-14,3.86975,3.398558982142857
2020-02-15,3.1511041666666673,3.4187315148809523
2020-02-16,3.114125270833333,3.3737553630952384
2020-02-17,3.2096426666666664,3.257850148809524
2020-02-18,2.8315208333333333,3.1791626488095237
2020-02-19,2.8542371041666668,3.2454977440476194
2020-02-20,2.5774375000000003,3.086831077380953
2020-02-21,3.3136458333333336,3.007387625
2020-02-22,4.111717875,3.144618154761905
2020-02-23,3.2129895208333337,3.158741619047619
2020-02-24,4.136686729166667,3.2911764851190477
2020-02-25,4.795,3.5716735089285714
2020-02-26,3.3597429166666672,3.643888625
2020-02-27,3.235883729166666,3.7379523720238095
2020-02-28,2.585737645833333,3.6339654880952383
2020-02-29,2.3646111875,3.3843788184523804
2020-03-01,1.916687958333333,3.199192880952381
2020-03-02,3.6303958333333326,3.1268656101190473
2020-03-03,4.0531848958333345,3.020892023809523
2020-03-04,12.289082541666668,4.296511970238095
2020-03-05,2.632041666666667,4.2102488184523805
2020-03-06,3.9409166666666664,4.403845821428571
2020-03-07,1.619429458333333,4.297391288690476
2020-03-08,2.151126208333333,4.3308824672619055
2020-03-09,2.9904415416666668,4.239460425595238
2020-03-10,2.753409520833334,4.053778229166666
2020-03-11,3.4280844791666665,2.7879213630952377
2020-03-12,3.237833333333333,2.874463029761905
2020-03-13,2.7382244375,2.702649854166667
2020-03-14,2.3798155833333334,2.811276443452381
2020-03-15,3.435791666666667,2.9948000803571424
2020-03-16,2.0959858125,2.8670206904761906
2020-03-17,2.716075375,2.8616872410714285
2020-03-18,3.599121354166667,2.886121080357143
2020-03-19,3.4762499999999994,2.9201806041666667
2020-03-20,2.1553643333333334,2.836914875
2020-03-21,2.168812833333333,2.806771625
2020-03-22,2.2323280624999997,2.63484825297619
2020-03-23,1.9254587291666663,2.610487241071428
2020-03-24,1.172501083333334,2.38997662797619
2020-03-25,1.4267255208333327,2.0796343660714283
2020-03-26,2.316928020833333,1.9140169404761902
2020-03-27,2.2422705833333345,1.9264321190476195
2020-03-28,1.6275627083333333,1.8491106726190478
2020-03-29,2.7285217391304335,1.9199954835662523
2020-03-30,3.0127603541666668,2.0753242871376814
2020-03-31,3.012544520833333,2.338187635351967
2020-04-01,3.6096041666666663,2.650027441899586
2020-04-02,2.80656275,2.719975260351967
2020-04-03,2.633854166666667,2.7759157722567283
2020-04-04,2.904758,2.958372242494824
2020-04-05,1.626788583333333,2.800981791666667
2020-04-06,1.4266977916666672,2.5744014255952377
2020-04-07,2.541446791666667,2.5071017500000004
2020-04-08,1.9301780416666667,2.267183732142857
2020-04-09,3.2409015624999995,2.3292321339285715
2020-04-10,3.706861395833333,2.482518880952381
2020-04-11,1.8584763125000001,2.3330500684523807
2020-04-12,3.325507291666667,2.575724169642857
2020-04-13,0.32379166666666814,2.4181661517857145
2020-04-14,1.1494101875,2.219303779761905
2020-04-15,2.0626880416666666,2.2382337797619045
2020-04-16,2.9364545,2.1947413422619046
2020-04-17,2.6876249999999997,2.0491361428571433
2020-04-18,2.8719791666666667,2.1939222648809524
2020-04-19,2.1977501666666663,2.032814104166667
2020-04-20,0.17239127083333336,2.011185476190476
2020-04-21,1.3077707291666651,2.0338084107142853
2020-04-22,3.537993520833333,2.2445663363095236
2020-04-23,3.4800736875,2.3222262202380946
2020-04-24,1.6126874999999998,2.168663720238095
2020-04-25,3.0082916666666666,2.188136934523809
2020-04-26,2.291146479166667,2.2014792648809522
2020-04-27,1.5825419791666666,2.402929366071428
2020-04-28,3.3901666666666666,2.7004145
2020-04-29,2.232582958333334,2.5139272767857146
2020-04-30,2.1065829791666664,2.317714318452381
2020-05-01,3.020395833333333,2.5188155089285713
2020-05-02,2.4455838125000007,2.4384286726190476
2020-05-03,3.563229166666667,2.620154770833334
2020-05-04,2.8278544375,2.798056550595238
2020-05-05,2.0409870625,2.6053166071428575
2020-05-06,2.24570875,2.607191720238095
2020-05-07,3.5084791666666666,2.807462604166667
2020-05-08,2.7602916666666664,2.7703048660714287
2020-05-09,3.5472735208333335,2.9276891101190476
2020-05-10,2.5037291666666666,2.7763319672619047
2020-05-11,0.6513543958333333,2.465403389880952
2020-05-12,2.0740625000000006,2.470128452380952
2020-05-13,2.0227985833333335,2.438284142857143
2020-05-14,2.6679291874999995,2.318205574404762
2020-05-15,2.392354166666667,2.2656430744047618
2020-05-16,1.9992083333333333,2.044490904761905
2020-05-17,2.627020833333334,2.062104
2020-05-18,3.0417707916666665,2.403592056547619
2020-05-19,2.4548439583333335,2.457989407738095
2020-05-20,2.5630861250000003,2.535173342261905
2020-05-21,2.216771,2.470722172619048
2020-05-22,-1.6630041666666664,1.8913852678571426
2020-05-23,2.54696425,1.969636113095238
2020-05-24,0.3507908333333326,1.6444603988095239
2020-05-25,3.373354104166667,1.691829443452381
2020-05-26,2.899072645833332,1.7552906845238094
2020-05-27,2.649139270833333,1.7675839910714282
2020-05-28,2.5246052499999996,1.8115603124999997
2020-05-29,2.116347333333333,2.3514676696428567
2020-05-30,1.5497330000000002,2.2090060624999994
2020-05-31,2.420854166666667,2.5047293958333334
2020-06-01,2.8095721250000003,2.4241891130952378
2020-06-02,3.4339999999999997,2.500607306547619
2020-06-03,2.0109071250000006,2.409431285714285
2020-06-04,3.066479291666667,2.4868418630952385
2020-06-05,1.5163756250000007,2.4011316190476193
2020-06-06,0.5254583333333331,2.2548066666666666
2020-06-07,2.547467916666667,2.2728943452380954
2020-06-08,3.4249797916666664,2.360809726190476
2020-06-09,2.8266736875,2.2740488244047623
2020-06-10,2.5978763125000004,2.3579015654761903
2020-06-11,3.0871251458333333,2.3608509732142857
2020-06-12,3.2125834583333335,2.6031663779761907
2020-06-13,3.214479229166667,2.9873122202380955
2020-06-14,3.0129791666666668,3.0538138273809525
2020-06-15,3.6128541666666663,3.080653023809524
2020-06-16,2.6771878958333333,3.0592979107142857
2020-06-17,2.9180109375,3.105031428571429
2020-06-18,3.3468842291666667,3.1421398690476186
2020-06-19,2.9633125000000002,3.106529732142857
2020-06-20,2.967812375,3.0712916101190477
2020-06-21,1.1563754166666662,2.8060625029761903
2020-06-22,2.595860979166667,2.660777761904762
2020-06-23,3.3992869791666664,2.763934773809524
2020-06-24,3.188479166666667,2.802573092261905
2020-06-25,3.1734583333333335,2.777797964285714
2020-06-26,3.1734791666666666,2.807821773809524
2020-06-27,1.8614583333333332,2.649771196428571
2020-06-28,-1.6911451875000019,2.2429825386904763
2020-06-29,2.5996043749999993,2.2435173095238095
2020-06-30,3.5381458333333335,2.263354288690476
2020-07-01,2.5536455833333327,2.172663776785714
2020-07-02,3.234500833333333,2.1813841339285713
2020-07-03,2.4443722291666674,2.077226
2020-07-04,1.9490003958333333,2.0897320089285714
2020-07-05,2.5594586041666707,2.6969611220238106
2020-07-06,1.9876561666666663,2.6095399494047626
2020-07-07,2.5839564999999993,2.473227187500001
2020-07-08,3.198824229166667,2.565395565476191
2020-07-09,2.636587916666667,2.47997943452381
2020-07-10,2.72407125,2.5199364375000006
2020-07-11,2.4543418333333333,2.5921280714285717
2020-07-12,2.0928968333333335,2.5254763898809527
2020-07-13,2.78971925,2.640056830357143
2020-07-14,3.4391458333333333,2.762226735119048
2020-07-15,3.0497431666666666,2.7409294404761906
2020-07-16,3.192596625,2.8203592559523813
2020-07-17,2.255833333333333,2.753468125
2020-07-18,3.0107709999999996,2.8329580059523805
2020-07-19,2.3929795416666666,2.8758269642857144
2020-07-20,2.5008130625,2.8345546517857145
2020-07-21,3.326296041666667,2.8184332529761904
2020-07-22,2.6068780833333336,2.7551668125
2020-07-23,3.1738150833333334,2.7524837351190476
2020-07-24,3.991625,3.0004539732142854
2020-07-25,3.6787178125000004,3.0958749464285718
2020-07-26,2.758938604166667,3.1481548124999996
2020-07-27,2.4399583333333332,3.1394612797619046
2020-07-28,2.2779583333333333,2.98969875
2020-07-29,2.296626291666667,2.945377065476191
2020-07-30,3.894721479166667,3.0483636934523806
2020-07-31,3.6531474374999995,3.000009755952381
2020-08-01,2.362271,2.8119459255952384
2020-08-02,2.7386884375,2.8090530446428565
2020-08-03,2.8329711250000003,2.8651977291666664
2020-08-04,2.960934041666666,2.9627656874999997
2020-08-05,2.4644583333333334,2.9867416934523807
2020-08-06,3.843251291666667,2.9793888095238095
2020-08-07,3.5843541666666665,2.969561199404762
2020-08-08,3.1562490000000003,3.08298662797619
2020-08-09,4.027666791666666,3.2671263928571426
2020-08-10,4.392250354166666,3.4898805684523806
2020-08-11,4.978637145833334,3.7781238690476195
2020-08-12,2.6227605625000003,3.8007384732142855
2020-08-13,3.99875,3.8229525744047623
2020-08-14,4.0192625,3.885082336309524
2020-08-15,4.295896000000001,4.047889050595239
2020-08-16,4.112307125,4.059980526785714
2020-08-17,4.611979166666667,4.091370357142858
2020-08-18,3.478438333333333,3.8770562410714287
2020-08-19,4.390541666666667,4.129596398809524
2020-08-20,3.617538604166667,4.075137627976191
2020-08-21,4.057569729166667,4.080610089285715
2020-08-22,2.967197,3.8907959464285713
2020-08-23,2.489987854166667,3.659036050595238
2020-08-24,2.0848795208333337,3.2980218154761904
2020-08-25,3.2005604374999996,3.2583249732142856
2020-08-26,4.049878458333334,3.2096588005952387
2020-08-27,4.397724770833333,3.321113967261905
2020-08-28,3.4627735625,3.236143086309524
2020-08-29,4.241598145833334,3.4182003928571425
2020-08-30,3.6115799583333335,3.5784278363095234
2020-08-31,3.5086415833333335,3.7818224166666665
2020-09-01,4.028559354166666,3.9001079761904762
2020-09-02,4.478687729166667,3.961366443452381
2020-09-03,4.0774929166666665,3.9156190357142857
2020-09-04,3.9613758333333338,3.9868479315476195
2020-09-05,3.6628486249999996,3.9041694285714286
2020-09-06,4.338791666666667,4.00805681547619
2020-09-07,3.978940395833333,4.075242360119048
2020-09-08,4.447132916666666,4.135038583333333
2020-09-09,3.361121666666667,3.9753862886904763
2020-09-10,4.8839231875,4.090590613095237
2020-09-11,3.8713333333333337,4.0777273988095235
2020-09-12,1.4620706249999995,3.763330541666666
2020-09-13,3.320257791666667,3.617825702380952
2020-09-14,5.8718959375,3.888247922619047
2020-09-15,11.265180854166667,4.862254770833333
2020-09-16,4.4123125000000005,5.012424889880952
2020-09-17,3.4300405833333336,4.804727375000001
2020-09-18,2.7587391250000004,4.645785345238096
2020-09-19,3.3608103333333332,4.917033875
2020-09-20,3.528230270833334,4.946744229166667
2020-09-21,3.102201229166667,4.551073556547619
2020-09-22,3.892435354166666,3.4978241994047616
2020-09-23,4.668352770833334,3.534401380952381
2020-09-24,5.236459833333333,3.7924612738095242
2020-09-25,3.7884144166666665,3.9395577440476193
2020-09-26,4.266187499999999,4.068897339285714
2020-09-27,3.329855,4.040558014880952
2020-09-28,5.946020375,4.446817892857142
2020-09-29,5.556875,4.684594985119047
2020-09-30,5.356822958333334,4.782947869047619
2020-10-01,3.6820701458333334,4.560892199404761
2020-10-02,4.048375,4.598029425595237
2020-10-03,5.180750000000001,4.728681211309524
2020-10-04,4.139499979166667,4.844344779761904
2020-10-05,4.835271083333334,4.68566630952381
2020-10-06,4.382979166666667,4.517966904761905
2020-10-07,4.1566502708333335,4.346513663690476
2020-10-08,5.406251916666667,4.592825345238095
2020-10-09,4.248038958333334,4.621348767857143
2020-10-10,4.594313583333334,4.537572136904762
2020-10-11,4.390047708333334,4.573364669642858
2020-10-12,4.400483729166666,4.511252190476191
2020-10-13,4.919406875,4.587884720238096
2020-10-14,5.020812770833333,4.7113365059523815
2020-10-15,4.7554134166666655,4.618359577380952
2020-10-16,4.580166666666669,4.665806392857143
2020-10-17,4.6765685625,4.6775571041666675
2020-10-18,5.221083333333334,4.796276479166667
2020-10-19,4.0899375,4.751912732142857
2020-10-20,4.727319666666666,4.724471702380952
2020-10-21,4.3089794375,4.622781226190476
2020-10-22,3.7556666666666665,4.479960261904762
2020-10-23,4.960710729166666,4.534323699404761
2020-10-24,3.9816618749999995,4.435051315476191
2020-10-25,2.31058778,4.019266236428572
2020-10-26,3.365986041666666,3.915844599523809
2020-10-27,4.1864169375,3.838572781071428
2020-10-28,4.6175000000000015,3.882647147142857
2020-10-29,3.464022958333332,3.840983760238095
2020-10-30,4.067021333333335,3.7133138465476185
2020-10-31,2.9640625,3.5679425072619053
2020-11-01,0.8053333333333332,3.352906157738096
2020-11-02,2.7958077291666656,3.2714521130952385
2020-11-03,4.6805006875,3.342035505952381
2020-11-04,2.6676041666666666,3.0634789583333335
2020-11-05,4.5710008958333335,3.221618663690476
2020-11-06,4.803806333333332,3.3268736636904754
2020-11-07,4.788229166666666,3.5874689017857144
2020-11-08,5.9183750625,4.317903434523809
2020-11-09,6.718026666666667,4.878220425595239
2020-11-10,3.3414517499999987,4.686927720238095
2020-11-11,4.001243166666667,4.877447577380951
2020-11-12,3.189000479166666,4.680018946428571
2020-11-13,4.015833333333333,4.567451374999999
2020-11-14,4.207485354166666,4.484487973214286
2020-11-15,1.897290958333334,3.910047386904761
2020-11-16,3.039916604166667,3.384603092261904
2020-11-17,4.139323541666665,3.4985847767857137
2020-11-18,3.426110125000001,3.416422913690476
2020-11-19,3.210729166666667,3.419527011904762
2020-11-20,3.6873181875,3.3725962767857145
2020-11-21,2.6992980625,3.157140949404762
2020-11-22,2.856479166666667,3.2941678363095237
2020-11-23,3.885808166666667,3.415009488095238
2020-11-24,4.639750375000001,3.486499035714286
2020-11-25,3.7565208333333344,3.533700565476191
2020-11-26,5.4385281249999995,3.85195755952381
2020-11-27,5.5071155625,4.111928613095238
2020-11-28,5.852458187500001,4.56238005952381
2020-11-29,5.697314333333333,4.968213654761906
2020-11-30,3.5303272916666666,4.917430672619048
2020-12-01,6.468005083333333,5.178609916666667
2020-12-02,7.123500166666668,5.659606964285714
2020-12-03,6.3291282708333325,5.786835556547618
2020-12-04,3.6255187500000003,5.518036011904761
2020-12-05,4.822923583333333,5.370959639880953
2020-12-06,9.161854166666664,5.865893901785715
2020-12-07,12.20359404166666,7.104932008928571
2020-12-08,5.071790999999999,6.905472854166666
2020-12-09,5.913187645833334,6.732571065476188
2020-12-10,3.6470489583333325,6.349416877976188
2020-12-11,5.339833541666667,6.594318991071426
2020-12-12,5.427770833333334,6.680725741071426
2020-12-13,4.350041666666667,5.993323955357142
2020-12-14,5.098416666666667,4.978298616071428
2020-12-15,4.447718041666667,4.889145336309524
2020-12-16,5.209541583333333,4.788624470238096
2020-12-17,5.307352374999999,5.0258106726190475
2020-12-18,4.228199895833333,4.867005866071429
2020-12-19,4.627825729166667,4.7527279940476195
2020-12-20,5.917520833333333,4.976653589285715
2020-12-21,6.2221721875,5.137190092261904
2020-12-22,4.287031875,5.114234925595237
2020-12-23,4.9841875,5.082041485119047
2020-12-24,5.4100625,5.096714360119049
2020-12-25,6.169062208333333,5.373980404761904
2020-12-26,2.451604166666667,5.063091610119047
2020-12-27,5.401143166666666,4.98932337202381
2020-12-28,10.700791937499998,5.629126193452381
2020-12-29,8.015048562499999,6.1617000059523805
2020-12-30,8.268344708333334,6.630865321428571
2020-12-31,6.945937499999999,6.850276035714286
2021-01-01,6.332257520833335,6.873589651785714
2021-01-02,6.287238395833336,7.421537398809525
2021-01-03,5.517020833333333,7.438091351190477
2021-01-04,6.301558458333334,6.809629425595238
2021-01-05,6.8739791666666665,6.6466195119047615
2021-01-06,8.942666541666666,6.742951202380953
2021-01-07,17.14730377083334,8.20028924107143
2021-01-08,25.30213189583333,10.910271294642857
2021-01-09,7.226625,11.04446938095238
2021-01-10,6.286228520833333,11.154356193452381
2021-01-11,5.970914895833333,11.107121398809523
2021-01-12,8.793617854166666,11.38135549702381
2021-01-13,9.678205770833333,11.486432529761904
2021-01-14,4.324708333333333,9.654633181547618
2021-01-15,7.222810687500001,7.071873008928571
2021-01-16,5.6445628125,6.845864124999999
2021-01-17,4.798289875,6.633301461309523
2021-01-18,5.637809312499999,6.585714949404761
2021-01-19,5.993,6.18562668452381
2021-01-20,9.551102416666668,6.1674690624999995
2021-01-21,6.694743229166667,6.506045476190477
2021-01-22,8.198041666666668,6.6453641875
2021-01-23,8.046333333333333,6.988474261904762
2021-01-24,5.685291666666666,7.115188803571429
2021-01-25,6.105442437500001,7.181993535714287
2021-01-26,8.128645854166667,7.4870858005952385
2021-01-27,7.3916458333333335,7.178592002976191
2021-01-28,6.783348812499999,7.191249943452383
2021-01-29,5.983000270833333,6.874815458333335
2021-01-30,4.0609625000000005,6.305476767857144
2021-01-31,4.134646020833333,6.083955961309523
2021-02-01,10.0638125,6.649437398809523
2021-02-02,5.9533125,6.338675491071429
2021-02-03,6.594895833333334,6.2248540625
2021-02-04,6.5480625,6.191241732142857
2021-02-05,5.238983208333333,6.084953580357142
2021-02-06,5.338062770833333,6.267396476190476
2021-02-07,2.827468479166666,6.080656827380952
2021-02-08,6.46211027083333,5.566127937499999
2021-02-09,5.042781416666666,5.436052068452379
2021-02-10,8.140740020833334,5.656886952380952
2021-02-11,6.497854437500001,5.649714372023809
2021-02-12,5.988229166666666,5.7567495089285705
2021-02-13,6.048520833333333,5.858243517857142
2021-02-14,6.432916666666666,6.373307544642856
2021-02-15,6.0851490833333335,6.319455946428571
2021-02-16,3.6518875,6.120756815476191
2021-02-17,3.4255778750000005,5.447162223214286
2021-02-18,3.698854166666666,5.047305041666667
2021-02-19,3.870031000000001,4.744705303571429
2021-02-20,4.462765625000001,4.518168845238096
2021-02-21,3.59295975,4.112460714285715
2021-02-22,5.119510125,3.974512291666666
2021-02-23,3.712494166666667,3.9831703869047623
2021-02-24,3.377356625000001,3.976281636904762
2021-02-25,4.001176166666667,4.01947049404762
2021-02-26,4.267479166666667,4.0762488035714295
2021-02-27,5.593726125,4.237814589285715
2021-02-28,4.61950575,4.384464017857143
2021-03-01,6.196729208333333,4.538352458333334
2021-03-02,7.514345145833334,5.081474026785715
2021-03-03,12.154820062499999,6.335397375
2021-03-04,6.60904175,6.707949601190477
2021-03-05,5.110892625,6.828437238095239
2021-03-06,5.946249999999999,6.878797791666666
2021-03-07,7.998653687500001,7.361533211309523
2021-03-08,5.011208333333333,7.192173086309524
2021-03-09,5.292041666666667,6.874701160714287
2021-03-10,5.829607895833333,5.971099422619048
2021-03-11,3.4640174375,5.521810235119047
2021-03-12,5.2999329375,5.54881599404762
2021-03-13,7.0556669375,5.707304127976191
2021-03-14,2.951006145833333,4.986211622023809
2021-03-15,4.378020833333332,4.895756264880952
2021-03-16,4.139435020833334,4.731098172619047
2021-03-17,5.968580729166667,4.750951434523809
2021-03-18,5.098314729166667,4.984422476190476
2021-03-19,5.3306669375,4.988813047619048
2021-03-20,5.306151375000001,4.7388822529761905
2021-03-21,5.686558958333333,5.129675511904763
2021-03-22,4.663653145833334,5.17048012797619
2021-03-23,5.492333333333333,5.363751315476191
2021-03-24,3.9595064791666688,5.076740708333333
2021-03-25,5.670755104166668,5.158517904761905
2021-03-26,4.928076979166667,5.101005053571429
2021-03-27,4.877646250000001,5.039790035714286
2021-03-28,5.078392804347827,4.952909156573499
2021-03-29,2.897770833333333,4.7006402547877855
2021-03-30,4.42099025,4.547591242883024
2021-03-31,4.771729166666667,4.663623055383023
2021-04-01,6.075000229166667,4.721372358954452
2021-04-02,4.8241045,4.706519147644927
2021-04-03,3.9796484375,4.5782337458592135
2021-04-04,4.650416666666667,4.517094297619048
2021-04-05,5.305271541666665,4.8610229702380945
2021-04-06,6.756145833333333,5.194616625
2021-04-07,10.151250479166666,5.963119669642857
2021-04-08,4.807689833333333,5.782075327380952
2021-04-09,6.574489666666667,6.032130351190475
2021-04-10,7.218235979166667,6.494785714285713
2021-04-11,5.862291666666667,6.667910714285712
2021-04-12,29.343125000000004,10.101889779761905
2021-04-13,8.601037999999999,10.36544580357143
2021-04-14,7.2549375,9.951686806547619
2021-04-15,6.749937604166666,10.229150773809524
2021-04-16,7.8175588750000005,10.406732089285713
2021-04-17,6.839237958333333,10.35258951488095
2021-04-18,4.8284375000000015,10.204896062500001
2021-04-19,5.165891541666667,6.75100556845238
2021-04-20,5.4652595625,6.303037220238095
2021-04-21,6.745172541666667,6.230213654761905
2021-04-22,6.5350625,6.199517211309526
2021-04-23,6.431520833333335,6.0015117767857165
2021-04-24,5.831291833333333,5.857519473214287
2021-04-25,4.692054458333334,5.838036181547619
2021-04-26,5.188708333333333,5.8412957232142855
2021-04-27,6.997541041666667,6.060193077380952
2021-04-28,7.445868395833335,6.160292485119049
2021-04-29,8.588087812500001,6.453581815476191
2021-04-30,8.2158715625,6.7084890625
2021-05-01,7.494987437499999,6.946159863095239
2021-05-02,8.455286375,7.483764422619047
2021-05-03,6.948647458333333,7.735184297619048
2021-05-04,5.477437208333333,7.518026607142858
2021-05-05,8.303791666666667,7.640587074404762
2021-05-06,7.9399236250000005,7.547992190476191
2021-05-07,7.660009562499999,7.468583333333334
2021-05-08,8.559166666666666,7.620608937500001
2021-05-09,6.576313229166667,7.352184202380953
2021-05-10,6.187686479166667,7.243475491071428
2021-05-11,5.407083229166667,7.233424922619048
2021-05-12,6.969047458333333,7.042747178571429
2021-05-13,8.307501708333334,7.095258333333333
2021-05-14,10.751474333333329,7.536896157738094
2021-05-15,9.862083333333334,7.723027110119046
2021-05-16,8.919280979166668,8.057736788690477
2021-05-17,9.672716333333334,8.555598196428571
2021-05-18,6.973839645833334,8.779420541666669
2021-05-19,7.892633000000001,8.911361333333334
2021-05-20,7.11757975,8.741372482142857
2021-05-21,6.573437499999999,8.144510077380954
2021-05-22,8.658416666666666,7.972557696428572
2021-05-23,5.8929775625000005,7.540228636904763
2021-05-24,6.873937499999999,7.140403089285714
2021-05-25,9.376499520833333,7.483640214285714
2021-05-26,8.632999666666667,7.58940688095238
2021-05-27,5.881979750000002,7.4128925952380955
2021-05-28,7.155848645833333,7.4960941875
2021-05-29,6.484665020833333,7.185558238095238
2021-05-30,6.10191725,7.215406764880952
2021-05-31,6.757037833333333,7.1987068125
2021-06-01,6.5750425,6.798498666666668
2021-06-02,8.282310291666665,6.748400184523811
2021-06-03,5.428422020833333,6.6836062232142845
2021-06-04,6.638333333333333,6.609675464285714
2021-06-05,5.4521461041666655,6.462172761904761
2021-06-06,4.602712458333334,6.248000648809524
2021-06-07,4.684519520833334,5.951926604166666
2021-06-08,7.548146249999999,6.090941425595238
2021-06-09,7.547002375,5.9858974375
2021-06-10,7.800433520833333,6.324756223214285
2021-06-11,7.837439166666664,6.496057056547619
2021-06-12,8.512130208333334,6.9331976428571425
2021-06-13,6.615672916666665,7.220763422619048
2021-06-14,8.441229979166668,7.757436345238095
2021-06-15,8.0660219375,7.831418586309523
2021-06-16,8.478458624999998,7.964483764880953
2021-06-17,9.2108338125,8.165969520833332
2021-06-18,8.96445875,8.32697231845238
2021-06-19,9.389626,8.452328860119048
2021-06-20,6.572084187500002,8.446101898809525
2021-06-21,6.618479166666667,8.185708925595238
2021-06-22,5.768854479166667,7.857542145833334
2021-06-23,9.262166937500002,7.969500476190477
2021-06-24,9.202469395833333,7.968305559523811
2021-06-25,8.359126666666667,7.8818295476190485
2021-06-26,8.5972089375,7.7686271101190485
2021-06-27,7.908772666666667,7.959582607142857
2021-06-28,12.572190062500002,8.810112735119048
2021-06-29,7.552540437499999,9.064925014880952
2021-06-30,8.265125666666668,8.922490547619047
2021-07-01,9.52916125,8.969160812500002
2021-07-02,9.713141791666667,9.16259154464286
2021-07-03,9.55631275,9.299606375
2021-07-04,7.375250458333333,9.223388916666668
2021-07-05,8.645021208333334,8.662364794642858
2021-07-06,9.306833583333333,8.912978101190477
2021-07-07,8.879687874999998,9.000772702380953
2021-07-08,10.965020687500001,9.205895479166667
2021-07-09,11.127394833333334,9.407931627976192
2021-07-10,10.396229479166667,9.527919732142857
2021-07-11,10.5232094375,9.977628157738096
2021-07-12,9.0599169375,10.036898976190477
2021-07-13,9.815827020833332,10.109612324404761
2021-07-14,8.779737541666666,10.095333705357143
2021-07-15,8.6877473125,9.770008937499998
2021-07-16,9.3822720625,9.52070568452381
2021-07-17,8.188044708333333,9.205250717261904
2021-07-18,11.015833562500001,9.275625592261905
2021-07-19,11.706291416666668,9.653679089285715
2021-07-20,11.626686479166667,9.912373297619046
2021-07-21,11.143186145833333,10.250008812499999
2021-07-22,12.107396354166667,10.738530104166667
2021-07-23,9.203335645833333,10.712967758928572
2021-07-24,6.199349833333333,10.428868491071428
2021-07-25,7.999399250000001,9.997949303571428
2021-07-26,8.305500499999999,9.512122029761906
2021-07-27,9.178679791666667,9.162406788690477
2021-07-28,10.251835916666668,9.035071041666667
2021-07-29,5.741912083333333,8.125716145833334
2021-07-30,9.670333604166668,8.192430139880953
2021-07-31,10.411979166666667,8.794234330357144
2021-08-01,8.4821249375,8.863195142857146
2021-08-02,7.799474854166666,8.790905764880954
2021-08-03,9.1435595,8.785888580357144
2021-08-04,10.4574595,8.81526337797619
2021-08-05,11.267605583333333,9.604648163690475
2021-08-06,10.798084145833332,9.765755383928573
2021-08-07,8.45525,9.486222645833335
2021-08-08,8.283048958333332,9.457783220238095
2021-08-09,11.720379125,10.017912401785713
2021-08-10,9.852290770833333,10.119159726190475
2021-08-11,10.248135395833334,10.089256282738095
2021-08-12,11.0446475,10.05740512797619
2021-08-13,10.369326979166667,9.996154104166667
2021-08-14,10.458288770833336,10.2823025
2021-08-15,11.155116500000002,10.692597863095239
2021-08-16,10.2043959375,10.476028836309524
2021-08-17,11.3645014375,10.692058931547619
2021-08-18,10.725875541666664,10.760307523809525
2021-08-19,13.266292166666664,11.077685333333333
2021-08-20,12.970458625000001,11.44927556845238
2021-08-21,12.058335416666665,11.677853660714286
2021-08-22,11.095287770833334,11.66930669940476
2021-08-23,11.6227119375,11.871923270833333
2021-08-24,11.297208333333334,11.862309970238092
2021-08-25,12.1847134375,12.07071538392857
2021-08-26,10.818020854166667,11.72096233928571
2021-08-27,10.609875229166667,11.383736139880952
2021-08-28,9.099804520833333,10.961088869047618
2021-08-29,10.427567770833333,10.865700297619048
2021-08-30,12.283797979166668,10.960141160714285
2021-08-31,13.505539166666665,11.275616994047619
2021-09-01,13.732646749999997,11.496750324404761
2021-09-02,15.185278333333333,12.12064425
2021-09-03,15.197003187499996,12.775948244047617
2021-09-04,13.964271666666667,13.470872122023808
2021-09-05,12.2912610625,13.737114020833332
2021-09-06,11.684979083333333,13.651568464285713
2021-09-07,35.63185577083334,16.812470836309522
2021-09-08,20.0766669375,17.71875943452381
2021-09-09,76.07797858333335,26.417716613095244
2021-09-10,16.105029583333334,26.54743466964286
2021-09-11,11.863541666666668,26.247330383928578
2021-09-12,11.958520833333333,26.19979606547619
2021-09-13,10.354041666666665,26.009662148809525
2021-09-14,16.29353258333333,23.247044550595238
2021-09-15,21.184854166666668,23.405357011904762
2021-09-16,9.8819375,13.948779714285715
2021-09-17,13.243618479166667,13.540006699404762
2021-09-18,17.705761416666668,14.374609520833335
2021-09-19,12.318241479166666,14.425998184523808
2021-09-20,11.478208791666665,14.586593488095236
2021-09-21,15.080770833333332,14.413341809523809
2021-09-22,16.410252583333335,13.731255869047619
2021-09-23,12.871825729166664,14.158382758928571
2021-09-24,15.479625166666668,14.477812285714284
2021-09-25,18.418798229166665,14.579674687499999
2021-09-26,10.042251208333333,14.254533220238098
2021-09-27,10.478354166666666,14.111696845238097
2021-09-28,15.542375833333335,14.177640416666668
2021-09-29,13.80989725,13.806161083333334
2021-09-30,16.057998875,14.261328675595239
2021-10-01,17.276250270833334,14.517989404761904
2021-10-02,19.62733935416667,14.690638136904761
2021-10-03,10.195967708333338,14.712597636904762
2021-10-04,13.208022458333335,15.102550250000002
2021-10-05,15.940251187500001,15.159389586309524
2021-10-06,18.773041666666664,15.868410217261905
2021-10-07,20.080329,16.44302880654762
2021-10-08,18.510416666666668,16.61933829166667
2021-10-09,14.506458333333333,15.887783860119047
2021-10-10,10.889250000000004,15.9868241875
2021-10-11,12.69908333333333,15.914118598214285
2021-10-12,14.992654708333333,15.778747672619048
2021-10-13,18.070670270833336,15.678408901785714
2021-10-14,19.16392954166667,15.54749469345238
2021-10-15,14.443979166666665,14.966575050595239
2021-10-16,15.205289666666664,15.066408098214284
2021-10-17,17.260541666666665,15.976592622023807
2021-10-18,17.96114016666667,16.728315026785715
2021-10-19,17.192883979166666,17.042633494047617
2021-10-20,16.587021166666666,16.83068362202381
2021-10-21,17.313560000000003,16.566345116071428
2021-10-22,18.813977291666667,17.190630562499997
2021-10-23,16.79104275,17.417166717261903
2021-10-24,16.09675679166667,17.25091173511905
2021-10-25,14.393793333333338,16.741290758928574
2021-10-26,13.894812083333335,16.270137630952384
2021-10-27,20.6044375,16.844054250000003
2021-10-28,16.440625,16.71934925
2021-10-29,12.188913375,15.772911547619048
2021-10-30,12.717125,15.19092329761905
2021-10-31,9.267805039999999,14.215358761666666
2021-11-01,11.586729604166665,13.8143496575
2021-11-02,41.42159895833333,17.746747782499998
2021-11-03,18.308938541666667,17.418819359880953
2021-11-04,18.933342833333334,17.774921907499998
2021-11-05,16.919083333333333,18.45066047297619
2021-11-06,11.4980774375,18.276510821190474
2021-11-07,13.431812041666669,18.871368964285715
2021-11-08,19.102273041666667,19.945018026785714
2021-11-09,15.187330520833333,16.197265392857144
2021-11-10,16.06378316666666,15.876528910714285
2021-11-11,15.840210687500004,15.434652889880951
2021-11-12,15.766958541666668,15.270063633928572
2021-11-13,17.7770309375,16.16705699107143
2021-11-14,14.179645833333334,16.273890389880954
2021-11-15,12.303299270833335,15.302608422619048
2021-11-16,16.72659152083333,15.522502851190476
2021-11-17,14.915729708333334,15.358495214285712
2021-11-18,12.484854229166668,14.879158577380952
2021-11-19,17.257999083333335,15.09216436904762
2021-11-20,19.223979166666666,15.298871258928571
2021-11-21,18.84776683333333,15.9657456875
2021-11-22,15.025147458333333,16.354581142857146
2021-11-23,17.584958333333336,16.477204973214285
2021-11-24,31.795083104166668,18.88854117261905
2021-11-25,21.239378708333334,20.139187526785715
2021-11-26,21.99148016666667,20.815399110119046
2021-11-27,23.4351875,21.41700030059524
2021-11-28,25.322470833333334,22.341958014880955
2021-11-29,25.42380127083333,23.827479988095238
2021-11-30,20.347648020833333,24.222149943452383
2021-12-01,18.7645625,22.360647000000004
2021-12-02,27.566841916666668,23.264570315476195
2021-12-03,23.247008916666665,23.443931565476188
2021-12-04,16.90875535416667,22.511584116071425
2021-12-05,16.38245391666667,21.234438842261902
2021-12-06,24.157248729166668,21.053502764880953
2021-12-07,21.179791666666667,21.172380428571433
2021-12-08,20.17449377083333,21.373799181547618
2021-12-09,23.482059124999996,20.790258782738096
2021-12-10,25.425958041666668,21.101537229166667
2021-12-11,23.085079104166667,21.983869193452385
2021-12-12,15.988108479166664,21.92753413095238
2021-12-13,25.324896666666667,22.094340979166663
2021-12-14,16.237639187499997,21.388319196428572
2021-12-15,23.213958333333334,21.822528419642858
2021-12-16,21.473104229166665,21.53553486309524
2021-12-17,27.53458333333333,21.83676704761905
2021-12-18,32.24657072916666,23.14555156547619
2021-12-19,30.222387083333324,25.179019937499998
2021-12-20,30.560813458333335,25.927008050595237
2021-12-21,35.10578475,28.622457416666666
2021-12-22,44.819583333333334,31.70897527380952
2021-12-23,33.85160416666666,33.477332407738096
2021-12-24,16.460084083333335,31.89526108630952
2021-12-25,13.6027085,29.231852196428573
2021-12-26,17.590729166666666,27.427329636904766
2021-12-27,15.101522583333335,25.218859511904764
2021-12-28,18.9550625,22.911613476190475
2021-12-29,11.7887723125,18.1929261875
2021-12-30,8.093583333333337,14.513208925595238
2021-12-31,7.7118727708333354,13.263464452380955
2022-01-01,0.23602041666666693,11.353937583333334
2022-01-02,3.4743386875000004,9.33731037202381
2022-01-03,5.753083333333335,8.001819050595241
2022-01-04,15.110407375,7.452582604166667
2022-01-05,20.440562708333324,8.688552660714285
2022-01-06,17.147770833333333,9.982008017857142
2022-01-07,21.442501,11.943526336309523
2022-01-08,18.576750812500002,14.563630678571428
2022-01-09,19.55589583333333,16.860995985119047
2022-01-10,20.68810716666667,18.99457081845238
2022-01-11,17.25645833333333,19.301149526785714
2022-01-12,16.919905875,18.798198550595238
2022-01-13,14.686625000000001,18.446606288690475
2022-01-14,24.114244562499998,18.82828394047619
2022-01-15,24.28125,19.643212395833334
2022-01-16,18.676090791666667,19.517525961309524
2022-01-17,23.20513929166667,19.877101979166664
2022-01-18,24.825854166666666,20.95844424107143
2022-01-19,18.298916666666667,21.155445782738095
2022-01-20,19.074110645833333,21.782229446428573
2022-01-21,15.716035291666666,20.58248526488095
2022-01-22,18.274916666666666,19.724437645833337
2022-01-23,17.474198479166667,19.55273874404762
2022-01-24,77.79038979166667,27.350631672619045
2022-01-25,28.76413195833333,27.913242785714285
2022-01-26,18.86952170833333,27.99475779166667
2022-01-27,20.4413691875,28.19008044047619
2022-01-28,19.722694104166667,28.762460270833333
2022-01-29,18.982966312499997,28.863610220238098
2022-01-30,17.672058895833334,28.891875994047616
2022-01-31,17.899590520833346,20.336047526785713
2022-02-01,13.422614729166664,18.144402208333336
2022-02-02,16.157187999999998,17.756925964285717
2022-02-03,13.639957895833334,16.785295779761903
2022-02-04,16.887387416666666,16.380251967261906
2022-02-05,13.103732520833336,15.540361425595238
2022-02-06,13.912812729166664,15.00332625892857
2022-02-07,17.237401708333334,14.908727857142855
2022-02-08,10.765178999999998,14.529094181547618
2022-02-09,14.746500833333332,14.32756744345238
2022-02-10,16.7440629375,14.771011020833333
2022-02-11,12.647130604166666,14.165260047619046
2022-02-12,12.602588541666666,14.093668050595237
2022-02-13,14.4097461875,14.164658544642858
2022-02-14,13.824059187500001,13.67703818452381
2022-02-15,16.728167104166666,14.52889362797619
2022-02-16,16.066562499999996,14.71747386607143
2022-02-17,14.930256937499996,14.458358723214284
2022-02-18,15.112791666666666,14.81059601785714
2022-02-19,17.96808333333333,15.57709527380952
2022-02-20,18.982666666666667,16.230369627976188
2022-02-21,22.346041666666665,17.44779569642857
2022-02-22,14.0995994375,17.0722860297619
2022-02-23,17.318208604166667,17.25109261607143
2022-02-24,22.6224545,18.349977982142857
2022-02-25,17.056089375,18.62759194047619
2022-02-26,16.546180104166666,18.424462907738096
2022-02-27,9.987523541666667,17.139442461309525
2022-02-28,18.805225395833336,16.63361156547619
2022-03-01,22.868748354166666,17.886347125
2022-03-02,26.269462541666666,19.1650976875
2022-03-03,31.871812499999997,20.486434544642858
2022-03-04,34.961625000000005,23.04436820535714
2022-03-05,31.61272916666666,25.196732357142857
2022-03-06,30.468959875000003,28.122651833333332
2022-03-07,34.8556859375,30.415574767857144
2022-03-08,34.746335333333334,32.1123729077381
2022-03-09,27.8317556875,32.33555764285715
2022-03-10,24.94520854166667,31.34604279166666
2022-03-11,19.289741854166667,29.107202342261903
2022-03-12,15.959210791666667,26.870985431547616
2022-03-13,23.429875000000003,25.865401877976193
2022-03-14,22.032625000000003,24.033536029761905
2022-03-15,20.619765291666667,22.015454595238094
2022-03-16,23.772227604166666,21.435522011904762
2022-03-17,20.297562500000005,20.771572577380955
2022-03-18,18.654646125000003,20.68084461607143
2022-03-19,7.11839547916667,19.417871
2022-03-20,13.72694270833333,18.031737815476188
2022-03-21,22.53172916666667,18.103038410714284
2022-03-22,21.662312499999995,18.251973726190474
2022-03-23,22.606562500000003,18.085450139880955
2022-03-24,22.904333333333334,18.457845973214287
2022-03-25,21.127354166666667,18.811089979166667
2022-03-26,19.491458333333334,20.578670386904758
2022-03-27,17.10363043478261,21.061054347826087
2022-03-28,21.219330125,20.873568770445132
2022-03-29,25.426335833333333,21.41128638949275
2022-03-30,23.778698291666664,21.57873435973085
2022-03-31,24.559208354166667,21.815145076992753
2022-04-01,26.724742166666676,22.61477193413561
2022-04-02,24.611410895833334,23.34619372877847
2022-04-03,20.303208333333334,23.803276285714286
2022-04-04,17.92385416666667,23.332494005952384
2022-04-05,20.038020833333334,22.562734720238097
2022-04-06,20.463292958333334,22.089105386904766
2022-04-07,21.207625270833333,21.610307803571434
2022-04-08,21.13944095833333,20.812407630952382
2022-04-09,21.803166666666666,20.411229883928574
2022-04-10,18.16480875,20.105744229166667
2022-04-11,15.889208333333332,19.815080538690474
2022-04-12,20.888229354166665,19.936538898809523
2022-04-13,19.391854625,19.783476279761906
2022-04-14,16.066851208333333,19.049079985119047
2022-04-15,13.346242624999999,17.9357659375
2022-04-16,11.225857041666668,16.424721705357143
2022-04-17,9.843535875,15.235968437500002
2022-04-18,12.9492570625,14.815975398809524
2022-04-19,12.11281966666667,13.562345443452381
2022-04-20,15.524799166666668,13.009908949404762
2022-04-21,14.306610416666667,12.758445979166668
2022-04-22,14.994229166666667,12.993872627976192
2022-04-23,16.351826208333332,13.726153937500001
2022-04-24,13.913021354166668,14.307509005952383
2022-04-25,22.216542,15.63140685416667
2022-04-26,15.774749125,16.15453963392857
2022-04-27,16.496672791666665,16.293378723214285
2022-04-28,17.884122124999998,16.80445182440476
2022-04-29,14.74721954166667,16.76916473511905
2022-04-30,9.856458333333332,15.841255038690477
2022-05-01,11.467584916666667,15.491906976190478
2022-05-02,16.846480125,14.724755279761906
2022-05-03,19.44747916666666,15.249431
2022-05-04,15.8305244375,15.15426694940476
2022-05-05,12.779431624999997,14.42502544940476
2022-05-06,12.289059479166667,14.073859726190475
2022-05-07,17.599625458333332,15.180026458333332
2022-05-08,13.915416666666667,15.529716708333334
2022-05-09,7.9483840625000015,14.25856012797619
2022-05-10,6.7765325,12.448424889880952
2022-05-11,5.394895833333333,10.957620803571428
2022-05-12,7.462347979166665,10.19803742559524
2022-05-13,8.593812500000002,9.670145000000002
2022-05-14,10.78186625,8.696179398809525
2022-05-15,11.333434541666666,8.32732480952381
2022-05-16,14.059479333333334,9.200338419642856
2022-05-17,13.661112958333334,10.183849913690478
2022-05-18,7.860380749999999,10.536062044642858
2022-05-19,12.067398104166667,11.193926348214287
2022-05-20,8.583354166666666,11.192432300595238
2022-05-21,12.817338708333333,11.483214080357143
2022-05-22,12.296917312500002,11.620854476190477
2022-05-23,14.301458333333334,11.655422904761904
2022-05-24,12.1418125,11.438379982142857
2022-05-25,10.367396375000002,11.796525071428572
2022-05-26,10.812479166666666,11.6172509375
2022-05-27,12.470131395833336,12.172504827380951
2022-05-28,16.263418916666666,12.664802
2022-05-29,16.14979041666667,13.215212443452382
2022-05-30,16.868162125,13.581884413690476
2022-05-31,13.226612041666666,13.736855776785715
2022-06-01,15.141952395833334,14.418935208333334
2022-06-02,16.42875,15.221259613095238
2022-06-03,12.369300666666666,15.206855223214285
2022-06-04,11.290010541666666,14.4963683125
2022-06-05,16.082126395833335,14.486702023809524
2022-06-06,14.654721145833332,14.170496169642858
2022-06-07,16.305744125,14.61037218154762
2022-06-08,14.403041666666667,14.504813505952383
2022-06-09,8.054104166666667,13.308435529761905
2022-06-10,2.6489791666666664,11.919818172619047
2022-06-11,9.482645729166666,11.66162319940476
2022-06-12,13.68639583333333,11.319375976190475
2022-06-13,14.838041812499998,11.345564642857141
2022-06-14,19.506902375,11.802872964285713
2022-06-15,18.61120002083333,12.404038443452379
2022-06-16,19.390780499999998,14.023563633928571
2022-06-17,15.601541666666668,15.873929705357142
2022-06-18,18.373565270833332,17.144061068452377
2022-06-19,16.7533336875,17.582195047619045
2022-06-20,15.960128000000001,17.742493074404763
2022-06-21,23.313384854166667,18.286276285714283
2022-06-22,19.095952375,18.35552662202381
2022-06-23,22.784054854166666,18.840280101190476
2022-06-24,24.776918645833334,20.15104824107143
2022-06-25,12.081229333333333,19.25214310714286
2022-06-26,16.300129312499998,19.187399625
2022-06-27,18.982222354166666,19.619127389880955
2022-06-28,15.276833333333334,18.47104860119047
2022-06-29,20.8561055,18.722499047619046
2022-06-30,25.450256395833332,19.103384982142853
2022-07-01,25.001709645833333,19.13549798214286
2022-07-02,17.505417104166668,19.910381949404762
2022-07-03,16.433043333333334,19.92936966666667
2022-07-04,13.4029251875,19.132327214285713
2022-07-05,28.867753520833332,21.073887241071425
2022-07-06,22.2177919375,21.268413875
2022-07-07,21.912392562500003,20.76300475595238
2022-07-08,23.1681875,20.50107302083333
2022-07-09,16.345456291666668,20.335364333333334
2022-07-10,20.215661812500002,20.875738401785718
2022-07-11,31.477938291666668,23.457883130952382
2022-07-12,35.35364791666667,24.384439473214286
2022-07-13,23.139115270833337,24.516057092261907
2022-07-14,20.706771125000003,24.34382545833333
2022-07-15,17.239229916666666,23.496831517857142
2022-07-16,14.1138128125,23.178025306547617
2022-07-17,12.757697041666667,22.112601767857146
2022-07-18,28.331955333333337,21.663175630952384
2022-07-19,41.558604875,22.54959805357143
2022-07-20,18.928416666666664,21.94806968154762
2022-07-21,19.588583333333332,21.788328568452382
2022-07-22,26.12589291666667,23.057851854166667
2022-07-23,25.4400715,24.675888809523805
2022-07-24,24.9606535,26.41916830357143
2022-07-25,22.611998270833332,25.602031580357142
2022-07-26,23.59591716666667,23.03593333630953
2022-07-27,21.156570062500002,23.35424096428572
2022-07-28,25.77367025,24.237824809523808
2022-07-29,33.44372129166667,25.28322886309524
2022-07-30,26.84482908333333,25.483908517857145
2022-07-31,24.142688604166665,25.367056389880954
2022-08-01,25.129665770833338,25.726723175595236
2022-08-02,21.010470458333334,25.357373645833338
2022-08-03,32.445062729166665,26.970015455357146
2022-08-04,28.250469354166665,27.32384389880952
2022-08-05,21.296157354166667,25.58847762202381
2022-08-06,20.996489229166663,24.753000499999995
2022-08-07,18.006145833333328,23.87635153273809
2022-08-08,25.499732229166664,23.929218169642855
2022-08-09,26.620147666666668,24.73060062797619
2022-08-10,31.832641770833334,24.64311191964286
2022-08-11,41.56619104166667,26.545357875000004
2022-08-12,34.41351847916667,28.419266607142855
2022-08-13,33.493479479166666,30.20455092857143
2022-08-14,36.390812249999996,32.83093184523809
2022-08-15,38.087474625000006,34.62918075892857
2022-08-16,40.99108379166667,36.682171633928576
2022-08-17,39.04815947916667,37.71295987797619
2022-08-18,35.19985577083334,36.803483410714286
2022-08-19,33.15445579166667,36.6236173125
2022-08-20,26.40195447916667,35.6105423125
2022-08-21,38.231417,35.87348584821429
2022-08-22,33.114,35.16298947321429
2022-08-23,52.3653936875,36.78789088690477
2022-08-24,50.7355866875,38.4575233452381
2022-08-25,49.222267583333334,40.4607250327381
2022-08-26,56.37811110416667,43.77839007738096
2022-08-27,44.713332041666675,46.3943011577381
2022-08-28,35.49927779166667,46.00399555654762
2022-08-29,39.71417337500001,46.94687746726191
2022-08-30,30.667792187499998,43.847220110119046
2022-08-31,25.149024208333334,40.19199689880953
2022-09-01,36.641155291666664,38.394695142857145
2022-09-02,36.4484998125,35.54760781547619
2022-09-03,25.855541666666664,32.853637761904764
2022-09-04,27.700202,31.739484077380947
2022-09-05,28.304872333333332,30.109583928571425
2022-09-06,22.63160416666667,28.96155706845238
2022-09-07,19.330607937499998,28.13035474404762
2022-09-08,26.067368979166666,26.61981384226191
2022-09-09,24.096413958333336,24.85523014880952
2022-09-10,30.751292770833334,25.55462316369048
2022-09-11,25.537922125,25.245726038690474
2022-09-12,32.125828166666665,25.791576872023807
2022-09-13,25.218229166666667,26.16109472916667
2022-09-14,36.167496,28.566364452380952
2022-09-15,27.416083333333336,28.75903793154762
2022-09-16,21.264511333333335,28.354480413690478
2022-09-17,14.410087041666666,26.02002245238095
2022-09-18,12.599958333333337,24.171741910714285
2022-09-19,22.8367484375,22.844730520833338
2022-09-20,20.969301708333337,22.237740883928574
2022-09-21,24.436473270833336,20.561880494047617
2022-09-22,34.27998,21.542437160714286
2022-09-23,30.7374388125,22.89571251488095
2022-09-24,18.079087833333336,23.41985548511905
2022-09-25,17.867319145833335,24.172335601190476
2022-09-26,15.08977329166667,23.06562486607143
2022-09-27,25.333066,23.689019764880953
2022-09-28,29.535634312499997,24.417471342261905
2022-09-29,23.21288066666667,22.836457151785716
2022-09-30,21.767840145833333,21.555085913690476
2022-10-01,12.867170499999997,20.81052629464286
2022-10-02,11.5813954375,19.912537193452383
2022-10-03,24.59248125,21.270066901785714
2022-10-04,16.669715625,20.03244541964286
2022-10-05,15.344104166666659,18.00508397023809
2022-10-06,12.39702110416666,16.459961175595232
2022-10-07,18.414500395833336,15.980912639880946
2022-10-08,13.773792958333328,16.110430133928567
2022-10-09,13.5785429375,16.395736919642854
2022-10-10,12.851437520833333,14.71844495833333
2022-10-11,19.46037616666667,15.117110749999998
2022-10-12,19.468428708333334,15.706299970238096
2022-10-13,16.2740625,16.260163026785715
2022-10-14,17.092177250000002,16.071259720238096
2022-10-15,11.472688604166667,15.742530526785716
2022-10-16,13.319333333333333,15.705500583333334
2022-10-17,7.111624999999999,14.885527366071429
2022-10-18,6.2611875,12.99992898511905
2022-10-19,3.8957101666666665,10.775254907738097
2022-10-20,14.0460444375,10.456966613095236
2022-10-21,16.546889874999998,10.379068416666668
2022-10-22,6.265167499999999,9.635136830357142
2022-10-23,9.190163875000001,9.045255479166666
2022-10-24,4.572021666666666,8.682455002976189
2022-10-25,7.105687770833333,8.803097898809524
2022-10-26,4.2780000000000005,8.857710732142857
2022-10-27,8.993082270833332,8.135858994047618
2022-10-28,8.3929323125,6.971007913690476
2022-10-29,9.552238437499998,7.440589476190476
2022-10-30,9.839281680000001,7.533320591190476
2022-10-31,10.362578541666668,8.36054300190476
2022-11-01,8.147959895833331,8.509439019761905
2022-11-02,6.386781833333339,8.810693567380952
2022-11-03,11.674562854166666,9.193762222142857
2022-11-04,10.781610270833335,9.53500193047619
2022-11-05,12.412143333333333,9.943559772738096
2022-11-06,15.163416666666667,10.704150485119047
2022-11-07,8.498999999999999,10.437924979166667
2022-11-08,9.610761958333333,10.646896702380952
2022-11-09,6.129485270833337,10.610140050595238
2022-11-10,5.809207458333331,9.772232136904762
2022-11-11,6.6614169374999985,9.183633089285715
2022-11-12,14.994500270833333,9.552541223214286
2022-11-13,15.400293041666666,9.586380705357143
2022-11-14,11.362373145833335,9.995434011904763
2022-11-15,12.242145020833332,10.371345877976191
2022-11-16,14.877688187499999,11.621089151785712
2022-11-17,9.891167270833336,12.204226267857143
2022-11-18,11.558991666666667,12.903879800595238
2022-11-19,7.364304166666666,11.813851785714288
2022-11-20,11.269105,11.223682065476192
2022-11-21,15.696127770833332,11.84278986904762
2022-11-22,12.935583562500003,11.941852517857143
2022-11-23,14.208362979166669,11.846234630952381
2022-11-24,17.302916937499997,12.905056011904762
2022-11-25,13.539375000000001,13.187967916666667
2022-11-26,12.531875,13.926192321428573
2022-11-27,17.147000270833338,14.765891645833335
2022-11-28,19.770020833333334,15.347876369047617
2022-11-29,34.24684927083333,18.392342898809524
2022-11-30,31.74399039583333,20.897432529761904
2022-12-01,37.78037929166667,23.822784294642855
2022-12-02,29.402514104166663,26.08894702380952
2022-12-03,25.60262025,27.956196345238094
2022-12-04,29.559096854166665,29.729353
2022-12-05,28.489998020833333,30.97506402678571
2022-12-06,35.71131416666667,31.184273297619047
2022-12-07,31.666028958333335,31.173135949404763
2022-12-08,34.736157,30.738247050595238
2022-12-09,38.14048833333333,31.986529083333334
2022-12-10,39.54761175,33.97867072619048
2022-12-11,41.26666760416666,35.65118083333333
2022-12-12,51.235494499999994,38.900537473214285
2022-12-13,49.34231333333333,40.84782306845238
2022-12-14,39.840502104166674,42.015604946428574
2022-12-15,45.362396812499995,43.53363920535713
2022-12-16,35.011854375,43.08669149702381
2022-12-17,28.524064270833332,41.51189899999999
2022-12-18,27.871270833333334,39.59827088988094
2022-12-19,19.829417499999998,35.11168846130953
2022-12-20,15.255250625000002,30.242108074404765
2022-12-21,19.8790501875,27.390472086309526
2022-12-22,19.792945937500004,23.737693389880956
2022-12-23,16.648333333333333,21.114333241071428
2022-12-24,10.712481250000002,18.569821380952384
2022-12-25,10.765875604166666,16.12619349107143
2022-12-26,4.986021020833333,14.005708279761905
2022-12-27,9.918801875,13.243358458333335
2022-12-28,7.102451979166668,11.418130142857143
2022-12-29,12.432999999999995,10.366709294642858
2022-12-30,3.601378479166665,8.502858601190475
2022-12-31,14.747695541666662,9.079317785714283
2023-01-01,12.89689645833333,9.38374933630952
2023-01-02,9.37665327083334,10.01098251488095
2023-01-03,16.351104437500002,10.92988288095238
2023-01-04,4.808878041666666,10.602229461309522
2023-01-05,11.922312770833337,10.529274142857144
2023-01-06,10.243243958333334,11.478112068452381
2023-01-07,8.725011208333331,10.617728592261907
2023-01-08,11.390061874999999,10.402466508928573
2023-01-09,15.1893698125,11.232854586309525
2023-01-10,14.176166666666665,10.92214919047619
2023-01-11,11.2938325,11.848571255952379
2023-01-12,11.161167416666668,11.739836205357145
2023-01-13,15.205521645833329,12.448733017857142
2023-01-14,11.129915395833333,12.792290758928571
2023-01-15,13.153629229166663,13.044228952380951
2023-01-16,12.432959104166667,12.65045599404762
2023-01-17,15.740563416666665,12.873941244047616
2023-01-18,16.87987541666667,13.671947374999998
2023-01-19,17.169869916666666,14.53033344642857
2023-01-20,15.606929250000002,14.587677389880954
2023-01-21,15.645269916666669,15.232728035714286
2023-01-22,13.61225,15.298245288690477
2023-01-23,14.513380083333335,15.595448285714287
2023-01-24,14.2884175,15.38799886904762
2023-01-25,17.876042770833333,15.530308491071429
2023-01-26,16.622611645833334,15.452128738095238
2023-01-27,15.702125,15.46572813095238
2023-01-28,15.092083333333335,15.386701476190476
2023-01-29,8.8794375,14.710585404761902
2023-01-30,14.767188333333333,14.746843726190475
2023-01-31,15.068958333333333,14.85834955952381
2023-02-01,13.818780520833332,14.278740666666666
2023-02-02,13.724233083333335,13.864686586309523
2023-02-03,14.219979166666667,13.652951467261904
2023-02-04,12.0233790625,13.214565142857142
2023-02-05,12.761911895833334,13.769204342261903
2023-02-06,16.74749041666666,14.052104639880953
2023-02-07,16.615524604166666,14.273042678571429
2023-02-08,14.892198395833333,14.426388089285712
2023-02-09,14.581060770833329,14.548792044642855
2023-02-10,13.780625000000004,14.486027163690476
2023-02-11,16.41764439583333,15.113779354166665
2023-02-12,15.200401104166668,15.462134955357143
2023-02-13,14.694086708333334,15.16879156845238
2023-02-14,18.142523916666665,15.386934327380953
2023-02-15,14.323833124999998,15.305739288690475
2023-02-16,11.154958333333333,14.81629608333333
2023-02-17,10.071821208333333,14.286466970238095
2023-02-18,10.867791666666667,13.493630866071427
2023-02-19,10.320895833333333,12.796558684523808
2023-02-20,9.829595604166666,12.101631383928572
2023-02-21,14.544999791666665,11.58769936607143
2023-02-22,13.286459166666665,11.439503086309523
2023-02-23,12.790270833333334,11.673119157738096
2023-02-24,12.884875520833333,12.07498405952381
2023-02-25,13.766583812499999,12.489097223214285
2023-02-26,11.827674416666666,12.70435130654762
2023-02-27,15.58035297916667,13.525888074404763
2023-02-28,12.628591875000001,13.252115514880954
2023-03-01,12.1847368125,13.094726607142858
2023-03-02,13.104284666666667,13.139585726190477
2023-03-03,17.45193820833334,13.792023252976191
2023-03-04,16.00734825,14.112132458333337
2023-03-05,14.945625333333334,14.557554017857147
2023-03-06,14.150414520833333,14.353277095238097
2023-03-07,23.8180623125,15.951772872023811
2023-03-08,15.484583333333333,16.423179517857143
2023-03-09,15.777239770833333,16.80503024702381
2023-03-10,13.68691666666667,16.267170026785717
2023-03-11,13.006645833333334,15.838498252976192
2023-03-12,11.391348854166667,15.330744470238098
2023-03-13,10.414158812500004,14.796993654761907
2023-03-14,17.932562645833332,13.956207988095239
2023-03-15,13.362152499999999,13.653003583333332
2023-03-16,12.201459166666666,13.142177782738097
2023-03-17,14.324916020833333,13.233320547619046
2023-03-18,10.5151875,12.877397928571426
2023-03-19,11.813626583333335,12.937723318452381
2023-03-20,16.3295,13.782772059523808
2023-03-21,9.804416166666666,12.621608276785713
2023-03-22,8.717082354166667,11.958026827380952
2023-03-23,8.84296202083333,11.478241520833333
2023-03-24,2.043022937499997,9.723685366071427
2023-03-25,6.520062500000002,9.152953223214285
2023-03-26,13.235603347826089,9.356092760998964
2023-03-27,9.054020229166667,8.316738508022775
2023-03-28,13.093734104166666,8.786641070522773
2023-03-29,12.517507375000001,9.329558930641822
2023-03-30,10.9292574375,9.627601133022775
2023-03-31,11.181157416666666,10.93304891576087
2023-04-01,11.370595104166668,11.625982144927537
2023-04-02,13.997459979166667,11.734818806547619
2023-04-03,10.700146104166667,11.969979645833332
2023-04-04,10.089437499999999,11.540794416666667
2023-04-05,10.116875,11.197846934523808
2023-04-06,9.230808791666666,10.955211413690476
2023-04-07,8.6765203125,10.597406113095238
2023-04-08,11.058454645833333,10.55281461904762
2023-04-09,6.080690958333333,9.42184761607143
2023-04-10,-0.9337055833333331,7.759868803571428
2023-04-11,7.6320940833333335,7.408819744047619
2023-04-12,10.31425,7.437016172619047
2023-04-13,10.190479999999999,7.57411205952381
2023-04-14,10.113304541666666,7.7793669494047615
2023-04-15,9.789917291666665,7.598147327380951
2023-04-16,11.474648395833334,8.368712675595239
2023-04-17,14.2343961875,10.535584357142856
2023-04-18,10.584338104166667,10.957333502976189
2023-04-19,8.974172479166665,10.765893857142856
2023-04-20,9.969979833333333,10.734393833333334
2023-04-21,10.767083333333332,10.827790803571428
2023-04-22,9.531375958333333,10.79085632738095
2023-04-23,10.860583333333333,10.70313274702381
2023-04-24,9.440479166666666,10.018287458333333
2023-04-25,8.663446354166664,9.743874351190474
2023-04-26,8.8938545625,9.732400363095238
2023-04-27,10.064272166666667,9.74587069642857
2023-04-28,12.574012895833333,10.004003491071428
2023-04-29,10.1916988125,10.098335327380953
2023-04-30,9.1288125,9.85093949404762
2023-05-01,9.057500000000001,9.79622818452381
2023-05-02,9.641540020833334,9.935955851190476
2023-05-03,7.525782749999999,9.740517020833334
2023-05-04,6.325271083333334,9.206374008928574
2023-05-05,8.928483625000002,8.68558411309524
2023-05-06,9.455729166666668,8.580445592261906
2023-05-07,7.793270833333334,8.389653925595239
2023-05-08,9.711856020833334,8.483133357142858
2023-05-09,9.089654,8.404292497023809
2023-05-10,8.374418020833334,8.525526107142856
2023-05-11,9.3768335625,8.961463604166667
2023-05-12,8.696708333333333,8.928352848214287
2023-05-13,10.768435333333336,9.115882300595239
2023-05-14,9.117854937499999,9.305108601190474
2023-05-15,7.936729166666666,9.051519050595239
2023-05-16,6.487814479166667,8.679827690476191
2023-05-17,6.505162416666667,8.412791175595238
2023-05-18,6.7956887916666675,8.044056208333334
2023-05-19,8.469979687499999,8.011666401785714
2023-05-20,5.492312395833332,7.257934553571428
2023-05-21,7.369415520833333,7.008157494047619
2023-05-22,8.001333145833334,7.017386633928572
2023-05-23,6.501354979166668,7.01932099107143
2023-05-24,5.672950270833334,6.900433541666667
2023-05-25,7.214437916666668,6.9602548452380955
2023-05-26,6.080382729166667,6.618883851190477
2023-05-27,3.8705658124999998,6.387205767857142
2023-05-28,3.6693293958333326,5.858622035714285
2023-05-29,2.6499901041666667,5.094144458333334
2023-05-30,8.713657770833333,5.410187714285714
2023-05-31,7.496515083333335,5.670696973214286
2023-06-01,7.185416666666667,5.666551080357143
2023-06-02,5.131782666666667,5.531036785714286
2023-06-03,6.655220125,5.928844544642857
2023-06-04,7.462151166666667,6.470676226190476
2023-06-05,7.821965895833334,7.209529910714286
2023-06-06,10.3619234375,7.4449964345238095
2023-06-07,6.704844041666668,7.331900571428571
2023-06-08,6.673577854166668,7.258780741071428
2023-06-09,8.135312500000001,7.68785643154762
2023-06-10,9.268833270833333,8.06122973809524
2023-06-11,13.155504562499996,8.874565937499998
2023-06-12,13.620263708333335,9.702894196428574
2023-06-13,9.450500020833335,9.572690851190476
2023-06-14,9.776322020833334,10.011473419642858
2023-06-15,10.699749437500003,10.586640788690476
2023-06-16,9.524951249999999,10.785160610119048
2023-06-17,9.4349736875,10.808894955357145
2023-06-18,9.530375562500002,10.291019383928573
2023-06-19,8.448280833333333,9.5521646875
2023-06-20,10.152756166666666,9.65248699404762
2023-06-21,9.324978250000004,9.588009312500002
2023-06-22,9.893067916666666,9.472769095238094
2023-06-23,9.098957333333335,9.411912821428572
2023-06-24,10.3133114375,9.537389642857145
2023-06-25,10.706956145833333,9.705472583333334
2023-06-26,8.499687645833333,9.712816413690478
2023-06-27,8.474901041666666,9.473122824404763
2023-06-28,10.960644666666667,9.706789455357143
2023-06-29,8.358604166666666,9.487580348214285
2023-06-30,6.712283375,9.146626925595239
2023-07-01,0.08836639583333401,7.685920491071428
2023-07-02,-0.4899556041666656,6.086361669642857
2023-07-03,2.3512258750000004,5.208009988095237
2023-07-04,8.689562979166666,5.238675979166666
2023-07-05,7.0612633958333335,4.681621511904763
2023-07-06,8.822187916666667,4.7478477619047625
2023-07-07,5.706464958333333,4.6041594166666675
2023-07-08,9.969000395833334,6.015678559523809
2023-07-09,9.9170625,7.502395431547619
2023-07-10,9.051312958333334,8.459550729166667
2023-07-11,8.931269416666666,8.494080220238095
2023-07-12,8.978848479166667,8.768020946428571
2023-07-13,6.305702604166666,8.408523044642857
2023-07-14,7.398270833333333,8.650209598214285
2023-07-15,3.749246041666667,7.761673261904762
2023-07-16,2.6043134791666676,6.716994830357144
2023-07-17,4.606342312499999,6.081999023809523
2023-07-18,8.394353708333334,6.005296779761905
2023-07-19,8.8217278125,5.982850970238095
2023-07-20,9.335375270833335,6.415661351190478
2023-07-21,7.971222958333334,6.497511654761905
2023-07-22,7.207128750000001,6.991494898809525
2023-07-23,1.5542204166666673,6.841481604166667
2023-07-24,10.979656250000001,7.751955023809525
2023-07-25,8.518333208333335,7.769666380952381
2023-07-26,8.567800458333334,7.7333910446428575
2023-07-27,8.743767583333334,7.648875660714288
2023-07-28,8.2012594375,7.6817380148809535
2023-07-29,6.138022270833334,7.529008517857143
2023-07-30,5.459464249999998,8.086900494047619
2023-07-31,6.772896041666667,7.48593475
2023-08-01,6.609583333333333,7.2132561964285715
2023-08-02,6.813687250000001,6.962668595238095
2023-08-03,9.399583208333334,7.056356541666666
2023-08-04,7.925938,7.0170249077380955
2023-08-05,6.306045854166666,7.041028276785715
2023-08-06,7.772836854166665,7.371510077380953
2023-08-07,6.0287085625,7.265197580357143
2023-08-08,6.379333604166668,7.2323047619047625
2023-08-09,7.4812455208333315,7.327670229166666
2023-08-10,9.636036166666667,7.361449223214286
2023-08-11,6.546011666666667,7.1643168898809515
2023-08-12,7.302995645833333,7.306738288690475
2023-08-13,7.6147084791666675,7.284148520833334
2023-08-14,9.441584395833333,7.771702211309523
2023-08-15,9.457389875,8.211424535714285
2023-08-16,8.131948666666664,8.30438212797619
2023-08-17,6.976223166666666,7.9244088422619035
2023-08-18,6.257589854166667,7.883205726190476
2023-08-19,4.154788708333333,7.433461877976191
2023-08-20,8.280814166666666,7.528619833333333
2023-08-21,9.898657916666668,7.593916050595238
2023-08-22,9.160151145833334,7.5514533749999995
2023-08-23,9.515881791666667,7.749158107142857
2023-08-24,9.647895791666667,8.130825625
2023-08-25,8.296714916666668,8.422129205357143
2023-08-26,6.988771208333333,8.826983848214287
2023-08-27,6.971551020833333,8.63994625595238
2023-08-28,9.842377958333334,8.631906261904762
2023-08-29,8.461414166666668,8.532086693452381
2023-08-30,8.210395833333333,8.345588699404763
2023-08-31,8.014687562499997,8.11227323809524
2023-09-01,10.151268666666667,8.377209488095238
2023-09-02,8.240334354166666,8.556004223214286
2023-09-03,6.649764541666667,8.510034726190478
2023-09-04,8.0575625,8.255061089285714
2023-09-05,8.457655395833333,8.254524122023811
2023-09-06,8.555812499999998,8.303869360119048
2023-09-07,8.682602750000001,8.39928581547619
2023-09-08,10.593232041666667,8.46242344047619
2023-09-09,10.104771625000001,8.72877162202381
2023-09-10,9.422887500000002,9.124932044642858
2023-09-11,9.045009395833334,9.265995886904761
2023-09-12,8.919661125,9.331996705357144
2023-09-13,7.784128416666666,9.221756122023809
2023-09-14,8.178518541666666,9.149744092261907
2023-09-15,9.599814958333333,9.00782736607143
2023-09-16,8.5165625,8.780940348214285
2023-09-17,9.426322104166667,8.78143100595238
2023-09-18,6.996605416666668,8.488801866071428
2023-09-19,5.344729999999998,7.9780974196428565
2023-09-20,7.110733020833334,7.881898077380953
2023-09-21,6.1371650625,7.590276151785715
2023-09-22,7.886220062499996,7.345476880952381
2023-09-23,7.754035416666667,7.236544440476189
2023-09-24,0.20991614583333323,5.919915017857142
2023-09-25,2.57197475,5.287824922619047
2023-09-26,9.218550916666667,5.841227910714285
2023-09-27,9.54808375,6.189420872023809
2023-09-28,10.318000000000007,6.786683005952381
2023-09-29,7.767416666666665,6.769711092261906
2023-09-30,10.345332583333334,7.139896401785715
2023-10-01,8.158364604166668,8.275389038690477
2023-10-02,8.013772125,9.052788663690476
2023-10-03,3.562978729166667,8.244849779761905
2023-10-04,6.812908229166666,7.854110419642858
2023-10-05,4.9854905625,7.092323357142857
2023-10-06,1.895664500000001,6.253501619047619
2023-10-07,5.668638083333334,5.585402404761905
2023-10-08,7.711309666666668,5.521537413690476
2023-10-09,8.964473104166668,5.657351839285716
2023-10-10,10.07675,6.587890592261906
2023-10-11,8.787833333333335,6.870022750000002
2023-10-12,11.424973604166667,7.789948898809525
2023-10-13,8.524990208333332,8.736995428571431
2023-10-14,3.209731437499999,8.385723050595237
2023-10-15,7.203677770833333,8.313204208333334
2023-10-16,11.820035770833332,8.721141732142856
2023-10-17,8.585520833333334,8.50810899404762
2023-10-18,10.870084041666667,8.80557338095238
2023-10-19,9.506340333333332,8.531482913690477
2023-10-20,9.996832083333338,8.741746038690476
2023-10-21,11.590778083333333,9.939038416666667
2023-10-22,14.250854166666667,10.945777901785716
2023-10-23,13.595707645833334,11.1994453125
2023-10-24,13.765611562500002,11.939458273809523
2023-10-25,12.2894816875,12.142229366071431
2023-10-26,10.863083541666667,12.336049824404764
2023-10-27,11.835562499999998,12.598725598214285
2023-10-28,12.463145833333332,12.7233495625
2023-10-29,8.777120759999999,11.941387647261905
2023-10-30,9.916020833333324,11.415718102619044
2023-10-31,9.839879041666666,10.854899171071425
2023-11-01,7.629879270833337,10.189241682976188
2023-11-02,7.8247843541666615,9.755198941904757
2023-11-03,8.563961687499994,9.287827397261902
2023-11-04,9.824750354166667,8.91091375738095
2023-11-05,9.513375,9.016092934523806
2023-11-06,6.9938335416666675,8.598637607142855
2023-11-07,10.135146208333333,8.64081863095238
2023-11-08,9.792436791666663,8.949755419642855
2023-11-09,8.425208541666667,9.035530303571425
2023-11-10,6.770229166666665,8.779282800595238
2023-11-11,7.882512833333337,8.501820297619048
2023-11-12,9.714671458333333,8.53057693452381
2023-11-13,7.993562499999999,8.673395357142857
2023-11-14,8.110164541666668,8.384112261904763
2023-11-15,10.512607666666666,8.486993815476191
2023-11-16,11.809744958333336,8.970499017857145
2023-11-17,9.607228437500002,9.375784627976191
2023-11-18,8.853939770833334,9.514559904761906
2023-11-19,6.9738122083333325,9.123008583333334
2023-11-20,9.563272125000001,9.347252815476192
2023-11-21,9.3392391875,9.522834907738096
2023-11-22,8.832854375,9.282870151785716
2023-11-23,5.5450958749999995,8.387920282738095
2023-11-24,7.907532791666664,8.145106619047619
2023-11-25,8.822,8.140543794642856
2023-11-26,9.444089895833333,8.493440607142857
2023-11-27,9.649745916666667,8.50579400595238
2023-11-28,11.189646270833334,8.770137875
2023-11-29,10.527687499999999,9.012256892857142
2023-11-30,13.572008770833332,10.158958735119047
2023-12-01,12.056647895833333,10.751689464285715
2023-12-02,15.190806166666665,11.661518916666665
2023-12-03,10.019395833333329,11.743705479166666
2023-12-04,9.965750062499998,11.788848928571428
2023-12-05,9.9784110625,11.615815327380952
2023-12-06,11.729187645833331,11.787458205357142
2023-12-07,10.280077458333334,11.317182303571428
2023-12-08,8.876387541666668,10.862859395833334
2023-12-09,5.038955104166668,9.412594958333333
2023-12-10,8.610333624999999,9.211300357142857
2023-12-11,8.149595208333336,8.951849663690478
2023-12-12,8.158821270833334,8.691908264880954
2023-12-13,7.863083333333333,8.139607648809525
2023-12-14,8.679248895833334,7.9109178541666685
2023-12-15,7.302341812500001,7.68605417857143
2023-12-16,5.838764833333333,7.800312711309525
2023-12-17,6.754417083333334,7.535181776785715
2023-12-18,6.515251375000001,7.301704086309526
2023-12-19,6.316417895833331,7.038503604166666
2023-12-20,3.100986270833333,6.358204023809523
2023-12-21,4.413045791666667,5.7487464375
2023-12-22,5.238231833333335,5.453873583333333
2023-12-23,3.6689470625000005,5.14389961607143
2023-12-24,0.6155416666666682,4.266917413690476
2023-12-25,3.5492283333333328,3.8431998363095237
2023-12-26,5.255792979166665,3.691681991071428
2023-12-27,4.107667500000001,3.8354935952380957
2023-12-28,1.7693323125000007,3.457820241071429
2023-12-29,6.596598208333331,3.651872580357143
2023-12-30,5.366707812499998,3.8944098303571417
2023-12-31,3.2016103958333337,4.263848220238095
2024-01-01,6.220039312500001,4.645392645833333
2024-01-02,3.97101504166667,4.461852940476191
2024-01-03,7.8159158124999975,4.991602699404763
2024-01-04,7.209298645833333,5.76874074702381
2024-01-05,7.840348812499999,5.946419404761905
2024-01-06,7.978405291666666,6.319519044642857
2024-01-07,8.937547062499998,7.138938568452381
2024-01-08,8.093181666666666,7.406530333333334
2024-01-09,6.529152229166667,7.77197850297619
2024-01-10,8.9684379375,7.936624520833334
2024-01-11,9.257937770833333,8.22928725297619
2024-01-12,10.677376104166665,8.634576866071429
2024-01-13,8.657059291666666,8.7315274375
2024-01-14,8.868851916666666,8.721713845238094
2024-01-15,8.3605765,8.759913107142856
2024-01-16,8.630104937499999,9.060049208333332
2024-01-17,7.464346333333333,8.845178979166667
2024-01-18,8.740925520833333,8.771320086309524
2024-01-19,7.5110145416666665,8.318982720238095
2024-01-20,7.974041666666667,8.221408773809523
2024-01-21,7.902791666666667,8.083400166666667
2024-01-22,7.090446458333334,7.901953017857141
2024-01-23,5.313979166666667,7.428220764880954
2024-01-24,4.714707791666666,7.035415258928572
2024-01-25,6.928328729166665,6.776472860119048
2024-01-26,5.105630854166667,6.432846619047619
2024-01-27,4.724135354166666,5.968574288690476
2024-01-28,6.445700791666665,5.760418449404761
2024-01-29,8.616079020833334,5.978365958333333
2024-01-30,5.758206458333333,6.041826999999999
2024-01-31,5.799357208333333,6.196776916666666
2024-02-01,5.339309979166666,5.969774238095238
2024-02-02,5.091329833333335,5.9677312351190475
2024-02-03,3.263690895833333,5.7590963125
2024-02-04,3.113952375,5.2831322529761895
2024-02-05,5.268982020833334,4.804975538690476
2024-02-06,5.401979375000002,4.754085955357143
2024-02-07,7.0537850833333335,4.9332899375000006
2024-02-08,6.7810784791666645,5.139256866071428
2024-02-09,5.348997020833333,5.1760664642857135
2024-02-10,7.1053874583333325,5.724880258928571
2024-02-11,6.252047416666667,6.173179550595238
2024-02-12,6.2815002291666655,6.317825008928572
2024-02-13,6.305995416666667,6.446970157738095
2024-02-14,5.5439278125,6.231276261904761
2024-02-15,5.587292083333333,6.060735348214286
2024-02-16,6.895798729166667,6.281707020833332
2024-02-17,6.222151229166666,6.155530416666666
2024-02-18,5.169604166666668,6.000895666666666
2024-02-19,4.568558333333331,5.756189681547618
2024-02-20,4.798604166666666,5.540848074404761
2024-02-21,5.049382020833333,5.470198675595237
2024-02-22,7.047739312500002,5.678833994047619
2024-02-23,5.8742501250000005,5.532898479166667
2024-02-24,7.304156479166667,5.687470657738095
2024-02-25,6.049512416666665,5.8131718363095235
2024-02-26,5.486370604166668,5.944287875
2024-02-27,5.632894,6.063472136904762
2024-02-28,6.659291666666666,6.293459229166667
2024-02-29,6.373064708333333,6.197077142857142
2024-03-01,7.977336541666666,6.4975180595238085
2024-03-02,6.2748024583333315,6.350467485119047
2024-03-03,5.94106625,6.334975175595238
2024-03-04,6.496936083333334,6.479341672619047
2024-03-05,6.838069250000001,6.65150956547619
2024-03-06,6.9754697708333335,6.696677866071428
2024-03-07,6.988969104166666,6.784664208333333
2024-03-08,7.402041187500002,6.702479157738096
2024-03-09,6.960617833333333,6.800452782738096
2024-03-10,6.199041666666667,6.837306413690476
2024-03-11,8.331714416666665,7.099417604166667
2024-03-12,6.6904064375,7.078322916666667
2024-03-13,6.195385604166667,6.966882321428572
2024-03-14,7.5165441458333335,7.04225018452381
2024-03-15,3.9741223749999994,6.55254749702381
2024-03-16,6.704469666666666,6.515954901785714
2024-03-17,7.1665088541666675,6.654164499999999
2024-03-18,6.1286725833333335,6.339444238095238
2024-03-19,6.635285854166666,6.331569869047619
2024-03-20,8.246045020833334,6.624521214285714
2024-03-21,6.166623937500001,6.431675470238096
2024-03-22,4.001310395833334,6.435559473214286
2024-03-23,0.37024122916666646,5.530669696428572
2024-03-24,3.8821858333333354,5.061480693452382
2024-03-25,7.0278480625,5.189934333333334
2024-03-26,6.846494645833333,5.220107017857144
2024-03-27,6.196479729166666,4.9273119761904765
2024-03-28,7.263045020833334,5.08394355952381
2024-03-29,8.397021791666667,5.711902330357143
2024-03-30,7.224900291666667,6.691139339285714
2024-03-31,6.366941978260869,7.046104502846791
2024-04-01,6.796694770833334,7.013082604037267
2024-04-02,6.124434895833334,6.909931211180124
2024-04-03,6.461020979166667,6.9477228183229816
2024-04-04,5.2672083333333335,6.662603291537268
2024-04-05,3.407751374999999,5.949850374870601
2024-04-06,2.4843457916666667,5.272628303442029
2024-04-07,1.0298522708333326,4.510186916666667
2024-04-08,5.2686598333333325,4.291896211309523
2024-04-09,1.9431464374999998,3.6945692886904764
2024-04-10,4.798597895833335,3.4570802767857143
2024-04-11,4.730837916666665,3.3804559315476186
2024-04-12,1.580666666666667,3.119443830357142
2024-04-13,-0.1124273125000002,2.7484762440476187
2024-04-14,0.7097712499999986,2.702750383928571
2024-04-15,1.7250971666666672,2.1965271458333335
2024-04-16,5.0793455625,2.6445555922619053
2024-04-17,7.683657375,3.0567069464285717
2024-04-18,5.611061499999999,3.1824531726190473
2024-04-19,4.393923520833333,3.584347008928571
2024-04-20,6.927019895833334,4.589982324404761
2024-04-21,4.6110528749999995,5.147308270833333
2024-04-22,7.507061916666666,5.973303235119047
2024-04-23,6.862293145833334,6.228010032738095
2024-04-24,7.5380736875,6.207212363095238
2024-04-25,6.909609583333333,6.392719232142858
2024-04-26,6.902042083333333,6.751021883928573
2024-04-27,8.108915249999999,6.919864077380952
2024-04-28,5.5225659375,7.050080229166666
2024-04-29,5.817912020833333,6.808773101190475
2024-04-30,5.442861916666667,6.605997211309523
2024-05-01,7.527249875,6.604450952380952
2024-05-02,6.036001479166667,6.4796497946428575
2024-05-03,7.322974291666666,6.539782967261905
2024-05-04,7.735972104166666,6.486505374999999
2024-05-05,7.283723604166665,6.738099327380952
2024-05-06,7.416353291666667,6.966448080357142
2024-05-07,6.5407955,7.123295735119048
2024-05-08,6.464427645833334,6.971463988095238
2024-05-09,6.629771687499999,7.056288303571428
2024-05-10,6.677349333333334,6.964056166666666
2024-05-11,4.7130879583333325,6.532215574404761
2024-05-12,3.320569729166663,5.9660507351190475
2024-05-13,9.171107229166667,6.216729869047619
2024-05-14,7.689485791666667,6.380828482142857
2024-05-15,7.908229166666667,6.587085842261905
2024-05-16,7.552250000000001,6.718868458333333
2024-05-17,6.489558541666666,6.692041202380952
2024-05-18,7.4685045625,7.085672145833334
2024-05-19,7.503844541666666,7.683282833333334
2024-05-20,8.171889041666669,7.540537377976191
2024-05-21,8.499874625,7.6563072113095245
2024-05-22,6.997895833333334,7.526259592261904
2024-05-23,8.261045895833337,7.627516148809524
2024-05-24,9.8614173125,8.109210258928574
2024-05-25,6.546070562500001,7.977433973214287
2024-05-26,7.496995375,7.976455520833334
2024-05-27,5.719217729166667,7.626073904761904
2024-05-28,8.392077145833333,7.610674264880953
2024-05-29,6.3877202708333325,7.523506327380952
2024-05-30,7.096312916666667,7.357115901785716
2024-05-31,8.353959145833333,7.141764735119048
2024-06-01,8.702029270833332,7.449758836309523
2024-06-02,4.527543208333334,7.025551383928572
2024-06-03,8.791725354166667,7.464481044642857
2024-06-04,6.598295229166666,7.208226485119047
2024-06-05,2.9130838124999996,6.711849848214285
2024-06-06,4.551113250000001,6.348249895833333
2024-06-07,4.007406229166667,5.727313764880953
2024-06-08,3.097133041666667,4.926614303571428
2024-06-09,5.120293916666667,5.011292976190476
2024-06-10,5.0778669375000005,4.480741773809524
2024-06-11,8.075833749999997,4.691818705357143
2024-06-12,8.579684437500001,5.501333080357143
2024-06-13,8.498694625,6.065273276785715
2024-06-14,8.908422333333332,6.765418434523809
2024-06-15,9.613734083333332,7.69636144047619
2024-06-16,1.9359435208333338,7.241454241071429
2024-06-17,10.167727520833333,7.9685771815476185
2024-06-18,8.505847395833333,8.030007702380953
2024-06-19,7.7701345208333334,7.914357714285714
2024-06-20,8.048601291666667,7.850058666666667
2024-06-21,8.784697479166665,7.8323836875
2024-06-22,7.2142295,7.489597318452382
2024-06-23,7.382734729166667,8.267710348214285
2024-06-24,8.356904958333335,8.009021410714285
2024-06-25,8.218488166666665,7.967970092261905
2024-06-26,9.30563635416667,8.18732749702381
2024-06-27,5.790148270833333,7.8646913511904755
2024-06-28,3.996110604166668,7.180607511904761
2024-06-29,6.369584145833333,7.0599438898809534
2024-06-30,8.468458604166667,7.215047300595239
2024-07-01,8.400950875,7.221339574404763
2024-07-02,7.586655020833332,7.131077696428571
2024-07-03,7.1532593958333335,6.823595273809524
2024-07-04,2.2117871041666666,6.312400821428571
2024-07-05,4.10380725,6.327786056547619
2024-07-06,5.6318666250000025,6.222397839285714
2024-07-07,5.272060374999998,5.765769520833333
2024-07-08,7.029084895833333,5.569788666666667
2024-07-09,8.296583375,5.671207002976191
2024-07-10,6.928553666666668,5.6391061845238095
2024-07-11,7.879865687499999,6.448831696428572
2024-07-12,6.121421708333333,6.737062333333333
2024-07-13,6.7180419375,6.8922302351190465
2024-07-14,5.360938104166666,6.904927053571428
2024-07-15,7.9355581041666685,7.0344232261904756
2024-07-16,9.0031189375,7.13535687797619
2024-07-17,7.5232755,7.220317139880952
2024-07-18,6.411882479166667,7.01060525297619
2024-07-19,6.560088375000001,7.073271919642856
2024-07-20,6.474084854166667,7.038420907738096
2024-07-21,7.032240416666667,7.277178380952383
2024-07-22,8.543282062500001,7.363996089285714
2024-07-23,9.916948999999999,7.494543241071428
2024-07-24,8.028355229166667,7.566697488095238
2024-07-25,7.572075,7.732439276785714
2024-07-26,6.435262937500002,7.7146070714285715
2024-07-27,6.681560895833334,7.744246505952381
2024-07-28,7.601451479166667,7.8255623720238106
2024-07-29,7.162920229166668,7.628367824404762
2024-07-30,7.2312193124999995,7.244692154761906
2024-07-31,7.161242583333333,7.120818919642858
2024-08-01,8.785736833333333,7.2941991815476195
2024-08-02,8.038637833333333,7.5232527380952385
2024-08-03,7.201300750000003,7.597501288690476
2024-08-04,3.8026568958333327,7.054816348214286
2024-08-05,5.31012575,6.790131422619047
2024-08-06,6.374831291666669,6.667790276785714
2024-08-07,4.864208729166666,6.339642583333334
2024-08-08,7.7197499999999994,6.1873587500000005
2024-08-09,1.707563125,5.282919505952381
2024-08-10,1.736503645833333,4.502234205357143
2024-08-11,5.827145000000001,4.791446791666666
2024-08-12,5.918262812499998,4.878323514880953
2024-08-13,7.8678543749999985,5.091612526785714
2024-08-14,7.189524083333334,5.42380043452381
2024-08-15,4.974770416666667,5.031660494047618
2024-08-16,7.136769062499999,5.807261342261904
2024-08-17,7.999082708333333,6.701915494047618
2024-08-18,5.4652852916666665,6.6502212499999995
2024-08-19,8.154993208333334,6.969754163690475
2024-08-20,5.0765505,6.570996467261905
2024-08-21,0.8153686041666667,5.660402827380951
2024-08-22,1.5171192708333343,5.166452663690476
2024-08-23,2.8389268541666652,4.552475205357143
2024-08-24,1.8160951041666664,3.669191261904762
2024-08-25,0.5608167291666668,2.968552895833333
2024-08-26,7.331333479166668,2.850887220238096
2024-08-27,6.141285666666665,3.002992244047619
2024-08-28,8.720720520833332,4.132328232142856
2024-08-29,8.297625208333333,5.1009719375
2024-08-30,8.401445479166666,5.895617455357142
2024-08-31,7.8666481458333335,6.759982175595238
2024-09-01,6.230793375,7.569978839285713
2024-09-02,9.055270250000001,7.816255520833332
2024-09-03,8.254761229166666,8.118180601190476
2024-09-04,8.169478125,8.0394316875
2024-09-05,8.019025395833335,7.999631714285714
2024-09-06,9.401241895833333,8.142459773809524
2024-09-07,9.340403583333334,8.352996264880952
2024-09-08,9.0533153125,8.75621368452381
2024-09-09,7.547562770833333,8.540826901785714
2024-09-10,7.1672884166666675,8.385473642857143
2024-09-11,5.293124333333334,7.974565958333334
2024-09-12,5.7185505416666675,7.64592669345238
2024-09-13,6.944495145833334,7.2949628720238096
2024-09-14,2.1215933541666643,6.263704267857143
2024-09-15,8.077145958333334,6.124251502976191
2024-09-16,9.209559062500002,6.3616795446428585
2024-09-17,7.754544687499999,6.445573297619047
2024-09-18,8.2210584375,6.863849598214286
2024-09-19,8.883952854166667,7.316049928571428
2024-09-20,8.180904333333334,7.4926798125000005
2024-09-21,9.645769499999998,8.56756211904762
2024-09-22,9.875788666666667,8.82451107738095
2024-09-23,8.208594229166668,8.681516101190477
2024-09-24,8.772951395833333,8.827002773809523
2024-09-25,8.059875,8.80397656845238
2024-09-26,7.942724749999999,8.669515410714284
2024-09-27,6.098437333333334,8.372020125
2024-09-28,6.617648541666665,7.939431416666666
2024-09-29,8.436052854166666,7.73375487202381
2024-09-30,6.501940708333334,7.489947226190476
2024-10-01,9.04054127083333,7.528174351190475
2024-10-02,9.534459708333333,7.738829309523808
2024-10-03,7.392180770833335,7.660180169642857
2024-10-04,8.740462520833333,8.037612339285714
2024-10-05,7.3470658125,8.141814806547618
2024-10-06,8.96897829166667,8.21794701190476
2024-10-07,6.668770979166666,8.241779907738094
2024-10-08,7.068866520833334,7.9601120863095245
2024-10-09,6.6965020625,7.55468956547619
2024-10-10,8.512854479166666,7.71478580952381
2024-10-11,7.516465687499999,7.53992911904762
2024-10-12,7.6438749999999995,7.58233043154762
2024-10-13,8.82841666666666,7.562250199404761
2024-10-14,15.715707999999998,8.854669773809523
2024-10-15,9.121896041666668,9.147959705357142
2024-10-16,8.417479791666668,9.393813666666665
2024-10-17,8.874812979166666,9.445522023809522
2024-10-18,7.768279812499999,9.481495470238093
2024-10-19,8.621069604166667,9.621094699404761
2024-10-20,3.382415541666667,8.843094538690474
2024-10-21,6.335005958333331,7.502994247023811
2024-10-22,6.649519791666667,7.149797639880953
2024-10-23,8.583721833333334,7.173546502976191
2024-10-24,8.928958770833335,7.181281616071429
2024-10-25,10.381556604166667,7.554606872023809
2024-10-26,8.618309541666667,7.5542125773809525
2024-10-27,4.093301080000001,7.655767654285715
2024-10-28,7.604068312499999,7.837062276309525
2024-10-29,8.932472,8.16319830607143
2024-10-30,8.863976979166667,8.20323475547619
2024-10-31,7.975053916666665,8.06696263345238
2024-11-01,9.255340208333333,7.906074576904763
2024-11-02,8.264678354166666,7.855555835833333
2024-11-03,9.112561479166667,8.572593035714284
2024-11-04,9.1135244375,8.788229625
2024-11-05,11.0486016875,9.090533866071427
2024-11-06,9.579781166666667,9.192791607142855
2024-11-07,8.839344812499998,9.316261735119046
2024-11-08,10.066537708333334,9.432147092261904
2024-11-09,8.994174895833334,9.536360883928571
2024-11-10,8.3256326875,9.423942485119047
2024-11-11,10.366723895833335,9.602970979166667
2024-11-12,9.925543854166667,9.442534145833333
2024-11-13,10.133755854166667,9.521673386904762
2024-11-14,9.013569791666667,9.546562669642856
2024-11-15,9.243371645833333,9.428967517857144
2024-11-16,8.356937104166668,9.337933547619048
2024-11-17,8.824158937500002,9.409151583333335
2024-11-18,9.594418666666666,9.298822264880954
2024-11-19,9.719321104166667,9.26936187202381
2024-11-20,9.835208333333332,9.226712226190475
2024-11-21,10.312536333333334,9.412278875
2024-11-22,11.3240426875,9.709517595238095
2024-11-23,7.080243083333333,9.527132735119048
2024-11-24,3.585266479166667,8.778719526785716
2024-11-25,8.602666791666667,8.6370406875
2024-11-26,11.979313791666666,8.959896785714287
2024-11-27,10.163563979166668,9.006804735119049
2024-11-28,10.832243083333333,9.08104855654762
2024-11-29,10.028289375,8.89594094047619
2024-11-30,10.064305458333333,9.32223556547619
2024-12-01,9.582809854166666,10.179027476190475
2024-12-02,9.286165854166669,10.276670199404762
2024-12-03,11.599563458333334,10.222420151785714
2024-12-04,12.506309958333333,10.557098148809525
2024-12-05,9.257221395833332,10.332095050595239
2024-12-06,6.693626312499999,9.85571461309524
2024-12-07,6.430817583333334,9.336644916666668
2024-12-08,5.859959833333332,8.804809199404763
2024-12-09,9.6104994375,8.851142568452383
2024-12-10,11.58019475,8.84837561011905
2024-12-11,15.031051604166667,9.209052988095237
2024-12-12,17.49321941666667,10.385624133928571
2024-12-13,11.722191395833333,11.103990574404763
2024-12-14,7.423218479166667,11.24576213095238
2024-12-15,5.4147519375,11.182161002976189
2024-12-16,8.476187625,11.020116458333332
2024-12-17,8.786165854166667,10.620969473214286
2024-12-18,5.579276895833331,9.270715943452382
2024-12-19,4.716614416666666,7.445486657738095
2024-12-20,6.7556998125,6.735987860119047
2024-12-21,0.9958142708333334,5.817787258928571
2024-12-22,5.105466791666666,5.773603666666666
2024-12-23,7.518579895833336,5.6368025625
2024-12-24,10.1261058125,5.82822255654762
2024-12-25,8.436764854166665,6.236435122023811
2024-12-26,10.2770625,7.030784848214286
2024-12-27,11.57954,7.719904875
2024-12-28,9.920745666666667,8.994895074404763
2024-12-29,9.608968166666667,9.638252413690477
2024-12-30,7.2703091041666665,9.602785157738095
2024-12-31,3.2483118541666665,8.620243163690475
2025-01-01,5.744276979166669,8.235602038690477
2025-01-02,10.980121333333333,8.336039014880953
2025-01-03,9.307311270833333,8.011434910714284
2025-01-04,11.347007145833333,8.215186550595238
2025-01-05,11.832270895833334,8.532801226190475
2025-01-06,10.266785374999998,8.960869264880952
2025-01-07,10.27975,9.965360428571428
2025-01-08,61.00218752083331,17.859347648809518
2025-01-09,9.566694208333335,17.657429488095236
2025-01-10,10.756078541666664,17.864396241071425
2025-01-11,11.858413625,17.937454309523805
2025-01-12,11.287175729166666,17.859583571428566
2025-01-13,9.822716208333334,17.796145119047615
2025-01-14,9.237651583333333,17.647273916666663
2025-01-15,10.304944020833334,10.404810559523808
2025-01-16,12.023567604166667,10.755792473214285
2025-01-17,11.817524895833333,10.907427666666665
2025-01-18,10.280090979166667,10.68195300297619
2025-01-19,11.165732770833333,10.664604008928572
2025-01-20,14.517225708333333,11.335248223214284
2025-01-21,11.8711226875,11.711458380952381
2025-01-22,11.8966291875,11.938841976190476
2025-01-23,11.6701205,11.888349532738093
2025-01-24,8.4122665,11.401884047619047
2025-01-25,7.598184770833335,11.018754589285711
2025-01-26,9.500360895833333,10.780844321428571
2025-01-27,7.6979842708333335,9.806666973214286
2025-01-28,7.551958541666666,9.189643523809524
2025-01-29,11.135088145833336,9.08085194642857
2025-01-30,11.609129458333332,9.07213894047619
2025-01-31,13.6071815625,9.814269663690478
2025-02-01,11.190949791666666,10.32752180952381
2025-02-02,11.466608229166667,10.608414285714286
2025-02-03,11.002576791666666,11.08049893154762
2025-02-04,11.911719895833333,11.703321982142857
2025-02-05,12.626238395833333,11.916343446428572
2025-02-06,12.083421437499998,11.98409944345238
2025-02-07,12.542729333333332,11.832034839285713
2025-02-08,13.486249979166667,12.159934866071428
2025-02-09,11.552628729166667,12.172223508928571
2025-02-10,11.661729583333333,12.26638819345238
2025-02-11,13.528266375000001,12.497323404761904
2025-02-12,13.129727062499999,12.569250357142854
2025-02-13,13.023708333333335,12.70357705654762
2025-02-14,9.540810270833333,12.274731476190476
2025-02-15,11.407649999999999,11.977788622023809
2025-02-16,8.747133333333334,11.577003565476192
2025-02-17,10.453770833333333,11.404438029761906
2025-02-18,9.820645520833333,10.874777907738096
2025-02-19,9.9909181875,10.426376639880955
2025-02-20,7.466586708333334,9.632502122023809
2025-02-21,5.016976479166667,8.986240151785713
2025-02-22,5.083873458333334,8.082843502976191
2025-02-23,4.181498520833335,7.430609958333334
2025-02-24,5.379483625000001,6.7057117857142865
2025-02-25,8.841045291666667,6.565768895833334
2025-02-26,10.60433775,6.653400261904762
2025-02-27,9.0641225625,6.881619669642857
2025-02-28,10.014157354166667,7.595502651785716
2025-03-01,9.164310958333333,8.178422294642857
2025-03-02,10.6300143125,9.099638836309525
2025-03-03,9.268776770833332,9.655252142857142
2025-03-04,7.831835479166666,9.5110793125
2025-03-05,6.766525583333333,8.962820431547618
2025-03-06,9.357693354166667,9.004759116071428
2025-03-07,9.172011937499999,8.88445262797619
2025-03-08,8.7049231875,8.818825803571428
2025-03-09,8.942492333333332,8.577751235119049
2025-03-10,7.576756479166667,8.336034050595238
2025-03-11,8.500101458333333,8.43150061904762
2025-03-12,9.054935166666667,8.758416273809525
2025-03-13,9.481266625,8.776069598214287
2025-03-14,10.466655729166666,8.961018711309524
2025-03-15,8.768880208333334,8.97015542857143
2025-03-16,9.816355166666666,9.094992976190477
2025-03-17,10.634725833333333,9.531845741071427
2025-03-18,9.031880854166667,9.607814226190476
2025-03-19,12.4857130625,10.097925354166666
2025-03-20,11.218921604166667,10.346161779761903
2025-03-21,10.313399208333333,10.324267991071428
2025-03-22,9.607421062499998,10.444059541666666
2025-03-23,10.968613479166667,10.60866787202381
2025-03-24,9.363510458333334,10.42706567559524
2025-03-25,8.610253520833334,10.366833199404763
2025-03-26,8.872249208333333,9.850624077380953
2025-03-27,7.9753297708333335,9.387253815476189
2025-03-28,4.670764354166667,8.581163122023808
2025-03-29,5.355008354166666,7.9736755922619045
2025-03-30,0.9780041956521736,6.546445694616977
2025-03-31,9.061928395833334,6.503362542831264
2025-04-01,5.3164315625,6.032816548783644
2025-04-02,5.5848539583333325,5.563188655926501
2025-04-03,10.770458187500001,5.962492715450311
2025-04-04,7.247442916666666,6.33058965295031
2025-04-05,2.704592854166666,5.951958867236024
2025-04-06,3.242499291666667,6.275458166666668
2025-04-07,8.8543171875,6.245799422619048
2025-04-08,8.937608145833334,6.7631103630952385
2025-04-09,8.936013625,7.241847458333333
2025-04-10,7.067769520833333,6.7128919345238085
2025-04-11,7.404395854166667,6.7353137827380944
2025-04-12,6.407271312500001,7.264267848214286
2025-04-13,5.308248020833332,7.559374809523809
2025-04-14,7.680445187500001,7.3916788095238095
2025-04-15,8.80052625,7.372095681547618
2025-04-16,7.328450166666667,7.1424437589285725
2025-04-17,8.483402916666666,7.344677101190476
2025-04-18,9.083534395833333,7.5845540357142855
2025-04-19,6.4458455625,7.5900646428571426
2025-04-20,9.462489854166666,8.183527761904761
2025-04-21,9.159625916666666,8.394839294642855
2025-04-22,7.7470438125,8.244341803571428
2025-04-23,8.029046104166667,8.3444269375
2025-04-24,7.357741520833334,8.183618166666667
2025-04-25,8.602979166666668,8.114967419642857
2025-04-26,8.264770833333333,8.37481388690476
2025-04-27,3.864642770833332,7.575121446428571
2025-04-28,9.177660041666668,7.5776977500000005
2025-04-29,9.444171916666667,7.82014462202381
2025-04-30,8.3578495625,7.867116544642857
2025-05-01,7.001034,7.816158327380952
2025-05-02,7.36672375,7.6395504107142855
2025-05-03,5.3779995000000005,7.22715450595238
2025-05-04,1.7356610833333341,6.923014264880953
2025-05-05,7.092771333333333,6.625173020833334
2025-05-06,7.820811375000001,6.393264372023809
2025-05-07,9.119481145833333,6.502068883928572
2025-05-08,10.1950628125,6.958358714285715
2025-05-09,10.805111479166666,7.449556961309524
2025-05-10,7.315237166666667,7.726305199404762
2025-05-11,7.346461604166666,8.527848130952382
2025-05-12,9.212738479166667,8.830700580357144
2025-05-13,9.124707687499999,9.016971482142855
2025-05-14,7.665083520833333,8.809200392857143
2025-05-15,9.484279958333333,8.707659985119047
2025-05-16,6.301898041666666,8.064343779761904
2025-05-17,5.901244624999999,7.862344845238094
2025-05-18,7.449224208333334,7.877025217261904
2025-05-19,7.328703729166667,7.6078773958333334
2025-05-20,8.396394125,7.503832601190476
2025-05-21,7.885754354166666,7.53535700595238
2025-05-22,9.338498229166666,7.514531044642856
2025-05-23,6.860410020833333,7.594318470238095
2025-05-24,2.8241753750000003,7.154737148809525
2025-05-25,0.9267832291666667,6.222959866071429
2025-05-26,2.8649506666666653,5.585280857142857
2025-05-27,7.177800979166669,5.41119612202381
2025-05-28,8.9637305,5.565192714285715
2025-05-29,3.4629839375,4.725833529761905
2025-05-30,7.108707333333333,4.761304574404762
2025-05-31,5.8220244375,5.189568726190475
2025-06-01,2.7044622291666665,5.4435228690476185
2025-06-02,6.288354958333334,5.932580625
2025-06-03,0.18515974999999996,4.9336318779761905
2025-06-04,3.466302354166667,4.148285
2025-06-05,8.973721854166666,4.935533273809524
2025-06-06,9.134021562500001,5.2248638779761905
2025-06-07,10.555804291666666,5.901118142857143
2025-06-08,4.127134583333334,6.104357050595239
2025-06-09,8.516849375,6.422713395833334
2025-06-10,4.955172895833333,7.104143845238096
2025-06-11,9.001402958333333,7.894872502976191
2025-06-12,8.161835333333332,7.7788887142857135
2025-06-13,7.91423525,7.6046335267857135
2025-06-14,7.7400565624999995,7.202383851190476
2025-06-15,6.115732791666668,7.48646930952381
2025-06-16,8.573453041666667,7.494555547619048
2025-06-17,7.557868291666665,7.866369175595238
2025-06-18,11.603451333333334,8.238090372023809
2025-06-19,11.034442395833334,8.648462809523808
2025-06-20,10.553132020833335,9.0254480625
2025-06-21,9.4367708125,9.2678358125
2025-06-22,1.6271648958333345,8.626611827380952
2025-06-23,3.7108556041666665,7.931955050595238
2025-06-24,7.361440416666669,7.90389392559524
2025-06-25,9.8436788125,7.652497851190477
2025-06-26,4.912246541666667,6.777898443452382
2025-06-27,5.3139485,6.029443654761907
2025-06-28,0.16916837499999887,4.705500449404762
2025-06-29,6.5417247708333335,5.40758043154762
2025-06-30,12.241976458333335,6.626311982142858
2025-07-01,9.176077562500002,6.885545860119048
2025-07-02,7.883127499999999,6.605467101190476
2025-07-03,8.646344000000001,7.138909595238096
2025-07-04,5.041203187500001,7.099945979166668
2025-07-05,1.5876339791666692,7.302583922619048
2025-07-06,9.606517083333333,7.740411395833334
2025-07-07,6.829219333333333,6.967160377976191
2025-07-08,7.365140374999998,6.70845506547619
2025-07-09,7.767686833333334,6.691963541666667
2025-07-10,8.240922937499999,6.63404624702381
2025-07-11,8.2669733125,7.094870550595238
2025-07-12,7.965428041666667,8.005983988095238
2025-07-13,7.863198479166667,7.756938473214286
2025-07-14,7.604559979166666,7.867701422619048
2025-07-15,9.314749854166667,8.1462170625
2025-07-16,8.695125270833334,8.278708267857143
2025-07-17,8.517539958333334,8.318224985119047
2025-07-18,9.177387979166665,8.448284223214285
2025-07-19,8.684906187500001,8.55106681547619
2025-07-20,9.795974562500003,8.827177684523813
2025-07-21,7.131860208333333,8.759649145833334
2025-07-22,8.670952375,8.667678077380954
2025-07-23,9.065069770833334,8.720527291666667
2025-07-24,8.612637708333335,8.73411268452381
2025-07-25,8.006796416666667,8.566885318452382
2025-07-26,7.974398604166668,8.465384235119048
2025-07-27,8.294617833333334,8.250904702380954
2025-07-28,7.1569157500000005,8.254484065476191
2025-07-29,7.480625520833334,8.08443737202381
2025-07-30,7.354170208333334,7.840023148809526
2025-07-31,7.791909104166666,7.7227762053571425
2025-08-01,9.0138808125,7.866645404761904
2025-08-02,4.810292895833333,7.414630303571428
2025-08-03,5.280940916666667,6.984105029761905
2025-08-04,3.5383042708333363,6.467160532738096
2025-08-05,2.7739942291666653,5.794784633928572
2025-08-06,5.093318145833335,5.471805767857143
2025-08-07,5.054141291666667,5.080696080357143
2025-08-08,7.8588126875,4.915686348214286
2025-08-09,4.373724895833335,4.85331949107143
2025-08-10,7.136259083333333,5.118364943452383
2025-08-11,8.7442965,5.862078119047619
2025-08-12,8.413540916666667,6.667727645833334
2025-08-13,10.043760375000002,7.37493367857143
2025-08-14,7.916834166666666,7.783889803571429
2025-08-15,7.2730496250000005,7.700209366071428
2025-08-16,8.704376145833333,8.318873830357143
2025-08-17,7.7359743125,8.40454743452381
2025-08-18,9.6814731875,8.53842981845238
2025-08-19,7.547197145833333,8.414666422619046
2025-08-20,8.804616187499999,8.237645824404762
2025-08-21,6.768685645833334,8.073624607142856
2025-08-22,8.908475583333333,8.307256886904764
2025-08-23,8.063426479166667,8.215692648809524
2025-08-24,8.4229738125,8.31383543452381
2025-08-25,7.876260770833333,8.05594794642857
2025-08-26,10.420125270833333,8.466366249999998
2025-08-27,7.508334645833335,8.281183172619048
2025-08-28,7.2661808541666675,8.352253916666667
2025-08-29,8.310166104166667,8.266781133928573
2025-08-30,4.113677000000001,7.702531208333335
2025-08-31,3.68565325,7.025771127976192
2025-09-01,4.3588130000000005,6.523278589285715
2025-09-02,8.079837666666666,6.188951788690476
2025-09-03,9.9081755625,6.531786205357143
2025-09-04,7.740121833333333,6.5994920595238105
2025-09-05,7.410930333333335,6.4710298065476195
2025-09-06,1.673685229166665,6.122459553571429
2025-09-07,2.958873291666666,6.018633845238094
2025-09-08,8.529054979166665,6.614382699404762
2025-09-09,7.469430958333334,6.527181741071428
2025-09-10,5.048121166666666,5.832888255952381
2025-09-11,0.10563972916666664,4.742247955357143
2025-09-12,1.855427979166666,3.9486047619047615
2025-09-13,3.271741583333333,4.176898526785714
2025-09-14,7.709510208333333,4.855560943452381
2025-09-15,3.199878145833334,4.094249967261905
2025-09-16,3.3330888333333313,3.5033439494047616
2025-09-17,6.5503084375,3.7179421309523804
2025-09-18,7.745503770833333,4.809351279761905
2025-09-19,6.965873124999999,5.5394148720238094
2025-09-20,7.159316520833333,6.094782720238095
2025-09-21,3.971735645833333,5.560814925595238
2025-09-22,7.164450208333333,6.127182363095238
2025-09-23,9.212691687500001,6.9671256279761895
2025-09-24,9.356258416666668,7.367975625000001
2025-09-25,8.857460770833333,7.526826625
2025-09-26,8.918025458333334,7.805705529761904
2025-09-27,8.255185395833333,7.962258226190477
2025-09-28,9.573615770833333,8.76252681547619
2025-09-29,8.640982020833333,8.97345993154762
2025-09-30,8.870444208333335,8.92456743452381
2025-10-01,9.067199916666667,8.883273363095238
2025-10-02,8.563118520833333,8.841224470238096
2025-10-03,6.704358270833336,8.52498630059524
2025-10-04,0.9560646041666672,7.4822547589285735
2025-10-05,4.081382791666667,6.6976500476190495
2025-10-06,8.660164770833333,6.700390440476192
2025-10-07,8.905833895833334,6.705446110119048
2025-10-08,9.304008604166667,6.739275922619049
2025-10-09,9.794211458333333,6.915146342261906
2025-10-10,8.796532458333333,7.214028369047619
2025-10-11,9.755245937499998,8.471054273809523
2025-10-12,11.745807916666667,9.565972148809523
2025-10-13,14.038618,10.334322610119047
2025-10-14,9.940980479166667,10.48220069345238
2025-10-15,9.631042854166667,10.52891987202381
2025-10-16,8.270669520833334,10.311271023809525
2025-10-17,9.4996270625,10.411713110119047
2025-10-18,8.878608333333334,10.286479166666666
2025-10-19,7.120775312500001,9.625760223214286
2025-10-20,7.625005020833333,8.709529797619048
2025-10-21,7.940752979166666,8.423783011904764
2025-10-22,10.332705187500002,8.524020488095239
2025-10-23,7.3833105833333335,8.39725492559524
2025-10-24,3.605268937500001,7.555203764880953
2025-10-25,2.49586575,6.643383395833333
2025-10-26,2.87984194,6.037535771190476
2025-10-27,5.643852708333332,5.754514012261906
2025-10-28,5.099909666666667,5.3486792533333345
2025-10-29,6.36528,4.781904226547619
2025-10-30,7.921409187500001,4.858775455714286
2025-10-31,5.196284916666667,5.086063452738095
2025-11-01,5.340621020833334,5.4924570628571425
2025-11-02,8.113276395833333,6.240090556547619
2025-11-03,4.260237979166666,6.042431309523809
2025-11-04,6.59729939583333,6.256344127976191
2025-11-05,8.450927416666667,6.554293758928572
2025-11-06,8.501528770833335,6.6371679851190475
2025-11-07,7.945483666666666,7.029910663690475
2025-11-08,7.175885604166666,7.292091318452381
2025-11-09,8.164086583333333,7.299349916666666
2025-11-10,7.321068229166667,7.736611380952381
2025-11-11,7.333244520833333,7.8417463988095255
2025-11-12,4.390640895833333,7.261705467261905
2025-11-13,5.999633979166669,6.9042919255952375
2025-11-14,7.5224498125,6.843858517857143
2025-11-15,8.492368520833335,7.031927505952382
2025-11-16,9.107665416666666,7.166724482142856
2025-11-17,8.176238833333333,7.288891711309524
2025-11-18,8.185973125,7.410710083333334
2025-11-19,9.1203778125,8.086386785714286
2025-11-20,10.851971833333334,8.779577907738096
2025-11-21,9.859889645833336,9.113497883928572
2025-11-22,8.375247395833334,9.096766294642856
2025-11-23,7.552774937499999,8.874639083333333
2025-11-24,7.545441020833333,8.784525110119047
2025-11-25,9.758075062500001,9.009111101190475
2025-11-26,8.506762020833333,8.921451702380953
2025-11-27,6.220935312500001,8.259875056547619
2025-11-28,8.1552309375,8.016352383928572
2025-11-29,4.734389,7.496229755952382
2025-11-30,6.627463770833333,7.364042446428572
2025-12-01,8.283001541666668,7.469408235119047
2025-12-02,7.501909666666667,7.1470988928571435
2025-12-03,8.105819416666666,7.089821377976191
2025-12-04,8.2177661875,7.375082931547619
2025-12-05,7.304028875,7.253482636904762
2025-12-06,6.044929499999999,7.440702708333334
2025-12-07,7.680182541666666,7.591091104166667
2025-12-08,7.511227604166666,7.4808376845238085
2025-12-09,7.128329979166667,7.427469157738094
2025-12-10,5.747904833333332,7.090624217261904
2025-12-11,7.0839055625,6.92864412797619
2025-12-12,7.964152791666669,7.022947544642856
2025-12-13,7.425644916666667,7.220192604166667
2025-12-14,6.270005750000001,7.018738776785716
2025-12-15,8.231234583333332,7.121596916666667
2025-12-16,8.766457229166667,7.355615095238095
2025-12-17,7.502639270833333,7.606291443452382
2025-12-18,5.536991416666667,7.385303708333334
2025-12-19,6.342993270833331,7.153709491071429
2025-12-20,9.2842055,7.419218145833333
2025-12-21,8.346641666666667,7.715880419642858
2025-12-22,6.7623654375,7.506041970238094
2025-12-23,7.259146666666666,7.290711889880952
2025-12-24,7.025028833333333,7.2224818273809515
2025-12-25,7.988455583333334,7.572690994047618
2025-12-26,7.324965604166667,7.71297275595238
2025-12-27,7.2601579166666665,7.423823101190476
2025-12-28,8.405417333333334,7.432219624999999
2025-12-29,9.580429041666667,7.834800139880953
2025-12-30,8.711138083333335,8.042227485119048
2025-12-31,7.380442187499999,8.093000821428571
2026-01-01,6.449187500000001,7.873105380952381
2026-01-02,8.686140062500005,8.067558875000001
2026-01-03,8.338054729166666,8.221544133928571
2026-01-04,9.361209104166667,8.35808581547619
2026-01-05,14.916246541666666,9.120345458333334
2026-01-06,14.234697312499998,9.909425348214286
2026-01-07,7.515863854166668,9.928771300595239
2026-01-08,14.753671562500006,11.115126166666668
2026-01-09,9.155425604166666,11.182166958333335
2026-01-10,8.564354520833334,11.2144955
2026-01-11,8.3916759375,11.075990761904762
2026-01-12,8.504815208333333,10.160072000000001
2026-01-13,9.292267729166667,9.454010630952382
2026-01-14,9.202935770833335,9.695020904761906
2026-01-15,10.570199104166665,9.097381982142858
2026-01-16,9.943302666666666,9.209935848214286
2026-01-17,10.218051479166666,9.446178270833332
2026-01-18,10.603683145833333,9.762179300595239
2026-01-19,10.552254104166668,10.054670571428572
2026-01-20,8.356837333333335,9.921037657738095
2026-01-21,9.477158666666668,9.960212357142856
2026-01-22,9.8260345,9.853903127976192
2026-01-23,9.142551000000001,9.739510032738096
2026-01-24,9.515378625,9.639128196428572
2026-01-25,10.264056791666667,9.590610145833333
2026-01-26,10.498127854166666,9.582877824404761
2026-01-27,10.023014854166666,9.82090318452381
2026-01-28,11.175195875,10.063479928571429
2026-01-29,11.589010729166667,10.31533367559524
2026-01-30,9.7182048125,10.39756993452381
2026-01-31,9.661517854166666,10.418446967261904
2026-02-01,10.3064195625,10.424498791666666
2026-02-02,9.867507708333333,10.334410199404761
2026-02-03,8.946958708333332,10.180687892857142
2026-02-04,8.946672916666667,9.862327470238096
2026-02-05,8.04252125,9.355686116071427
2026-02-06,9.933971270833334,9.386509895833333
2026-02-07,9.038639125,9.297527220238095
2026-02-08,8.330715645833333,9.01528380357143
2026-02-09,8.564536229166666,8.829145020833334
2026-02-10,7.9444958125,8.685936035714287
2026-02-11,8.056073729166666,8.558707580357142
2026-02-12,7.967388125000001,8.547974276785714
2026-02-13,7.312449666666668,8.17347119047619
2026-02-14,7.990484166666667,8.023734767857142
2026-02-15,7.778849624999999,7.944896764880952
2026-02-16,7.889105458333333,7.848406654761904
2026-02-17,7.653233270833333,7.806797720238095
2026-02-18,6.9738541666666665,7.652194925595238
2026-02-19,9.866129895833334,7.92344375
2026-02-20,7.832380729166667,7.997719616071429
2026-02-21,7.593290020833334,7.940977595238095
2026-02-22,4.741335354166666,7.5070469851190476
2026-02-23,6.373287708333334,7.290501592261905
2026-02-24,7.459573041666667,7.2628358452380954
2026-02-25,7.931671604166667,7.399666907738095
2026-02-26,4.1590011250000005,6.584362797619049
2026-02-27,7.3775971666666695,6.519393717261906
2026-02-28,7.798918500000001,6.548769214285715
2026-03-01,3.9097898749999986,6.429977002976192
2026-03-02,6.097555229166666,6.390586648809524
2026-03-03,10.067395833333332,6.763132761904763
2026-03-04,13.612585583333333,7.574691901785714
2026-03-05,10.235221479166665,8.442723380952382
2026-03-06,11.179769833333333,8.985890904761904
2026-03-07,13.352114979166666,9.779204687499998
2026-03-08,13.774416666666667,11.188437086309522
2026-03-09,14.241684437500002,12.351884116071428
2026-03-10,8.560666874999999,12.136637122023808
2026-03-11,5.6204517083333325,10.994903711309522
2026-03-12,8.9476730625,10.810968223214285
2026-03-13,7.927252395833333,10.346322875
2026-03-14,10.182077729166668,9.893460410714287
2026-03-15,4.781799729166666,8.608800848214287
2026-03-16,10.389920916666668,8.058548916666666
2026-03-17,8.461510687499999,8.04438374702381
2026-03-18,10.964954145833332,8.807884095238094
2026-03-19,10.755272104166668,9.066112529761904
2026-03-20,13.068016166666666,9.800507354166667
2026-03-21,12.7097695,10.16160617857143
2026-03-22,12.274964791666667,11.232058330357143
2026-03-23,11.945556395833332,11.454291970238094
2026-03-24,4.9864225625000005,10.957850809523809
2026-03-25,4.773302083333334,10.073329086309524
2026-03-26,11.993425604166665,10.250208157738097
2026-03-27,9.625555395833334,9.758428047619049
2026-03-28,5.677220708333332,8.753778220238095
2026-03-29,7.375438913043479,8.053845951863355
2026-03-30,6.331336895833334,7.251814594720497
2026-03-31,11.260718645833334,8.14814260662526
2026-04-01,12.2281270625,9.213117603649067
2026-04-02,9.549288229166667,8.863955121506212
2026-04-03,5.177811437500001,8.22856312745859
2026-04-04,9.177899562499997,8.72866010662526
2026-04-05,1.5570974375000006,7.897468467261904
2026-04-06,7.025487875000001,7.996632892857143
2026-04-07,4.533545916666666,7.035608217261904
2026-04-08,9.75036475,6.681642172619048
2026-04-09,10.293423979166667,6.787947279761906
2026-04-10,7.60127825,7.134156824404761
2026-04-11,-0.18041883333333342,5.797254196428571
2026-04-12,5.700379083333333,6.389151574404762
2026-04-13,11.679649645833333,7.0540318273809515
2026-04-14,10.4946289375,7.905615116071426
2026-04-15,9.250486270833333,7.834203904761905
2026-04-16,8.746411645833334,7.613202142857143
2026-04-17,8.668993479166666,7.765732889880952
2026-04-18,6.864745395833333,8.772184922619047
2026-04-19,9.972996791666667,9.382558880952379
2026-04-20,10.1418111875,9.162867672619047
2026-04-21,7.856846604166667,8.786041625000001
2026-04-22,6.662343791666667,8.416306985119048
2026-04-23,10.929801291666667,8.728219791666666
2026-04-24,10.2916838125,8.96003269642857
2026-04-25,10.326324208333332,9.454543955357142
2026-04-26,10.305278604166666,9.502012785714287
2026-04-27,9.200304145833334,9.367511779761903
2026-04-28,10.104402958333335,9.688591258928572
2026-04-29,10.127916708333334,10.183673104166667
2026-04-30,5.576056895833332,9.418852476190477
2026-05-01,11.489252729166665,9.58993375
2026-05-02,9.236479166666665,9.434241601190477
2026-05-03,9.882259916666666,9.373810360119048
2026-05-04,11.272771416666666,9.66987711309524
2026-05-05,11.20697375,9.827387226190476
2026-05-06,10.0621543125,9.817992598214285
2026-05-07,11.811399354166667,10.708755806547618
2026-05-08,10.632066895833333,10.5863006875
2026-05-09,9.705812729166666,10.653348339285714
2026-05-10,6.029648187499999,10.102975235119047
2026-05-11,10.876731875,10.046398157738096
2026-05-12,10.4681865625,9.94085713095238
2026-05-13,12.128756291666667,10.236085985119049
2026-05-14,9.045902666666667,9.841015029761905
2026-05-15,10.831900979166667,9.869562755952382
2026-05-16,10.122873416666666,9.929142854166669
2026-05-17,9.1264341875,10.371540854166668
2026-05-18,11.533600416666667,10.465379217261907
2026-05-19,10.161887520833334,10.421622211309524
2026-05-20,11.006238291666667,10.261262497023809
2026-05-21,11.2371329375,10.574295392857143
2026-05-22,11.519256437500001,10.672489029761905
2026-05-23,11.035695208333337,10.802892142857145
2026-05-24,8.8974676875,10.770182642857142
2026-05-25,10.060311895833333,10.559712854166667
2026-05-26,12.188428791666666,10.849218750000002
2026-05-27,10.0806875,10.716997208333334
2026-05-28,6.848158729166665,10.090000892857145
2026-05-29,9.712897979166666,9.831949684523808
2026-05-30,11.025170166666665,9.830446107142857
2026-05-31,10.5046875,10.0600489375
2026-06-01,11.433429458333332,10.256208589285716
2026-06-02,12.185358375,10.255769958333332
2026-06-03,10.814408791666667,10.360587285714287
2026-06-04,3.535982479166667,9.887419249999999
2026-06-05,8.860049770833333,9.765583791666666
2026-06-06,9.089229604166665,9.489020854166666
2026-06-07,3.9459083541666695,8.552052404761906
2026-06-08,10.696354166666667,8.446755934523809
2026-06-09,9.999744,8.13452530952381
2026-06-10,10.161805791666668,8.04129630952381
2026-06-11,11.872396125,9.232212544642858
2026-06-12,7.676108395833333,9.0630780625
2026-06-13,2.092841687499998,8.063594074404763
2026-06-14,4.6297461250000005,8.161285184523809
2026-06-15,10.349698604166665,8.111762961309523
2026-06-16,11.2087353125,8.28447600595238
2026-06-17,12.5128991875,8.620346491071428
2026-06-18,10.831516479166668,8.471649398809522
2026-06-19,8.963367770833333,8.655543595238095
2026-06-20,11.461974791666666,9.993991181547617
2026-06-21,11.285567375,10.944822788690475
2026-06-22,10.189442291666666,10.921929029761904
2026-06-23,20.211541708333332,12.208044229166665
2026-06-24,10.970877666666667,11.98775544047619
2026-06-25,10.529068875,11.944548639880951
2026-06-26,11.529159354166667,12.311090294642854
2026-06-27,7.9258696041666665,11.805932410714286
2026-06-28,5.603903916666665,10.994266202380953
2026-06-29,11.230373083333333,11.142970601190475
2026-06-30,11.041446770833335,9.832957038690477
2026-07-01,9.745206749999998,9.65786119345238
2026-07-02,4.680025499999999,8.822283568452379
2026-07-03,10.5318058125,8.679804491071426
2026-07-04,6.5648381041666655,8.485371419642858
2026-07-05,10.013112208333334,9.115258318452382
2026-07-06,7.116407666666666,8.527548973214286
2026-07-07,10.1883476875,8.405677675595237
2026-07-08,11.770446104166666,8.694997583333333
2026-07-09,11.344412833333333,9.647052916666667
2026-07-10,12.514311791666668,9.93026805654762
2026-07-11,11.6415,10.655505470238097
2026-07-12,6.683396583333331,10.179831809523808
2026-07-13,11.188672833333333,10.761583976190476
2026-07-14,11.4115308125,10.936324422619048
2026-07-15,11.786004729166667,10.938547083333333
2026-07-16,12.081283104166667,11.043814264880952
2026-07-17,11.831374541666666,10.946251800595237
2026-07-18,11.7080460625,10.95575838095238
2026-07-19,7.519367770833332,11.075182836309523
2026-07-20,11.4891815625,11.118112654761903
2026-07-21,14.696459854166667,11.587388232142857
2026-07-22,14.811043520833334,12.019536630952382
2026-07-23,11.8118328125,11.981043732142856
2026-07-24,13.060752624999997,12.156669172619047
2026-07-25,6.470494999999998,11.408447592261904
2026-07-26,5.650362333333329,11.14144681547619
2026-07-27,11.245276479166666,11.106603232142856
2026-07-28,10.407524479166668,10.493898178571428
2026-07-29,12.511338541666667,10.165368895833334
2026-07-30,13.280038083333332,10.375112505952378
2026-07-31,13.516600624999999,10.440233648809523
2026-08-01,11.616793458333333,11.175419142857141
2026-08-02,13.358190625,12.276537470238097
2026-08-03,12.233418666666667,12.417700639880952
2026-08-04,11.412091666666665,12.561210238095239
2026-08-05,8.84515625,12.037469910714288
2026-08-06,12.635535416666666,11.945398101190477
2026-08-07,9.724431249999999,11.403659619047618
2026-08-08,8.237887500000001,10.920958767857142
2026-08-09,9.595320833333334,10.383405940476191
