Date,Price,SAP seven-day rolling average
2018-01-01,1.7083,[x]
2018-01-02,1.7331,[x]
2018-01-03,1.7663,[x]
2018-01-04,1.7719,[x]
2018-01-05,1.7601,[x]
2018-01-06,1.7186,[x]
2018-01-07,1.817,1.7536142857142856
2018-01-08,1.7993,1.766614285714286
2018-01-09,1.7734,1.7723714285714287
2018-01-10,1.7862,1.7752142857142859
2018-01-11,1.8334,1.7839999999999996
2018-01-12,1.778,1.786557142857143
2018-01-13,1.7796,1.7952714285714286
2018-01-14,1.7774,1.7896142857142858
2018-01-15,1.733,1.7801428571428572
2018-01-16,1.7304,1.7740000000000002
2018-01-17,1.718,1.764257142857143
2018-01-18,1.7026,1.7455714285714286
2018-01-19,1.7158,1.7366857142857144
2018-01-20,1.7204,1.7282285714285714
2018-01-21,1.6999,1.7171571428571428
2018-01-22,1.6852,1.7103285714285712
2018-01-23,1.6529,1.6992571428571428
2018-01-24,1.6241,1.6858428571428572
2018-01-25,1.6529,1.6787428571428573
2018-01-26,1.6146,1.6642857142857144
2018-01-27,1.6223,1.6502714285714286
2018-01-28,1.5549,1.629557142857143
2018-01-29,1.5893,1.6158571428571429
2018-01-30,1.6295,1.6125142857142856
2018-01-31,1.612,1.6107857142857145
2018-02-01,1.6952,1.6168285714285715
2018-02-02,1.7638,1.638142857142857
2018-02-03,1.6615,1.6437428571428572
2018-02-04,1.6799,1.6616
2018-02-05,1.6932,1.6764428571428571
2018-02-06,1.7097,1.6878999999999997
2018-02-07,1.7666,1.7099857142857144
2018-02-08,1.7444,1.717014285714286
2018-02-09,1.7284,1.711957142857143
2018-02-10,1.7429,1.7235857142857145
2018-02-11,1.7118,1.728142857142857
2018-02-12,1.7245,1.7326142857142857
2018-02-13,1.7973,1.7451285714285711
2018-02-14,1.7268,1.7394428571428573
2018-02-15,1.6477,1.7256285714285713
2018-02-16,1.7306,1.7259428571428568
2018-02-17,1.7116,1.7214714285714285
2018-02-18,1.7065,1.7207142857142856
2018-02-19,1.8878,1.744042857142857
2018-02-20,1.8766,1.7553714285714286
2018-02-21,1.9408,1.785942857142857
2018-02-22,2.074,1.846842857142857
2018-02-23,2.078,1.8964714285714284
2018-02-24,1.8699,1.919085714285714
2018-02-25,1.895,1.9460142857142857
2018-02-26,2.417,2.0216142857142856
2018-02-27,3.6485,2.274742857142857
2018-02-28,5.7535,2.819414285714285
2018-03-01,12.7162,4.339728571428571
2018-03-02,8.6943,5.284914285714286
2018-03-03,2.239,5.337642857142856
2018-03-04,1.991,5.351357142857142
2018-03-05,1.7443,5.255257142857142
2018-03-06,1.7649,4.986171428571429
2018-03-07,1.7205,4.410028571428572
2018-03-08,1.7898,2.8491142857142857
2018-03-09,1.8981,1.8782285714285714
2018-03-10,1.8615,1.8242999999999996
2018-03-11,1.8474,1.803785714285714
2018-03-12,2.5045,1.9123857142857141
2018-03-13,2.3297,1.9930714285714284
2018-03-14,2.0798,2.0444000000000004
2018-03-15,2.2556,2.110942857142857
2018-03-16,1.8743,2.107542857142857
2018-03-17,1.8881,2.111342857142857
2018-03-18,2.2004,2.1617714285714285
2018-03-19,1.9703,2.0854571428571425
2018-03-20,1.9094,2.0254142857142856
2018-03-21,1.8633,1.9944857142857142
2018-03-22,1.8553,1.9373
2018-03-23,1.7548,1.9202285714285714
2018-03-24,1.7908,1.9063285714285716
2018-03-25,1.6877,1.833085714285714
2018-03-26,1.6361,1.7853428571428573
2018-03-27,1.7148,1.7575428571428573
2018-03-28,1.6609,1.7286285714285714
2018-03-29,1.7654,1.715785714285714
2018-03-30,1.6619,1.7025142857142856
2018-03-31,1.6743,1.6858714285714285
2018-04-01,1.811,1.7034857142857143
2018-04-02,1.7961,1.726342857142857
2018-04-03,1.6375,1.7152999999999996
2018-04-04,1.6794,1.717942857142857
2018-04-05,1.6877,1.7068428571428569
2018-04-06,1.6627,1.7069571428571426
2018-04-07,1.7057,1.7114428571428573
2018-04-08,1.688,1.6938714285714287
2018-04-09,1.7717,1.6903857142857142
2018-04-10,1.8336,1.7184000000000001
2018-04-11,1.86,1.7441999999999998
2018-04-12,1.9138,1.7765
2018-04-13,1.8746,1.8067714285714287
2018-04-14,1.685,1.8038142857142858
2018-04-15,1.7217,1.8086285714285715
2018-04-16,1.713,1.8002428571428573
2018-04-17,1.7278,1.7851285714285716
2018-04-18,1.6566,1.7560714285714287
2018-04-19,1.7628,1.7345
2018-04-20,1.7394,1.7151857142857145
2018-04-21,1.6772,1.7140714285714285
2018-04-22,1.6732,1.7071428571428573
2018-04-23,1.7175,1.7077857142857142
2018-04-24,1.7444,1.710157142857143
2018-04-25,1.7295,1.7205714285714286
2018-04-26,1.7782,1.7227714285714286
2018-04-27,1.84,1.737142857142857
2018-04-28,1.8494,1.7617428571428568
2018-04-29,1.8437,1.7860999999999998
2018-04-30,1.8449,1.8042999999999998
2018-05-01,1.8108,1.8137857142857143
2018-05-02,1.8232,1.8271714285714287
2018-05-03,1.8014,1.8304857142857143
2018-05-04,1.8291,1.8289285714285715
2018-05-05,1.8067,1.8228285714285712
2018-05-06,1.795,1.8158714285714284
2018-05-07,1.8145,1.8115285714285714
2018-05-08,1.8292,1.8141571428571428
2018-05-09,1.7823,1.8083142857142855
2018-05-10,1.8226,1.8113428571428567
2018-05-11,1.8763,1.8180857142857143
2018-05-12,1.8948,1.8306714285714285
2018-05-13,1.8607,1.8400571428571428
2018-05-14,1.9308,1.8566714285714283
2018-05-15,1.8605,1.861142857142857
2018-05-16,1.894,1.8771
2018-05-17,1.9762,1.8990428571428573
2018-05-18,1.9467,1.9091
2018-05-19,1.9272,1.9137285714285714
2018-05-20,1.8872,1.9175142857142855
2018-05-21,1.9275,1.9170428571428573
2018-05-22,2.0073,1.9380142857142855
2018-05-23,1.9857,1.9511142857142858
2018-05-24,2.0187,1.957185714285714
2018-05-25,1.9092,1.9518285714285712
2018-05-26,1.8616,1.9424571428571427
2018-05-27,1.8855,1.9422142857142857
2018-05-28,1.9154,1.9404857142857141
2018-05-29,2.0158,1.9417000000000002
2018-05-30,2.1159,1.9603000000000002
2018-05-31,2.035,1.9626285714285714
2018-06-01,1.9654,1.9706571428571429
2018-06-02,1.9852,1.9883142857142861
2018-06-03,1.9916,2.003471428571429
2018-06-04,2.0291,2.019714285714286
2018-06-05,1.9589,2.0115857142857143
2018-06-06,1.9483,1.987642857142857
2018-06-07,2.0204,1.9855571428571428
2018-06-08,2.0051,1.9912285714285716
2018-06-09,1.9572,1.9872285714285716
2018-06-10,1.9137,1.9761000000000002
2018-06-11,1.8678,1.953057142857143
2018-06-12,1.8604,1.9389857142857145
2018-06-13,1.9919,1.9452142857142856
2018-06-14,1.9265,1.9317999999999997
2018-06-15,1.8801,1.9139428571428572
2018-06-16,1.8574,1.8996857142857144
2018-06-17,1.8652,1.8927571428571428
2018-06-18,1.8725,1.8934285714285717
2018-06-19,1.8346,1.8897428571428574
2018-06-20,1.8325,1.8669714285714285
2018-06-21,1.758,1.8428999999999998
2018-06-22,1.7999,1.8314428571428572
2018-06-23,1.8235,1.8266000000000002
2018-06-24,1.8019,1.8175571428571426
2018-06-25,1.8076,1.8082857142857145
2018-06-26,1.834,1.8082
2018-06-27,1.8896,1.8163571428571428
2018-06-28,1.8674,1.8319857142857143
2018-06-29,1.7854,1.8299142857142858
2018-06-30,1.8076,1.8276428571428573
2018-07-01,1.8083,1.828557142857143
2018-07-02,1.9105,1.843257142857143
2018-07-03,1.9035,1.8531857142857144
2018-07-04,1.9365,1.8598857142857141
2018-07-05,1.9862,1.8768571428571428
2018-07-06,1.9609,1.9019285714285716
2018-07-07,1.9749,1.9258285714285714
2018-07-08,1.9815,1.9505714285714288
2018-07-09,2.0234,1.9667000000000001
2018-07-10,1.9849,1.9783285714285714
2018-07-11,1.9731,1.9835571428571428
2018-07-12,1.9337,1.9760571428571432
2018-07-13,2.002,1.9819285714285715
2018-07-14,1.9644,1.9804285714285716
2018-07-15,1.9633,1.9778285714285715
2018-07-16,1.9021,1.9605000000000001
2018-07-17,1.9597,1.9568999999999996
2018-07-18,1.999,1.9606
2018-07-19,1.9829,1.9676285714285715
2018-07-20,1.9719,1.9633285714285713
2018-07-21,1.9442,1.9604428571428572
2018-07-22,1.9637,1.9605
2018-07-23,2.0041,1.9750714285714284
2018-07-24,2.0094,1.9821714285714285
2018-07-25,1.9705,1.9781
2018-07-26,1.9597,1.9747857142857141
2018-07-27,1.9696,1.9744571428571427
2018-07-28,1.9647,1.9773857142857143
2018-07-29,1.9636,1.9773714285714286
2018-07-30,2.0161,1.9790857142857141
2018-07-31,2.0,1.977742857142857
2018-08-01,1.9672,1.9772714285714286
2018-08-02,2.0163,1.985357142857143
2018-08-03,2.0047,1.9903714285714287
2018-08-04,1.9651,1.9904285714285714
2018-08-05,1.9641,1.9905000000000002
2018-08-06,2.0039,1.988757142857143
2018-08-07,2.0065,1.9896857142857145
2018-08-08,2.0139,1.9963571428571427
2018-08-09,1.9844,1.9917999999999998
2018-08-10,2.0048,1.9918142857142855
2018-08-11,2.024,2.0002285714285715
2018-08-12,2.035,2.010357142857143
2018-08-13,2.1067,2.025042857142857
2018-08-14,2.0473,2.030871428571429
2018-08-15,2.0077,2.029985714285714
2018-08-16,2.093,2.0455
2018-08-17,2.1277,2.063057142857143
2018-08-18,2.0842,2.0716571428571426
2018-08-19,2.0493,2.0737
2018-08-20,2.1424,2.0788
2018-08-21,2.1805,2.0978285714285714
2018-08-22,2.1995,2.1252285714285715
2018-08-23,2.2227,2.143757142857143
2018-08-24,2.2441,2.1603857142857144
2018-08-25,2.2747,2.1875999999999998
2018-08-26,2.2337,2.213942857142857
2018-08-27,2.273,2.2326
2018-08-28,2.3405,2.2554571428571424
2018-08-29,2.4006,2.2841857142857145
2018-08-30,2.3768,2.3062
2018-08-31,2.2912,2.3129285714285714
2018-09-01,2.3165,2.3189
2018-09-02,2.3144,2.330428571428571
2018-09-03,2.4177,2.3510999999999997
2018-09-04,2.418,2.3621714285714286
2018-09-05,2.4544,2.3698571428571427
2018-09-06,2.5406,2.3932571428571427
2018-09-07,2.5589,2.4314999999999998
2018-09-08,2.5672,2.4673142857142856
2018-09-09,2.4933,2.4928714285714286
2018-09-10,2.6252,2.5225142857142857
2018-09-11,2.581,2.5458
2018-09-12,2.5194,2.555085714285714
2018-09-13,2.4083,2.5361857142857143
2018-09-14,2.4073,2.5145285714285714
2018-09-15,2.4321,2.4952285714285716
2018-09-16,2.3982,2.4816428571428575
2018-09-17,2.4692,2.4593571428571432
2018-09-18,2.4057,2.4343142857142857
2018-09-19,2.5368,2.4368000000000003
2018-09-20,2.599,2.464042857142857
2018-09-21,2.6496,2.498657142857143
2018-09-22,2.6439,2.5289142857142854
2018-09-23,2.6037,2.558271428571428
2018-09-24,2.6814,2.5885857142857143
2018-09-25,2.6372,2.6216571428571425
2018-09-26,2.5535,2.6240428571428573
2018-09-27,2.4806,2.6071285714285715
2018-09-28,2.4957,2.585142857142857
2018-09-29,2.4851,2.5624571428571423
2018-09-30,2.4608,2.5420428571428566
2018-10-01,2.4327,2.5065142857142857
2018-10-02,2.452,2.4800571428571425
2018-10-03,2.4282,2.462157142857143
2018-10-04,2.4557,2.4586
2018-10-05,2.4927,2.4581714285714287
2018-10-06,2.4486,2.452957142857143
2018-10-07,2.4413,2.450171428571429
2018-10-08,2.3607,2.4398857142857144
2018-10-09,2.2307,2.4082714285714286
2018-10-10,2.2035,2.376171428571429
2018-10-11,2.1383,2.3308285714285715
2018-10-12,2.2621,2.2978857142857145
2018-10-13,2.2627,2.2713285714285716
2018-10-14,2.3108,2.252685714285714
2018-10-15,2.3564,2.252071428571429
2018-10-16,2.2868,2.2600857142857143
2018-10-17,2.1568,2.253414285714286
2018-10-18,2.2116,2.2638857142857143
2018-10-19,2.316,2.271585714285714
2018-10-20,2.257,2.270771428571428
2018-10-21,2.0698,2.236342857142857
2018-10-22,2.1373,2.205042857142857
2018-10-23,2.0856,2.1763
2018-10-24,2.1372,2.1734999999999998
2018-10-25,2.2151,2.174
2018-10-26,2.119,2.145857142857143
2018-10-27,2.0973,2.123042857142857
2018-10-28,2.212,2.143357142857143
2018-10-29,2.2276,2.1562571428571427
2018-10-30,2.2405,2.178385714285714
2018-10-31,2.145,2.1795
2018-11-01,2.0983,2.1628142857142856
2018-11-02,2.1051,2.1608285714285715
2018-11-03,2.091,2.159928571428572
2018-11-04,2.1005,2.1439999999999997
2018-11-05,2.0801,2.1229285714285715
2018-11-06,2.0717,2.0988142857142855
2018-11-07,2.1534,2.1000142857142854
2018-11-08,2.1741,2.110842857142857
2018-11-09,2.1168,2.1125142857142856
2018-11-10,2.0937,2.1129
2018-11-11,2.1115,2.114471428571428
2018-11-12,2.1949,2.1308714285714285
2018-11-13,2.2673,2.158814285714286
2018-11-14,2.3175,2.182257142857143
2018-11-15,2.4115,2.2161714285714287
2018-11-16,2.3889,2.255042857142857
2018-11-17,2.2246,2.2737428571428575
2018-11-18,2.3061,2.301542857142857
2018-11-19,2.2411,2.3081428571428573
2018-11-20,2.2006,2.298614285714286
2018-11-21,2.2544,2.2895999999999996
2018-11-22,2.2693,2.269285714285714
2018-11-23,2.2273,2.2461999999999995
2018-11-24,2.2308,2.2470857142857144
2018-11-25,2.2249,2.2354857142857143
2018-11-26,2.1813,2.226942857142857
2018-11-27,2.2457,2.2333857142857143
2018-11-28,2.1595,2.2198285714285713
2018-11-29,2.1454,2.202128571428571
2018-11-30,2.1558,2.1919142857142857
2018-12-01,2.2345,2.1924428571428574
2018-12-02,2.1606,2.183257142857143
2018-12-03,2.2493,2.1929714285714286
2018-12-04,2.25,2.1935857142857142
2018-12-05,2.2114,2.201
2018-12-06,2.0418,2.1862
2018-12-07,1.9987,2.163757142857143
2018-12-08,2.0286,2.1343428571428573
2018-12-09,2.0866,2.123771428571428
2018-12-10,2.1711,2.1126
2018-12-11,2.1559,2.0991571428571425
2018-12-12,2.2036,2.0980428571428567
2018-12-13,2.2475,2.1274285714285712
2018-12-14,2.2741,2.166771428571429
2018-12-15,2.2785,2.2024714285714286
2018-12-16,2.2617,2.2274857142857143
2018-12-17,2.2563,2.239657142857143
2018-12-18,2.1725,2.242028571428571
2018-12-19,2.319,2.2585142857142855
2018-12-20,2.2769,2.2627142857142855
2018-12-21,2.2589,2.260542857142857
2018-12-22,2.2631,2.258342857142857
2018-12-23,2.3111,2.2654
2018-12-24,2.2742,2.267957142857143
2018-12-25,2.2258,2.275571428571429
2018-12-26,2.1847,2.256385714285714
2018-12-27,2.1034,2.2316
2018-12-28,2.0472,2.201357142857143
2018-12-29,1.9865,2.161842857142857
2018-12-30,1.9861,2.115414285714286
2018-12-31,1.6643,2.0282857142857145
2019-01-01,1.7117,1.9548428571428573
2019-01-02,2.0466,1.935114285714286
2019-01-03,2.0386,1.925857142857143
2019-01-04,2.0609,1.9278142857142857
2019-01-05,2.0344,1.9346571428571429
2019-01-06,1.9728,1.9327571428571428
2019-01-07,1.8988,1.966257142857143
2019-01-08,1.9771,2.0041714285714285
2019-01-09,1.9938,1.9966285714285714
2019-01-10,2.0057,1.9919285714285715
2019-01-11,2.0329,1.9879285714285715
2019-01-12,1.9948,1.9822714285714285
2019-01-13,1.98,1.9833
2019-01-14,1.9492,1.9905000000000002
2019-01-15,2.0323,1.9983857142857144
2019-01-16,1.9955,1.9986285714285716
2019-01-17,2.0734,2.0082999999999998
2019-01-18,2.0448,2.0100000000000002
2019-01-19,2.0659,2.020157142857143
2019-01-20,2.047,2.0297285714285715
2019-01-21,1.9914,2.035757142857143
2019-01-22,2.0389,2.0367
2019-01-23,2.0627,2.0463
2019-01-24,1.9758,2.0323571428571428
2019-01-25,1.8397,2.0030571428571426
2019-01-26,1.8227,1.9683142857142857
2019-01-27,1.8841,1.945042857142857
2019-01-28,1.9115,1.9336285714285713
2019-01-29,1.8756,1.9103
2019-01-30,1.8506,1.8800000000000001
2019-01-31,1.8492,1.8619142857142859
2019-02-01,1.7255,1.8456
2019-02-02,1.7323,1.8326857142857145
2019-02-03,1.7307,1.8107714285714285
2019-02-04,1.7374,1.7859
2019-02-05,1.7363,1.7660000000000002
2019-02-06,1.7247,1.7480142857142857
2019-02-07,1.727,1.7305571428571427
2019-02-08,1.6821,1.724357142857143
2019-02-09,1.6899,1.7183
2019-02-10,1.674,1.7102
2019-02-11,1.6249,1.6941285714285714
2019-02-12,1.5849,1.6724999999999999
2019-02-13,1.6059,1.6555285714285712
2019-02-14,1.6229,1.6406571428571426
2019-02-15,1.6025,1.6292857142857144
2019-02-16,1.5973,1.6160571428571429
2019-02-17,1.5957,1.6048714285714287
2019-02-18,1.567,1.5966000000000002
2019-02-19,1.5651,1.5937714285714286
2019-02-20,1.5821,1.5903714285714285
2019-02-21,1.5191,1.5755428571428571
2019-02-22,1.5345,1.5658285714285713
2019-02-23,1.5399,1.5576285714285714
2019-02-24,1.5108,1.5454999999999999
2019-02-25,1.4784,1.5328428571428572
2019-02-26,1.4968,1.5230857142857144
2019-02-27,1.5255,1.5150000000000001
2019-02-28,1.5478,1.5191
2019-03-01,1.5132,1.5160571428571428
2019-03-02,1.4875,1.5085714285714287
2019-03-03,1.5103,1.5085
2019-03-04,1.5038,1.5121285714285713
2019-03-05,1.5007,1.5126857142857144
2019-03-06,1.4481,1.5016285714285715
2019-03-07,1.4699,1.4904999999999997
2019-03-08,1.4874,1.486814285714286
2019-03-09,1.4784,1.485514285714286
2019-03-10,1.4828,1.4815857142857143
2019-03-11,1.4421,1.4727714285714284
2019-03-12,1.423,1.4616714285714285
2019-03-13,1.3679,1.4502142857142857
2019-03-14,1.3439,1.4322142857142857
2019-03-15,1.272,1.4014428571428572
2019-03-16,1.2988,1.3757857142857142
2019-03-17,1.3081,1.3508285714285715
2019-03-18,1.3712,1.3407
2019-03-19,1.2789,1.3201142857142858
2019-03-20,1.2938,1.3095285714285712
2019-03-21,1.2871,1.3014142857142856
2019-03-22,1.2716,1.3013571428571427
2019-03-23,1.2217,1.290342857142857
2019-03-24,1.2031,1.2753428571428571
2019-03-25,1.1921,1.249757142857143
2019-03-26,1.2404,1.2442571428571427
2019-03-27,1.2933,1.2441857142857145
2019-03-28,1.2179,1.2343
2019-03-29,1.1691,1.219657142857143
2019-03-30,1.179,1.213557142857143
2019-03-31,1.1747,1.2095
2019-04-01,1.1259,1.2000428571428572
2019-04-02,1.089,1.1784142857142859
2019-04-03,1.1496,1.1578857142857142
2019-04-04,1.2553,1.1632285714285715
2019-04-05,1.3466,1.1885857142857144
2019-04-06,1.3915,1.218942857142857
2019-04-07,1.3902,1.2497285714285715
2019-04-08,1.3304,1.2789428571428572
2019-04-09,1.4667,1.3329
2019-04-10,1.3825,1.3661714285714286
2019-04-11,1.3714,1.3827571428571428
2019-04-12,1.4185,1.3930285714285713
2019-04-13,1.3059,1.3808
2019-04-14,1.3043,1.3685285714285713
2019-04-15,1.2642,1.3590714285714287
2019-04-16,1.3004,1.335314285714286
2019-04-17,1.2733,1.3197142857142856
2019-04-18,1.2603,1.303842857142857
2019-04-19,1.2038,1.2731714285714284
2019-04-20,1.1897,1.2565714285714285
2019-04-21,1.092,1.2262428571428572
2019-04-22,1.0526,1.1960142857142857
2019-04-23,0.9021,1.1391142857142857
2019-04-24,1.0743,1.1106857142857145
2019-04-25,1.1047,1.0884571428571428
2019-04-26,1.1246,1.0771428571428572
2019-04-27,1.1069,1.0653142857142857
2019-04-28,1.1622,1.0753428571428572
2019-04-29,1.1562,1.090142857142857
2019-04-30,1.1637,1.127514285714286
2019-05-01,1.1298,1.1354428571428572
2019-05-02,1.1805,1.1462714285714284
2019-05-03,1.1999,1.1570285714285713
2019-05-04,1.1561,1.164057142857143
2019-05-05,1.1685,1.1649571428571428
2019-05-06,1.2208,1.1741857142857144
2019-05-07,1.146,1.1716571428571427
2019-05-08,1.2408,1.1875142857142857
2019-05-09,1.3802,1.2160428571428572
2019-05-10,1.3049,1.231042857142857
2019-05-11,1.25,1.2444571428571432
2019-05-12,1.1693,1.2445714285714284
2019-05-13,1.0213,1.2160714285714285
2019-05-14,1.0517,1.2026000000000001
2019-05-15,1.1132,1.1843714285714289
2019-05-16,0.9531,1.123357142857143
2019-05-17,1.1092,1.0954
2019-05-18,1.089,1.0724
2019-05-19,1.0866,1.0605857142857142
2019-05-20,1.0674,1.0671714285714287
2019-05-21,1.018,1.0623571428571428
2019-05-22,1.0153,1.0483714285714285
2019-05-23,0.9913,1.0538285714285713
2019-05-24,1.0075,1.0393000000000001
2019-05-25,1.0058,1.0274142857142856
2019-05-26,0.9711,1.0109142857142857
2019-05-27,1.0225,1.0045
2019-05-28,1.0455,1.0084285714285712
2019-05-29,1.0145,1.0083142857142857
2019-05-30,0.9717,1.0055142857142858
2019-05-31,0.9286,0.9942428571428572
2019-06-01,0.9199,0.9819714285714286
2019-06-02,0.8734,0.9680142857142858
2019-06-03,0.9033,0.9509857142857142
2019-06-04,1.0067,0.9454428571428571
2019-06-05,0.9569,0.9372142857142858
2019-06-06,0.9213,0.9300142857142857
2019-06-07,0.9964,0.9397
2019-06-08,1.0076,0.9522285714285713
2019-06-09,1.017,0.972742857142857
2019-06-10,1.0515,0.9939142857142855
2019-06-11,1.0012,0.9931285714285715
2019-06-12,1.0215,1.002357142857143
2019-06-13,1.0758,1.0244285714285715
2019-06-14,1.0567,1.0330428571428574
2019-06-15,1.0507,1.0392000000000001
2019-06-16,1.0041,1.0373571428571429
2019-06-17,1.0661,1.0394428571428573
2019-06-18,1.0362,1.0444428571428572
2019-06-19,0.9709,1.0372142857142859
2019-06-20,0.9589,1.0205142857142857
2019-06-21,0.9327,1.0028
2019-06-22,0.9785,0.9924857142857143
2019-06-23,0.9629,0.9866
2019-06-24,0.9406,0.9686714285714286
2019-06-25,0.9108,0.9507571428571427
2019-06-26,0.8673,0.9359571428571429
2019-06-27,0.807,0.914257142857143
2019-06-28,0.8484,0.9022142857142857
2019-06-29,0.8709,0.8868428571428572
2019-06-30,0.8559,0.8715571428571429
2019-07-01,0.9051,0.8664857142857143
2019-07-02,0.9582,0.8732571428571428
2019-07-03,0.9498,0.8850428571428571
2019-07-04,0.9474,0.9051
2019-07-05,1.0443,0.9330857142857143
2019-07-06,1.0381,0.9569714285714286
2019-07-07,0.9965,0.977057142857143
2019-07-08,1.0559,0.9986
2019-07-09,1.0836,1.0165142857142857
2019-07-10,1.1846,1.050057142857143
2019-07-11,1.2462,1.0927428571428572
2019-07-12,1.1745,1.1113428571428572
2019-07-13,1.2265,1.1382571428571429
2019-07-14,1.2226,1.1705571428571429
2019-07-15,1.1718,1.1871142857142856
2019-07-16,1.1052,1.1902000000000001
2019-07-17,1.0716,1.1740571428571427
2019-07-18,1.0079,1.1400142857142856
2019-07-19,1.0015,1.1153
2019-07-20,0.9578,1.0769142857142857
2019-07-21,0.9409,1.0366714285714287
2019-07-22,0.933,1.002557142857143
2019-07-23,1.018,0.9901
2019-07-24,0.9635,0.9746571428571428
2019-07-25,0.9319,0.9637999999999999
2019-07-26,0.9476,0.9560999999999998
2019-07-27,0.9217,0.950942857142857
2019-07-28,0.9039,0.9456571428571429
2019-07-29,0.9295,0.9451571428571429
2019-07-30,0.905,0.9290142857142857
2019-07-31,0.9305,0.9243
2019-08-01,1.0863,0.946357142857143
2019-08-02,1.0983,0.9678857142857142
2019-08-03,1.1027,0.9937428571428573
2019-08-04,1.0704,1.0175285714285716
2019-08-05,0.9313,1.0177857142857143
2019-08-06,0.8644,1.0119857142857145
2019-08-07,0.9436,1.013857142857143
2019-08-08,0.9905,1.0001714285714285
2019-08-09,0.9864,0.9841857142857142
2019-08-10,0.9939,0.9686428571428571
2019-08-11,1.0135,0.9605142857142857
2019-08-12,1.0248,0.9738714285714287
2019-08-13,1.018,0.9958142857142857
2019-08-14,0.9513,0.9969142857142856
2019-08-15,0.8841,0.9817142857142857
2019-08-16,0.9523,0.9768428571428572
2019-08-17,0.9227,0.9666714285714286
2019-08-18,0.9166,0.9528285714285714
2019-08-19,0.8947,0.9342428571428573
2019-08-20,0.9883,0.9299999999999999
2019-08-21,0.9749,0.9333714285714285
2019-08-22,0.9932,0.9489571428571428
2019-08-23,0.7797,0.9242999999999999
2019-08-24,0.8808,0.9183142857142856
2019-08-25,0.8504,0.9088571428571429
2019-08-26,0.9802,0.9210714285714285
2019-08-27,0.9822,0.9201999999999998
2019-08-28,0.9155,0.9117142857142856
2019-08-29,0.8845,0.8961857142857143
2019-08-30,0.8749,0.9097857142857143
2019-08-31,0.9053,0.9132857142857144
2019-09-01,0.8736,0.9166
2019-09-02,0.6779,0.8734142857142857
2019-09-03,0.6848,0.8309285714285715
2019-09-04,0.6656,0.7952285714285713
2019-09-05,0.6855,0.7668
2019-09-06,0.8743,0.7667142857142857
2019-09-07,0.8775,0.7627428571428572
2019-09-08,0.8986,0.7663142857142857
2019-09-09,0.8808,0.7952999999999999
2019-09-10,0.9113,0.8276571428571428
2019-09-11,0.8719,0.8571285714285715
2019-09-12,1.023,0.9053428571428571
2019-09-13,0.9909,0.9219999999999999
2019-09-14,1.0451,0.945942857142857
2019-09-15,1.0584,0.9687714285714285
2019-09-16,1.056,0.9937999999999999
2019-09-17,0.8759,0.988742857142857
2019-09-18,0.8965,0.9922571428571427
2019-09-19,0.8168,0.9627999999999999
2019-09-20,0.856,0.9435285714285714
2019-09-21,0.8681,0.9182428571428571
2019-09-22,0.906,0.8964714285714285
2019-09-23,0.8534,0.8675285714285713
2019-09-24,0.9043,0.8715857142857143
2019-09-25,0.8538,0.8654857142857143
2019-09-26,0.8219,0.8662142857142857
2019-09-27,0.8732,0.8686714285714286
2019-09-28,0.8849,0.8710714285714286
2019-09-29,0.8935,0.8692857142857141
2019-09-30,0.779,0.8586571428571429
2019-10-01,0.9101,0.8594857142857142
2019-10-02,0.9329,0.8707857142857144
2019-10-03,1.127,0.9143714285714285
2019-10-04,1.0364,0.9376857142857141
2019-10-05,0.9742,0.9504428571428571
2019-10-06,0.9568,0.9594857142857142
2019-10-07,0.9209,0.9797571428571429
2019-10-08,0.8637,0.9731285714285713
2019-10-09,0.745,0.9462857142857143
2019-10-10,0.8023,0.8998999999999999
2019-10-11,0.8277,0.8700857142857144
2019-10-12,0.886,0.8574857142857144
2019-10-13,0.8606,0.8437428571428571
2019-10-14,1.01,0.8564714285714284
2019-10-15,0.9678,0.8713428571428571
2019-10-16,0.8914,0.8922571428571429
2019-10-17,0.9677,0.9158857142857142
2019-10-18,1.0209,0.9434857142857143
2019-10-19,0.9219,0.9486142857142857
2019-10-20,0.8556,0.9479
2019-10-21,0.8022,0.9182142857142858
2019-10-22,0.8937,0.9076285714285713
2019-10-23,0.9715,0.9190714285714285
2019-10-24,1.0059,0.9245285714285715
2019-10-25,1.0181,0.9241285714285714
2019-10-26,0.8021,0.9070142857142859
2019-10-27,0.6976,0.8844428571428572
2019-10-28,0.932,0.9029857142857143
2019-10-29,0.8794,0.9009428571428574
2019-10-30,0.7759,0.8730000000000001
2019-10-31,0.9161,0.8601714285714286
2019-11-01,0.9651,0.8525999999999999
2019-11-02,0.9366,0.8718142857142857
2019-11-03,0.9935,0.9140857142857143
2019-11-04,1.1338,0.9429142857142858
2019-11-05,1.0565,0.9682142857142857
2019-11-06,1.1548,1.022342857142857
2019-11-07,1.2133,1.0648
2019-11-08,1.2937,1.1117428571428571
2019-11-09,1.279,1.160657142857143
2019-11-10,1.2593,1.1986285714285714
2019-11-11,1.2167,1.2104714285714286
2019-11-12,1.3773,1.2563
2019-11-13,1.3386,1.282557142857143
2019-11-14,1.3056,1.295742857142857
2019-11-15,1.3753,1.3074
2019-11-16,1.3844,1.322457142857143
2019-11-17,1.3529,1.3358285714285714
2019-11-18,1.364,1.3568714285714287
2019-11-19,1.4073,1.361157142857143
2019-11-20,1.3468,1.3623285714285716
2019-11-21,1.4596,1.3843285714285716
2019-11-22,1.4094,1.3892000000000002
2019-11-23,1.4127,1.3932428571428572
2019-11-24,1.4148,1.4020857142857142
2019-11-25,1.4523,1.4146999999999998
2019-11-26,1.3868,1.4117714285714287
2019-11-27,1.4442,1.4256857142857144
2019-11-28,1.3913,1.4159285714285714
2019-11-29,1.3931,1.4136
2019-11-30,1.4102,1.413242857142857
2019-12-01,1.3739,1.4074000000000002
2019-12-02,1.3503,1.3928285714285715
2019-12-03,1.2355,1.3712142857142857
2019-12-04,1.2549,1.3441714285714284
2019-12-05,1.1514,1.3099
2019-12-06,1.1296,1.2722571428571428
2019-12-07,1.1911,1.2409571428571429
2019-12-08,1.1924,1.2150285714285711
2019-12-09,1.1928,1.1925285714285714
2019-12-10,1.0826,1.1706857142857143
2019-12-11,1.1048,1.149242857142857
2019-12-12,1.2246,1.1597000000000002
2019-12-13,1.0508,1.148442857142857
2019-12-14,1.0907,1.1340999999999999
2019-12-15,1.0893,1.1193714285714285
2019-12-16,1.1182,1.1087142857142855
2019-12-17,1.1614,1.1199714285714284
2019-12-18,1.121,1.1222857142857143
2019-12-19,1.1468,1.1111714285714285
2019-12-20,1.1243,1.1216714285714287
2019-12-21,1.1288,1.1271142857142857
2019-12-22,1.0976,1.1283
2019-12-23,0.9747,1.1078
2019-12-24,0.954,1.0781714285714286
2019-12-25,1.0144,1.0629428571428572
2019-12-26,1.0277,1.0459285714285715
2019-12-27,0.9823,1.0256428571428573
2019-12-28,1.0317,1.0117714285714288
2019-12-29,1.0882,1.0104285714285715
2019-12-30,1.0687,1.0238571428571428
2019-12-31,1.014,1.0324285714285713
2020-01-01,0.8935,1.0151571428571429
2020-01-02,0.9327,1.0015857142857143
2020-01-03,0.9821,1.0015571428571428
2020-01-04,1.0108,0.9985714285714286
2020-01-05,0.9728,0.9820857142857143
2020-01-06,0.9973,0.9718857142857144
2020-01-07,0.9764,0.9665142857142858
2020-01-08,0.9531,0.9750285714285714
2020-01-09,1.038,0.9900714285714286
2020-01-10,1.0538,1.0003142857142857
2020-01-11,1.0559,1.006757142857143
2020-01-12,1.0404,1.0164142857142857
2020-01-13,1.0537,1.0244714285714287
2020-01-14,1.0018,1.0281
2020-01-15,0.9886,1.0331714285714286
2020-01-16,0.998,1.0274571428571428
2020-01-17,0.9708,1.0156
2020-01-18,0.9775,1.0044
2020-01-19,1.003,0.9990571428571429
2020-01-20,0.9514,0.9844428571428571
2020-01-21,1.0101,0.9856285714285714
2020-01-22,0.9591,0.9814142857142858
2020-01-23,0.9192,0.9701571428571428
2020-01-24,0.9494,0.9671
2020-01-25,0.957,0.9641714285714286
2020-01-26,0.9414,0.9553714285714285
2020-01-27,0.9619,0.9568714285714285
2020-01-28,0.9669,0.9507
2020-01-29,0.9224,0.9454571428571429
2020-01-30,0.8822,0.9401714285714285
2020-01-31,0.9005,0.9331857142857143
2020-02-01,0.8866,0.9231285714285714
2020-02-02,0.8856,0.9151571428571429
2020-02-03,0.861,0.9007428571428572
2020-02-04,0.86,0.8854714285714286
2020-02-05,0.8254,0.8716142857142858
2020-02-06,0.7903,0.8584857142857144
2020-02-07,0.7759,0.8406857142857144
2020-02-08,0.7538,0.8217142857142857
2020-02-09,0.765,0.8044857142857144
2020-02-10,0.7693,0.7913857142857142
2020-02-11,0.7411,0.7744000000000001
2020-02-12,0.7189,0.7591857142857144
2020-02-13,0.7286,0.7503714285714286
2020-02-14,0.7504,0.7467285714285714
2020-02-15,0.7531,0.7466285714285714
2020-02-16,0.7569,0.7454714285714286
2020-02-17,0.7899,0.7484142857142857
2020-02-18,0.8282,0.7608571428571428
2020-02-19,0.895,0.7860142857142858
2020-02-20,0.841,0.8020714285714287
2020-02-21,0.8521,0.8166
2020-02-22,0.8638,0.8324142857142858
2020-02-23,0.855,0.8464285714285715
2020-02-24,0.8551,0.8557428571428571
2020-02-25,0.8462,0.8583142857142857
2020-02-26,0.8743,0.8553571428571427
2020-02-27,0.8612,0.8582428571428571
2020-02-28,0.8313,0.8552714285714286
2020-02-29,0.8124,0.8479285714285714
2020-03-01,0.8427,0.8461714285714285
2020-03-02,0.8563,0.8463428571428571
2020-03-03,0.923,0.8573142857142857
2020-03-04,0.8759,0.857542857142857
2020-03-05,0.8955,0.8624428571428571
2020-03-06,0.8043,0.8585857142857142
2020-03-07,0.798,0.8565285714285713
2020-03-08,0.7659,0.845557142857143
2020-03-09,0.7944,0.8367142857142856
2020-03-10,0.8459,0.8257
2020-03-11,0.8373,0.8201857142857143
2020-03-12,0.8145,0.8086142857142856
2020-03-13,0.8441,0.8143
2020-03-14,0.8081,0.8157428571428572
2020-03-15,0.8423,0.8266571428571429
2020-03-16,0.7753,0.8239285714285715
2020-03-17,0.8327,0.8220428571428571
2020-03-18,0.8485,0.823642857142857
2020-03-19,0.8425,0.8276428571428572
2020-03-20,0.7451,0.8135
2020-03-21,0.7577,0.8063
2020-03-22,0.7789,0.7972428571428571
2020-03-23,0.7263,0.7902428571428571
2020-03-24,0.7274,0.7752000000000001
2020-03-25,0.7767,0.7649428571428573
2020-03-26,0.6789,0.7415714285714285
2020-03-27,0.6676,0.7305
2020-03-28,0.6398,0.7136571428571428
2020-03-29,0.683,0.6999571428571428
2020-03-30,0.6904,0.6948285714285715
2020-03-31,0.607,0.6776285714285715
2020-04-01,0.5962,0.6518428571428571
2020-04-02,0.5742,0.6368857142857143
2020-04-03,0.5456,0.6194571428571428
2020-04-04,0.5982,0.6135142857142857
2020-04-05,0.5724,0.5977142857142858
2020-04-06,0.5662,0.5799714285714286
2020-04-07,0.5801,0.5761285714285714
2020-04-08,0.5201,0.5652571428571429
2020-04-09,0.5188,0.5573428571428571
2020-04-10,0.5314,0.5553142857142858
2020-04-11,0.5161,0.5435857142857143
2020-04-12,0.5176,0.5357571428571429
2020-04-13,0.5534,0.5339285714285714
2020-04-14,0.5257,0.5261571428571429
2020-04-15,0.4676,0.5186571428571428
2020-04-16,0.4992,0.5158571428571428
2020-04-17,0.4704,0.5071428571428572
2020-04-18,0.5118,0.5065285714285714
2020-04-19,0.4751,0.5004571428571428
2020-04-20,0.3693,0.47415714285714283
2020-04-21,0.3181,0.4445
2020-04-22,0.4258,0.43852857142857143
2020-04-23,0.4111,0.4259428571428572
2020-04-24,0.3549,0.40944285714285716
2020-04-25,0.3957,0.3928571428571429
2020-04-26,0.3983,0.3818857142857143
2020-04-27,0.4287,0.3903714285714286
2020-04-28,0.4809,0.4136285714285714
2020-04-29,0.4498,0.4170571428571429
2020-04-30,0.424,0.4189
2020-05-01,0.4717,0.4355857142857143
2020-05-02,0.477,0.44720000000000004
2020-05-03,0.484,0.4594428571428571
2020-05-04,0.472,0.4656285714285714
2020-05-05,0.479,0.46535714285714286
2020-05-06,0.5017,0.47277142857142856
2020-05-07,0.4834,0.4812571428571429
2020-05-08,0.4756,0.4818142857142857
2020-05-09,0.4722,0.48112857142857146
2020-05-10,0.4615,0.47791428571428574
2020-05-11,0.4569,0.4757571428571429
2020-05-12,0.4498,0.4715857142857143
2020-05-13,0.4448,0.4634571428571429
2020-05-14,0.4546,0.4593428571428571
2020-05-15,0.4352,0.4535714285714286
2020-05-16,0.4547,0.4510714285714285
2020-05-17,0.4474,0.4490571428571428
2020-05-18,0.4062,0.44181428571428577
2020-05-19,0.3979,0.4344
2020-05-20,0.3607,0.4223857142857143
2020-05-21,0.3213,0.4033428571428571
2020-05-22,0.3509,0.3912999999999999
2020-05-23,0.3782,0.3803714285714285
2020-05-24,0.3731,0.36975714285714284
2020-05-25,0.4144,0.3709285714285714
2020-05-26,0.3601,0.3655285714285714
2020-05-27,0.3178,0.3594
2020-05-28,0.2991,0.35622857142857145
2020-05-29,0.3259,0.35265714285714284
2020-05-30,0.3329,0.34618571428571426
2020-05-31,0.3357,0.34084285714285717
2020-06-01,0.3091,0.3258
2020-06-02,0.403,0.33192857142857146
2020-06-03,0.3905,0.3423142857142857
2020-06-04,0.452,0.3641571428571429
2020-06-05,0.4158,0.37700000000000006
2020-06-06,0.4244,0.39007142857142857
2020-06-07,0.4338,0.4040857142857143
2020-06-08,0.4522,0.4245285714285715
2020-06-09,0.4274,0.42801428571428574
2020-06-10,0.4214,0.43242857142857144
2020-06-11,0.4506,0.43222857142857146
2020-06-12,0.4795,0.44132857142857146
2020-06-13,0.466,0.4472714285714286
2020-06-14,0.4671,0.4520285714285714
2020-06-15,0.494,0.4579999999999999
2020-06-16,0.4876,0.4666
2020-06-17,0.4744,0.4741714285714286
2020-06-18,0.5001,0.4812428571428572
2020-06-19,0.5081,0.4853285714285714
2020-06-20,0.4703,0.4859428571428572
2020-06-21,0.4585,0.4847142857142857
2020-06-22,0.4593,0.4797571428571428
2020-06-23,0.5376,0.48689999999999994
2020-06-24,0.5152,0.49272857142857135
2020-06-25,0.4654,0.4877714285714286
2020-06-26,0.4824,0.48410000000000003
2020-06-27,0.4639,0.4831857142857143
2020-06-28,0.4704,0.4848857142857143
2020-06-29,0.5116,0.4923571428571429
2020-06-30,0.5587,0.4953714285714286
2020-07-01,0.5165,0.4955571428571428
2020-07-02,0.4892,0.4989571428571428
2020-07-03,0.444,0.4934714285714285
2020-07-04,0.4552,0.4922285714285714
2020-07-05,0.4584,0.49051428571428574
2020-07-06,0.4979,0.48855714285714286
2020-07-07,0.5251,0.4837571428571429
2020-07-08,0.4981,0.48112857142857146
2020-07-09,0.4808,0.47992857142857137
2020-07-10,0.4356,0.4787285714285714
2020-07-11,0.4486,0.4777857142857142
2020-07-12,0.4187,0.47211428571428565
2020-07-13,0.4089,0.4594
2020-07-14,0.4103,0.44299999999999995
2020-07-15,0.4243,0.4324571428571429
2020-07-16,0.4105,0.42241428571428574
2020-07-17,0.4501,0.4244857142857143
2020-07-18,0.437,0.4228285714285714
2020-07-19,0.4364,0.4253571428571428
2020-07-20,0.4272,0.4279714285714285
2020-07-21,0.4458,0.4330428571428571
2020-07-22,0.4267,0.4333857142857143
2020-07-23,0.4536,0.4395428571428572
2020-07-24,0.4467,0.43905714285714276
2020-07-25,0.4315,0.43827142857142853
2020-07-26,0.4317,0.43760000000000004
2020-07-27,0.4242,0.4371714285714286
2020-07-28,0.4457,0.43715714285714286
2020-07-29,0.4529,0.4409
2020-07-30,0.4486,0.44018571428571424
2020-07-31,0.4655,0.4428714285714285
2020-08-01,0.4528,0.4459142857142857
2020-08-02,0.4527,0.4489142857142857
2020-08-03,0.5444,0.46608571428571427
2020-08-04,0.5181,0.4764285714285714
2020-08-05,0.5566,0.49124285714285715
2020-08-06,0.6323,0.5174857142857142
2020-08-07,0.6813,0.5483142857142856
2020-08-08,0.6837,0.5812999999999999
2020-08-09,0.6796,0.6137142857142857
2020-08-10,0.6924,0.6348571428571429
2020-08-11,0.6677,0.6562285714285714
2020-08-12,0.6421,0.6684428571428571
2020-08-13,0.6782,0.675
2020-08-14,0.703,0.6781
2020-08-15,0.7204,0.683342857142857
2020-08-16,0.7211,0.6892714285714285
2020-08-17,0.6968,0.6899
2020-08-18,0.7754,0.7052857142857143
2020-08-19,0.7414,0.7194714285714285
2020-08-20,0.6806,0.7198142857142856
2020-08-21,0.6389,0.710657142857143
2020-08-22,0.641,0.6993142857142857
2020-08-23,0.67,0.6920142857142857
2020-08-24,0.7902,0.7053571428571429
2020-08-25,0.8295,0.7130857142857144
2020-08-26,0.8773,0.7325
2020-08-27,0.8688,0.7593857142857142
2020-08-28,0.9141,0.7987000000000001
2020-08-29,0.9346,0.8406428571428571
2020-08-30,0.9477,0.8803142857142857
2020-08-31,0.9685,0.9057857142857142
2020-09-01,0.9552,0.9237428571428572
2020-09-02,0.9212,0.9300142857142858
2020-09-03,0.9569,0.9426
2020-09-04,1.044,0.9611571428571428
2020-09-05,1.011,0.9720714285714286
2020-09-06,1.0269,0.9833857142857144
2020-09-07,0.9645,0.9828142857142858
2020-09-08,0.9457,0.9814571428571427
2020-09-09,0.9706,0.9885142857142857
2020-09-10,0.9385,0.9858857142857141
2020-09-11,0.9247,0.968842857142857
2020-09-12,0.8733,0.9491714285714286
2020-09-13,0.8522,0.9242142857142858
2020-09-14,0.9692,0.9248857142857142
2020-09-15,0.9899,0.9311999999999999
2020-09-16,0.9808,0.932657142857143
2020-09-17,0.9762,0.9380428571428572
2020-09-18,0.976,0.9453714285714286
2020-09-19,0.9644,0.9583857142857143
2020-09-20,1.0062,0.9803857142857142
2020-09-21,1.0406,0.9905857142857142
2020-09-22,1.0684,1.0018
2020-09-23,1.0988,1.018657142857143
2020-09-24,1.0872,1.0345142857142857
2020-09-25,1.1202,1.0551142857142857
2020-09-26,1.107,1.0754857142857144
2020-09-27,1.1063,1.0897857142857144
2020-09-28,1.2262,1.1163000000000003
2020-09-29,1.1786,1.1320428571428571
2020-09-30,1.2002,1.1465285714285716
2020-10-01,1.0816,1.1457285714285714
2020-10-02,1.1239,1.1462571428571429
2020-10-03,1.1828,1.157085714285714
2020-10-04,1.1897,1.169
2020-10-05,1.2055,1.1660428571428572
2020-10-06,1.2116,1.1707571428571428
2020-10-07,1.3089,1.1862857142857144
2020-10-08,1.3396,1.2231428571428573
2020-10-09,1.2703,1.2440571428571428
2020-10-10,1.2557,1.2544714285714282
2020-10-11,1.2368,1.2612
2020-10-12,1.2911,1.2734285714285714
2020-10-13,1.2663,1.2812428571428571
2020-10-14,1.3045,1.2806142857142857
2020-10-15,1.3746,1.2856142857142856
2020-10-16,1.3823,1.3016142857142856
2020-10-17,1.3738,1.3184857142857143
2020-10-18,1.3724,1.3378571428571429
2020-10-19,1.3595,1.3476285714285716
2020-10-20,1.3613,1.3612
2020-10-21,1.3859,1.3728285714285715
2020-10-22,1.398,1.3761714285714284
2020-10-23,1.4098,1.3801
2020-10-24,1.4114,1.3854714285714285
2020-10-25,1.4387,1.394942857142857
2020-10-26,1.3327,1.3911142857142857
2020-10-27,1.4158,1.3989
2020-10-28,1.3394,1.3922571428571426
2020-10-29,1.3025,1.3786142857142856
2020-10-30,1.1655,1.3437142857142859
2020-10-31,1.1611,1.3079571428571428
2020-11-01,1.1335,1.264357142857143
2020-11-02,1.0487,1.2237857142857143
2020-11-03,1.3115,1.2088857142857141
2020-11-04,1.2839,1.200957142857143
2020-11-05,1.2973,1.2002142857142855
2020-11-06,1.2485,1.2120714285714287
2020-11-07,1.3058,1.232742857142857
2020-11-08,1.2634,1.2513
2020-11-09,1.2923,1.2860999999999998
2020-11-10,1.2465,1.2768142857142857
2020-11-11,1.2698,1.2748000000000002
2020-11-12,1.2737,1.2714285714285716
2020-11-13,1.3169,1.2812000000000001
2020-11-14,1.2646,1.2753142857142856
2020-11-15,1.2604,1.2748857142857144
2020-11-16,1.3403,1.281742857142857
2020-11-17,1.2018,1.2753571428571429
2020-11-18,1.2452,1.2718428571428573
2020-11-19,1.2531,1.2689000000000001
2020-11-20,1.1462,1.244514285714286
2020-11-21,1.1896,1.2338
2020-11-22,1.2133,1.2270714285714288
2020-11-23,1.3058,1.2221428571428572
2020-11-24,1.2934,1.2352285714285716
2020-11-25,1.3481,1.2499285714285715
2020-11-26,1.3942,1.2700857142857145
2020-11-27,1.4626,1.3152857142857144
2020-11-28,1.402,1.3456285714285714
2020-11-29,1.3506,1.365242857142857
2020-11-30,1.4413,1.3846000000000003
2020-12-01,1.4755,1.410614285714286
2020-12-02,1.454,1.4257428571428572
2020-12-03,1.4006,1.426657142857143
2020-12-04,1.4515,1.4250714285714285
2020-12-05,1.4122,1.4265285714285714
2020-12-06,1.4456,1.4401
2020-12-07,1.4154,1.4364000000000001
2020-12-08,1.391,1.4243285714285714
2020-12-09,1.3914,1.4153857142857145
2020-12-10,1.4357,1.4204
2020-12-11,1.4835,1.4249714285714286
2020-12-12,1.4921,1.4363857142857144
2020-12-13,1.5027,1.444542857142857
2020-12-14,1.5594,1.4651142857142858
2020-12-15,1.5637,1.4897857142857143
2020-12-16,1.5506,1.5125285714285714
2020-12-17,1.5104,1.5231999999999999
2020-12-18,1.4006,1.511357142857143
2020-12-19,1.4208,1.5011714285714286
2020-12-20,1.511,1.5023571428571427
2020-12-21,1.6006,1.508242857142857
2020-12-22,1.6298,1.517685714285714
2020-12-23,1.474,1.5067428571428572
2020-12-24,1.6928,1.5328
2020-12-25,1.7316,1.5800857142857143
2020-12-26,1.6711,1.6158428571428571
2020-12-27,1.735,1.6478428571428572
2020-12-28,1.9326,1.6952714285714288
2020-12-29,1.9562,1.7419
2020-12-30,1.9397,1.8084285714285715
2020-12-31,1.9632,1.847057142857143
2021-01-01,1.9499,1.878242857142857
2021-01-02,1.9578,1.9192
2021-01-03,1.9439,1.949042857142857
2021-01-04,2.0391,1.9642571428571427
2021-01-05,1.8698,1.9519142857142857
2021-01-06,1.8528,1.9395
2021-01-07,2.0063,1.945657142857143
2021-01-08,2.1419,1.973085714285714
2021-01-09,2.1392,1.999
2021-01-10,2.0881,2.0196
2021-01-11,2.22,2.045442857142857
2021-01-12,2.6434,2.155957142857143
2021-01-13,2.3364,2.225042857142857
2021-01-14,2.1123,2.240185714285714
2021-01-15,2.0089,2.2211857142857143
2021-01-16,1.9136,2.188957142857143
2021-01-17,1.8337,2.152614285714286
2021-01-18,1.8352,2.0976428571428576
2021-01-19,1.8277,1.9811142857142858
2021-01-20,1.9546,1.9265714285714284
2021-01-21,1.9589,1.9046571428571428
2021-01-22,2.0521,1.910828571428571
2021-01-23,1.9877,1.9214142857142857
2021-01-24,2.1025,1.9598142857142855
2021-01-25,1.9725,1.9794285714285718
2021-01-26,1.9069,1.9907428571428574
2021-01-27,1.7999,1.9686428571428571
2021-01-28,1.9066,1.9611714285714288
2021-01-29,1.8157,1.9274000000000002
2021-01-30,1.7819,1.8980000000000001
2021-01-31,1.8218,1.8579
2021-02-01,1.7116,1.8206285714285715
2021-02-02,1.7316,1.7955857142857143
2021-02-03,1.5867,1.7651285714285716
2021-02-04,1.7361,1.7407714285714284
2021-02-05,1.7368,1.7295
2021-02-06,1.6111,1.7051000000000003
2021-02-07,1.7475,1.6944857142857146
2021-02-08,1.9964,1.7351714285714284
2021-02-09,1.9033,1.7597
2021-02-10,1.7918,1.789
2021-02-11,1.6046,1.7702142857142855
2021-02-12,1.5841,1.7484
2021-02-13,1.6548,1.754642857142857
2021-02-14,1.6324,1.7382000000000002
2021-02-15,1.4348,1.6579714285714289
2021-02-16,1.4312,1.5905285714285715
2021-02-17,1.4432,1.5407285714285714
2021-02-18,1.515,1.5279285714285713
2021-02-19,1.4909,1.5146142857142857
2021-02-20,1.4094,1.4795571428571428
2021-02-21,1.4292,1.4505285714285716
2021-02-22,1.3835,1.4431999999999998
2021-02-23,1.4066,1.4396857142857142
2021-02-24,1.3656,1.4285999999999999
2021-02-25,1.3819,1.4095857142857142
2021-02-26,1.3962,1.396057142857143
2021-02-27,1.41,1.3961428571428571
2021-02-28,1.4388,1.3975142857142857
2021-03-01,1.5121,1.4158857142857144
2021-03-02,1.5136,1.4311714285714285
2021-03-03,1.55,1.457514285714286
2021-03-04,1.5315,1.4788857142857144
2021-03-05,1.5379,1.4991285714285714
2021-03-06,1.5397,1.5176571428571428
2021-03-07,1.5661,1.5358428571428573
2021-03-08,1.5431,1.5402714285714285
2021-03-09,1.4875,1.5365428571428572
2021-03-10,1.5835,1.5413285714285716
2021-03-11,1.5919,1.5499571428571428
2021-03-12,1.6237,1.5622142857142856
2021-03-13,1.6251,1.5744142857142855
2021-03-14,1.6097,1.580642857142857
2021-03-15,1.5123,1.576242857142857
2021-03-16,1.4546,1.571542857142857
2021-03-17,1.5748,1.5702999999999998
2021-03-18,1.4848,1.555
2021-03-19,1.4677,1.5327142857142857
2021-03-20,1.4225,1.5037714285714283
2021-03-21,1.498,1.4878142857142855
2021-03-22,1.5306,1.4904285714285714
2021-03-23,1.5139,1.4989000000000001
2021-03-24,1.5701,1.4982285714285715
2021-03-25,1.5451,1.5068428571428572
2021-03-26,1.6015,1.5259571428571428
2021-03-27,1.6423,1.5573571428571429
2021-03-28,1.6448,1.5783285714285713
2021-03-29,1.5361,1.5791142857142855
2021-03-30,1.5674,1.5867571428571428
2021-03-31,1.589,1.589457142857143
2021-04-01,1.7453,1.618057142857143
2021-04-02,1.6929,1.6311142857142857
2021-04-03,1.7213,1.6424
2021-04-04,1.6034,1.6364857142857143
2021-04-05,1.6588,1.6540142857142857
2021-04-06,1.8342,1.6921285714285712
2021-04-07,1.9883,1.7491714285714288
2021-04-08,1.7577,1.7509428571428571
2021-04-09,1.7389,1.7575142857142858
2021-04-10,1.789,1.7671857142857141
2021-04-11,1.8064,1.7961857142857143
2021-04-12,1.9492,1.8376714285714286
2021-04-13,1.9097,1.8484571428571428
2021-04-14,1.8826,1.833357142857143
2021-04-15,1.9484,1.8606
2021-04-16,1.9022,1.8839285714285714
2021-04-17,1.853,1.8930714285714285
2021-04-18,1.8835,1.9040857142857142
2021-04-19,1.8728,1.8931714285714285
2021-04-20,1.9147,1.8938857142857142
2021-04-21,1.8741,1.8926714285714286
2021-04-22,1.8894,1.884242857142857
2021-04-23,1.8075,1.8707142857142856
2021-04-24,1.7609,1.857557142857143
2021-04-25,1.8199,1.8484714285714285
2021-04-26,1.8312,1.8425285714285715
2021-04-27,2.0079,1.8558428571428571
2021-04-28,2.0257,1.8775000000000002
2021-04-29,2.0857,1.905542857142857
2021-04-30,2.2009,1.9617428571428575
2021-05-01,2.2126,2.0262714285714285
2021-05-02,2.1773,2.077328571428571
2021-05-03,2.1888,2.128414285714286
2021-05-04,2.2229,2.159128571428571
2021-05-05,2.2285,2.1881
2021-05-06,2.374,2.2292857142857145
2021-05-07,2.1879,2.2274285714285718
2021-05-08,2.3034,2.2404
2021-05-09,2.2206,2.2465857142857146
2021-05-10,2.1964,2.247671428571429
2021-05-11,2.2416,2.250342857142857
2021-05-12,2.2772,2.2573
2021-05-13,2.3604,2.255357142857143
2021-05-14,2.426,2.2893714285714286
2021-05-15,2.3525,2.2963857142857145
2021-05-16,2.3169,2.3101428571428575
2021-05-17,2.3254,2.328571428571429
2021-05-18,2.1767,2.3192999999999997
2021-05-19,2.0336,2.2845
2021-05-20,2.1878,2.259842857142857
2021-05-21,2.3037,2.2423714285714285
2021-05-22,2.2705,2.230657142857143
2021-05-23,2.2453,2.2204285714285716
2021-05-24,2.2166,2.2048857142857146
2021-05-25,2.4278,2.240757142857143
2021-05-26,2.4255,2.296742857142857
2021-05-27,2.2319,2.3030428571428567
2021-05-28,2.1654,2.283285714285714
2021-05-29,2.2441,2.2795142857142854
2021-05-30,2.2199,2.2758857142857143
2021-05-31,2.1586,2.2676000000000003
2021-06-01,2.1874,2.2332571428571426
2021-06-02,2.1758,2.1975857142857143
2021-06-03,2.2461,2.199614285714286
2021-06-04,2.1805,2.201771428571429
2021-06-05,2.1295,2.1854
2021-06-06,2.1558,2.1762428571428574
2021-06-07,2.1818,2.1795571428571425
2021-06-08,2.2817,2.1930285714285715
2021-06-09,2.3145,2.212842857142857
2021-06-10,2.3569,2.2286714285714284
2021-06-11,2.3351,2.2507571428571427
2021-06-12,2.3792,2.2864285714285715
2021-06-13,2.3591,2.3154714285714286
2021-06-14,2.4231,2.349942857142857
2021-06-15,2.35,2.3597
2021-06-16,2.4016,2.3721428571428573
2021-06-17,2.4055,2.379085714285714
2021-06-18,2.5327,2.4073142857142855
2021-06-19,2.5661,2.434014285714286
2021-06-20,2.5792,2.4654571428571432
2021-06-21,2.5745,2.4870857142857146
2021-06-22,2.656,2.5308
2021-06-23,2.7638,2.5825428571428577
2021-06-24,2.7422,2.630642857142857
2021-06-25,2.85,2.675971428571429
2021-06-26,2.8452,2.715842857142857
2021-06-27,2.7593,2.7415714285714285
2021-06-28,2.7509,2.766771428571429
2021-06-29,2.8498,2.794457142857143
2021-06-30,3.0511,2.8355
2021-07-01,3.1611,2.895342857142857
2021-07-02,3.1241,2.9345
2021-07-03,3.018,2.959185714285714
2021-07-04,2.9789,2.9905571428571425
2021-07-05,3.1508,3.047685714285714
2021-07-06,2.8555,3.0484999999999998
2021-07-07,2.8166,3.015
2021-07-08,2.8713,2.9736000000000002
2021-07-09,3.0855,2.9680857142857144
2021-07-10,3.0974,2.9794285714285715
2021-07-11,3.0389,2.9879999999999995
2021-07-12,2.9197,2.9549857142857143
2021-07-13,3.0001,2.9756428571428573
2021-07-14,2.8204,2.9761857142857147
2021-07-15,2.8263,2.969757142857143
2021-07-16,2.9807,2.954785714285714
2021-07-17,2.9882,2.939185714285714
2021-07-18,2.9807,2.9308714285714283
2021-07-19,3.0588,2.950742857142857
2021-07-20,3.0716,2.960957142857143
2021-07-21,3.0821,2.9983428571428576
2021-07-22,3.1,3.037442857142857
2021-07-23,3.025,3.0437714285714286
2021-07-24,3.05,3.0526000000000004
2021-07-25,3.0892,3.0681000000000003
2021-07-26,3.2263,3.092028571428572
2021-07-27,3.3379,3.130071428571429
2021-07-28,3.4516,3.182857142857143
2021-07-29,3.5754,3.250771428571429
2021-07-30,3.5161,3.320928571428572
2021-07-31,3.4978,3.3848999999999996
2021-08-01,3.524,3.447014285714286
2021-08-02,3.6445,3.506757142857143
2021-08-03,3.5749,3.5406142857142853
2021-08-04,3.6563,3.5698571428571424
2021-08-05,3.5658,3.5684857142857145
2021-08-06,3.5883,3.5788
2021-08-07,3.5696,3.589057142857143
2021-08-08,3.5893,3.5983857142857145
2021-08-09,3.7199,3.6091571428571427
2021-08-10,3.7417,3.6329857142857143
2021-08-11,3.8203,3.6564142857142854
2021-08-12,3.7416,3.6815285714285713
2021-08-13,3.6383,3.688671428571429
2021-08-14,3.7334,3.7120714285714285
2021-08-15,3.7239,3.7313
2021-08-16,3.8697,3.7527000000000004
2021-08-17,3.9284,3.779371428571429
2021-08-18,3.8384,3.781957142857143
2021-08-19,3.3897,3.7316857142857147
2021-08-20,3.5454,3.718414285714286
2021-08-21,3.5635,3.6941428571428574
2021-08-22,3.5725,3.6725142857142856
2021-08-23,3.6097,3.6353714285714283
2021-08-24,3.7897,3.6155571428571425
2021-08-25,3.8258,3.6137571428571427
2021-08-26,3.8642,3.6815428571428575
2021-08-27,4.0053,3.747242857142857
2021-08-28,3.9972,3.8092
2021-08-29,3.9451,3.862428571428572
2021-08-30,4.1047,3.9331428571428573
2021-08-31,4.2681,4.001485714285715
2021-09-01,4.3047,4.0699
2021-09-02,4.433,4.1511571428571425
2021-09-03,4.4389,4.2131
2021-09-04,4.4486,4.277585714285714
2021-09-05,4.3558,4.336257142857143
2021-09-06,4.4809,4.39
2021-09-07,4.533,4.427842857142857
2021-09-08,4.7034,4.4848
2021-09-09,4.8198,4.540057142857143
2021-09-10,4.7563,4.585400000000001
2021-09-11,4.7622,4.6302
2021-09-12,4.825,4.697228571428572
2021-09-13,5.1698,4.795642857142857
2021-09-14,5.7087,4.9636
2021-09-15,5.2921,5.0477
2021-09-16,4.9779,5.070285714285714
2021-09-17,5.4025,5.162599999999999
2021-09-18,5.3963,5.253185714285714
2021-09-19,5.3824,5.332814285714285
2021-09-20,6.1092,5.467014285714286
2021-09-21,6.0371,5.513928571428572
2021-09-22,5.8485,5.593414285714286
2021-09-23,5.749,5.703571428571429
2021-09-24,5.3827,5.700742857142857
2021-09-25,5.0324,5.648757142857143
2021-09-26,4.4832,5.5203
2021-09-27,5.1047,5.3768
2021-09-28,5.6287,5.3184571428571425
2021-09-29,5.9311,5.330257142857143
2021-09-30,6.9784,5.505885714285715
2021-10-01,6.4748,5.661900000000001
2021-10-02,5.8952,5.785157142857144
2021-10-03,6.3087,6.045942857142857
2021-10-04,7.3386,6.365071428571428
2021-10-05,8.9936,6.845771428571429
2021-10-06,9.1312,7.302928571428572
2021-10-07,8.1651,7.472457142857143
2021-10-08,6.8403,7.524671428571429
2021-10-09,7.1699,7.706771428571429
2021-10-10,7.1852,7.8319857142857146
2021-10-11,7.0811,7.7952
2021-10-12,7.048,7.517257142857143
2021-10-13,7.3122,7.2574
2021-10-14,7.7399,7.196657142857142
2021-10-15,7.1123,7.235514285714285
2021-10-16,7.3525,7.2616000000000005
2021-10-17,7.1122,7.251171428571429
2021-10-18,7.263,7.277157142857143
2021-10-19,6.9415,7.261942857142857
2021-10-20,7.2006,7.2459999999999996
2021-10-21,7.1799,7.165999999999999
2021-10-22,7.1006,7.164328571428571
2021-10-23,7.2489,7.14952857142857
2021-10-24,7.0864,7.145842857142855
2021-10-25,6.9896,7.1067857142857145
2021-10-26,7.1946,7.142942857142857
2021-10-27,6.818,7.088285714285715
2021-10-28,6.5151,6.993314285714285
2021-10-29,5.4213,6.753414285714285
2021-10-30,5.0659,6.441557142857143
2021-10-31,5.0683,6.153257142857143
2021-11-01,5.31,5.913314285714286
2021-11-02,5.7008,5.699914285714286
2021-11-03,6.1515,5.604699999999999
2021-11-04,6.1697,5.555357142857142
2021-11-05,6.106,5.6531714285714285
2021-11-06,5.6836,5.741414285714286
2021-11-07,5.8319,5.850499999999999
2021-11-08,6.259,5.986071428571428
2021-11-09,5.8416,6.0061857142857145
2021-11-10,5.5905,5.926042857142858
2021-11-11,5.915,5.889657142857144
2021-11-12,5.9763,5.871128571428572
2021-11-13,6.1849,5.942742857142856
2021-11-14,6.1026,5.981414285714286
2021-11-15,6.6909,6.043114285714286
2021-11-16,7.2147,6.239271428571429
2021-11-17,7.4249,6.501328571428571
2021-11-18,7.4655,6.722828571428571
2021-11-19,7.0476,6.875871428571429
2021-11-20,6.7691,6.959328571428572
2021-11-21,7.3598,7.138928571428572
2021-11-22,7.2899,7.2245
2021-11-23,7.7662,7.303285714285714
2021-11-24,7.8254,7.3605
2021-11-25,7.2899,7.335414285714286
2021-11-26,7.4466,7.392414285714287
2021-11-27,7.6147,7.513214285714286
2021-11-28,7.7533,7.569428571428572
2021-11-29,8.1461,7.691742857142858
2021-11-30,7.6549,7.675842857142858
2021-12-01,8.0803,7.712257142857142
2021-12-02,8.0078,7.814814285714285
2021-12-03,7.7677,7.860685714285713
2021-12-04,7.3215,7.818799999999999
2021-12-05,7.503,7.783042857142857
2021-12-06,7.7106,7.720828571428571
2021-12-07,8.2628,7.807671428571427
2021-12-08,8.7503,7.903385714285714
2021-12-09,8.5744,7.984328571428571
2021-12-10,8.8227,8.135042857142855
2021-12-11,9.0635,8.383899999999999
2021-12-12,8.7688,8.56472857142857
2021-12-13,9.623,8.837928571428572
2021-12-14,10.0883,9.098714285714284
2021-12-15,10.498,9.348385714285714
2021-12-16,11.3981,9.751771428571427
2021-12-17,11.4674,10.129585714285714
2021-12-18,11.6441,10.498242857142856
2021-12-19,13.0011,11.102857142857141
2021-12-20,13.0468,11.591971428571428
2021-12-21,14.2232,12.182671428571428
2021-12-22,14.5043,12.754999999999999
2021-12-23,11.2694,12.736614285714285
2021-12-24,7.273,12.137414285714286
2021-12-25,6.9856,11.471914285714286
2021-12-26,6.906,10.601185714285716
2021-12-27,7.1425,9.757714285714284
2021-12-28,7.4581,8.791271428571429
2021-12-29,7.1562,7.741542857142856
2021-12-30,6.4412,7.0518
2021-12-31,4.8671,6.708100000000001
2022-01-01,1.5221,5.9276
2022-01-02,2.0805,5.238242857142858
2022-01-03,5.3375,4.980385714285715
2022-01-04,6.3142,4.816971428571429
2022-01-05,7.6359,4.8854999999999995
2022-01-06,7.8374,5.084957142857143
2022-01-07,6.8572,5.369257142857143
2022-01-08,6.5583,6.088714285714286
2022-01-09,7.0472,6.798242857142857
2022-01-10,7.0516,7.043114285714284
2022-01-11,6.5893,7.082414285714286
2022-01-12,6.234,6.882142857142858
2022-01-13,6.469,6.686657142857143
2022-01-14,6.9129,6.6946142857142865
2022-01-15,7.3461,6.807157142857143
2022-01-16,7.308,6.844414285714286
2022-01-17,6.919,6.8254714285714275
2022-01-18,6.7258,6.844971428571427
2022-01-19,6.0707,6.821642857142857
2022-01-20,6.1988,6.783042857142857
2022-01-21,6.3607,6.7041571428571425
2022-01-22,6.3583,6.5630428571428565
2022-01-23,6.464,6.442471428571428
2022-01-24,7.4967,6.5249999999999995
2022-01-25,7.628,6.653885714285714
2022-01-26,7.3112,6.831099999999999
2022-01-27,7.4518,7.0100999999999996
2022-01-28,7.5118,7.174542857142858
2022-01-29,7.5312,7.3421
2022-01-30,7.6451,7.510828571428571
2022-01-31,7.1077,7.455257142857143
2022-02-01,6.0559,7.230671428571429
2022-02-02,5.9,7.029071428571428
2022-02-03,6.0495,6.828742857142857
2022-02-04,6.3179,6.6581857142857155
2022-02-05,6.5767,6.521828571428572
2022-02-06,6.387,6.342100000000001
2022-02-07,6.4417,6.246957142857142
2022-02-08,6.2583,6.2758714285714285
2022-02-09,6.2167,6.321114285714287
2022-02-10,6.0907,6.327
2022-02-11,6.1027,6.296257142857143
2022-02-12,6.2314,6.246928571428571
2022-02-13,6.3007,6.2345999999999995
2022-02-14,6.3927,6.2276
2022-02-15,5.6017,6.1338
2022-02-16,5.5175,6.033914285714286
2022-02-17,5.7549,5.985942857142857
2022-02-18,5.9175,5.959485714285713
2022-02-19,6.5141,5.999871428571429
2022-02-20,6.1706,5.981285714285714
2022-02-21,6.0461,5.9317714285714285
2022-02-22,6.1302,6.007271428571429
2022-02-23,6.7499,6.183328571428571
2022-02-24,8.7713,6.614242857142857
2022-02-25,7.2468,6.804142857142857
2022-02-26,8.0211,7.019428571428571
2022-02-27,8.1784,7.306257142857143
2022-02-28,8.3894,7.641014285714286
2022-03-01,9.5401,8.128142857142858
2022-03-02,12.4195,8.938085714285716
2022-03-03,13.1209,9.559457142857143
2022-03-04,14.6407,10.615728571428573
2022-03-05,15.4378,11.675257142857143
2022-03-06,15.5278,12.725171428571429
2022-03-07,17.2482,13.990714285714287
2022-03-08,17.1121,15.07242857142857
2022-03-09,13.9936,15.297299999999998
2022-03-10,11.0825,15.0061
2022-03-11,10.5541,14.422300000000002
2022-03-12,8.805,13.474757142857142
2022-03-13,9.2728,12.581185714285715
2022-03-14,8.7174,11.362499999999999
2022-03-15,9.1227,10.221157142857141
2022-03-16,8.593,9.449642857142857
2022-03-17,8.0739,9.019842857142857
2022-03-18,7.7021,8.612414285714287
2022-03-19,6.0134,8.213614285714286
2022-03-20,7.3455,7.938285714285714
2022-03-21,7.5553,7.772271428571429
2022-03-22,7.4156,7.5283999999999995
2022-03-23,7.8643,7.424300000000001
2022-03-24,8.4986,7.484971428571429
2022-03-25,7.9531,7.520828571428572
2022-03-26,6.9561,7.655499999999999
2022-03-27,7.4862,7.675600000000001
2022-03-28,8.1037,7.753942857142858
2022-03-29,8.7111,7.939014285714285
2022-03-30,9.2969,8.143671428571428
2022-03-31,9.8223,8.332771428571428
2022-04-01,9.7162,8.584642857142857
2022-04-02,9.4571,8.941928571428573
2022-04-03,8.2384,9.049385714285714
2022-04-04,8.0747,9.045242857142858
2022-04-05,7.82,8.917942857142858
2022-04-06,7.9241,8.721828571428572
2022-04-07,7.9493,8.454257142857143
2022-04-08,8.0839,8.22107142857143
2022-04-09,8.3124,8.057542857142858
2022-04-10,7.6413,7.972242857142858
2022-04-11,7.2038,7.847828571428572
2022-04-12,7.2717,7.769500000000001
2022-04-13,6.8162,7.611228571428572
2022-04-14,5.3292,7.236928571428572
2022-04-15,6.1771,6.9645285714285725
2022-04-16,3.7784,6.316814285714286
2022-04-17,2.9299,5.643757142857142
2022-04-18,5.2525,5.365
2022-04-19,5.5755,5.122685714285715
2022-04-20,5.1257,4.8811857142857145
2022-04-21,4.8477,4.812400000000001
2022-04-22,4.7229,4.604657142857143
2022-04-23,5.8759,4.9043
2022-04-24,6.3342,5.3906285714285715
2022-04-25,4.8825,5.337771428571429
2022-04-26,5.0469,5.262257142857143
2022-04-27,4.8316,5.220242857142857
2022-04-28,4.4529,5.163842857142858
2022-04-29,3.7543,5.025471428571429
2022-04-30,2.6741,4.568071428571428
2022-05-01,3.5129,4.1650285714285715
2022-05-02,4.3594,4.0903
2022-05-03,4.4307,4.0022714285714285
2022-05-04,3.9246,3.8726999999999996
2022-05-05,3.8416,3.785371428571428
2022-05-06,2.8888,3.661728571428571
2022-05-07,4.6836,3.9488000000000008
2022-05-08,3.7626,3.9844714285714287
2022-05-09,2.0452,3.6538714285714287
2022-05-10,0.7407,3.1267285714285715
2022-05-11,1.3846,2.7638714285714285
2022-05-12,1.7463,2.4645428571428574
2022-05-13,2.1435,2.358071428571429
2022-05-14,3.0943,2.1310285714285717
2022-05-15,2.9106,2.009314285714286
2022-05-16,3.9903,2.2871857142857146
2022-05-17,3.4206,2.6700285714285714
2022-05-18,1.9554,2.7515714285714283
2022-05-19,2.7638,2.8969285714285715
2022-05-20,2.693,2.975428571428572
2022-05-21,3.3533,3.012428571428572
2022-05-22,4.1727,3.192728571428571
2022-05-23,4.4007,3.2513571428571426
2022-05-24,4.1222,3.351585714285714
2022-05-25,3.5147,3.574342857142857
2022-05-26,3.1012,3.6225428571428573
2022-05-27,4.4962,3.8801428571428573
2022-05-28,5.3947,4.171771428571428
2022-05-29,5.275,4.329242857142857
2022-05-30,5.4322,4.4766
2022-05-31,5.0216,4.605085714285714
2022-06-01,3.881,4.657414285714286
2022-06-02,3.9846,4.783614285714286
2022-06-03,4.2323,4.745914285714286
2022-06-04,4.2682,4.584985714285715
2022-06-05,4.76,4.511414285714286
2022-06-06,4.7675,4.416457142857142
2022-06-07,4.3398,4.319057142857143
2022-06-08,3.5625,4.273557142857142
2022-06-09,1.4633,3.9133714285714283
2022-06-10,0.43,3.3701857142857143
2022-06-11,3.7949,3.302571428571429
2022-06-12,4.7764,3.3049142857142857
2022-06-13,4.993,3.337128571428572
2022-06-14,5.5463,3.509485714285714
2022-06-15,6.8668,3.9815285714285715
2022-06-16,5.1021,4.5013571428571435
2022-06-17,4.8321,5.130228571428572
2022-06-18,5.741,5.408242857142857
2022-06-19,6.2438,5.617871428571428
2022-06-20,5.8723,5.743485714285714
2022-06-21,6.4404,5.871214285714286
2022-06-22,6.5813,5.8304285714285715
2022-06-23,6.4717,6.026085714285714
2022-06-24,5.6547,6.143599999999999
2022-06-25,4.8621,6.018042857142857
2022-06-26,4.0902,5.710385714285714
2022-06-27,4.6325,5.533271428571429
2022-06-28,5.4192,5.387385714285715
2022-06-29,5.6972,5.261085714285715
2022-06-30,5.5106,5.123785714285715
2022-07-01,5.4369,5.092671428571428
2022-07-02,5.779,5.223657142857143
2022-07-03,5.8209,5.470899999999999
2022-07-04,6.9273,5.798728571428571
2022-07-05,8.0932,6.180728571428572
2022-07-06,6.455,6.288985714285714
2022-07-07,7.1719,6.526314285714285
2022-07-08,7.0126,6.751414285714286
2022-07-09,6.9973,6.925457142857143
2022-07-10,7.3059,7.1376
2022-07-11,7.7019,7.248257142857143
2022-07-12,8.5035,7.306871428571428
2022-07-13,9.2999,7.713285714285715
2022-07-14,7.7166,7.7911
2022-07-15,6.4094,7.704928571428572
2022-07-16,5.5547,7.498842857142857
2022-07-17,5.3583,7.2206142857142845
2022-07-18,6.2297,7.0103
2022-07-19,6.3918,6.70862857142857
2022-07-20,7.3505,6.430142857142856
2022-07-21,8.609,6.557628571428572
2022-07-22,9.6345,7.018357142857143
2022-07-23,8.7534,7.475314285714286
2022-07-24,7.6136,7.7975
2022-07-25,8.5164,8.124171428571428
2022-07-26,10.4727,8.707157142857143
2022-07-27,11.4773,9.2967
2022-07-28,11.43,9.699699999999998
2022-07-29,10.1478,9.77302857142857
2022-07-30,9.1376,9.827914285714286
2022-07-31,9.4749,10.093814285714286
2022-08-01,9.623,10.251900000000001
2022-08-02,8.5453,9.976557142857143
2022-08-03,9.7987,9.736757142857142
2022-08-04,9.4282,9.450785714285715
2022-08-05,9.6481,9.3794
2022-08-06,8.308,9.260885714285715
2022-08-07,9.1138,9.2093
2022-08-08,9.8639,9.243714285714285
2022-08-09,9.755,9.416528571428572
2022-08-10,10.212,9.47557142857143
2022-08-11,10.5289,9.632814285714286
2022-08-12,11.9647,9.963757142857144
2022-08-13,12.3301,10.538342857142856
2022-08-14,12.3718,11.003771428571428
2022-08-15,12.6299,11.398914285714284
2022-08-16,12.8458,11.840457142857144
2022-08-17,13.0352,12.24377142857143
2022-08-18,12.8544,12.575985714285716
2022-08-19,12.6272,12.670628571428571
2022-08-20,12.3893,12.679085714285716
2022-08-21,13.3553,12.819585714285713
2022-08-22,15.2128,13.18857142857143
2022-08-23,15.7995,13.610528571428572
2022-08-24,16.9539,14.170342857142856
2022-08-25,17.8968,14.890685714285715
2022-08-26,18.3251,15.70467142857143
2022-08-27,17.7622,16.47222857142857
2022-08-28,18.5048,17.20787142857143
2022-08-29,19.389,17.80447142857143
2022-08-30,16.2526,17.8692
2022-08-31,12.0391,17.167085714285715
2022-09-01,11.8945,16.309614285714286
2022-09-02,9.7496,15.084542857142855
2022-09-03,8.9704,13.828571428571431
2022-09-04,9.9629,12.6083
2022-09-05,9.744,11.230442857142858
2022-09-06,7.1481,9.9298
2022-09-07,6.4379,9.12962857142857
2022-09-08,9.9623,8.853599999999998
2022-09-09,11.4607,9.098042857142858
2022-09-10,12.1262,9.548871428571427
2022-09-11,12.0761,9.850757142857143
2022-09-12,11.5271,10.105485714285715
2022-09-13,11.7832,10.767642857142858
2022-09-14,12.7073,11.663271428571429
2022-09-15,11.1001,11.825814285714285
2022-09-16,8.8042,11.446314285714283
2022-09-17,7.7904,10.826914285714285
2022-09-18,8.5047,10.316714285714285
2022-09-19,8.8587,9.935514285714287
2022-09-20,8.9799,9.535042857142857
2022-09-21,8.0313,8.867042857142858
2022-09-22,8.8654,8.5478
2022-09-23,8.0062,8.4338
2022-09-24,8.0591,8.472185714285715
2022-09-25,6.9372,8.248257142857144
2022-09-26,6.1385,7.859657142857143
2022-09-27,7.2024,7.605728571428571
2022-09-28,7.4697,7.5255
2022-09-29,7.5376,7.335814285714286
2022-09-30,6.897,7.177357142857142
2022-10-01,7.3137,7.070871428571428
2022-10-02,8.1527,7.244514285714287
2022-10-03,6.9583,7.361628571428571
2022-10-04,4.4688,6.971114285714286
2022-10-05,4.3576,6.526528571428571
2022-10-06,5.2836,6.204528571428571
2022-10-07,5.7983,6.047571428571429
2022-10-08,5.0111,5.71862857142857
2022-10-09,5.406,5.326242857142858
2022-10-10,5.5904,5.130828571428571
2022-10-11,5.8837,5.332957142857142
2022-10-12,6.1326,5.5865285714285715
2022-10-13,5.7246,5.649528571428571
2022-10-14,4.2877,5.433728571428572
2022-10-15,3.7134,5.248342857142857
2022-10-16,3.3227,4.950728571428571
2022-10-17,2.0838,4.4497857142857145
2022-10-18,0.8247,3.7270714285714286
2022-10-19,1.1141,3.0101428571428572
2022-10-20,2.7577,2.5863000000000005
2022-10-21,2.9,2.388057142857143
2022-10-22,1.5359,2.076985714285714
2022-10-23,0.9121,1.7326142857142859
2022-10-24,1.2473,1.613114285714286
2022-10-25,1.224,1.6701571428571431
2022-10-26,1.5138,1.727257142857143
2022-10-27,1.9752,1.6154714285714284
2022-10-28,2.1779,1.512314285714286
2022-10-29,2.6041,1.6649142857142856
2022-10-30,3.2621,2.0006285714285714
2022-10-31,2.9121,2.238457142857143
2022-11-01,1.8615,2.329528571428572
2022-11-02,3.8468,2.662814285714286
2022-11-03,4.5865,3.035857142857143
2022-11-04,4.3101,3.3404571428571432
2022-11-05,3.6387,3.488257142857143
2022-11-06,3.0275,3.4547428571428576
2022-11-07,2.6909,3.423142857142857
2022-11-08,3.2953,3.6279714285714286
2022-11-09,3.3575,3.5580714285714286
2022-11-10,3.2139,3.3619857142857144
2022-11-11,3.1053,3.1898714285714287
2022-11-12,3.5062,3.1709428571428573
2022-11-13,3.8961,3.2950285714285714
2022-11-14,3.4127,3.3981428571428576
2022-11-15,3.6818,3.453357142857143
2022-11-16,2.8682,3.3834571428571425
2022-11-17,2.8611,3.333057142857143
2022-11-18,3.4351,3.380171428571429
2022-11-19,2.5761,3.2472999999999996
2022-11-20,3.0674,3.1289142857142855
2022-11-21,3.4659,3.1365142857142856
2022-11-22,4.1542,3.204
2022-11-23,4.3613,3.4173
2022-11-24,4.9171,3.7110142857142856
2022-11-25,5.2069,3.9641285714285717
2022-11-26,5.1229,4.327957142857143
2022-11-27,6.4047,4.804714285714285
2022-11-28,8.3247,5.498828571428571
2022-11-29,11.1021,6.491385714285713
2022-11-30,11.5542,7.518942857142858
2022-12-01,11.9123,8.518257142857143
2022-12-02,11.3612,9.397442857142858
2022-12-03,11.1249,10.254871428571429
2022-12-04,11.603,10.997485714285714
2022-12-05,11.5245,11.4546
2022-12-06,11.6559,11.533714285714286
2022-12-07,12.6602,11.691714285714285
2022-12-08,12.6001,11.78997142857143
2022-12-09,12.5933,11.965985714285713
2022-12-10,12.1608,12.113971428571428
2022-12-11,13.0774,12.324599999999998
2022-12-12,12.3475,12.442171428571427
2022-12-13,12.1119,12.507314285714287
2022-12-14,11.8513,12.391757142857143
2022-12-15,11.5544,12.24237142857143
2022-12-16,9.9824,11.869385714285714
2022-12-17,9.6295,11.50777142857143
2022-12-18,9.1868,10.95197142857143
2022-12-19,8.3931,10.387057142857143
2022-12-20,7.5912,9.741242857142856
2022-12-21,7.5528,9.127171428571428
2022-12-22,7.0442,8.482857142857142
2022-12-23,6.107,7.929228571428571
2022-12-24,6.0332,7.415471428571429
2022-12-25,5.7054,6.918128571428572
2022-12-26,6.2621,6.613700000000001
2022-12-27,6.4625,6.452457142857143
2022-12-28,5.8369,6.2073285714285715
2022-12-29,5.7103,6.016771428571429
2022-12-30,5.8352,5.977942857142858
2022-12-31,5.9093,5.960242857142857
2023-01-01,5.7764,5.970385714285714
2023-01-02,5.9978,5.932628571428572
2023-01-03,5.6898,5.822242857142856
2023-01-04,5.0746,5.713342857142856
2023-01-05,5.0837,5.6238285714285725
2023-01-06,5.1781,5.529957142857143
2023-01-07,5.6533,5.493385714285714
2023-01-08,5.8583,5.505085714285714
2023-01-09,5.8128,5.478657142857143
2023-01-10,5.6208,5.468800000000001
2023-01-11,5.4858,5.527542857142857
2023-01-12,5.6646,5.6105285714285715
2023-01-13,5.5287,5.660614285714287
2023-01-14,5.4769,5.635414285714285
2023-01-15,5.6585,5.606871428571428
2023-01-16,5.2956,5.532985714285714
2023-01-17,5.1855,5.4708
2023-01-18,5.3021,5.4445571428571435
2023-01-19,5.3267,5.396285714285715
2023-01-20,5.4732,5.388357142857143
2023-01-21,5.6976,5.419885714285714
2023-01-22,6.1565,5.491028571428572
2023-01-23,5.8806,5.574600000000001
2023-01-24,5.1437,5.5686285714285715
2023-01-25,5.1564,5.547814285714287
2023-01-26,4.9906,5.4998000000000005
2023-01-27,5.1437,5.452728571428572
2023-01-28,4.8627,5.333457142857144
2023-01-29,4.6852,5.123271428571429
2023-01-30,4.8194,4.971671428571429
2023-01-31,5.0169,4.953557142857143
2023-02-01,5.2649,4.969057142857143
2023-02-02,5.0372,4.975714285714285
2023-02-03,5.1112,4.971071428571428
2023-02-04,5.3017,5.033785714285714
2023-02-05,5.5399,5.155885714285715
2023-02-06,5.347,5.231257142857143
2023-02-07,4.9653,5.223885714285714
2023-02-08,4.7297,5.147428571428572
2023-02-09,4.6503,5.092157142857142
2023-02-10,4.8045,5.048342857142857
2023-02-11,4.6578,4.956357142857143
2023-02-12,4.5557,4.8157571428571435
2023-02-13,4.4833,4.692371428571429
2023-02-14,4.5649,4.63517142857143
2023-02-15,4.6714,4.626842857142856
2023-02-16,4.4046,4.591742857142857
2023-02-17,4.1138,4.493071428571429
2023-02-18,4.0518,4.4065
2023-02-19,4.0283,4.331157142857143
2023-02-20,4.1076,4.277485714285715
2023-02-21,4.3462,4.246242857142857
2023-02-22,4.2262,4.1826428571428576
2023-02-23,4.4584,4.190328571428571
2023-02-24,4.5793,4.256828571428572
2023-02-25,4.4448,4.312971428571429
2023-02-26,4.4524,4.373557142857143
2023-02-27,4.2583,4.395085714285714
2023-02-28,4.144,4.3662
2023-03-01,4.2508,4.369714285714286
2023-03-02,4.3259,4.350785714285714
2023-03-03,4.2215,4.299671428571428
2023-03-04,4.3246,4.2825
2023-03-05,4.3304,4.265071428571429
2023-03-06,4.0239,4.231585714285715
2023-03-07,4.145,4.2317285714285715
2023-03-08,4.0816,4.2075571428571426
2023-03-09,4.0005,4.161071428571429
2023-03-10,4.4084,4.187771428571429
2023-03-11,4.5827,4.2246428571428565
2023-03-12,4.3641,4.229457142857143
2023-03-13,4.2586,4.262985714285715
2023-03-14,3.9126,4.229785714285715
2023-03-15,3.8679,4.199257142857143
2023-03-16,3.6698,4.152014285714285
2023-03-17,3.5555,4.030171428571428
2023-03-18,3.5183,3.878114285714285
2023-03-19,3.5349,3.7596571428571433
2023-03-20,3.3642,3.6318857142857146
2023-03-21,3.2671,3.5396714285714284
2023-03-22,3.2357,3.449357142857143
2023-03-23,3.4552,3.4187000000000007
2023-03-24,3.5515,3.418128571428572
2023-03-25,3.6028,3.4301999999999997
2023-03-26,3.681,3.4510714285714283
2023-03-27,3.4372,3.4615
2023-03-28,3.6083,3.510242857142857
2023-03-29,3.5781,3.559157142857143
2023-03-30,3.5198,3.5683857142857143
2023-03-31,3.872,3.6141714285714284
2023-04-01,3.9539,3.664328571428572
2023-04-02,3.9331,3.700342857142857
2023-04-03,4.0326,3.7853999999999997
2023-04-04,3.8605,3.8214285714285716
2023-04-05,3.8524,3.8606142857142856
2023-04-06,3.4216,3.8465857142857147
2023-04-07,3.4842,3.7911857142857146
2023-04-08,3.4248,3.7156000000000007
2023-04-09,3.4209,3.6424285714285713
2023-04-10,3.2771,3.5345
2023-04-11,3.4141,3.470728571428572
2023-04-12,3.513,3.4222428571428574
2023-04-13,3.4194,3.421928571428572
2023-04-14,3.4185,3.412542857142857
2023-04-15,3.3345,3.399642857142857
2023-04-16,3.4262,3.4004
2023-04-17,3.4138,3.4199285714285717
2023-04-18,3.4168,3.420314285714285
2023-04-19,3.1113,3.3629285714285713
2023-04-20,3.2708,3.3417
2023-04-21,3.3418,3.3307428571428574
2023-04-22,3.3697,3.335771428571429
2023-04-23,3.3897,3.3305571428571428
2023-04-24,3.3062,3.315185714285714
2023-04-25,3.282,3.2959285714285715
2023-04-26,3.1606,3.3029714285714284
2023-04-27,3.1993,3.2927571428571425
2023-04-28,3.0995,3.258142857142857
2023-04-29,3.043,3.2114714285714285
2023-04-30,2.9564,3.149571428571428
2023-05-01,3.0494,3.1128857142857136
2023-05-02,3.0453,3.0790714285714285
2023-05-03,2.8993,3.0417428571428573
2023-05-04,2.8282,2.988728571428571
2023-05-05,2.8455,2.952442857142857
2023-05-06,3.0241,2.9497428571428577
2023-05-07,2.9153,2.943871428571428
2023-05-08,3.0113,2.9384285714285707
2023-05-09,3.0073,2.9330000000000003
2023-05-10,2.8513,2.9261428571428576
2023-05-11,2.831,2.926542857142857
2023-05-12,2.7027,2.906142857142857
2023-05-13,2.7062,2.860728571428571
2023-05-14,2.6571,2.823842857142857
2023-05-15,2.4804,2.748
2023-05-16,2.5115,2.677171428571429
2023-05-17,2.4362,2.6178714285714286
2023-05-18,2.2631,2.536742857142857
2023-05-19,2.1833,2.462542857142857
2023-05-20,2.281,2.4017999999999993
2023-05-21,2.1997,2.3364571428571423
2023-05-22,2.2011,2.2965571428571425
2023-05-23,2.2949,2.265614285714286
2023-05-24,2.2564,2.2399285714285715
2023-05-25,2.1022,2.216942857142857
2023-05-26,1.9888,2.189157142857143
2023-05-27,2.1339,2.168142857142857
2023-05-28,2.0911,2.1526285714285716
2023-05-29,2.0942,2.137357142857143
2023-05-30,2.0764,2.1061428571428573
2023-05-31,2.166,2.0932285714285714
2023-06-01,2.0401,2.084357142857143
2023-06-02,1.9442,2.0779857142857145
2023-06-03,1.9227,2.047814285714286
2023-06-04,2.009,2.0360857142857145
2023-06-05,2.3043,2.0661
2023-06-06,2.2804,2.0952428571428574
2023-06-07,2.2317,2.1046285714285715
2023-06-08,2.2173,2.129942857142857
2023-06-09,2.5993,2.2235285714285715
2023-06-10,2.7737,2.3451
2023-06-11,2.8773,2.469142857142857
2023-06-12,2.7726,2.536042857142857
2023-06-13,2.8777,2.6213714285714285
2023-06-14,3.2257,2.7633714285714284
2023-06-15,3.5064,2.9475285714285713
2023-06-16,2.9587,2.998871428571429
2023-06-17,2.9445,3.023271428571429
2023-06-18,2.9119,3.0282142857142857
2023-06-19,2.927,3.0502714285714285
2023-06-20,3.26,3.1048857142857145
2023-06-21,3.2578,3.109471428571428
2023-06-22,2.9917,3.0359428571428575
2023-06-23,2.8461,3.0198571428571426
2023-06-24,2.9502,3.0206714285714282
2023-06-25,2.994,3.0323999999999995
2023-06-26,2.9258,3.0322285714285715
2023-06-27,2.9166,2.983171428571428
2023-06-28,2.898,2.931771428571429
2023-06-29,2.8786,2.9156142857142853
2023-06-30,3.0051,2.938328571428571
2023-07-01,3.251,2.9813000000000005
2023-07-02,3.2729,3.021142857142857
2023-07-03,3.0712,3.041914285714286
2023-07-04,2.929,3.043685714285714
2023-07-05,2.8748,3.0403714285714285
2023-07-06,2.6464,3.0072
2023-07-07,2.7218,2.9667285714285714
2023-07-08,2.7663,2.8974857142857147
2023-07-09,2.7941,2.829085714285714
2023-07-10,2.6142,2.7638
2023-07-11,2.4928,2.701485714285714
2023-07-12,2.2734,2.615571428571428
2023-07-13,2.1875,2.5500142857142856
2023-07-14,2.1788,2.4724428571428576
2023-07-15,2.0175,2.365471428571429
2023-07-16,1.9735,2.248242857142857
2023-07-17,2.0301,2.1648
2023-07-18,2.2726,2.133342857142857
2023-07-19,2.3116,2.1388000000000003
2023-07-20,2.3818,2.166557142857143
2023-07-21,2.4349,2.2031428571428573
2023-07-22,2.3859,2.2557714285714288
2023-07-23,2.2955,2.3017714285714286
2023-07-24,2.4476,2.361414285714286
2023-07-25,2.7308,2.4268714285714283
2023-07-26,2.5213,2.4568285714285714
2023-07-27,2.3802,2.4566000000000003
2023-07-28,2.1854,2.420957142857143
2023-07-29,2.0573,2.374014285714286
2023-07-30,2.0454,2.338285714285714
2023-07-31,2.1052,2.2893714285714286
2023-08-01,2.2661,2.222985714285714
2023-08-02,2.3286,2.1954571428571428
2023-08-03,2.5563,2.220614285714286
2023-08-04,2.4855,2.2634857142857143
2023-08-05,2.4197,2.315257142857143
2023-08-06,2.4008,2.3660285714285716
2023-08-07,2.4033,2.408614285714286
2023-08-08,2.4525,2.4352428571428573
2023-08-09,2.9852,2.5290428571428576
2023-08-10,2.9459,2.5847
2023-08-11,2.7892,2.628085714285714
2023-08-12,2.7947,2.681657142857143
2023-08-13,2.9078,2.754085714285714
2023-08-14,2.8159,2.813028571428571
2023-08-15,3.0605,2.899885714285715
2023-08-16,3.0187,2.9046714285714286
2023-08-17,2.8874,2.896314285714286
2023-08-18,2.9167,2.9145285714285714
2023-08-19,3.0703,2.9539
2023-08-20,3.3067,3.010885714285714
2023-08-21,3.3353,3.0850857142857144
2023-08-22,3.6002,3.1621857142857146
2023-08-23,3.2802,3.1995428571428577
2023-08-24,2.8656,3.196428571428572
2023-08-25,2.8888,3.1924428571428574
2023-08-26,2.9721,3.178414285714286
2023-08-27,2.9199,3.1231571428571425
2023-08-28,3.1787,3.1007857142857143
2023-08-29,3.1241,3.0327714285714285
2023-08-30,3.0792,3.004057142857143
2023-08-31,2.9442,3.0152857142857137
2023-09-01,3.0157,3.0334142857142856
2023-09-02,3.0688,3.0472285714285716
2023-09-03,3.0491,3.065685714285714
2023-09-04,2.8197,3.0143999999999997
2023-09-05,2.7611,2.962542857142857
2023-09-06,2.6865,2.906442857142857
2023-09-07,2.6797,2.868657142857143
2023-09-08,2.8402,2.8435857142857137
2023-09-09,3.0924,2.846957142857143
2023-09-10,3.1562,2.862257142857143
2023-09-11,3.1864,2.9146428571428564
2023-09-12,3.0152,2.950942857142857
2023-09-13,3.1623,3.018914285714285
2023-09-14,3.1582,3.087271428571429
2023-09-15,3.1734,3.1348714285714285
2023-09-16,3.2499,3.157371428571429
2023-09-17,3.2215,3.1667
2023-09-18,3.0382,3.1455285714285712
2023-09-19,3.1978,3.1716142857142855
2023-09-20,3.2031,3.1774428571428572
2023-09-21,3.324,3.2011285714285713
2023-09-22,3.4909,3.246485714285714
2023-09-23,3.4761,3.2787999999999995
2023-09-24,3.471,3.314442857142857
2023-09-25,3.5758,3.3912428571428572
2023-09-26,3.3762,3.4167285714285716
2023-09-27,3.48,3.456285714285715
2023-09-28,3.4764,3.478057142857143
2023-09-29,3.3627,3.459742857142857
2023-09-30,3.3641,3.4437428571428574
2023-10-01,3.3464,3.425942857142857
2023-10-02,2.9765,3.3403285714285715
2023-10-03,2.5349,3.2201428571428576
2023-10-04,2.5818,3.091828571428572
2023-10-05,2.302,2.924057142857143
2023-10-06,2.7031,2.829828571428571
2023-10-07,2.8659,2.758657142857143
2023-10-08,2.987,2.707314285714286
2023-10-09,3.1121,2.7266857142857144
2023-10-10,3.6963,2.8926000000000003
2023-10-11,3.8806,3.0781428571428573
2023-10-12,4.1613,3.343757142857143
2023-10-13,4.5498,3.607571428571429
2023-10-14,4.5149,3.8431428571428574
2023-10-15,4.568,4.069000000000001
2023-10-16,4.2428,4.230528571428571
2023-10-17,3.6429,4.2229
2023-10-18,3.7466,4.2037571428571425
2023-10-19,3.5793,4.120614285714286
2023-10-20,3.76,4.007785714285714
2023-10-21,3.9143,3.9219857142857144
2023-10-22,4.0656,3.8502142857142863
2023-10-23,4.1938,3.8432142857142857
2023-10-24,4.0928,3.907485714285714
2023-10-25,4.1416,3.9639142857142855
2023-10-26,4.0918,4.037128571428571
2023-10-27,4.1125,4.087485714285714
2023-10-28,4.3452,4.149042857142858
2023-10-29,4.3687,4.192342857142857
2023-10-30,4.346,4.214085714285715
2023-10-31,3.9121,4.188271428571428
2023-11-01,3.2298,4.058014285714285
2023-11-02,3.4096,3.960557142857143
2023-11-03,3.4636,3.867857142857143
2023-11-04,3.6952,3.775
2023-11-05,3.5633,3.6599428571428567
2023-11-06,3.5255,3.542728571428572
2023-11-07,3.5615,3.492642857142857
2023-11-08,3.5825,3.543028571428571
2023-11-09,3.568,3.5656571428571424
2023-11-10,3.5727,3.5812428571428576
2023-11-11,3.5302,3.5576714285714286
2023-11-12,3.353,3.5276285714285716
2023-11-13,3.2667,3.490657142857143
2023-11-14,3.3906,3.466242857142857
2023-11-15,3.6165,3.4710999999999994
2023-11-16,3.5951,3.474971428571428
2023-11-17,3.5692,3.474471428571428
2023-11-18,3.5604,3.4787857142857144
2023-11-19,3.6003,3.5141142857142857
2023-11-20,3.7919,3.5891428571428574
2023-11-21,3.8561,3.655642857142857
2023-11-22,3.8686,3.691657142857143
2023-11-23,4.0511,3.7568000000000006
2023-11-24,4.1659,3.8420428571428573
2023-11-25,4.1504,3.9263285714285714
2023-11-26,4.1593,4.0061857142857145
2023-11-27,3.9934,4.0349714285714295
2023-11-28,3.8446,4.033328571428571
2023-11-29,3.6292,3.9991285714285714
2023-11-30,3.7015,3.9491857142857145
2023-12-01,3.7111,3.884214285714286
2023-12-02,3.8564,3.8422142857142854
2023-12-03,3.6017,3.7625571428571427
2023-12-04,3.4556,3.6857285714285717
2023-12-05,3.3141,3.6099428571428573
2023-12-06,3.3199,3.565757142857143
2023-12-07,3.4006,3.5227714285714287
2023-12-08,3.2734,3.4602428571428567
2023-12-09,3.188,3.3647571428571426
2023-12-10,3.211,3.3089428571428567
2023-12-11,3.0761,3.2547285714285716
2023-12-12,2.9226,3.1988
2023-12-13,2.8879,3.1370857142857145
2023-12-14,2.8311,3.055728571428571
2023-12-15,2.6839,2.971514285714286
2023-12-16,2.5297,2.8774714285714285
2023-12-17,2.5843,2.787942857142857
2023-12-18,2.6417,2.725885714285714
2023-12-19,2.5425,2.6715857142857145
2023-12-20,2.4868,2.6142857142857143
2023-12-21,2.5088,2.568242857142857
2023-12-22,2.6228,2.559514285714286
2023-12-23,2.6775,2.5806285714285715
2023-12-24,2.5336,2.573385714285714
2023-12-25,2.5618,2.5619714285714283
2023-12-26,2.7061,2.5853428571428574
2023-12-27,2.6934,2.614857142857143
2023-12-28,2.7109,2.6437285714285714
2023-12-29,2.679,2.651757142857143
2023-12-30,2.6067,2.6416428571428576
2023-12-31,2.5549,2.644685714285714
2024-01-01,2.4216,2.624657142857143
2024-01-02,2.4129,2.5827714285714287
2024-01-03,2.6722,2.579742857142857
2024-01-04,2.929,2.6109
2024-01-05,2.9712,2.6526428571428573
2024-01-06,2.9129,2.6963857142857144
2024-01-07,3.0238,2.763371428571429
2024-01-08,2.8786,2.8286571428571428
2024-01-09,2.6873,2.867857142857143
2024-01-10,2.7751,2.882557142857143
2024-01-11,2.7035,2.8503428571428566
2024-01-12,2.8775,2.8369571428571434
2024-01-13,2.686,2.8045428571428572
2024-01-14,2.6781,2.755157142857143
2024-01-15,2.6366,2.7205857142857144
2024-01-16,2.56,2.7024
2024-01-17,2.4196,2.6516142857142855
2024-01-18,2.4186,2.610914285714286
2024-01-19,2.3893,2.5411714285714284
2024-01-20,2.4033,2.5007857142857146
2024-01-21,2.3276,2.450714285714286
2024-01-22,2.293,2.4016285714285712
2024-01-23,2.2645,2.359414285714286
2024-01-24,2.3225,2.345542857142857
2024-01-25,2.3726,2.3389714285714285
2024-01-26,2.3227,2.329457142857143
2024-01-27,2.4971,2.3428571428571425
2024-01-28,2.4662,2.3626571428571426
2024-01-29,2.3995,2.3778714285714284
2024-01-30,2.4427,2.4033285714285713
2024-01-31,2.5035,2.4291857142857145
2024-02-01,2.4553,2.4410000000000003
2024-02-02,2.3749,2.448457142857143
2024-02-03,2.3783,2.4314857142857145
2024-02-04,2.4751,2.4327571428571426
2024-02-05,2.4394,2.4384571428571427
2024-02-06,2.4552,2.440242857142857
2024-02-07,2.44,2.431171428571428
2024-02-08,2.3957,2.422657142857143
2024-02-09,2.2548,2.4055
2024-02-10,2.1527,2.3732714285714285
2024-02-11,2.1249,2.323242857142857
2024-02-12,2.1488,2.2817285714285713
2024-02-13,2.1749,2.2416857142857145
2024-02-14,2.0229,2.1820999999999997
2024-02-15,2.0249,2.1291285714285713
2024-02-16,2.0307,2.0971142857142855
2024-02-17,1.9404,2.066785714285714
2024-02-18,1.8774,2.0314285714285716
2024-02-19,1.9021,1.996185714285714
2024-02-20,1.9637,1.9660142857142857
2024-02-21,2.0037,1.9632714285714286
2024-02-22,1.9735,1.9559285714285715
2024-02-23,1.968,1.9469714285714286
2024-02-24,1.9503,1.9483857142857144
2024-02-25,1.9102,1.9530714285714286
2024-02-26,2.0253,1.9706714285714284
2024-02-27,2.1023,1.9904714285714284
2024-02-28,2.1787,2.0154714285714284
2024-02-29,2.1805,2.045042857142857
2024-03-01,2.2778,2.0893
2024-03-02,2.2039,2.1255285714285717
2024-03-03,2.2467,2.1736000000000004
2024-03-04,2.3013,2.2130285714285716
2024-03-05,2.4424,2.2616142857142854
2024-03-06,2.3269,2.282785714285714
2024-03-07,2.3283,2.3039
2024-03-08,2.3445,2.313428571428571
2024-03-09,2.3488,2.3341285714285713
2024-03-10,2.3695,2.3516714285714286
2024-03-11,2.3487,2.3584428571428573
2024-03-12,2.1932,2.322842857142857
2024-03-13,2.1367,2.295671428571429
2024-03-14,2.1848,2.275171428571429
2024-03-15,2.2611,2.263257142857143
2024-03-16,2.4364,2.2757714285714283
2024-03-17,2.3985,2.2799142857142853
2024-03-18,2.4943,2.3007142857142857
2024-03-19,2.5315,2.3490428571428574
2024-03-20,2.4292,2.390828571428571
2024-03-21,2.3251,2.4108714285714283
2024-03-22,2.3726,2.4267999999999996
2024-03-23,2.3223,2.4105
2024-03-24,2.3732,2.4068857142857145
2024-03-25,2.4505,2.400628571428572
2024-03-26,2.3815,2.3792
2024-03-27,2.3624,2.369657142857143
2024-03-28,2.3081,2.3672285714285715
2024-03-29,2.3259,2.360557142857143
2024-03-30,2.2388,2.3486285714285713
2024-03-31,2.2639,2.3330142857142855
2024-04-01,2.3396,2.317171428571428
2024-04-02,2.2736,2.3017571428571424
2024-04-03,2.1472,2.2710142857142857
2024-04-04,2.1333,2.246042857142857
2024-04-05,2.1673,2.2233857142857145
2024-04-06,2.1956,2.217214285714286
2024-04-07,2.2359,2.213214285714286
2024-04-08,2.2858,2.2055285714285713
2024-04-09,2.2476,2.2018142857142857
2024-04-10,2.3082,2.2248142857142854
2024-04-11,2.3942,2.262085714285714
2024-04-12,2.4354,2.300385714285714
2024-04-13,2.5158,2.3461285714285713
2024-04-14,2.7247,2.4159571428571427
2024-04-15,2.629,2.464985714285714
2024-04-16,2.7833,2.541514285714286
2024-04-17,2.7571,2.605642857142857
2024-04-18,2.7294,2.6535285714285712
2024-04-19,2.63,2.6813285714285713
2024-04-20,2.5066,2.6800142857142855
2024-04-21,2.5624,2.6568285714285715
2024-04-22,2.5806,2.6499142857142854
2024-04-23,2.4392,2.600757142857143
2024-04-24,2.5062,2.5649142857142855
2024-04-25,2.6056,2.5472285714285716
2024-04-26,2.5453,2.5351285714285714
2024-04-27,2.7003,2.5627999999999997
2024-04-28,2.6226,2.5714
2024-04-29,2.5131,2.561757142857143
2024-04-30,2.4696,2.5660999999999996
2024-05-01,2.4038,2.5514714285714284
2024-05-02,2.553,2.543957142857143
2024-05-03,2.5687,2.5473
2024-05-04,2.5742,2.5292857142857144
2024-05-05,2.5585,2.5201285714285713
2024-05-06,2.6955,2.546185714285714
2024-05-07,2.6199,2.567657142857143
2024-05-08,2.5677,2.5910714285714285
2024-05-09,2.5525,2.591
2024-05-10,2.4753,2.577657142857143
2024-05-11,2.4501,2.5599285714285713
2024-05-12,2.3821,2.534728571428572
2024-05-13,2.3206,2.4811714285714284
2024-05-14,2.4667,2.459285714285714
2024-05-15,2.4807,2.446857142857143
2024-05-16,2.4537,2.432742857142857
2024-05-17,2.5088,2.4375285714285715
2024-05-18,2.5894,2.4574285714285717
2024-05-19,2.5661,2.4837142857142855
2024-05-20,2.6227,2.5268714285714284
2024-05-21,2.6712,2.5560857142857145
2024-05-22,2.7894,2.6001857142857143
2024-05-23,2.9692,2.673828571428572
2024-05-24,2.9241,2.733157142857143
2024-05-25,2.865,2.772528571428571
2024-05-26,2.838,2.811371428571429
2024-05-27,2.8777,2.8478
2024-05-28,2.8292,2.8703714285714286
2024-05-29,2.8279,2.8758714285714286
2024-05-30,2.8676,2.8613571428571425
2024-05-31,2.891,2.8566285714285717
2024-06-01,2.8852,2.859514285714286
2024-06-02,2.9148,2.870485714285714
2024-06-03,2.9692,2.8835571428571427
2024-06-04,2.8274,2.8833000000000006
2024-06-05,2.7707,2.8751285714285717
2024-06-06,2.737,2.8564714285714286
2024-06-07,2.7574,2.837385714285715
2024-06-08,2.7756,2.821728571428572
2024-06-09,2.7749,2.8017428571428566
2024-06-10,2.7686,2.773085714285714
2024-06-11,2.8001,2.769185714285715
2024-06-12,2.8535,2.781014285714286
2024-06-13,2.9329,2.809
2024-06-14,2.8796,2.826457142857143
2024-06-15,2.8729,2.840357142857143
2024-06-16,2.8573,2.8521285714285716
2024-06-17,2.8165,2.858971428571429
2024-06-18,2.816,2.8612428571428574
2024-06-19,2.8266,2.8573999999999997
2024-06-20,2.8214,2.8414714285714284
2024-06-21,2.8043,2.830714285714286
2024-06-22,2.8047,2.8209714285714287
2024-06-23,2.8262,2.816528571428571
2024-06-24,2.8089,2.8154428571428576
2024-06-25,2.8042,2.813757142857143
2024-06-26,2.7804,2.807157142857143
2024-06-27,2.7323,2.794428571428571
2024-06-28,2.7351,2.7845428571428568
2024-06-29,2.7896,2.7823857142857142
2024-06-30,2.8063,2.7795428571428573
2024-07-01,2.7427,2.770085714285714
2024-07-02,2.6997,2.755157142857143
2024-07-03,2.59,2.727957142857143
2024-07-04,2.6633,2.7180999999999997
2024-07-05,2.623,2.7020857142857144
2024-07-06,2.5941,2.674157142857143
2024-07-07,2.606,2.645542857142857
2024-07-08,2.6267,2.628971428571429
2024-07-09,2.4873,2.5986285714285713
2024-07-10,2.4446,2.5778571428571424
2024-07-11,2.4555,2.5481714285714285
2024-07-12,2.4577,2.5245571428571423
2024-07-13,2.4791,2.508128571428571
2024-07-14,2.4401,2.484428571428571
2024-07-15,2.4714,2.462242857142857
2024-07-16,2.5942,2.477514285714286
2024-07-17,2.514,2.487428571428571
2024-07-18,2.5316,2.4983
2024-07-19,2.4875,2.502557142857143
2024-07-20,2.4675,2.5009000000000006
2024-07-21,2.4867,2.507557142857143
2024-07-22,2.4912,2.510385714285714
2024-07-23,2.4725,2.493
2024-07-24,2.5536,2.4986571428571422
2024-07-25,2.4804,2.491342857142857
2024-07-26,2.5454,2.499614285714286
2024-07-27,2.5567,2.5123571428571423
2024-07-28,2.4948,2.513514285714286
2024-07-29,2.604,2.5296285714285713
2024-07-30,2.7132,2.564014285714286
2024-07-31,2.7652,2.594242857142857
2024-08-01,2.8881,2.6524857142857146
2024-08-02,2.8109,2.690414285714286
2024-08-03,2.8054,2.7259428571428574
2024-08-04,2.749,2.7622571428571425
2024-08-05,2.6883,2.7742999999999998
2024-08-06,2.6994,2.7723285714285715
2024-08-07,2.7299,2.767285714285715
2024-08-08,2.7521,2.7478571428571428
2024-08-09,2.7918,2.745128571428571
2024-08-10,2.9331,2.763371428571429
2024-08-11,2.9184,2.7875714285714284
2024-08-12,2.9242,2.8212714285714284
2024-08-13,2.8969,2.8494857142857137
2024-08-14,2.7552,2.8531
2024-08-15,2.6749,2.842071428571429
2024-08-16,2.7319,2.833514285714286
2024-08-17,2.8065,2.8154285714285714
2024-08-18,2.8148,2.8006285714285712
2024-08-19,2.9837,2.809128571428571
2024-08-20,2.9904,2.8224857142857145
2024-08-21,2.9426,2.849257142857143
2024-08-22,2.9298,2.8856714285714284
2024-08-23,2.9159,2.9119571428571436
2024-08-24,2.7332,2.9014857142857147
2024-08-25,2.7715,2.8953
2024-08-26,2.8463,2.8756714285714287
2024-08-27,2.9202,2.865642857142858
2024-08-28,3.1291,2.892285714285715
2024-08-29,3.1207,2.9195571428571427
2024-08-30,3.1985,2.959928571428571
2024-08-31,3.1289,3.016457142857143
2024-09-01,3.1251,3.0669714285714282
2024-09-02,3.1989,3.117342857142858
2024-09-03,3.0426,3.1348285714285713
2024-09-04,2.9521,3.109542857142858
2024-09-05,2.9484,3.0849285714285712
2024-09-06,3.0049,3.0572714285714286
2024-09-07,3.0328,3.043542857142857
2024-09-08,3.0141,3.0276857142857136
2024-09-09,3.0409,3.005114285714286
2024-09-10,2.9896,2.9975428571428573
2024-09-11,2.9855,3.0023142857142853
2024-09-12,2.9349,3.0003857142857138
2024-09-13,2.8991,2.9852714285714286
2024-09-14,2.9406,2.9721
2024-09-15,2.9604,2.9644285714285714
2024-09-16,2.8335,2.9348
2024-09-17,2.8035,2.9082142857142856
2024-09-18,2.8403,2.8874714285714282
2024-09-19,2.7738,2.8644571428571433
2024-09-20,2.812,2.852014285714286
2024-09-21,2.8687,2.841742857142857
2024-09-22,2.917,2.835542857142857
2024-09-23,2.9081,2.8462
2024-09-24,2.9024,2.8603285714285716
2024-09-25,3.0372,2.8884571428571424
2024-09-26,3.0734,2.9312571428571426
2024-09-27,3.115,2.9745428571428576
2024-09-28,3.2032,3.022328571428571
2024-09-29,3.1963,3.0622285714285717
2024-09-30,3.1747,3.100314285714286
2024-10-01,3.2061,3.1437
2024-10-02,3.216,3.1692428571428577
2024-10-03,3.2165,3.1896857142857145
2024-10-04,3.3373,3.2214428571428573
2024-10-05,3.338,3.2407000000000004
2024-10-06,3.3666,3.265028571428572
2024-10-07,3.3662,3.2923857142857145
2024-10-08,3.2279,3.2955
2024-10-09,3.2088,3.2944714285714283
2024-10-10,3.3058,3.307228571428572
2024-10-11,3.3078,3.303014285714286
2024-10-12,3.2918,3.2964142857142855
2024-10-13,3.3786,3.298128571428571
2024-10-14,3.3658,3.2980714285714283
2024-10-15,3.3047,3.309042857142857
2024-10-16,3.2838,3.3197571428571426
2024-10-17,3.2734,3.3151285714285708
2024-10-18,3.3076,3.3151
2024-10-19,3.2562,3.310014285714286
2024-10-20,3.2775,3.2955714285714284
2024-10-21,3.3662,3.2956285714285714
2024-10-22,3.4577,3.3174857142857137
2024-10-23,3.4854,3.3462857142857136
2024-10-24,3.5739,3.3892142857142855
2024-10-25,3.6699,3.440971428571428
2024-10-26,3.681,3.5016571428571424
2024-10-27,3.6692,3.557614285714286
2024-10-28,3.649,3.5980142857142856
2024-10-29,3.6349,3.623328571428572
2024-10-30,3.5364,3.6306142857142865
2024-10-31,3.3838,3.603457142857143
2024-11-01,3.3366,3.5558428571428573
2024-11-02,3.2845,3.4992000000000005
2024-11-03,3.3368,3.451714285714286
2024-11-04,3.4241,3.4195857142857142
2024-11-05,3.4895,3.398814285714285
2024-11-06,3.4923,3.3925142857142854
2024-11-07,3.5122,3.410857142857143
2024-11-08,3.6326,3.4531428571428573
2024-11-09,3.6273,3.5021142857142857
2024-11-10,3.5845,3.537499999999999
2024-11-11,3.7133,3.578814285714286
2024-11-12,3.7911,3.6219
2024-11-13,3.7996,3.6658000000000004
2024-11-14,3.9079,3.722328571428572
2024-11-15,3.947,3.767242857142857
2024-11-16,3.8819,3.803614285714285
2024-11-17,3.9012,3.8488571428571423
2024-11-18,3.9786,3.886757142857143
2024-11-19,3.9832,3.9142
2024-11-20,3.9872,3.941
2024-11-21,4.1083,3.9696285714285717
2024-11-22,4.0185,3.979842857142857
2024-11-23,3.9188,3.985114285714286
2024-11-24,3.737,3.9616571428571428
2024-11-25,3.9596,3.9589428571428575
2024-11-26,4.0493,3.968385714285715
2024-11-27,3.9859,3.9682
2024-11-28,3.9934,3.9517857142857147
2024-11-29,3.9838,3.9468285714285716
2024-11-30,4.0151,3.960585714285714
2024-12-01,4.0264,4.0019285714285715
2024-12-02,4.1088,4.023242857142857
2024-12-03,4.1308,4.034885714285714
2024-12-04,4.0296,4.041128571428572
2024-12-05,3.9529,4.035342857142857
2024-12-06,3.9532,4.030971428571428
2024-12-07,3.9565,4.0226
2024-12-08,3.9677,4.014214285714286
2024-12-09,3.877,3.981099999999999
2024-12-10,3.8236,3.9372142857142856
2024-12-11,3.8132,3.9062999999999994
2024-12-12,3.6692,3.865771428571428
2024-12-13,3.5546,3.8088285714285717
2024-12-14,3.3634,3.7241
2024-12-15,3.3434,3.6349142857142853
2024-12-16,3.3317,3.5570142857142857
2024-12-17,3.4344,3.501414285714286
2024-12-18,3.3886,3.4407571428571435
2024-12-19,3.595,3.430157142857143
2024-12-20,3.7071,3.451942857142857
2024-12-21,3.6867,3.498128571428571
2024-12-22,3.731,3.5535000000000005
2024-12-23,3.8165,3.622757142857143
2024-12-24,3.8597,3.6835142857142857
2024-12-25,3.8886,3.7549428571428574
2024-12-26,3.9965,3.8123000000000005
2024-12-27,4.0761,3.8650142857142855
2024-12-28,4.1741,3.9346428571428573
2024-12-29,4.1607,3.9960285714285715
2024-12-30,4.1013,4.036714285714287
2024-12-31,4.1601,4.079628571428572
2025-01-01,4.1922,4.123
2025-01-02,4.2649,4.1613428571428575
2025-01-03,4.2724,4.189385714285715
2025-01-04,4.2522,4.200542857142858
2025-01-05,4.2089,4.207428571428571
2025-01-06,4.122,4.210385714285715
2025-01-07,4.0326,4.192171428571429
2025-01-08,4.2037,4.193814285714286
2025-01-09,3.9487,4.148642857142858
2025-01-10,4.0109,4.111285714285715
2025-01-11,4.1051,4.090271428571429
2025-01-12,4.0169,4.062842857142857
2025-01-13,4.123,4.062985714285714
2025-01-14,4.1378,4.0780142857142865
2025-01-15,4.1012,4.063371428571429
2025-01-16,4.0475,4.077485714285714
2025-01-17,4.1875,4.102714285714286
2025-01-18,4.2455,4.122771428571428
2025-01-19,4.3672,4.172814285714286
2025-01-20,4.3383,4.203571428571428
2025-01-21,4.3763,4.237642857142857
2025-01-22,4.3393,4.271657142857143
2025-01-23,4.3108,4.309271428571429
2025-01-24,4.2927,4.3243
2025-01-25,4.2471,4.324528571428572
2025-01-26,4.2527,4.308171428571429
2025-01-27,4.1901,4.287
2025-01-28,4.1987,4.261628571428572
2025-01-29,4.4313,4.2747714285714284
2025-01-30,4.4979,4.3015
2025-01-31,4.5812,4.342714285714285
2025-02-01,4.5587,4.3872285714285715
2025-02-02,4.5719,4.432828571428571
2025-02-03,4.6029,4.4918
2025-02-04,4.5665,4.544342857142857
2025-02-05,4.5794,4.5655
2025-02-06,4.627,4.5839428571428575
2025-02-07,4.7141,4.6029285714285715
2025-02-08,4.8027,4.637785714285714
2025-02-09,4.7429,4.662214285714286
2025-02-10,4.8829,4.702214285714286
2025-02-11,4.9255,4.7535
2025-02-12,4.7769,4.781714285714286
2025-02-13,4.496,4.763
2025-02-14,4.2983,4.7036
2025-02-15,4.2546,4.625300000000001
2025-02-16,4.282,4.559
2025-02-17,4.1504,4.454814285714286
2025-02-18,4.0351,4.327614285714286
2025-02-19,4.0742,4.227228571428571
2025-02-20,3.8925,4.141014285714286
2025-02-21,3.7676,4.0652
2025-02-22,3.7423,3.9920142857142866
2025-02-23,3.735,3.913871428571429
2025-02-24,3.7267,3.853342857142857
2025-02-25,3.6955,3.8048285714285717
2025-02-26,3.5205,3.7257285714285717
2025-02-27,3.6586,3.692314285714285
2025-02-28,3.7412,3.688542857142857
2025-03-01,3.7508,3.6897571428571427
2025-03-02,3.7609,3.6934571428571425
2025-03-03,3.7414,3.6955571428571425
2025-03-04,3.5537,3.6753
2025-03-05,3.4188,3.6607714285714286
2025-03-06,3.3041,3.610128571428572
2025-03-07,3.2715,3.543028571428571
2025-03-08,3.1979,3.464042857142857
2025-03-09,3.2591,3.392357142857143
2025-03-10,3.3888,3.341985714285714
2025-03-11,3.6319,3.3531571428571425
2025-03-12,3.6393,3.384657142857143
2025-03-13,3.5757,3.423457142857143
2025-03-14,3.5781,3.467257142857143
2025-03-15,3.6528,3.5322428571428572
2025-03-16,3.6339,3.585785714285714
2025-03-17,3.5608,3.610357142857143
2025-03-18,3.3857,3.575185714285714
2025-03-19,3.5744,3.565914285714286
2025-03-20,3.4325,3.5454571428571433
2025-03-21,3.5578,3.542557142857143
2025-03-22,3.5799,3.5321428571428575
2025-03-23,3.6238,3.5307
2025-03-24,3.5315,3.5265142857142857
2025-03-25,3.447,3.5352714285714284
2025-03-26,3.3312,3.500528571428571
2025-03-27,3.3235,3.484957142857142
2025-03-28,3.2834,3.4457571428571425
2025-03-29,3.2709,3.4016142857142855
2025-03-30,3.2439,3.347342857142857
2025-03-31,3.2577,3.3082285714285717
2025-04-01,3.4062,3.3023999999999996
2025-04-02,3.4045,3.312871428571429
2025-04-03,3.3069,3.3104999999999998
2025-04-04,3.0876,3.2825285714285712
2025-04-05,3.009,3.245114285714286
2025-04-06,3.0,3.2102714285714287
2025-04-07,3.011,3.1750285714285718
2025-04-08,3.0094,3.118342857142857
2025-04-09,2.914,3.0482714285714287
2025-04-10,2.8451,2.9823
2025-04-11,2.8064,2.9421285714285714
2025-04-12,2.8271,2.916142857142858
2025-04-13,2.8025,2.887928571428571
2025-04-14,2.8613,2.866542857142857
2025-04-15,2.8723,2.8469571428571427
2025-04-16,2.9198,2.847785714285714
2025-04-17,2.9574,2.863828571428571
2025-04-18,2.9924,2.8904
2025-04-19,2.9584,2.9091571428571434
2025-04-20,2.9853,2.9352714285714283
2025-04-21,3.0394,2.9607142857142854
2025-04-22,2.9509,2.971942857142857
2025-04-23,2.8958,2.968514285714286
2025-04-24,2.8025,2.946385714285715
2025-04-25,2.7338,2.909442857142857
2025-04-26,2.6277,2.8622
2025-04-27,2.6058,2.807985714285714
2025-04-28,2.6538,2.7529
2025-04-29,2.6029,2.703185714285714
2025-04-30,2.634,2.6657857142857146
2025-05-01,2.5591,2.631014285714286
2025-05-02,2.6473,2.618657142857143
2025-05-03,2.6452,2.6211571428571427
2025-05-04,2.6757,2.6311428571428572
2025-05-05,2.7285,2.6418142857142857
2025-05-06,2.7916,2.668771428571428
2025-05-07,2.8345,2.6974142857142853
2025-05-08,3.3133,2.805157142857143
2025-05-09,2.8362,2.8321428571428577
2025-05-10,2.6471,2.832414285714286
2025-05-11,2.6651,2.8308999999999997
2025-05-12,2.7149,2.8289571428571425
2025-05-13,2.8099,2.8315714285714284
2025-05-14,2.7197,2.8151714285714284
2025-05-15,2.869,2.7516999999999996
2025-05-16,2.7254,2.7358714285714285
2025-05-17,2.8766,2.7686571428571427
2025-05-18,2.9291,2.806371428571428
2025-05-19,2.8706,2.8286142857142855
2025-05-20,2.9936,2.854857142857143
2025-05-21,2.9895,2.8933999999999997
2025-05-22,2.9987,2.911928571428571
2025-05-23,2.989,2.949585714285714
2025-05-24,3.0166,2.969585714285714
2025-05-25,2.9491,2.9724428571428576
2025-05-26,3.0645,3.0001428571428574
2025-05-27,3.0776,3.0121428571428575
2025-05-28,2.9973,3.013257142857143
2025-05-29,2.8553,2.992771428571428
2025-05-30,2.741,2.9573428571428573
2025-05-31,2.6074,2.8988857142857145
2025-06-01,2.6549,2.856857142857143
2025-06-02,2.7755,2.8155714285714284
2025-06-03,2.8741,2.7864999999999998
2025-06-04,2.8776,2.7694
2025-06-05,2.9744,2.7864142857142857
2025-06-06,2.987,2.821557142857143
2025-06-07,2.9117,2.8650285714285717
2025-06-08,2.8955,2.8994
2025-06-09,2.8531,2.910485714285714
2025-06-10,2.7803,2.8970857142857147
2025-06-11,2.8988,2.900114285714286
2025-06-12,2.9404,2.895257142857143
2025-06-13,3.0688,2.9069428571428566
2025-06-14,3.0576,2.9277857142857147
2025-06-15,3.1251,2.960585714285714
2025-06-16,3.1523,3.0033285714285713
2025-06-17,3.1881,3.0615857142857137
2025-06-18,3.2104,3.1061
2025-06-19,3.3895,3.170257142857143
2025-06-20,3.3666,3.2128000000000005
2025-06-21,3.3218,3.2505428571428574
2025-06-22,3.4201,3.292685714285714
2025-06-23,3.3013,3.313971428571429
2025-06-24,2.9875,3.285314285714286
2025-06-25,2.8402,3.232428571428571
2025-06-26,2.6816,3.1312999999999995
2025-06-27,2.6491,3.0288
2025-06-28,2.6589,2.9341
2025-06-29,2.666,2.826371428571428
2025-06-30,2.6491,2.7332
2025-07-01,2.7356,2.6972142857142853
2025-07-02,2.7347,2.6821428571428574
2025-07-03,2.7072,2.6858000000000004
2025-07-04,2.6883,2.6913999999999993
2025-07-05,2.6818,2.6946714285714286
2025-07-06,2.6845,2.6973142857142856
2025-07-07,2.6898,2.7031285714285715
2025-07-08,2.7704,2.7081000000000004
2025-07-09,2.8044,2.7180571428571434
2025-07-10,2.8471,2.7380428571428577
2025-07-11,2.8664,2.7634857142857143
2025-07-12,2.8693,2.7902714285714283
2025-07-13,2.9025,2.821414285714286
2025-07-14,2.8789,2.8484285714285713
2025-07-15,2.7558,2.846342857142857
2025-07-16,2.9527,2.867528571428571
2025-07-17,2.8938,2.8741999999999996
2025-07-18,2.7451,2.8568714285714285
2025-07-19,2.7336,2.8374857142857137
2025-07-20,2.7696,2.8185
2025-07-21,2.762,2.8018
2025-07-22,2.7351,2.798842857142857
2025-07-23,2.7117,2.7644142857142855
2025-07-24,2.6945,2.7359428571428572
2025-07-25,2.6966,2.729014285714286
2025-07-26,2.6702,2.7199571428571434
2025-07-27,2.674,2.7062999999999997
2025-07-28,2.6914,2.696214285714286
2025-07-29,2.8216,2.708571428571428
2025-07-30,2.8161,2.7234857142857143
2025-07-31,2.8562,2.746585714285714
2025-08-01,2.7526,2.754585714285714
2025-08-02,2.8316,2.7776428571428573
2025-08-03,2.7775,2.7924285714285717
2025-08-04,2.7474,2.8004285714285717
2025-08-05,2.7767,2.7940142857142862
2025-08-06,2.7316,2.7819428571428566
2025-08-07,2.6569,2.753471428571428
2025-08-08,2.6105,2.733171428571428
2025-08-09,2.6038,2.7006285714285716
2025-08-10,2.6529,2.6828285714285713
2025-08-11,2.7296,2.680285714285714
2025-08-12,2.7333,2.6740857142857144
2025-08-13,2.7238,2.6729714285714286
2025-08-14,2.6826,2.676642857142857
2025-08-15,2.5828,2.672685714285714
2025-08-16,2.5507,2.6651
2025-08-17,2.5936,2.656628571428571
2025-08-18,2.6187,2.6407857142857147
2025-08-19,2.5958,2.621142857142857
2025-08-20,2.699,2.6176
2025-08-21,2.7708,2.6302
2025-08-22,2.8245,2.6647285714285713
2025-08-23,2.8322,2.704942857142857
2025-08-24,2.8171,2.736871428571429
2025-08-25,2.8356,2.767857142857143
2025-08-26,2.838,2.802457142857143
2025-08-27,2.7723,2.8129285714285714
2025-08-28,2.6808,2.800071428571429
2025-08-29,2.6604,2.7766285714285712
2025-08-30,2.6858,2.755714285714286
2025-08-31,2.6909,2.737685714285714
2025-09-01,2.6876,2.716542857142857
2025-09-02,2.6698,2.6925142857142856
2025-09-03,2.6632,2.6769285714285713
2025-09-04,2.6768,2.6763571428571424
2025-09-05,2.6733,2.6782000000000004
2025-09-06,2.6633,2.6749857142857145
2025-09-07,2.6769,2.6729857142857143
2025-09-08,2.7365,2.6799714285714282
2025-09-09,2.7713,2.6944714285714286
2025-09-10,2.772,2.710014285714285
2025-09-11,2.7099,2.714742857142857
2025-09-12,2.7311,2.723
2025-09-13,2.7079,2.7293714285714286
2025-09-14,2.7304,2.7370142857142854
2025-09-15,2.6737,2.728042857142857
2025-09-16,2.7137,2.7198142857142855
2025-09-17,2.7072,2.710557142857143
2025-09-18,2.7696,2.7190857142857143
2025-09-19,2.7443,2.720971428571428
2025-09-20,2.7298,2.7241
2025-09-21,2.717,2.722185714285714
2025-09-22,2.7293,2.7301285714285712
2025-09-23,2.7272,2.732057142857143
2025-09-24,2.7069,2.732014285714286
2025-09-25,2.7186,2.7247285714285714
2025-09-26,2.755,2.7262571428571425
2025-09-27,2.7445,2.728357142857143
2025-09-28,2.7741,2.7365142857142857
2025-09-29,2.7389,2.737885714285714
2025-09-30,2.6665,2.7292142857142854
2025-10-01,2.5941,2.7131000000000003
2025-10-02,2.4394,2.6732142857142853
2025-10-03,2.4296,2.6267285714285715
2025-10-04,2.6997,2.620328571428572
2025-10-05,2.723,2.6130285714285715
2025-10-06,2.8473,2.6285142857142856
2025-10-07,2.9218,2.6649857142857143
2025-10-08,2.8667,2.703928571428572
2025-10-09,2.8381,2.7608857142857146
2025-10-10,2.798,2.813514285714286
2025-10-11,2.79,2.8264142857142858
2025-10-12,2.8247,2.840942857142857
2025-10-13,2.7591,2.8283428571428573
2025-10-14,2.7404,2.8024285714285715
2025-10-15,2.7552,2.7864999999999998
2025-10-16,2.7764,2.777685714285714
2025-10-17,2.7349,2.768671428571429
2025-10-18,2.7087,2.757057142857143
2025-10-19,2.6872,2.737414285714286
2025-10-20,2.5557,2.708357142857143
2025-10-21,2.4958,2.6734142857142857
2025-10-22,2.6429,2.657371428571429
2025-10-23,2.6456,2.6386857142857147
2025-10-24,2.6693,2.629314285714286
2025-10-25,2.6581,2.622085714285714
2025-10-26,2.6936,2.623
2025-10-27,2.6087,2.6305714285714283
2025-10-28,2.5588,2.6395714285714287
2025-10-29,2.65,2.640585714285714
2025-10-30,2.5783,2.6309714285714283
2025-10-31,2.5196,2.609585714285714
2025-11-01,2.4964,2.5864857142857147
2025-11-02,2.5114,2.560457142857143
2025-11-03,2.554,2.552642857142857
2025-11-04,2.6312,2.562985714285714
2025-11-05,2.5829,2.5534
2025-11-06,2.5597,2.550742857142857
2025-11-07,2.6142,2.564257142857143
2025-11-08,2.4818,2.5621714285714288
2025-11-09,2.5071,2.561557142857143
2025-11-10,2.4353,2.5445999999999995
2025-11-11,2.1145,2.4707857142857144
2025-11-12,2.2539,2.4237857142857138
2025-11-13,2.3425,2.3927571428571426
2025-11-14,2.4826,2.373957142857143
2025-11-15,2.4846,2.3743571428571424
2025-11-16,2.3921,2.357928571428571
2025-11-17,2.7477,2.4025571428571433
2025-11-18,2.8838,2.512457142857143
2025-11-19,2.799,2.590328571428571
2025-11-20,2.8102,2.6571428571428575
2025-11-21,2.7316,2.692714285714285
2025-11-22,2.6841,2.721214285714286
2025-11-23,2.6227,2.7541571428571427
2025-11-24,2.6613,2.7418142857142853
2025-11-25,2.6668,2.710814285714285
2025-11-26,2.6242,2.6858428571428568
2025-11-27,2.5723,2.6518571428571427
2025-11-28,2.5638,2.627885714285714
2025-11-29,2.5008,2.6017
2025-11-30,2.5095,2.5855285714285716
2025-12-01,2.4781,2.559357142857143
2025-12-02,2.4686,2.5310428571428574
2025-12-03,2.4781,2.5101714285714287
2025-12-04,2.3472,2.4780142857142855
2025-12-05,2.3563,2.4483714285714284
2025-12-06,2.334,2.4245428571428573
2025-12-07,2.319,2.397328571428571
2025-12-08,2.3063,2.3727857142857145
2025-12-09,2.3644,2.3579000000000003
2025-12-10,2.346,2.3390285714285715
2025-12-11,2.3243,2.335757142857143
2025-12-12,2.4246,2.345514285714285
2025-12-13,2.4256,2.3586
2025-12-14,2.4108,2.3717142857142863
2025-12-15,2.4418,2.3910714285714283
2025-12-16,2.3781,2.3930285714285717
2025-12-17,2.4276,2.4046857142857143
2025-12-18,2.4369,2.4207714285714284
2025-12-19,2.5161,2.433842857142857
2025-12-20,2.5419,2.4504571428571427
2025-12-21,2.515,2.4653428571428573
2025-12-22,2.4407,2.465185714285714
2025-12-23,2.4147,2.4704142857142855
2025-12-24,2.4824,2.478242857142857
2025-12-25,2.4861,2.4852714285714286
2025-12-26,2.5314,2.487457142857143
2025-12-27,2.5418,2.487442857142857
2025-12-28,2.5681,2.495028571428571
2025-12-29,2.5878,2.5160428571428572
2025-12-30,2.5959,2.541928571428571
2025-12-31,2.6214,2.5617857142857146
2026-01-01,2.5886,2.5764285714285715
2026-01-02,2.599,2.5860857142857143
2026-01-03,2.6262,2.598142857142857
2026-01-04,2.7454,2.6234714285714285
2026-01-05,2.7769,2.6504857142857143
2026-01-06,2.6073,2.6521142857142856
2026-01-07,2.6184,2.6516857142857146
2026-01-08,2.5192,2.6417714285714284
2026-01-09,2.4809,2.6249
2026-01-10,2.5322,2.6114714285714284
2026-01-11,2.5051,2.577142857142857
2026-01-12,2.6444,2.5582142857142856
2026-01-13,2.8517,2.5931285714285717
2026-01-14,2.9476,2.640157142857143
2026-01-15,3.0551,2.716714285714286
2026-01-16,3.3611,2.842457142857143
2026-01-17,3.3961,2.9658714285714285
2026-01-18,3.3824,3.0912
2026-01-19,3.28,3.182
2026-01-20,3.2037,3.2322857142857147
2026-01-21,3.3454,3.2891142857142865
2026-01-22,3.4562,3.346414285714286
2026-01-23,3.4547,3.359785714285714
2026-01-24,3.4224,3.363542857142857
2026-01-25,3.4941,3.3794999999999997
2026-01-26,3.5611,3.419657142857143
2026-01-27,3.5348,3.466957142857143
2026-01-28,3.435,3.4797571428571428
2026-01-29,3.5194,3.488785714285714
2026-01-30,3.5329,3.4999571428571437
2026-01-31,3.4962,3.5105000000000004
2026-02-01,3.3955,3.4964142857142853
2026-02-02,3.1028,3.430942857142857
2026-02-03,2.8423,3.3320142857142847
2026-02-04,2.8317,3.2458285714285715
2026-02-05,2.9212,3.160371428571429
2026-02-06,3.0336,3.089042857142857
2026-02-07,2.877,3.0005857142857137
2026-02-08,2.8932,2.9288285714285713
2026-02-09,2.8459,2.892128571428571
2026-02-10,2.6904,2.8704285714285716
2026-02-11,2.6789,2.8486
2026-02-12,2.7115,2.8186428571428572
2026-02-13,2.6612,2.7654428571428573
2026-02-14,2.6756,2.736671428571429
2026-02-15,2.6381,2.7002285714285716
2026-02-16,2.5539,2.658514285714286
2026-02-17,2.5354,2.6363714285714286
2026-02-18,2.5855,2.6230285714285713
2026-02-19,2.7669,2.630942857142857
2026-02-20,2.6659,2.631614285714286
2026-02-21,2.5649,2.6158
2026-02-22,2.4871,2.594228571428571
2026-02-23,2.5822,2.5982714285714286
2026-02-24,2.4846,2.591014285714286
2026-02-25,2.4991,2.5786714285714285
2026-02-26,2.5134,2.5424571428571427
2026-02-27,2.614,2.5350428571428574
2026-02-28,2.8851,2.5807857142857147
2026-03-01,3.1029,2.668757142857143
2026-03-02,3.4678,2.7952714285714286
2026-03-03,4.5306,3.087557142857143
2026-03-04,4.4927,3.3723571428571426
2026-03-05,4.3405,3.6333714285714285
2026-03-06,4.5348,3.9077714285714285
2026-03-07,4.7677,4.176714285714286
2026-03-08,5.2041,4.4768857142857135
2026-03-09,5.1262,4.7138
2026-03-10,4.0523,4.645471428571429
2026-03-11,4.1209,4.592357142857142
2026-03-12,4.315,4.588714285714285
2026-03-13,4.3319,4.559728571428571
2026-03-14,4.5031,4.521928571428572
2026-03-15,4.3597,4.4013
2026-03-16,4.3166,4.285642857142857
2026-03-17,4.2409,4.3125857142857145
2026-03-18,4.5783,4.377928571428572
2026-03-19,5.1269,4.493914285714285
2026-03-20,5.1308,4.608042857142856
2026-03-21,4.7953,4.649785714285714
2026-03-22,4.9384,4.732457142857143
2026-03-23,4.8884,4.814142857142857
2026-03-24,4.5683,4.860914285714285
2026-03-25,4.43,4.839728571428572
2026-03-26,4.5581,4.758471428571428
2026-03-27,4.6529,4.6902
2026-03-28,4.6187,4.664971428571428
2026-03-29,4.7248,4.634457142857143
2026-03-30,4.6808,4.604799999999999
2026-03-31,4.2318,4.556728571428571
2026-04-01,4.1805,4.5210857142857135
2026-04-02,4.2659,4.479342857142858
2026-04-03,4.3471,4.435657142857143
2026-04-04,4.2993,4.390028571428572
2026-04-05,4.2553,4.322957142857143
2026-04-06,4.2257,4.257942857142857
2026-04-07,4.3281,4.2717
2026-04-08,3.9704,4.2416857142857145
2026-04-09,3.8694,4.185042857142857
2026-04-10,3.8142,4.1089142857142855
2026-04-11,3.9088,4.053128571428571
2026-04-12,4.2603,4.053842857142857
2026-04-13,4.1467,4.042557142857143
2026-04-14,3.7549,3.960671428571428
2026-04-15,3.6079,3.908885714285714
2026-04-16,3.5848,3.8682285714285713
2026-04-17,3.4811,3.8206428571428575
2026-04-18,3.5298,3.7665000000000006
2026-04-19,3.6182,3.6747714285714284
2026-04-20,3.5092,3.5837000000000003
2026-04-21,3.5345,3.5522142857142858
2026-04-22,3.6589,3.5595000000000003
2026-04-23,3.8008,3.5903571428571426
2026-04-24,3.7979,3.6356142857142855
2026-04-25,3.789,3.672642857142857
2026-04-26,3.7544,3.6921000000000004
2026-04-27,3.7577,3.7276000000000002
2026-04-28,3.7038,3.751785714285714
2026-04-29,3.8216,3.7750285714285714
2026-04-30,3.9188,3.7918857142857147
2026-05-01,3.8497,3.799285714285714
2026-05-02,3.7798,3.7979714285714286
2026-05-03,3.8224,3.807685714285715
2026-05-04,4.0332,3.8470428571428577
2026-05-05,4.036,3.8945
2026-05-06,3.744,3.8834142857142857
2026-05-07,3.8385,3.8719428571428565
2026-05-08,3.7824,3.8623285714285713
2026-05-09,3.7638,3.860042857142857
2026-05-10,3.8082,3.8580142857142854
2026-05-11,4.0417,3.859228571428571
2026-05-12,4.0807,3.8656142857142854
2026-05-13,4.0917,3.9152857142857136
2026-05-14,4.1034,3.9531285714285715
2026-05-15,4.3424,4.033128571428571
2026-05-16,4.4727,4.1344
2026-05-17,4.4337,4.223757142857143
2026-05-18,4.4567,4.283042857142857
2026-05-19,4.4596,4.337171428571429
2026-05-20,4.3022,4.367242857142856
2026-05-21,4.2094,4.382385714285714
2026-05-22,4.1295,4.351971428571428
2026-05-23,4.0634,4.2935
2026-05-24,4.0062,4.232428571428571
2026-05-25,3.9553,4.1608
2026-05-26,3.9671,4.090442857142857
2026-05-27,3.8256,4.0223571428571425
2026-05-28,3.8814,3.9755
2026-05-29,3.9119,3.944414285714285
2026-05-30,3.9508,3.9283285714285716
2026-05-31,3.9916,3.926242857142857
2026-06-01,4.0295,3.9368428571428566
2026-06-02,3.9855,3.939471428571429
2026-06-03,4.0744,3.9750142857142863
2026-06-04,4.0353,3.9970000000000003
2026-06-05,4.067,4.019157142857143
2026-06-06,4.0433,4.0323714285714285
2026-06-07,4.0827,4.045385714285714
2026-06-08,4.1546,4.063257142857142
2026-06-09,4.0812,4.076928571428571
2026-06-10,4.2142,4.0969
2026-06-11,4.132,4.110714285714286
2026-06-12,3.9345,4.091785714285714
2026-06-13,3.8507,4.064271428571428
2026-06-14,3.7839,4.021585714285714
2026-06-15,3.6745,3.953
2026-06-16,3.5608,3.8786571428571426
2026-06-17,3.5045,3.7772714285714284
2026-06-18,3.4557,3.6806571428571426
2026-06-19,3.537,3.623871428571429
2026-06-20,3.6353,3.5930999999999997
2026-06-21,3.6093,3.5681571428571432
2026-06-22,3.5562,3.551257142857143
2026-06-23,3.4754,3.539057142857143
2026-06-24,3.4293,3.5283142857142864
2026-06-25,3.3311,3.510514285714286
2026-06-26,3.379,3.4879428571428575
2026-06-27,3.4937,3.467714285714286
2026-06-28,3.4599,3.446371428571429
2026-06-29,3.5044,3.4389714285714286
2026-06-30,3.5831,3.4543571428571433
2026-07-01,3.5196,3.4672571428571435
2026-07-02,3.6073,3.5067142857142852
2026-07-03,3.6468,3.5449714285714284
2026-07-04,3.6502,3.5673285714285714
2026-07-05,3.6447,3.5937285714285716
2026-07-06,3.603,3.607814285714286
2026-07-07,3.8022,3.6391142857142857
2026-07-08,3.9934,3.7068000000000003
2026-07-09,4.127,3.781042857142857
2026-07-10,4.0195,3.834285714285714
2026-07-11,3.9364,3.8751714285714285
2026-07-12,4.0151,3.9280857142857144
2026-07-13,4.1355,4.004157142857143
2026-07-14,4.4116,4.091214285714286
2026-07-15,4.4875,4.1618
2026-07-16,4.5323,4.2197000000000005
2026-07-17,4.7084,4.318114285714286
2026-07-18,4.8343,4.446385714285714
2026-07-19,4.8713,4.5687
2026-07-20,4.8067,4.664585714285714
2026-07-21,4.8776,4.731157142857143
2026-07-22,5.0972,4.818257142857143
2026-07-23,5.1146,4.901442857142858
2026-07-24,5.1946,4.9709
2026-07-25,5.2528,5.030685714285715
2026-07-26,4.8813,5.032114285714286
